iteration,chain,B_CB,log_h_CB,n_steps,is_accept,acceptance_rate,log_density,hamiltonian_energy,hamiltonian_energy_error,max_hamiltonian_energy_error,tree_depth,numerical_error,step_size,nom_step_size,logprior,loglikelihood,logjoint
51,1,0.3557119412998198,-6.698161184860022,3.0,1.0,0.3545539786844618,-14827.352390261738,14829.852815898703,0.0,3.893056105582218,1.0,0.0,0.016240288718175844,0.016240288718175844,-3.109244193884135,-14822.769902681765,-14825.879146875648
52,1,0.35929092500484167,-6.725567119375329,3.0,1.0,0.839184023587639,-14828.406996396441,14829.66486538582,0.16183600369004125,0.27959062865920714,2.0,0.0,0.01305040122290371,0.01305040122290371,-3.1669801107636744,-14823.771213656815,-14826.938193767579
53,1,0.3590161300522704,-6.68307202284806,3.0,1.0,0.6449302152361102,-14827.31757934763,14830.04497957283,-0.29374207169712463,0.8414003143243463,2.0,0.0,0.01305040122290371,0.01305040122290371,-3.0777765550176888,-14822.770663845351,-14825.848440400368
54,1,0.3590161300522704,-6.68307202284806,3.0,1.0,0.5310521475983035,-14827.31757934763,14829.064227614748,0.0,1.0550480170513765,2.0,0.0,0.01305040122290371,0.01305040122290371,-3.0777765550176888,-14822.770663845351,-14825.848440400368
55,1,0.35849249627107593,-6.683441390770588,1.0,1.0,0.9991639180278329,-14827.28838944611,14827.389607083152,0.0008364316836377839,0.0008364316836377839,1.0,0.0,0.01305040122290371,0.01305040122290371,-3.078544133518718,-14822.740063364692,-14825.818607498211
56,1,0.35683913741670514,-6.703712040609797,3.0,1.0,0.9231956413691247,-14826.980691760178,14828.104100621464,-0.024465062022500206,0.16560724344344635,1.0,0.0,0.01305040122290371,0.01305040122290371,-3.120877491004227,-14822.387983664008,-14825.508861155013
57,1,0.35905495114740105,-6.692392796317793,7.0,1.0,0.8849976423959053,-14826.936772285499,14827.90738880681,-0.03371236976454384,0.20359261559133301,3.0,0.0,0.01305040122290371,0.01305040122290371,-3.09718764574044,-14822.370493251858,-14825.467680897598
58,1,0.3586296093600537,-6.699710167665379,3.0,1.0,0.9970854896651601,-14826.833191005735,14827.006881024106,-0.016908703262743074,-0.016908703262743074,2.0,0.0,0.01305040122290371,0.01305040122290371,-3.11248740062702,-14822.251090296782,-14825.36357769741
59,1,0.35683707781583324,-6.714153476108981,3.0,1.0,0.9560002613955758,-14827.309272494173,14827.31259775512,0.07657173639381654,0.07657173639381654,2.0,0.0,0.01305040122290371,0.01305040122290371,-3.14284379220924,-14822.694595527297,-14825.837439319506
60,1,0.35818379295124375,-6.68980722922371,3.0,1.0,1.0,-14826.986084823066,14827.336157264856,-0.055345004842820344,-0.055345004842820344,2.0,0.0,0.01305040122290371,0.01305040122290371,-3.0917943342197454,-14822.424128154524,-14825.515922488743
61,1,0.35656055985477964,-6.708047192051655,7.0,1.0,0.7952119528532192,-14827.124546360606,14827.935911648394,0.04565419141727034,0.4606363855982636,2.0,0.0,0.01305040122290371,0.01305040122290371,-3.1299843845201023,-14822.522383429414,-14825.652367813935
62,1,0.3576663680625987,-6.707116023493653,1.0,1.0,1.0,-14826.943015862516,14827.074021714585,-0.05602322227059631,-0.05602322227059631,1.0,0.0,0.01305040122290371,0.01305040122290371,-3.1280266851081526,-14822.34418708316,-14825.472213768267
63,1,0.3597030062182464,-6.680790132765982,3.0,1.0,0.8171060747409191,-14827.536436836208,14828.887951314951,0.0867283417192084,0.3419428884299123,1.0,0.0,0.01305040122290371,0.01305040122290371,-3.0730376149358007,-14822.995099493044,-14826.068137107979
64,1,0.35872363568996807,-6.699094027613689,3.0,1.0,0.9711197581708602,-14826.83878735972,14827.903482466223,-0.10705240953757311,-0.10705240953757311,1.0,0.0,0.01305040122290371,0.01305040122290371,-3.1111970604687236,-14822.258092525868,-14825.369289586337
65,1,0.35860990308764085,-6.722429163547392,3.0,1.0,0.7816790961259578,-14827.926501853248,14828.694868745084,0.21929315923989634,0.31423895326952334,1.0,0.0,0.01305040122290371,0.01305040122290371,-3.1603313222324005,-14823.296532997152,-14826.456864319385
66,1,0.35860990308764085,-6.722429163547392,3.0,1.0,0.458467087776315,-14827.926501853248,14830.51644249499,0.0,1.0460754045434442,1.0,0.0,0.01305040122290371,0.01305040122290371,-3.1603313222324005,-14823.296532997152,-14826.456864319385
67,1,0.36111512333892726,-6.727643583489478,1.0,1.0,0.5675673903299812,-14829.520708482618,14829.606668346069,0.5663957871965977,0.5663957871965977,1.0,0.0,0.01305040122290371,0.01305040122290371,-3.1713851947552123,-14824.882733815035,-14828.05411900979
68,1,0.35695045626612465,-6.678845327829624,3.0,1.0,0.9747920473699138,-14827.903645657356,14830.396643136823,-0.5318793896694842,-0.5318793896694842,2.0,0.0,0.01305040122290371,0.01305040122290371,-3.0690028301504233,-14823.362951035602,-14826.431953865753
69,1,0.3610486173626647,-6.665663513054403,3.0,1.0,0.803041717044374,-14829.281417041044,14830.756422958673,0.13301220259927504,0.6112811504444835,2.0,0.0,0.01305040122290371,0.01305040122290371,-3.0417549086470723,-14824.772992565806,-14827.814747474453
70,1,0.3570575737613361,-6.695739724646473,11.0,1.0,0.998968361160603,-14826.965529516461,14829.016779692238,-0.3593749936153472,-0.38153184461043566,3.0,0.0,0.01305040122290371,0.01305040122290371,-3.1041790311878334,-14822.389792148067,-14825.493971179256
71,1,0.36062242373169245,-6.708010096125466,3.0,1.0,0.8685034384441187,-14827.585700026988,14827.625388564538,0.2283396427246771,0.2283396427246771,2.0,0.0,0.01305040122290371,0.01305040122290371,-3.129906377037954,-14822.988609751375,-14826.118516128414
72,1,0.3589765268942707,-6.702476572286887,3.0,1.0,1.0,-14826.903701259169,14827.348397865193,-0.25452972360290005,-0.27283991357762716,2.0,0.0,0.01305040122290371,0.01305040122290371,-3.11828557220953,-14822.316228206411,-14825.43451377862
73,1,0.3593698437275277,-6.70182029302226,3.0,1.0,0.6029101735749965,-14826.964528057839,14828.427567564091,0.025345073770949966,0.981278677991213,2.0,0.0,0.01305040122290371,0.01305040122290371,-3.1169093688678697,-14822.378912505677,-14825.495821874545
74,1,0.35629443087394824,-6.704061748613387,3.0,1.0,0.9764022732596418,-14827.122211906135,14827.285128617725,0.04425044763593178,0.04425044763593178,2.0,0.0,0.01305040122290371,0.01305040122290371,-3.1216114290345005,-14822.528088791947,-14825.649700220982
75,1,0.35698822625953863,-6.699941543029611,3.0,1.0,0.9990711431513981,-14826.934032708015,14827.120194090417,-0.0566819215164287,-0.0566819215164287,1.0,0.0,0.01305040122290371,0.01305040122290371,-3.112972052345459,-14822.349415933984,-14825.46238798633
76,1,0.35864899153971347,-6.684729116183304,3.0,1.0,0.9415731533795991,-14827.210642699716,14827.684219022874,0.01787284982856363,0.12378918773720216,1.0,0.0,0.01305040122290371,0.01305040122290371,-3.081221205282002,-14822.659832009362,-14825.741053214644
77,1,0.3597764843216093,-6.682571035495278,3.0,1.0,0.9442576725491273,-14827.437918837266,14827.870053270335,0.044484532734713866,0.13206661065305525,2.0,0.0,0.01305040122290371,0.01305040122290371,-3.0767356779712642,-14822.892972921703,-14825.969708599674
78,1,0.3588265777603585,-6.700253013468243,3.0,1.0,0.8373660524002582,-14826.855600232997,14827.8993233524,-0.09440395532692492,0.31811691857546975,2.0,0.0,0.01305040122290371,0.01305040122290371,-3.1136245602057877,-14822.272604286138,-14825.386228846344
79,1,0.3585554449496001,-6.692858785062011,3.0,1.0,0.9917842124665187,-14826.890812105516,14826.9869983146,-0.00445129003492184,0.024492254509823397,2.0,0.0,0.01305040122290371,0.01305040122290371,-3.0981603765562866,-14822.322947227392,-14825.421107603948
80,1,0.3635081553119663,-6.693127578318162,3.0,1.0,0.5737308188970424,-14829.117931725516,14829.173435213073,0.8465949345263653,0.8465949345263653,2.0,0.0,0.01305040122290371,0.01305040122290371,-3.0987215692975676,-14824.555472935668,-14827.654194504965
81,1,0.3529429228037549,-6.691930869503894,3.0,1.0,0.9441902053374092,-14829.462947292921,14829.660779369557,0.18323723668618186,-0.8138592817213066,2.0,0.0,0.01305040122290371,0.01305040122290371,-3.0962236083383434,-14824.889953987547,-14827.986177595885
82,1,0.35761600749248573,-6.70832319214221,3.0,1.0,0.9811198362690545,-14826.982775209348,14828.868675273357,-1.0085420100404008,-1.0085420100404008,1.0,0.0,0.01305040122290371,0.01305040122290371,-3.130564816852226,-14822.381345884569,-14825.511910701422
83,1,0.35790533107445294,-6.688772580696592,7.0,1.0,0.9235971406844704,-14827.048634835717,14827.382494708872,0.02275949670911359,0.16956212112199864,2.0,0.0,0.01305040122290371,0.01305040122290371,-3.0896380028221735,-14822.488490540227,-14825.57812854305
84,1,0.35508340959863055,-6.717197675839003,3.0,1.0,0.40685336393010174,-14827.994084018721,14830.362476717242,0.2342624223074381,1.550102106137274,2.0,0.0,0.01305040122290371,0.01305040122290371,-3.149268592147645,-14823.370778578328,-14826.520047170476
85,1,0.36021060856589654,-6.711152332323781,3.0,1.0,1.0,-14827.570819857094,14828.236103009318,-0.02669088156471844,-0.27170563138679427,2.0,0.0,0.01305040122290371,0.01305040122290371,-3.136518933547013,-14822.96661829608,-14826.103137229626
86,1,0.359816693943589,-6.688659948546212,7.0,1.0,0.9239455432331127,-14827.16721434894,14828.752403060502,-0.17891698639687093,0.25124086859068484,3.0,0.0,0.01305040122290371,0.01305040122290371,-3.08940332854692,-14822.609649731767,-14825.699053060314
87,1,0.3598936529129579,-6.703802967579119,3.0,1.0,0.9321283614871433,-14827.14693843464,14827.729419855554,0.05257135745341657,0.16534825908092898,1.0,0.0,0.01305040122290371,0.01305040122290371,-3.12106830918892,-14822.557802476593,-14825.678870785781
88,1,0.359415848913079,-6.6871852180014155,3.0,1.0,0.9671674959153572,-14827.148544224745,14827.723430998316,-0.07267298903934716,0.10369247677954263,2.0,0.0,0.01305040122290371,0.01305040122290371,-3.0863318299693954,-14822.593562404581,-14825.67989423455
89,1,0.35723868176052964,-6.714380850751303,11.0,1.0,0.9467169211548548,-14827.272814881959,14827.821753824815,0.01884530079223623,0.12592480099010572,3.0,0.0,0.01305040122290371,0.01305040122290371,-3.143323347380109,-14822.658158566433,-14825.801481913813
90,1,0.3587427677289411,-6.6714294892720485,3.0,1.0,0.8207054804106986,-14828.31549222936,14828.88559536844,0.17229392659464793,0.298352309027905,2.0,0.0,0.01305040122290371,0.01305040122290371,-3.0536522874084255,-14823.792365666035,-14826.846017953443
91,1,0.3542553204930484,-6.7229534291164486,7.0,1.0,0.9487093654370117,-14828.77081666608,14829.032050942942,0.20237475070825894,0.20237475070825894,3.0,0.0,0.01305040122290371,0.01305040122290371,-3.1614414656423047,-14824.134286732662,-14827.295728198304
92,1,0.3607511520772493,-6.7084909622674855,3.0,1.0,1.0,-14827.669737969352,14828.78527492589,-0.1395162858752883,-0.39294836376757303,2.0,0.0,0.01305040122290371,0.01305040122290371,-3.1309176771689504,-14823.071791937367,-14826.202709614536
93,1,0.35747298119475557,-6.694578465278613,3.0,1.0,0.8084914731142199,-14826.915193534027,14828.44093746306,-0.2806164908615756,0.5336633500228345,2.0,0.0,0.01305040122290371,0.01305040122290371,-3.1017520119885624,-14822.342399614774,-14825.444151626763
94,1,0.35776928681293785,-6.713389519599383,7.0,1.0,0.9657525067281119,-14827.197092641802,14827.409755173987,0.030291787266833126,0.08622914328952902,3.0,0.0,0.01305040122290371,0.01305040122290371,-3.1412329125108935,-14822.585185105205,-14825.726418017715
95,1,0.35711001682236787,-6.704954698730587,7.0,1.0,0.888264786971142,-14826.949602444889,14827.91695611997,-0.036702015248010866,0.23646870646916796,3.0,0.0,0.01305040122290371,0.01305040122290371,-3.1234860331812935,-14822.354623368761,-14825.478109401942
96,1,0.35884269880699476,-6.688106929887046,3.0,1.0,0.9909992092670042,-14827.053611437865,14827.1101398427,0.00473399138172681,-0.028871828109913622,2.0,0.0,0.01305040122290371,0.01305040122290371,-3.088251272746863,-14822.496008561227,-14825.584259833975
97,1,0.3596463593107908,-6.705458722830588,3.0,1.0,0.6581598353516181,-14827.122714151945,14828.219271847373,0.07213355070052785,0.6550567245394632,2.0,0.0,0.01305040122290371,0.01305040122290371,-3.1245445022006724,-14822.529800892498,-14825.6543453947
98,1,0.35677940515887774,-6.705616365369388,3.0,1.0,0.9881069025072851,-14827.02141058193,14827.249845309094,-0.055152984234155156,-0.055152984234155156,2.0,0.0,0.01305040122290371,0.01305040122290371,-3.124875609443417,-14822.424629829291,-14825.549505438734
99,1,0.3552764866487672,-6.716987535615426,3.0,1.0,0.9054618356660066,-14827.90035332694,14828.039918412458,0.1959829570587317,0.1959829570587317,2.0,0.0,0.01305040122290371,0.01305040122290371,-3.1488247922981842,-14823.277735862071,-14826.42656065437
100,1,0.35426159200995666,-6.717617292676076,1.0,1.0,0.8318009544216497,-14828.437419841634,14828.619709276109,0.18416210425675672,0.18416210425675672,1.0,0.0,0.01305040122290371,0.01305040122290371,-3.1501549224818923,-14823.812184442484,-14826.962339364965
101,1,0.35534678809436104,-6.715853778617667,1.0,1.0,1.0,-14827.812326477653,14828.387191001917,-0.1989004631723219,-0.1989004631723219,1.0,0.0,0.01305040122290371,0.01305040122290371,-3.1464311473025206,-14823.192191469156,-14826.338622616458
102,1,0.355713801004058,-6.723885562203221,3.0,1.0,0.44820865955251415,-14828.215199323718,14831.813103525848,0.0033762733728508465,2.0445989269483107,2.0,0.0,0.01305040122290371,0.01305040122290371,-3.163415955909883,-14823.57854232337,-14826.74195827928
103,1,0.355713801004058,-6.723885562203221,1.0,1.0,0.4174339939312251,-14828.215199323718,14830.427339121248,0.0,0.8736288455584145,1.0,0.0,0.01305040122290371,0.01305040122290371,-3.163415955909883,-14823.57854232337,-14826.74195827928
104,1,0.35930646363074215,-6.665664942240396,3.0,1.0,0.9637396902249215,-14829.008317092226,14829.191524810223,0.1151650111660274,-0.179641363916744,2.0,0.0,0.01305040122290371,0.01305040122290371,-3.041757853476297,-14824.497775604457,-14827.539533457933
105,1,0.3594969142843312,-6.7063335065236025,3.0,1.0,0.9849866509255353,-14827.111759020056,14829.103825988306,-0.258809551518425,-0.258809551518425,2.0,0.0,0.01305040122290371,0.01305040122290371,-3.126382182986581,-14822.516825811867,-14825.643207994854
106,1,0.35593973537936635,-6.685822348017894,3.0,1.0,0.8692157914617807,-14827.753556582325,14828.083048924556,0.21658296045279712,0.21658296045279712,2.0,0.0,0.01305040122290371,0.01305040122290371,-3.0834952428843208,-14823.197104515686,-14826.280599758571
107,1,0.36263394216702133,-6.6833089808043376,3.0,1.0,0.9339291631690076,-14828.616996866409,14828.881067832905,0.22091168190490862,0.22091168190490862,2.0,0.0,0.01305040122290371,0.01305040122290371,-3.0782689584648337,-14824.073955401258,-14827.152224359723
108,1,0.36249099420627845,-6.697091399635277,3.0,1.0,0.9824020386698687,-14828.348847000663,14829.449429008228,0.05423855793742405,-0.38454968655605626,2.0,0.0,0.01305040122290371,0.01305040122290371,-3.1070057152582313,-14823.776898761527,-14826.883904476785
109,1,0.3588128264659992,-6.704879128869695,3.0,1.0,1.0,-14826.932160322945,14828.040883090505,-0.5579467563457001,-0.5579467563457001,2.0,0.0,0.01305040122290371,0.01305040122290371,-3.1233273556131653,-14822.339444703835,-14825.462772059449
110,1,0.3558987906268235,-6.680477204040016,3.0,1.0,0.6578665210632145,-14828.182280973937,14829.051541520264,0.37741752590409305,0.5391312859283062,2.0,0.0,0.01305040122290371,0.01305040122290371,-3.072388142792459,-14823.636884538788,-14826.70927268158
111,1,0.36316969888069606,-6.672653393271188,3.0,1.0,0.6748746375324273,-14829.627600639624,14830.562355322723,0.2635850668848434,0.526165689325353,2.0,0.0,0.01305040122290371,0.01305040122290371,-3.056181939403473,-14825.107281574124,-14828.163463513529
112,1,0.36256545501448495,-6.682665029605313,3.0,1.0,1.0,-14828.598353658586,14829.848174502844,-0.1716486984587391,-0.5507554325031379,2.0,0.0,0.01305040122290371,0.01305040122290371,-3.0769309458327454,-14824.056568775572,-14827.133499721403
113,1,0.35459110549229567,-6.674183151518805,3.0,1.0,0.7362524749562933,-14829.647107242852,14830.803710258375,0.4118856602435699,0.4118856602435699,2.0,0.0,0.01305040122290371,0.01305040122290371,-3.0593458589717724,-14825.113100196939,-14828.17244605591
114,1,0.35515696855734347,-6.6724006968870295,3.0,1.0,1.0,-14829.471955309558,14830.394711594408,-0.11037510397000005,-0.7348077342649049,2.0,0.0,0.01305040122290371,0.01305040122290371,-3.055659525800416,-14824.942352007567,-14827.998011533367
115,1,0.3617924528861403,-6.690005303908114,3.0,1.0,1.0,-14827.90867739362,14829.657828579684,-0.4522685425818054,-0.7404639664146089,2.0,0.0,0.01305040122290371,0.01305040122290371,-3.092207267660971,-14823.350693820232,-14826.442901087892
116,1,0.35721721818416746,-6.682555399516085,3.0,1.0,0.9533365465964746,-14827.528135688193,14828.188265866627,-0.18071037371373677,-0.18071037371373677,2.0,0.0,0.01305040122290371,0.01305040122290371,-3.076703195897047,-14822.980072832657,-14826.056776028554
117,1,0.3596216096114255,-6.697128490849717,3.0,1.0,1.0,-14826.981875405369,14827.479812734298,-0.11863055081994389,-0.1600875337171601,2.0,0.0,0.01305040122290371,0.01305040122290371,-3.107083307844436,-14822.406393170446,-14825.51347647829
118,1,0.3579084934122307,-6.7049833984323355,3.0,1.0,0.9884216941841064,-14826.881293196824,14827.029641933137,-0.0512554965353047,-0.0512554965353047,2.0,0.0,0.01305040122290371,0.01305040122290371,-3.123546296782382,-14822.287244517971,-14825.410790814753
119,1,0.35854276192206075,-6.662604073776429,3.0,1.0,0.5703616653158919,-14829.491692193224,14830.112736338313,0.4586325751970435,0.678590252824506,2.0,0.0,0.01305040122290371,0.01305040122290371,-3.0354556345145913,-14824.986516456353,-14828.021972090866
120,1,0.3618923035556337,-6.681868033634824,3.0,1.0,0.9264934548260685,-14828.235290521454,14830.743525052247,-0.11966641802428057,0.24912778069483466,2.0,0.0,0.01305040122290371,0.01305040122290371,-3.0752755084149603,-14823.69435819095,-14826.769633699365
121,1,0.36118169250133964,-6.7057819965712575,3.0,1.0,0.883381304068954,-14827.767506456024,14829.541931867996,0.007808103300703806,0.4186694862837612,1.0,0.0,0.01305040122290371,0.01305040122290371,-3.1252235225854172,-14823.175773585654,-14826.30099710824
122,1,0.35893276485816766,-6.699318705513611,3.0,1.0,1.0,-14826.862502180082,14827.44258684361,-0.352517483783231,-0.352517483783231,2.0,0.0,0.01305040122290371,0.01305040122290371,-3.1116675441201362,-14822.281593506865,-14825.393261050986
123,1,0.356690626119191,-6.7062155684183935,3.0,1.0,0.9795561124487175,-14827.052007602651,14827.076329618423,0.04414341114170384,0.04414341114170384,2.0,0.0,0.01305040122290371,0.01305040122290371,-3.126134382720521,-14822.453857224398,-14825.57999160712
124,1,0.35120072962803284,-6.71504800351467,3.0,1.0,0.4049891659756016,-14830.94665401568,14831.083605977192,1.3514390494528925,1.3514390494528925,2.0,0.0,0.01305040122290371,0.01305040122290371,-3.1447307356500325,-14826.322894039573,-14829.467624775223
125,1,0.351987989572287,-6.71075138542203,1.0,1.0,1.0,-14830.015499971696,14831.664386153134,-0.28369175738953345,-0.28369175738953345,1.0,0.0,0.01305040122290371,0.01305040122290371,-3.1356746269095064,-14825.401821072095,-14828.537495699005
126,1,0.36177064552867705,-6.703788913440401,3.0,1.0,1.0,-14828.035636854971,14830.01664393787,-0.6600598331224319,-0.8339163685013773,2.0,0.0,0.01305040122290371,0.01305040122290371,-3.1210388148114494,-14823.448795625849,-14826.569834440661
127,1,0.35486899451758813,-6.709877595694042,3.0,1.0,1.0,-14827.804751832415,14828.295676977235,-0.17055961662663321,-0.2551088619602524,2.0,0.0,0.01305040122290371,0.01305040122290371,-3.1338351734402403,-14823.196608198297,-14826.330443371737
128,1,0.3538183177600565,-6.719487950718964,3.0,1.0,0.9315333447635075,-14828.812180150857,14829.07001113488,0.22991639244719408,0.22991639244719408,2.0,0.0,0.01305040122290371,0.01305040122290371,-3.1541083383329505,-14824.18242551538,-14827.336533853713
129,1,0.360742955646804,-6.736874917301292,3.0,1.0,0.8773428883364733,-14830.545476757792,14831.441942380467,0.4021608084021864,0.4021608084021864,2.0,0.0,0.01305040122290371,0.01305040122290371,-3.1910210639562164,-14825.887417440195,-14829.078438504152
130,1,0.35693778430806256,-6.726440015404981,3.0,1.0,1.0,-14828.210597312325,14829.896546307653,-0.721076144329345,-0.721076144329345,2.0,0.0,0.01305040122290371,0.01305040122290371,-3.168831377801853,-14823.570058347525,-14826.738889725326
131,1,0.35729189691559016,-6.687889473572757,7.0,1.0,0.9586968615246889,-14827.185715322068,14828.56313321294,-0.13073047885518463,-0.13913821954156447,3.0,0.0,0.01305040122290371,0.01305040122290371,-3.0877983486432625,-14822.626650161754,-14825.714448510396
132,1,0.35910479735854955,-6.69593401332472,3.0,1.0,0.9679989895188564,-14826.8903008388,14827.692583855818,-0.07815712340379832,-0.07815712340379832,2.0,0.0,0.01305040122290371,0.01305040122290371,-3.104585224054328,-14822.316685270454,-14825.42127049451
133,1,0.3576947932103791,-6.703025500195194,3.0,1.0,0.9895824960286054,-14826.856173996395,14827.03108582957,-0.014821242544712732,0.03033238592252019,1.0,0.0,0.01305040122290371,0.01305040122290371,-3.119436992878164,-14822.265970126116,-14825.385407118994
134,1,0.3570571916680817,-6.686710086931962,3.0,1.0,0.6369028673267926,-14827.302973673017,14828.373410926843,0.13131839145717095,0.7607261499342712,2.0,0.0,0.01305040122290371,0.01305040122290371,-3.0853427128153825,-14822.746072147167,-14825.831414859982
135,1,0.35979672306934934,-6.681475760518727,3.0,1.0,0.8768462123507482,-14827.508053759928,14828.188117897666,-0.022633245893302956,0.2496067434331053,2.0,0.0,0.01305040122290371,0.01305040122290371,-3.07446095261817,-14822.965407209304,-14826.03986816192
136,1,0.35772260289865526,-6.68690644917543,3.0,1.0,0.9989769496969828,-14827.159124207736,14827.555406134756,-0.04126289580563025,-0.07167107042369025,2.0,0.0,0.01305040122290371,0.01305040122290371,-3.0857514679392652,-14822.602640308723,-14825.688391776663
137,1,0.35980680019253053,-6.681697773194455,3.0,1.0,0.9729991442696945,-14827.496017880672,14827.584200563839,0.03984453808152466,0.04284631720838661,2.0,0.0,0.01305040122290371,0.01305040122290371,-3.0749219434192145,-14822.952922606048,-14826.027844549468
138,1,0.3608196862495977,-6.7085584760664005,3.0,1.0,0.7391127086325354,-14827.706711373923,14829.00275815382,0.23208124787561246,0.6168026784544054,2.0,0.0,0.01305040122290371,0.01305040122290371,-3.1310596826239503,-14823.108706078525,-14826.23976576115
139,1,0.35859484839136924,-6.695615967407025,3.0,1.0,0.9972685082720804,-14826.844869071245,14827.597735401796,-0.32946703333436744,-0.32946703333436744,1.0,0.0,0.01305040122290371,0.01305040122290371,-3.103920315730781,-14822.271292711772,-14825.375213027502
140,1,0.35825174478911326,-6.700260817304843,3.0,1.0,0.9967921617762627,-14826.818008043332,14826.879948473594,-0.00486779015227512,0.006356889358357876,1.0,0.0,0.01305040122290371,0.01305040122290371,-3.113640909920285,-14822.234288613405,-14825.347929523325
141,1,0.3596177204731786,-6.691036243544316,3.0,1.0,0.9425047806988119,-14827.056514225398,14827.217440766593,0.057095818761808914,0.06298851055544219,2.0,0.0,0.01305040122290371,0.01305040122290371,-3.094357138237247,-14822.493753418665,-14825.588110556902
142,1,0.3574067254142873,-6.690777298794229,3.0,1.0,0.9978903438809957,-14827.037784903436,14827.191976335294,0.006349081184453098,-0.02857290928295697,2.0,0.0,0.01305040122290371,0.01305040122290371,-3.0938170476984506,-14822.472843698617,-14825.566660746315
143,1,0.35948182171061716,-6.694373231181857,7.0,1.0,0.9720834063292771,-14826.968667192255,14827.161296001965,-0.01909525833252701,0.09078578081607702,3.0,0.0,0.01305040122290371,0.01305040122290371,-3.1013232152281263,-14822.398774531806,-14825.500097747034
144,1,0.3566412096356112,-6.695319048547244,7.0,1.0,0.9612819971214274,-14827.077267163337,14827.299596324121,0.05551183303578,0.07843989635694015,3.0,0.0,0.01305040122290371,0.01305040122290371,-3.1032996670333333,-14822.501889762689,-14825.605189429722
145,1,0.3522476826250641,-6.68581962453772,1.0,1.0,0.2570695757858276,-14830.592124949446,14830.61846727235,1.3584085078236967,1.3584085078236967,1.0,0.0,0.01305040122290371,0.01305040122290371,-3.0834895762731156,-14826.0309677842,-14829.114457360472
146,1,0.35892579283257153,-6.710518807568186,3.0,1.0,0.8933423391604705,-14827.158679545835,14830.321545329653,-1.3620948579264223,-1.3620948579264223,2.0,0.0,0.01305040122290371,0.01305040122290371,-3.135184942399276,-14822.554244925424,-14825.689429867823
147,1,0.356156848263252,-6.703962115739213,3.0,1.0,0.9892639965713586,-14827.164036777425,14827.377147249977,0.03131741842480551,-0.07859880735668412,2.0,0.0,0.01305040122290371,0.01305040122290371,-3.1214023153988912,-14822.56995026613,-14825.691352581529
148,1,0.35672473456922005,-6.703323048541058,3.0,1.0,0.5061028067212702,-14827.001637376085,14829.52389273196,-0.05905411636013014,1.5328888493659178,2.0,0.0,0.01305040122290371,0.01305040122290371,-3.1200612505242784,-14822.409602728505,-14825.529663979029
149,1,0.36097619411413623,-6.662839471345699,15.0,1.0,0.8212055069020197,-14829.62766426553,14829.710615383334,0.39939296408374503,0.4120137666577648,3.0,0.0,0.01305040122290371,0.01305040122290371,-3.035939977156718,-14825.124967450876,-14828.160907428033
150,1,0.35582419547985933,-6.714630606319744,3.0,1.0,0.9816678899547703,-14827.577555718563,14829.844577141177,-0.27870893666840857,-0.3213170417529909,2.0,0.0,0.01305040122290371,0.01305040122290371,-3.1438501656775704,-14822.960603448111,-14826.104453613789
51,2,0.35722790427391615,-6.69685320656679,15.0,1.0,0.9945720129380755,-14826.914351137024,14828.05449302165,-0.006907815779413795,0.017471361486968817,4.0,0.0,0.0051854033751070954,0.0051854033751070954,-3.1065074624932887,-14822.336497304399,-14825.443004766892
52,2,0.35799174950238566,-6.701584949827568,7.0,1.0,0.9988883573663427,-14826.827767737097,14826.904630158486,-0.04091781805618666,-0.04091781805618666,2.0,0.0,0.013836910570987451,0.013836910570987451,-3.1164159642267384,-14822.240952309809,-14825.357368274035
53,2,0.35985229739364577,-6.688237022282035,3.0,1.0,0.6011251397507459,-14827.18953881102,14828.191960223168,0.0906481843740039,0.8546411879615334,2.0,0.0,0.013836910570987451,0.013836910570987451,-3.088522255438503,-14822.63289859491,-14825.721420850348
54,2,0.35757939485262874,-6.708320424220505,3.0,1.0,0.9349527393099647,-14826.984669739582,14827.927943736762,-0.05795879651486757,0.12987642008374678,1.0,0.0,0.013836910570987451,0.013836910570987451,-3.130558995493202,-14822.383200844484,-14825.513759839978
55,2,0.3676229681977262,-6.676567486426377,3.0,1.0,0.1580696750111729,-14834.207215501214,14836.56163314779,2.7898041864882543,3.129182424669125,2.0,0.0,0.013836910570987451,0.013836910570987451,-3.064281921336182,-14829.683966677518,-14832.748248598853
56,2,0.35461941129743607,-6.729837228644156,3.0,1.0,1.0,-14829.170577947229,14832.240604806728,-2.306747049691694,-2.780772677037021,2.0,0.0,0.013836910570987451,0.013836910570987451,-3.176043554279107,-14824.519909171302,-14827.69595272558
57,2,0.3544350965236959,-6.725741019303368,1.0,1.0,1.0,-14828.88965577607,14829.55218644969,-0.005845479685376631,-0.005845479685376631,1.0,0.0,0.013836910570987451,0.013836910570987451,-3.1673488627583968,-14824.247447352831,-14827.41479621559
58,2,0.36273851238780797,-6.686879153454379,7.0,1.0,0.5369478769264356,-14828.573914065899,14831.691370395436,0.11929065585172793,1.8335226618582965,2.0,0.0,0.013836910570987451,0.013836910570987451,-3.0856946458194527,-14824.023571155201,-14827.10926580102
59,2,0.3636859867190107,-6.693385344445062,1.0,1.0,0.6771913850384581,-14829.276736217445,14830.022766791128,0.38980135024758056,0.38980135024758056,1.0,0.0,0.013836910570987451,0.013836910570987451,-3.099259807209409,-14824.713948846811,-14827.81320865402
60,2,0.36191218811047104,-6.709144142918949,3.0,1.0,0.9759066237170954,-14828.383621821333,14830.014178250576,-0.3583263104719663,-0.3583263104719663,1.0,0.0,0.013836910570987451,0.013836910570987451,-3.1322917389263187,-14823.785697042626,-14826.917988781552
61,2,0.35423932275812886,-6.682004351211401,3.0,1.0,0.927692720947818,-14829.084104807169,14829.317560352547,0.24452276314150367,-0.5560548927205673,2.0,0.0,0.013836910570987451,0.013836910570987451,-3.075558608124075,-14824.533437345259,-14827.608995953382
62,2,0.35682362675055007,-6.6846265708451424,1.0,1.0,1.0,-14827.495602546061,14828.55386375863,-0.7016862363616383,-0.7016862363616383,1.0,0.0,0.013836910570987451,0.013836910570987451,-3.0810079614660517,-14822.942744627675,-14826.02375258914
63,2,0.3564445822199977,-6.719389888297005,3.0,1.0,0.9593341528035801,-14827.69349977256,14828.092161694518,-0.04215485729218926,-0.13580050750351802,2.0,0.0,0.013836910570987451,0.013836910570987451,-3.15390100802027,-14823.067275127398,-14826.221176135417
64,2,0.3556856143379934,-6.710834974759636,7.0,1.0,0.8028967027103889,-14827.471609892778,14828.46254786757,0.04238338338836911,0.525217176627848,3.0,0.0,0.013836910570987451,0.013836910570987451,-3.13585063454083,-14822.862482718645,-14825.998333353185
65,2,0.3563199001774156,-6.684385138184739,7.0,1.0,0.9690183434840823,-14827.689117297969,14827.78861159859,0.11060901152995939,-0.17215681455672893,3.0,0.0,0.013836910570987451,0.013836910570987451,-3.0805059419237275,-14823.136131584724,-14826.216637526648
66,2,0.3563199001774156,-6.684385138184739,3.0,1.0,0.6486265531255178,-14827.689117297969,14829.032226852989,0.0,0.8745998981066805,1.0,0.0,0.013836910570987451,0.013836910570987451,-3.0805059419237275,-14823.136131584724,-14826.216637526648
67,2,0.36029527721811727,-6.713499257930805,3.0,1.0,0.9876627437284103,-14827.750628123671,14827.952395739932,0.037714088250140776,-0.2731874165710906,2.0,0.0,0.013836910570987451,0.013836910570987451,-3.1414642710040863,-14823.14158390369,-14826.283048174695
68,2,0.35872138211546145,-6.687088240240261,7.0,1.0,0.9514880483161887,-14827.092559441384,14828.507833984246,-0.3153118529498897,-0.3153118529498897,2.0,0.0,0.013836910570987451,0.013836910570987451,-3.086129925515243,-14822.536928974458,-14825.623058899973
69,2,0.35730605752145883,-6.689056745906934,3.0,1.0,0.9717486017016504,-14827.127577606054,14827.23756884969,0.04965852913846902,0.04965852913846902,2.0,0.0,0.013836910570987451,0.013836910570987451,-3.0902301305098683,-14822.566098263283,-14825.656328393794
70,2,0.36377066536823666,-6.693897193927626,3.0,1.0,0.42352844211798907,-14829.357763245738,14832.198468197115,0.9792164951595623,1.4185689614787407,2.0,0.0,0.013836910570987451,0.013836910570987451,-3.1003287900526932,-14824.794006613989,-14827.894335404042
71,2,0.3608053596885381,-6.728515203522968,3.0,1.0,0.7485484368385756,-14829.435702462031,14832.563986966195,-0.29977900765879895,0.9244262330266793,2.0,0.0,0.013836910570987451,0.013836910570987451,-3.1732355649497666,-14824.79550399163,-14827.96873955658
72,2,0.3535580152725237,-6.729021981370203,3.0,1.0,0.9648972553859946,-14829.684853409039,14830.642670778096,-0.0759789718376851,-0.18971954945845937,2.0,0.0,0.013836910570987451,0.013836910570987451,-3.1743117575785837,-14825.034562138839,-14828.208873896418
73,2,0.3610313768775003,-6.69148624166755,3.0,1.0,1.0,-14827.50209128675,14829.622832361247,-0.47103044274444983,-0.47103044274444983,2.0,0.0,0.013836910570987451,0.013836910570987451,-3.095295875297621,-14822.94010507468,-14826.035400949977
74,2,0.3581669142267621,-6.700546775571157,3.0,1.0,0.9846593044764358,-14826.818685128423,14827.659237649063,-0.24910305143203004,-0.24910305143203004,2.0,0.0,0.013836910570987451,0.013836910570987451,-3.1142400592910526,-14822.234261908648,-14825.34850196794
75,2,0.3599085470718779,-6.673893498021148,3.0,1.0,0.770870684336395,-14828.122558208555,14828.30188065013,0.23969708472031925,0.2845446385508694,2.0,0.0,0.013836910570987451,0.013836910570987451,-3.058746604079184,-14823.595762071123,-14826.654508675203
76,2,0.36233652848951664,-6.661815582209005,1.0,1.0,0.6090739352314356,-14830.291114454802,14830.292899674001,0.4958156143202359,0.4958156143202359,1.0,0.0,0.013836910570987451,0.013836910570987451,-3.0338336761030136,-14825.792154307486,-14828.82598798359
77,2,0.36116801298507484,-6.666891640345715,1.0,1.0,1.0,-14829.171123475771,14830.266092108384,-0.27107342856288597,-0.27107342856288597,1.0,0.0,0.013836910570987451,0.013836910570987451,-3.0442862108839304,-14824.660311455602,-14827.704597666487
78,2,0.36061164452682504,-6.659086679460615,1.0,1.0,0.8576856370374788,-14830.089623825686,14830.335527476595,0.1535176370307454,0.1535176370307454,1.0,0.0,0.013836910570987451,0.013836910570987451,-3.0282250142839073,-14825.594201880587,-14828.622426894872
79,2,0.3610302433572535,-6.673492194596657,1.0,1.0,1.0,-14828.440488287843,14829.90996416911,-0.2763154025433323,-0.2763154025433323,1.0,0.0,0.013836910570987451,0.013836910570987451,-3.0579164988519603,-14823.915880086523,-14826.973796585375
80,2,0.35382624218507697,-6.739272956028226,3.0,1.0,0.6676944072752068,-14830.644971907497,14831.900135482701,0.4822287692786631,0.6038338748112437,2.0,0.0,0.013836910570987451,0.013836910570987451,-3.196135849751162,-14825.97319989369,-14829.169335743441
81,2,0.35702537514078836,-6.728548946024558,1.0,1.0,1.0,-14828.417728866263,14830.144052632068,-0.51506667211288,-0.51506667211288,1.0,0.0,0.013836910570987451,0.013836910570987451,-3.1733072124916752,-14823.772823213674,-14826.946130426166
82,2,0.36014055382995136,-6.689159932574984,7.0,1.0,0.4090387377013158,-14827.232654381052,14831.47515204903,-0.18802108027011855,2.3455257856639946,2.0,0.0,0.013836910570987451,0.013836910570987451,-3.0904451651443248,-14822.674441577377,-14825.764886742521
83,2,0.3581660238748391,-6.7058357702055575,3.0,1.0,0.9678899126409611,-14826.90331995042,14827.650385260744,-0.09908721526335285,-0.09908721526335285,1.0,0.0,0.013836910570987451,0.013836910570987451,-3.125336481562528,-14822.307799209713,-14825.433135691275
84,2,0.3581660238748391,-6.7058357702055575,3.0,1.0,0.19593701020794338,-14826.90331995042,14833.704205253172,0.0,4.098048066472984,2.0,0.0,0.013836910570987451,0.013836910570987451,-3.125336481562528,-14822.307799209713,-14825.433135691275
85,2,0.3569572212337929,-6.729146039459154,3.0,1.0,0.7454707136199906,-14828.48492685629,14828.867949526964,0.27448014341098315,0.41061057627121045,2.0,0.0,0.013836910570987451,0.013836910570987451,-3.1745752462687387,-14823.838668250168,-14827.013243496436
86,2,0.3576107566235318,-6.7130639917088,3.0,1.0,0.9689611518569762,-14827.182373601314,14828.78475607532,-0.22330425695508893,-0.2365911833148857,2.0,0.0,0.013836910570987451,0.013836910570987451,-3.1405466813025407,-14822.570955902997,-14825.7115025843
87,2,0.3608947300889589,-6.684611521254859,3.0,1.0,0.9190671206308801,-14827.648932758659,14827.683058990138,0.16488506185851293,0.16488506185851293,2.0,0.0,0.013836910570987451,0.013836910570987451,-3.0809766666126928,-14823.10110102594,-14826.182077692554
88,2,0.3575797140635384,-6.687686535978768,3.0,1.0,0.8992857174253026,-14827.141808919105,14828.211278782352,-0.1406312742637965,0.29577803070242226,2.0,0.0,0.013836910570987451,0.013836910570987451,-3.087375707193919,-14822.583523708117,-14825.67089941531
89,2,0.3599734818251145,-6.693148635562225,3.0,1.0,0.9900466769237695,-14827.099570685308,14827.36525986884,0.007756338231047266,-0.06008527686026355,2.0,0.0,0.013836910570987451,0.013836910570987451,-3.098765536147675,-14822.53283456848,-14825.631600104627
90,2,0.35541287492228824,-6.712621833006316,3.0,1.0,0.9158304793117651,-14827.641644530648,14827.853444626426,0.14958798884435964,0.14958798884435964,2.0,0.0,0.013836910570987451,0.013836910570987451,-3.1396147554645872,-14823.028409354527,-14826.168024109991
91,2,0.35541287492228824,-6.712621833006316,3.0,1.0,0.39835084864674614,-14827.641644530648,14830.453788931307,0.0,1.3945031613911851,1.0,0.0,0.013836910570987451,0.013836910570987451,-3.1396147554645872,-14823.028409354527,-14826.168024109991
92,2,0.35659777706233564,-6.689204311007272,3.0,1.0,0.9181503690873787,-14827.306864161466,14828.624932077193,-0.07018999340652954,0.1941519613883429,1.0,0.0,0.013836910570987451,0.013836910570987451,-3.0905376503269038,-14822.744194494668,-14825.834732144995
93,2,0.3598686316056199,-6.687436507779919,3.0,1.0,0.7125573709377516,-14827.222286411217,14828.44436937205,-0.09375229604302149,0.6860817480719561,2.0,0.0,0.013836910570987451,0.013836910570987451,-3.086855050638908,-14822.667333273668,-14825.754188324307
94,2,0.3590790286612867,-6.690817615292725,1.0,1.0,1.0,-14826.979186704175,14827.164362990809,-0.06402439403609606,-0.06402439403609606,1.0,0.0,0.013836910570987451,0.013836910570987451,-3.0939011328871873,-14822.41622367281,-14825.510124805696
95,2,0.3565330518626624,-6.709621197698629,3.0,1.0,0.8231913204939029,-14827.177615796838,14827.60681742787,0.059501097681277315,0.2709590275590017,2.0,0.0,0.013836910570987451,0.013836910570987451,-3.133295563549427,-14822.572107286049,-14825.705402849599
96,2,0.35835385402552544,-6.689699670477068,3.0,1.0,0.9371723721354365,-14826.984059725253,14827.870804263004,-0.06538010125223082,0.13358874090044992,1.0,0.0,0.013836910570987451,0.013836910570987451,-3.0915701190566125,-14822.422536942777,-14825.514107061834
97,2,0.35928992002113463,-6.678953711252617,3.0,1.0,0.8750374635716263,-14827.617699522541,14828.009534562863,0.11029857876201277,0.24221983979623474,2.0,0.0,0.013836910570987451,0.013836910570987451,-3.0692275880339546,-14823.079668077058,-14826.148895665092
98,2,0.3587538489533567,-6.715068399574521,7.0,1.0,0.5005125751759117,-14827.382943092349,14829.96425393307,-0.0026811359712155536,1.7120145620901894,2.0,0.0,0.013836910570987451,0.013836910570987451,-3.1447737690522763,-14822.76870865534,-14825.913482424392
99,2,0.35773467926007757,-6.685185675629008,3.0,1.0,1.0,-14827.252036339944,14827.561787194047,-0.03602726290955616,-0.10605679499894904,2.0,0.0,0.013836910570987451,0.013836910570987451,-3.0821707517777437,-14822.69914811295,-14825.781318864727
100,2,0.3548862136306788,-6.717289000079511,3.0,1.0,0.6688680046851835,-14828.089576328499,14829.999396525995,0.2679550210250454,0.5401904945902061,1.0,0.0,0.013836910570987451,0.013836910570987451,-3.1494614756241455,-14823.465828222235,-14826.61528969786
101,2,0.35890245707366214,-6.676045990118934,7.0,1.0,0.9955681317880634,-14827.845017993293,14828.176309503388,-0.16025244324919186,-0.34209069556709437,2.0,0.0,0.013836910570987451,0.013836910570987451,-3.063201831271955,-14823.312537866706,-14826.375739697978
102,2,0.35924651995468837,-6.672116048334913,1.0,1.0,0.9307685630864099,-14828.236511412193,14828.337562838207,0.07174462220427813,0.07174462220427813,1.0,0.0,0.013836910570987451,0.013836910570987451,-3.0550711321409962,-14823.712583356462,-14826.767654488604
103,2,0.36045475613130173,-6.683431402335072,3.0,1.0,0.6947544441074046,-14827.554713941337,14829.902921263307,-0.09154622110327182,0.8670062525470712,2.0,0.0,0.013836910570987451,0.013836910570987451,-3.0785233748906884,-14823.008803821562,-14826.087327196452
104,2,0.3601871999701676,-6.698728622964976,3.0,1.0,0.9791937695545593,-14827.15044895328,14827.888175141969,-0.027398104160965886,-0.06835156850138446,2.0,0.0,0.013836910570987451,0.013836910570987451,-3.110431997723221,-14822.57230592742,-14825.682737925144
105,2,0.3579224527185137,-6.673774338571173,3.0,1.0,0.9199969748155074,-14828.156552174863,14828.375467611379,0.15489676720062562,0.15489676720062562,2.0,0.0,0.013836910570987451,0.013836910570987451,-3.058500103246658,-14823.627566950625,-14826.686067053872
106,2,0.3579224527185137,-6.673774338571173,1.0,1.0,0.7021128703021714,-14828.156552174863,14829.20881950854,0.0,0.3536611039744457,1.0,0.0,0.013836910570987451,0.013836910570987451,-3.058500103246658,-14823.627566950625,-14826.686067053872
107,2,0.3618412855738994,-6.680436501125987,3.0,1.0,0.711529922353691,-14828.284188821846,14830.342254331816,0.1097628591942339,0.8217199611663091,2.0,0.0,0.013836910570987451,0.013836910570987451,-3.072303672577684,-14823.746167290446,-14826.818470963024
108,2,0.3604552317162673,-6.701280424880126,3.0,1.0,1.0,-14827.286466683012,14828.787395833437,-0.2002805833999446,-0.2002805833999446,2.0,0.0,0.013836910570987451,0.013836910570987451,-3.1157775999986854,-14822.7033029139,-14825.819080513898
109,2,0.35977148053234087,-6.684117043367327,3.0,1.0,0.9645724057190052,-14827.3515342425,14827.872200819826,-0.10584054949322308,-0.12590847462161037,2.0,0.0,0.013836910570987451,0.013836910570987451,-3.0799485511081737,-14822.803369361312,-14825.883317912421
110,2,0.36247062583451933,-6.701635091924708,3.0,1.0,0.68173072636819,-14828.441379312302,14829.04108825159,0.6208956789359945,0.677806746418355,2.0,0.0,0.013836910570987451,0.013836910570987451,-3.1165210841165876,-14823.859891462145,-14826.976412546263
111,2,0.3583695993559451,-6.705064595371248,3.0,1.0,0.9565774661459162,-14826.893137738065,14828.052536679765,-0.7047637303548981,-0.7047637303548981,2.0,0.0,0.013836910570987451,0.013836910570987451,-3.1237167984839926,-14822.299487673874,-14825.423204472358
112,2,0.35717666440905,-6.741823287607317,3.0,1.0,0.2763098935690474,-14830.123222713246,14832.275935118692,0.595508975935445,2.0653422063078324,2.0,0.0,0.013836910570987451,0.013836910570987451,-3.2015817715342014,-14825.450230837652,-14828.651812609187
113,2,0.35717666440905,-6.741823287607317,1.0,1.0,0.3060600415213123,-14830.123222713246,14832.5859274928,0.0,1.183973982155294,1.0,0.0,0.013836910570987451,0.013836910570987451,-3.2015817715342014,-14825.450230837652,-14828.651812609187
114,2,0.35879499575196433,-6.6772443913259,3.0,1.0,0.9437495248454013,-14827.739833407613,14830.41154032638,-0.4610265879182407,-0.4610265879182407,2.0,0.0,0.013836910570987451,0.013836910570987451,-3.0656842894178284,-14823.204738968347,-14826.270423257765
115,2,0.3593426532208767,-6.702085061821542,3.0,1.0,0.8065518796450922,-14826.963309740031,14828.212001562877,-0.11291765939677134,0.34701049802606576,2.0,0.0,0.013836910570987451,0.013836910570987451,-3.1174645314504814,-14822.377105803273,-14825.494570334724
116,2,0.3590419452567639,-6.660609155469773,3.0,1.0,0.7951850293820736,-14829.749693750855,14829.818001052925,0.4986368670270167,0.4986368670270167,2.0,0.0,0.013836910570987451,0.013836910570987451,-3.0313532118366324,-14825.249233219434,-14828.28058643127
117,2,0.35814229320536833,-6.675526939563053,3.0,1.0,1.0,-14827.944622272964,14829.476972840988,-0.34596621045056963,-0.4921162224654836,2.0,0.0,0.013836910570987451,0.013836910570987451,-3.0621270767414,-14823.412281651363,-14826.474408728103
118,2,0.35642545660018377,-6.698748207821976,3.0,1.0,0.9516103106817874,-14827.083631240715,14828.61596858409,-0.11818378008865693,0.15685156989638926,2.0,0.0,0.013836910570987451,0.013836910570987451,-3.1104729999576137,-14822.500810663776,-14825.611283663733
119,2,0.3607541208504734,-6.6919500308371305,3.0,1.0,0.9657214364177781,-14827.378599745505,14827.497143191395,0.08820661913523509,0.08820661913523509,2.0,0.0,0.013836910570987451,0.013836910570987451,-3.0962635936387635,-14822.815311382266,-14825.911574975906
120,2,0.35629276807926114,-6.695116488062534,3.0,1.0,0.9645254618118603,-14827.191614816942,14828.145579740505,-0.03963853907225712,0.0711389141069958,2.0,0.0,0.013836910570987451,0.013836910570987451,-3.1028763059819924,-14822.616224742042,-14825.719101048024
121,2,0.36043217028139796,-6.712401351919304,3.0,1.0,0.7818841120935184,-14827.740330464343,14828.278080185773,0.1855896927027061,0.3596932112595823,2.0,0.0,0.013836910570987451,0.013836910570987451,-3.139150126540583,-14823.133766246494,-14826.272916373035
122,2,0.3594192431075035,-6.693733798184263,3.0,1.0,0.9865756936207566,-14826.96544486545,14827.926247975081,-0.3130751242078986,-0.3130751242078986,1.0,0.0,0.013836910570987451,0.013836910570987451,-3.099987514299633,-14822.396811505945,-14825.496799020244
123,2,0.35799986295192815,-6.712832903708332,3.0,1.0,0.9156447820395092,-14827.172162995448,14827.819811798488,0.025648499562521465,0.16617775384474953,1.0,0.0,0.013836910570987451,0.013836910570987451,-3.140059599038609,-14822.56171395919,-14825.701773558229
124,2,0.36191671615042326,-6.683481745784981,3.0,1.0,0.7910383555664408,-14828.173598944944,14828.34316525768,0.3508478996136546,0.3508478996136546,2.0,0.0,0.013836910570987451,0.013836910570987451,-3.0786280029973634,-14823.629343317232,-14826.70797132023
125,2,0.35439625092881705,-6.712257084192884,3.0,1.0,0.9917260924039536,-14828.133250441211,14828.552765265054,0.025134976276603993,-0.396171869839236,2.0,0.0,0.013836910570987451,0.013836910570987451,-3.1388461314978207,-14823.519495315832,-14826.65834144733
126,2,0.3549825074115376,-6.705831500828176,1.0,1.0,1.0,-14827.673940489947,14828.318655395788,-0.11788299128784274,-0.11788299128784274,1.0,0.0,0.013836910570987451,0.013836910570987451,-3.1253275130375107,-14823.07444836903,-14826.199775882067
127,2,0.3606636847153951,-6.700413927937158,3.0,1.0,1.0,-14827.355672145175,14827.64185355138,-0.09584286169774714,-0.3003184180997778,2.0,0.0,0.013836910570987451,0.013836910570987451,-3.1139617022930377,-14822.774576418657,-14825.88853812095
128,2,0.3599058114948829,-6.702314544424549,3.0,1.0,0.9564619784411542,-14827.11438254907,14827.640487557172,-0.10802623936251621,0.1257896438073658,2.0,0.0,0.013836910570987451,0.013836910570987451,-3.117945763265605,-14822.528383925386,-14825.646329688652
129,2,0.36112854885494605,-6.688371969222674,3.0,1.0,0.7850190400808396,-14827.611334903675,14828.755374333386,0.11953569611432613,0.3286025995421369,2.0,0.0,0.013836910570987451,0.013836910570987451,-3.0888033680405456,-14823.055958225852,-14826.144761593892
130,2,0.35909163463937266,-6.71869189791729,3.0,1.0,0.8365599719376485,-14827.715561290444,14829.60738512148,-0.010638629657478305,0.3278518660335976,1.0,0.0,0.013836910570987451,0.013836910570987451,-3.152425546602738,-14823.094089282433,-14826.246514829036
131,2,0.3562456739794136,-6.663973591867077,7.0,1.0,0.26369129039939876,-14830.029634331195,14832.846864447476,0.644854698326526,2.6181767635116557,2.0,0.0,0.013836910570987451,0.013836910570987451,-3.0382742652341284,-14825.518787268276,-14828.557061533511
132,2,0.36037966705475083,-6.733422799530908,7.0,1.0,0.9699707988556339,-14829.83362469103,14830.410950067071,-0.038918148678931175,-0.5961855988934985,2.0,0.0,0.013836910570987451,0.013836910570987451,-3.1836681267305886,-14825.182478883311,-14828.366147010041
133,2,0.35929496577648234,-6.7441740308092815,1.0,1.0,0.9360688327184428,-14830.969080844927,14831.53825805627,0.06606626597931609,0.06606626597931609,1.0,0.0,0.013836910570987451,0.013836910570987451,-3.2066072572845905,-14826.293675898494,-14829.50028315578
134,2,0.3604498549566294,-6.713655509810719,3.0,1.0,1.0,-14827.829983383825,14831.469064657109,-0.5481282932942122,-0.5481282932942122,2.0,0.0,0.013836910570987451,0.013836910570987451,-3.1417937135923792,-14823.220796991558,-14826.36259070515
135,2,0.36305546088213997,-6.707178373078973,3.0,1.0,0.6434068754826051,-14829.158590563124,14829.692625207463,0.6639870863000397,0.8784509714860178,1.0,0.0,0.013836910570987451,0.013836910570987451,-3.128157742503221,-14824.566160456083,-14827.694318198586
136,2,0.36171330480489916,-6.692426431138034,3.0,1.0,1.0,-14827.833947132955,14829.21535339553,-0.639997534080976,-0.639997534080976,1.0,0.0,0.013836910570987451,0.013836910570987451,-3.097257849663392,-14823.270818195617,-14826.36807604528
137,2,0.36114934164934115,-6.6897189368047085,3.0,1.0,1.0,-14827.587594269418,14827.993090131951,-0.13285920227281167,-0.2884086876292713,2.0,0.0,0.013836910570987451,0.013836910570987451,-3.091610280470233,-14823.029435708113,-14826.121045988582
138,2,0.3562409086073328,-6.690438290665236,3.0,1.0,1.0,-14827.374590675474,14827.660639044814,-0.04528356474656903,-0.23489468204752484,2.0,0.0,0.013836910570987451,0.013836910570987451,-3.0931100673965797,-14822.8089018361,-14825.902011903498
139,2,0.3540144953388314,-6.701905307991896,3.0,1.0,0.6740828604262697,-14828.261693464561,14828.981576309854,0.39241547106939834,0.627345326151044,2.0,0.0,0.013836910570987451,0.013836910570987451,-3.117087619126828,-14823.669210211976,-14826.786297831102
140,2,0.35765554933775245,-6.697740384502484,3.0,1.0,0.9620920483711893,-14826.846134854672,14827.963887826782,-0.6080643260102079,-0.6080643260102079,2.0,0.0,0.013836910570987451,0.013836910570987451,-3.108363551059955,-14822.266955803516,-14825.375319354576
141,2,0.3547767094626392,-6.693569365472791,3.0,1.0,0.6955931176824036,-14827.966739347625,14828.176481845336,0.4948711872457352,0.5990394678374287,2.0,0.0,0.013836910570987451,0.013836910570987451,-3.0996440996408565,-14823.392669737937,-14826.492313837578
142,2,0.35982774379969484,-6.712867392984256,3.0,1.0,1.0,-14827.527603387247,14828.53141236841,-0.2566265781151742,-0.2566265781151742,2.0,0.0,0.013836910570987451,0.013836910570987451,-3.1401322913943903,-14822.919323255832,-14826.059455547227
143,2,0.3595581891028377,-6.71164061297515,3.0,1.0,1.0,-14827.368798718857,14827.636015624717,-0.05956471577337652,-0.15795441406953614,2.0,0.0,0.013836910570987451,0.013836910570987451,-3.1375473630901936,-14822.762775090781,-14825.900322453872
144,2,0.3609994435141179,-6.679990683969752,3.0,1.0,0.8826407877012351,-14827.934547500605,14828.756966505933,0.05717817471486342,0.29416633114306023,2.0,0.0,0.013836910570987451,0.013836910570987451,-3.0713785826271067,-14823.39644010208,-14826.467818684707
145,2,0.35790914377366384,-6.7122104848593125,3.0,1.0,1.0,-14827.138094812255,14828.007130263857,-0.19775754345209862,-0.19775754345209862,2.0,0.0,0.013836910570987451,0.013836910570987451,-3.138747943738336,-14822.52884529068,-14825.667593234419
146,2,0.3569142961038714,-6.721904127432598,3.0,1.0,0.9068813396519338,-14827.810271354198,14828.219809776037,0.11305607008944207,0.18929368190219975,2.0,0.0,0.013836910570987451,0.013836910570987451,-3.1592198226362718,-14823.179314662528,-14826.338534485165
147,2,0.3532707638168041,-6.696525849236126,3.0,1.0,0.6091448623587169,-14828.96145874026,14830.248143503219,0.7554682096761098,1.010975912819049,2.0,0.0,0.013836910570987451,0.013836910570987451,-3.1058227883044873,-14824.379287908903,-14827.485110697207
148,2,0.35366432326345454,-6.6968319935530065,1.0,1.0,1.0,-14828.628009912312,14829.593753948051,-0.14646484629156475,-0.14646484629156475,1.0,0.0,0.013836910570987451,0.013836910570987451,-3.1064630918175378,-14824.045703478689,-14827.152166570506
149,2,0.36415578324399384,-6.6731966784349686,3.0,1.0,0.9153368837809244,-14830.357097818662,14830.427399790064,0.2930154009409307,-0.6125160425472131,2.0,0.0,0.013836910570987451,0.013836910570987451,-3.0573053199357405,-14825.836817283918,-14828.894122603853
150,2,0.35387783361738756,-6.707830371019703,7.0,1.0,0.9658989243028301,-14828.365594035686,14830.303494455811,-0.4860907863039756,-0.8595272240763734,2.0,0.0,0.013836910570987451,0.013836910570987451,-3.12952846006326,-14823.760495366405,-14826.890023826469
51,3,0.3534511469892642,-6.6844317192167235,1.0,1.0,1.7505379622043269e-15,-14829.522640171434,14829.605115896287,0.0,33.978853247241204,1.0,0.0,0.027506034252416364,0.027506034252416364,-3.080602794986815,-14824.965920856943,-14828.04652365193
52,3,0.3534511469892642,-6.6844317192167235,1.0,1.0,0.5204722781616999,-14829.522640171434,14831.449283519863,0.0,0.6530186523614248,1.0,0.0,0.012300400734634023,0.012300400734634023,-3.080602794986815,-14824.965920856943,-14828.04652365193
53,3,0.35413944480631115,-6.707366779708811,3.0,1.0,0.934723584133089,-14828.183469824444,14830.461530290067,-0.4700021645276138,-0.4700021645276138,1.0,0.0,0.012300400734634023,0.012300400734634023,-3.1285537925301714,-14823.579679843051,-14826.708233635582
54,3,0.35949763513481636,-6.714006803210762,3.0,1.0,0.9913047691807778,-14827.491986843756,14828.332931242285,-0.25954999702480563,-0.25954999702480563,2.0,0.0,0.012300400734634023,0.012300400734634023,-3.1425344722742525,-14822.880902225997,-14826.023436698271
55,3,0.35909179569190286,-6.712614603670328,1.0,1.0,1.0,-14827.302145380163,14827.513967685447,-0.056459506073224475,-0.056459506073224475,1.0,0.0,0.012300400734634023,0.012300400734634023,-3.1395995200146847,-14822.693499595951,-14825.833099115966
56,3,0.35750122820320507,-6.723899810417755,3.0,1.0,0.9611259073292752,-14827.951782471355,14828.17957685212,0.0451141891462612,-0.1032012535015383,2.0,0.0,0.012300400734634023,0.012300400734634023,-3.1634461439226063,-14823.317329472296,-14826.480775616219
57,3,0.3571239656155696,-6.698965587540347,3.0,1.0,1.0,-14826.912217336605,14827.896639608743,-0.12628569186563254,-0.12628569186563254,2.0,0.0,0.012300400734634023,0.012300400734634023,-3.11092812498536,-14822.329813530872,-14825.440741655857
58,3,0.35822397844619924,-6.691468342438243,3.0,1.0,0.9889383291802462,-14826.928414282054,14827.113686171968,-0.01568213779682992,0.022740843656720244,1.0,0.0,0.012300400734634023,0.012300400734634023,-3.0952585320083235,-14822.363042987705,-14825.458301519713
59,3,0.35860340738900853,-6.665250087931549,3.0,1.0,0.7155930089077716,-14829.100312399052,14829.601436972674,0.34367308154651255,0.47171373864694033,2.0,0.0,0.012300400734634023,0.012300400734634023,-3.040903134400356,-14824.589763744556,-14827.630666878957
60,3,0.3559860691061873,-6.717648546052324,7.0,1.0,0.9789543918580649,-14827.691629402465,14829.520859210765,-0.18985855082428316,-0.3008155532552337,3.0,0.0,0.012300400734634023,0.012300400734634023,-3.1502209440745084,-14823.06850985648,-14826.218730800556
61,3,0.35518057502123745,-6.718202332431682,1.0,1.0,0.9129571669736206,-14828.008737861317,14828.105341816397,0.09106631408394605,0.09106631408394605,1.0,0.0,0.012300400734634023,0.012300400734634023,-3.1513909591566773,-14823.383432982706,-14826.534823941862
62,3,0.3553168211628678,-6.716048302373328,1.0,1.0,1.0,-14827.834354816809,14828.147905724223,-0.026095943965628976,-0.026095943965628976,1.0,0.0,0.012300400734634023,0.012300400734634023,-3.146841744321716,-14823.213771360497,-14826.360613104818
63,3,0.3542185288931078,-6.711678538662239,3.0,1.0,0.41408923129210057,-14828.222379796072,14832.491414979659,0.18516509768596734,2.245387365343049,2.0,0.0,0.012300400734634023,0.012300400734634023,-3.1376272531476497,-14823.609617187425,-14826.747244440572
64,3,0.354413677561439,-6.708058948779387,3.0,1.0,1.0,-14828.021208770517,14828.518855649845,-0.030390384736165288,-0.34056930563019705,2.0,0.0,0.012300400734634023,0.012300400734634023,-3.1300091075416265,-14823.416312847487,-14826.546321955027
65,3,0.36131953456240956,-6.719687804637039,3.0,1.0,0.9362092810142841,-14828.794376929609,14828.981495070708,0.21241648872637597,-0.32282479711102496,2.0,0.0,0.012300400734634023,0.012300400734634023,-3.1545309129930823,-14824.173502437994,-14827.328033350987
66,3,0.3582433172723794,-6.690428848114923,7.0,1.0,0.7852230157699089,-14826.961303462529,14829.980098092206,-0.5577609622741875,0.7418451861649373,2.0,0.0,0.012300400734634023,0.012300400734634023,-3.0930903771921656,-14822.398124173082,-14825.491214550273
67,3,0.3585791381797507,-6.717453360666744,3.0,1.0,0.9307417064085439,-14827.51620189225,14827.599757749183,0.1026458837386599,0.1026458837386599,2.0,0.0,0.012300400734634023,0.012300400734634023,-3.149808638219938,-14822.89671789198,-14826.0465265302
68,3,0.3554258650480013,-6.711689476309778,3.0,1.0,0.9056169154753647,-14827.602007434702,14827.981308573282,0.06723622110257566,0.15860507531215262,2.0,0.0,0.012300400734634023,0.012300400734634023,-3.137650293453365,-14822.990753116486,-14826.128403409939
69,3,0.3566127046807843,-6.698380356962579,3.0,1.0,1.0,-14827.03357900471,14827.873983843761,-0.11561190369502583,-0.11561190369502583,2.0,0.0,0.012300400734634023,0.012300400734634023,-3.1097029431401952,-14822.451762704108,-14825.561465647248
70,3,0.3599001868642766,-6.70596877173682,3.0,1.0,0.9823160720555059,-14827.217152612697,14827.218624396055,0.05451086926950666,-0.06686465256825613,2.0,0.0,0.012300400734634023,0.012300400734634023,-3.1256158821466022,-14822.6234770291,-14825.749092911246
71,3,0.35466422515509366,-6.6866922126084924,3.0,1.0,0.5666821420748304,-14828.40903981146,14829.486077768315,0.39297774063925317,0.7855948853775772,2.0,0.0,0.012300400734634023,0.012300400734634023,-3.0853055068576243,-14823.849166006381,-14826.93447151324
72,3,0.3600931027281988,-6.708366851226517,3.0,1.0,0.7910318102980725,-14827.382134568155,14829.451236228984,-0.3421043957823713,0.4797921122499247,2.0,0.0,0.012300400734634023,0.012300400734634023,-3.13065663953969,-14822.783652680113,-14825.914309319653
73,3,0.3577071786083739,-6.692866847681985,3.0,1.0,0.9495636011821467,-14826.926556811744,14827.512529917778,-0.15168200043626712,-0.15168200043626712,2.0,0.0,0.012300400734634023,0.012300400734634023,-3.0981772088285866,-14822.357628067602,-14825.455805276431
74,3,0.3571269585529817,-6.697237206929504,3.0,1.0,0.8505839749972047,-14826.92776699425,14827.485305385007,0.0126214264837472,0.2893831748751836,2.0,0.0,0.012300400734634023,0.012300400734634023,-3.107310743260012,-14822.34898429532,-14825.45629503858
75,3,0.36054631918339664,-6.683552883927462,7.0,1.0,0.9632110513035664,-14827.576890035165,14827.578597935979,0.10958350389773841,0.10958350389773841,3.0,0.0,0.012300400734634023,0.012300400734634023,-3.078775852751541,-14823.030838246952,-14826.109614099703
76,3,0.35993330324384576,-6.706376229646959,3.0,1.0,0.6111656435876937,-14827.242967951604,14829.594622329605,-0.010400194409157848,1.0152151014845003,2.0,0.0,0.012300400734634023,0.012300400734634023,-3.126471952158949,-14822.648476571605,-14825.774948523764
77,3,0.3638533975468398,-6.709253798146584,1.0,1.0,0.3715024293218553,-14830.039393802697,14830.05908246105,0.9901998756213288,0.9901998756213288,1.0,0.0,0.012300400734634023,0.012300400734634023,-3.1325224566816385,-14825.44354086435,-14828.57606332103
78,3,0.35511283264294846,-6.693715878832373,3.0,1.0,1.0,-14827.765252548448,14829.774255389255,-0.7878871381126373,-1.0774717043022974,2.0,0.0,0.012300400734634023,0.012300400734634023,-3.0999500887538742,-14823.191302846299,-14826.291252935052
79,3,0.3547287281726436,-6.674429980282795,3.0,1.0,0.7330024347576186,-14829.516598266058,14830.245015072864,0.4461536184680881,0.5817455853484716,1.0,0.0,0.012300400734634023,0.012300400734634023,-3.059856581346954,-14824.982255282976,-14828.042111864323
80,3,0.36325586751812533,-6.683972051283429,3.0,1.0,0.6498572369760081,-14829.041820615683,14831.345375456975,-0.17237329276031232,0.7946636989854596,2.0,0.0,0.012300400734634023,0.012300400734634023,-3.079647130782361,-14824.49813828112,-14827.577785411902
81,3,0.36339534640339155,-6.688687861455471,3.0,1.0,0.9797247131130503,-14829.042163113168,14829.785274426324,0.06275436506257392,-0.5619598643115751,2.0,0.0,0.012300400734634023,0.012300400734634023,-3.0894614851971705,-14824.488831245073,-14827.57829273027
82,3,0.3544733677146974,-6.70012484297947,3.0,1.0,1.0,-14827.977931927722,14828.844611619306,-0.2904364722835453,-0.5683767961745616,2.0,0.0,0.012300400734634023,0.012300400734634023,-3.113356040629606,-14823.389765013762,-14826.503121054391
83,3,0.3557287953566304,-6.691136990001386,3.0,1.0,0.9628491808028526,-14827.558120719486,14828.262895617021,-0.14986797013989417,-0.2509259341077268,1.0,0.0,0.012300400734634023,0.012300400734634023,-3.094567286927393,-14822.990331267005,-14826.084898553932
84,3,0.35397650251613505,-6.6793124033364055,3.0,1.0,0.8053731889318341,-14829.552322564432,14829.748847974482,0.6182074384414591,0.6182074384414591,2.0,0.0,0.012300400734634023,0.012300400734634023,-3.0699715020979643,-14825.006906915161,-14828.07687841726
85,3,0.3547030322224072,-6.687073841107697,1.0,1.0,1.0,-14828.357612677137,14829.59968183496,-0.3560508515638503,-0.3560508515638503,1.0,0.0,0.012300400734634023,0.012300400734634023,-3.0860999478048607,-14823.796993707803,-14826.883093655608
86,3,0.3566264737985836,-6.6965381897249685,3.0,1.0,1.0,-14827.056416958172,14828.02486913731,-0.4272633193722868,-0.4633874432220182,2.0,0.0,0.012300400734634023,0.012300400734634023,-3.105848596731859,-14822.47847221287,-14825.584320809601
87,3,0.3597199524122561,-6.692871635170995,7.0,1.0,0.9986170299887617,-14827.040499040053,14827.124428722533,-0.02721171039775072,-0.08196112111909315,2.0,0.0,0.012300400734634023,0.012300400734634023,-3.098187203664872,-14822.474032752181,-14825.572219955846
88,3,0.36070952367756115,-6.6817135529939975,3.0,1.0,0.9458350492278851,-14827.728717224467,14827.891692079053,0.1158717703219736,0.1158717703219736,2.0,0.0,0.012300400734634023,0.012300400734634023,-3.0749547107327864,-14823.186683877271,-14826.261638588005
89,3,0.3610022232189322,-6.693956613107868,7.0,1.0,0.970966265424533,-14827.463404225004,14828.19843747791,0.030918916114387685,-0.1470570926030632,3.0,0.0,0.012300400734634023,0.012300400734634023,-3.100452902264574,-14822.896225856744,-14825.99667875901
90,3,0.3608569413160551,-6.694834918452927,7.0,1.0,0.9622781443750489,-14827.395708940641,14828.313970187564,-0.02343819596353569,0.1891398612060584,3.0,0.0,0.012300400734634023,0.012300400734634023,-3.1022878802583405,-14822.826520406092,-14825.92880828635
91,3,0.3604367325976633,-6.6962017985955695,1.0,1.0,1.0,-14827.226461435235,14827.455648994744,-0.05159503903996665,-0.05159503903996665,1.0,0.0,0.012300400734634023,0.012300400734634023,-3.105145135666589,-14822.653907732623,-14825.75905286829
92,3,0.35657860439820976,-6.693337635981104,3.0,1.0,0.9473044893103552,-14827.149317629537,14827.586275666348,-0.022737482428055955,0.1720780396990449,2.0,0.0,0.012300400734634023,0.012300400734634023,-3.099160182809834,-14822.578001461727,-14825.677161644537
93,3,0.35657860439820976,-6.693337635981104,3.0,1.0,0.13958648795535153,-14827.149317629537,14832.59854371879,0.0,2.827395562966558,1.0,0.0,0.012300400734634023,0.012300400734634023,-3.099160182809834,-14822.578001461727,-14825.677161644537
94,3,0.35657860439820976,-6.693337635981104,3.0,1.0,0.462278396241569,-14827.149317629537,14833.58773900314,0.0,0.9388566919205914,2.0,0.0,0.012300400734634023,0.012300400734634023,-3.099160182809834,-14822.578001461727,-14825.677161644537
95,3,0.35317362504775723,-6.699762852872191,3.0,1.0,0.6267555153550318,-14828.9513290549,14829.169914540216,0.6227787708266987,0.6227787708266987,1.0,0.0,0.012300400734634023,0.012300400734634023,-3.112597753286997,-14824.362258439793,-14827.47485619308
96,3,0.35836314885202164,-6.697519627944576,3.0,1.0,0.7721678635371602,-14826.820444835375,14830.774280795764,-0.7465289071351435,1.1476440501519392,2.0,0.0,0.012300400734634023,0.012300400734634023,-3.10790162683248,-14822.24260199634,-14825.350503623173
97,3,0.35724836728534726,-6.70653509545339,3.0,1.0,0.9626842213028644,-14826.963470623345,14827.157966924742,0.025739218177477596,0.049528334277056274,1.0,0.0,0.012300400734634023,0.012300400734634023,-3.1268057745707245,-14822.365343923724,-14825.492149698295
98,3,0.35724836728534726,-6.70653509545339,3.0,1.0,0.654401329573087,-14826.963470623345,14828.078713719722,0.0,0.5692662520068552,1.0,0.0,0.012300400734634023,0.012300400734634023,-3.1268057745707245,-14822.365343923724,-14825.492149698295
99,3,0.361125427404519,-6.686356730522843,3.0,1.0,0.8380231127625617,-14827.67330970453,14828.085146977664,0.1834617063832411,0.2264931539339159,2.0,0.0,0.012300400734634023,0.012300400734634023,-3.0846072497809236,-14823.1221253872,-14826.206732636982
100,3,0.35517814494893774,-6.733281989999993,3.0,1.0,0.8823032514560198,-14829.307604709658,14829.684309794786,0.1638603772262286,0.22558500361083134,2.0,0.0,0.012300400734634023,0.012300400734634023,-3.183368458392069,-14824.650319258595,-14827.833687716988
101,3,0.3570124690033358,-6.735106295018847,3.0,1.0,1.0,-14829.182380370385,14829.622303576665,-0.054100889297842514,-0.2502244657553092,2.0,0.0,0.012300400734634023,0.012300400734634023,-3.1872524474812107,-14824.52351340542,-14827.710765852902
102,3,0.35632103850675895,-6.740112232036493,1.0,1.0,0.9171116310088067,-14829.909790473159,14830.021598060714,0.08652607911972154,0.08652607911972154,1.0,0.0,0.012300400734634023,0.012300400734634023,-3.1979273031973414,-14825.239384824847,-14828.437312128044
103,3,0.35829520826257444,-6.732954285410716,3.0,1.0,1.0,-14829.010856243485,14830.030922524278,-0.060153913971589645,-0.37586450801791216,2.0,0.0,0.012300400734634023,0.012300400734634023,-3.182671120082548,-14824.358160188109,-14827.540831308192
104,3,0.35781070829423706,-6.7143401090267725,15.0,1.0,0.9926363477211042,-14827.249557717982,14829.219810055436,-0.29993648516938265,-0.3058539470221149,3.0,0.0,0.012300400734634023,0.012300400734634023,-3.1432374153301716,-14822.635696950594,-14825.778934365924
105,3,0.35582775618274426,-6.72260099714821,3.0,1.0,0.7312771775384023,-14828.078957556303,14830.353110123697,0.144503773726683,0.4098930262407521,2.0,0.0,0.012300400734634023,0.012300400734634023,-3.160695153229773,-14823.445164777617,-14826.605859930847
106,3,0.35795196601113327,-6.727595597777051,3.0,1.0,0.9560393961020653,-14828.338871317917,14829.161874055017,0.027315645942508127,-0.17319561258409522,2.0,0.0,0.012300400734634023,0.012300400734634023,-3.171283347508441,-14823.697139336879,-14826.868422684387
107,3,0.3580990383341706,-6.692942463092726,3.0,1.0,1.0,-14826.892839471888,14828.263560373169,-0.2232903791937133,-0.2232903791937133,2.0,0.0,0.012300400734634023,0.012300400734634023,-3.09833507372801,-14822.3242374582,-14825.422572531928
108,3,0.35842214751862833,-6.688295545705425,3.0,1.0,0.9898446731434886,-14827.038110198524,14827.054716615616,0.01972466116421856,0.01972466116421856,2.0,0.0,0.012300400734634023,0.012300400734634023,-3.0886441653534087,-14822.479597486687,-14825.56824165204
109,3,0.3592359456296745,-6.713437612904638,5.0,1.0,0.9066277094987889,-14827.384556996256,14827.571230644553,0.10040311178272532,0.16263579228871095,2.0,0.0,0.012300400734634023,0.012300400734634023,-3.141334304903332,-14822.774352835415,-14825.915687140317
110,3,0.3599966632785384,-6.7163939633706775,1.0,1.0,0.8762386364787681,-14827.831627365242,14827.89925421854,0.13211680907261325,0.13211680907261325,1.0,0.0,0.012300400734634023,0.012300400734634023,-3.1475714522974716,-14823.216113507684,-14826.36368495998
111,3,0.35725456219228185,-6.697384908916805,3.0,1.0,0.9674396547153566,-14826.903047316086,14827.833197540791,-0.2367064423578995,-0.2367064423578995,2.0,0.0,0.012300400734634023,0.012300400734634023,-3.107619756624511,-14822.324114336727,-14825.431734093352
112,3,0.36042112297810414,-6.7245186454761186,3.0,1.0,0.6490240100004054,-14828.764534359736,14829.6821372677,0.4443262540808064,0.6349983427735424,2.0,0.0,0.012300400734634023,0.012300400734634023,-3.1647574795718105,-14824.132349411155,-14827.297106890726
113,3,0.3598092426613598,-6.679179037415625,7.0,1.0,1.0,-14827.665698478359,14828.613526000167,-0.35761276375887974,-0.45336837648756045,3.0,0.0,0.012300400734634023,0.012300400734634023,-3.0696948911045516,-14823.127833229091,-14826.197528120196
114,3,0.3600388515350333,-6.682573987669799,3.0,1.0,1.0,-14827.49134477829,14827.716547932798,-0.014984688512413413,-0.12137642473499,2.0,0.0,0.012300400734634023,0.012300400734634023,-3.0767418108254794,-14822.946711825043,-14826.02345363587
115,3,0.36040423182156806,-6.691692768152646,3.0,1.0,0.7175061037680158,-14827.254155994024,14830.094810785307,0.01913230327591009,0.6313979591341194,2.0,0.0,0.012300400734634023,0.012300400734634023,-3.095726776145994,-14822.690981292173,-14825.786708068319
116,3,0.35303516052253486,-6.7227428385338195,3.0,1.0,0.48735040110024447,-14829.5669448545,14832.989149775847,0.5452487573584222,1.0522819079269539,2.0,0.0,0.012300400734634023,0.012300400734634023,-3.160995502609449,-14824.929298399873,-14828.090293902482
117,3,0.35319465779691783,-6.716860685810827,1.0,1.0,1.0,-14829.122703721578,14830.051724741887,-0.044022575209965,-0.044022575209965,1.0,0.0,0.012300400734634023,0.012300400734634023,-3.1485569167254717,-14824.497700977457,-14827.646257894183
118,3,0.35564127970383025,-6.6998171168906815,3.0,1.0,1.0,-14827.360996287493,14829.329886942338,-0.43725550549061154,-0.43725550549061154,2.0,0.0,0.012300400734634023,0.012300400734634023,-3.1127114157744935,-14822.774952485432,-14825.887663901207
119,3,0.3586025068209291,-6.699018477026769,3.0,1.0,0.9869987597352735,-14826.828869627263,14827.282816663917,-0.1828558494507888,-0.1828558494507888,1.0,0.0,0.012300400734634023,0.012300400734634023,-3.1110388661474686,-14822.248184133769,-14825.359222999916
120,3,0.35495127654137004,-6.686728214120648,3.0,1.0,0.5911760961567231,-14828.222415883249,14829.326456012883,0.4627986747855175,0.9459310374095367,2.0,0.0,0.012300400734634023,0.012300400734634023,-3.085380445446222,-14823.662831264905,-14826.74821171035
121,3,0.3598283913087133,-6.713016318899673,3.0,1.0,1.0,-14827.537011084618,14828.314291481456,-0.2624030188744655,-0.4022203504500794,2.0,0.0,0.012300400734634023,0.012300400734634023,-3.140446193219829,-14822.928417839414,-14826.068864032633
122,3,0.3607373404107126,-6.714018012608734,1.0,1.0,0.8526241948231977,-14827.994321403332,14828.13699850336,0.1594363973581494,0.1594363973581494,1.0,0.0,0.012300400734634023,0.012300400734634023,-3.1425581111259775,-14823.384718256655,-14826.52727636778
123,3,0.3607373404107126,-6.714018012608734,1.0,1.0,0.7994346899299393,-14827.994321403332,14828.711539923339,0.0,0.22385043868780485,1.0,0.0,0.012300400734634023,0.012300400734634023,-3.1425581111259775,-14823.384718256655,-14826.52727636778
124,3,0.36162807519183354,-6.714284499753182,1.0,1.0,0.8216339909909197,-14828.536303222576,14828.831886622527,0.19646024952089647,0.19646024952089647,1.0,0.0,0.012300400734634023,0.012300400734634023,-3.1431201274690683,-14823.927209871954,-14827.070329999424
125,3,0.35515871437361274,-6.702257386579319,3.0,1.0,1.0,-14827.570825749854,14828.73409818095,-0.29951067470028647,-0.4404352023229876,2.0,0.0,0.012300400734634023,0.012300400734634023,-3.11782589664645,-14822.97905828527,-14826.096884181916
126,3,0.36077325759879525,-6.6964866682551385,3.0,1.0,1.0,-14827.360283569586,14827.545650458955,-0.06897527398723469,-0.23562032568042923,2.0,0.0,0.012300400734634023,0.012300400734634023,-3.1057408477055817,-14822.787541060494,-14825.8932819082
127,3,0.35674508838305613,-6.706690656490411,3.0,1.0,0.979009345688449,-14827.050483827237,14827.429241441301,-0.12933194397191983,-0.1695310625982529,2.0,0.0,0.012300400734634023,0.012300400734634023,-3.12713267717482,-14822.451403167448,-14825.578535844623
128,3,0.35980519778517245,-6.7060587502057105,3.0,1.0,0.9346204072736315,-14827.19006981547,14827.624189829514,0.0681850386554288,0.13669383368687704,2.0,0.0,0.012300400734634023,0.012300400734634023,-3.1258049128348584,-14822.5960896209,-14825.721894533735
129,3,0.35980519778517245,-6.7060587502057105,3.0,1.0,0.591164857375908,-14827.19006981547,14829.159812605269,0.0,0.6442389085932518,1.0,0.0,0.012300400734634023,0.012300400734634023,-3.1258049128348584,-14822.5960896209,-14825.721894533735
130,3,0.3591161566302994,-6.693573923291044,3.0,1.0,0.7732992392343961,-14826.921010217258,14828.034157796945,-0.09838605004370038,0.4568329526173329,2.0,0.0,0.012300400734634023,0.012300400734634023,-3.0996536181951444,-14822.352340162235,-14825.45199378043
131,3,0.3574167227625917,-6.724823126311524,3.0,1.0,0.8450229430632996,-14828.036652793755,14828.322307801662,0.15335056773255928,0.21050723359076073,2.0,0.0,0.012300400734634023,0.012300400734634023,-3.16540282691556,-14823.4001382233,-14826.565541050215
132,3,0.3574878318029684,-6.722945777545953,1.0,1.0,1.0,-14827.867084913876,14828.10383440634,-0.022069559030569508,-0.022069559030569508,1.0,0.0,0.012300400734634023,0.012300400734634023,-3.1614252613037994,-14823.234636174666,-14826.39606143597
133,3,0.3614963932903108,-6.6984561253492485,3.0,1.0,0.7462369208916114,-14827.733832527634,14830.096021182704,0.1697873763532698,0.4806628973201441,1.0,0.0,0.012300400734634023,0.012300400734634023,-3.1098615451682345,-14823.157839813164,-14826.267701358332
134,3,0.3614963932903108,-6.6984561253492485,1.0,1.0,0.4047687085660377,-14827.733832527634,14829.638631846616,0.0,0.9044394649699825,1.0,0.0,0.012300400734634023,0.012300400734634023,-3.1098615451682345,-14823.157839813164,-14826.267701358332
135,3,0.36116353807646,-6.687772095316706,3.0,1.0,1.0,-14827.643910665527,14828.159696043198,-0.10407908887646045,-0.29463989297255466,2.0,0.0,0.012300400734634023,0.012300400734634023,-3.08755388957427,-14823.089825581294,-14826.177379470868
136,3,0.3583615175601576,-6.705543371793306,3.0,1.0,0.878922385924414,-14826.904715337023,14828.320278009116,-0.1922430766189791,0.305247350159334,2.0,0.0,0.012300400734634023,0.012300400734634023,-3.1247222930294467,-14822.310049822105,-14825.434772115133
137,3,0.3586773649487634,-6.692137859800088,3.0,1.0,0.9641290704591969,-14826.91278627794,14827.351122113527,-0.005199456982154516,0.06239692674171238,1.0,0.0,0.012300400734634023,0.012300400734634023,-3.0966555689728015,-14822.346576091642,-14825.443231660614
138,3,0.3567926589560217,-6.688328303190669,3.0,1.0,0.8176665290495805,-14827.289888428324,14828.12229472885,0.12065800854179543,0.3317778746913973,2.0,0.0,0.012300400734634023,0.012300400734634023,-3.0887124038381684,-14822.729287423455,-14825.817999827294
139,3,0.3592598829981982,-6.678123489120997,3.0,1.0,0.9681596363560004,-14827.680253553,14828.036040442119,-0.008821469857139164,0.10039629219863855,2.0,0.0,0.012300400734634023,0.012300400734634023,-3.067506231689486,-14823.14390673903,-14826.211412970719
140,3,0.35567422769806095,-6.693326809644967,3.0,1.0,0.661322692629634,-14827.495157624804,14829.156737467976,0.11547420021634025,0.6208815346071788,2.0,0.0,0.012300400734634023,0.012300400734634023,-3.099137575665715,-14822.922729168153,-14826.021866743818
141,3,0.35797504399025837,-6.715679767486489,7.0,1.0,0.9099280275163032,-14827.33441273994,14828.238597793781,-0.1567991422907653,0.2946907275545527,2.0,0.0,0.012300400734634023,0.012300400734634023,-3.146063880002945,-14822.717928751643,-14825.863992631646
142,3,0.3589766666312998,-6.717953146097376,1.0,1.0,0.9179715298710306,-14827.63048334652,14827.670807111714,0.08558890205495118,0.08558890205495118,1.0,0.0,0.012300400734634023,0.012300400734634023,-3.1508644514687485,-14823.010431585777,-14826.161296037246
143,3,0.35849046418617003,-6.712974005019104,3.0,1.0,1.0,-14827.218684088457,14827.554169292629,-0.0899835075451847,-0.127132925494152,2.0,0.0,0.012300400734634023,0.012300400734634023,-3.140357002965535,-14822.608542636826,-14825.748899639791
144,3,0.35788080732778893,-6.66070717053805,7.0,1.0,0.7501876934559828,-14829.920226237971,14830.566341262618,0.46898325088659476,0.508902902058253,3.0,0.0,0.012300400734634023,0.012300400734634023,-3.0315546806310416,-14825.41813493474,-14828.44968961537
145,3,0.3576594262662981,-6.718675253684282,3.0,1.0,1.0,-14827.527711986728,14830.482856533556,-0.4099187251886178,-0.4099187251886178,2.0,0.0,0.012300400734634023,0.012300400734634023,-3.1523903687934127,-14822.90451092201,-14826.056901290804
146,3,0.35569922762915185,-6.714333448837876,7.0,1.0,0.963929250371884,-14827.605840130866,14827.829870207008,0.0642162903695862,0.10778995838336414,3.0,0.0,0.012300400734634023,0.012300400734634023,-3.1432233678822485,-14822.98935736748,-14826.132580735362
147,3,0.35633020690698,-6.738834314629729,3.0,1.0,0.8094836272245244,-14829.72976777465,14830.567280427736,0.21712332132665324,0.47221379581787915,2.0,0.0,0.012300400734634023,0.012300400734634023,-3.1951998401307136,-14825.062101075953,-14828.257300916084
148,3,0.35477623021745336,-6.721353993281468,3.0,1.0,0.799801974642307,-14828.389648434655,14831.35276488924,-0.06352395386056742,0.5734328957842081,2.0,0.0,0.012300400734634023,0.012300400734634023,-3.15805548633002,-14823.757166830199,-14826.91522231653
149,3,0.36178571243518953,-6.707464028498956,3.0,1.0,0.9453681081280135,-14828.207222699453,14829.29643122832,0.164601933412996,-0.27597080291343445,2.0,0.0,0.012300400734634023,0.012300400734634023,-3.1287582333342217,-14823.612680090986,-14826.74143832432
150,3,0.3598422997498247,-6.70756323470794,3.0,1.0,1.0,-14827.25972613743,14827.946216087677,-0.34280327509077324,-0.478168788144103,2.0,0.0,0.012300400734634023,0.012300400734634023,-3.128966798857443,-14822.662629212477,-14825.791596011333
51,4,0.3606126878525465,-6.6789578019430635,1.0,1.0,0.30391469205382765,-14827.871331636114,14828.651174288418,0.0,1.1910082352005702,1.0,0.0,0.025957732140092806,0.025957732140092806,-3.069236071248777,-14823.334899895499,-14826.404135966748
52,4,0.3565323562784498,-6.710276113506609,3.0,1.0,0.947882906984218,-14827.1999536773,14828.091269428282,-0.14158542239783856,-0.14158542239783856,2.0,0.0,0.014243564127690157,0.014243564127690157,-3.1346740162414726,-14822.593065843845,-14825.727739860085
53,4,0.3597133122438673,-6.697014875700214,7.0,1.0,0.886153190796329,-14827.003990073297,14827.547626424603,-0.020141061153481132,0.22775257200373744,2.0,0.0,0.014243564127690157,0.014243564127690157,-3.1068456361430767,-14822.428857264176,-14825.535702900319
54,4,0.3562302152258232,-6.713152571861087,3.0,1.0,0.9589532897213949,-14827.388845645291,14827.479589677307,0.0628395734638616,0.0628395734638616,2.0,0.0,0.014243564127690157,0.014243564127690157,-3.140733402780078,-14822.775520063515,-14825.916253466296
55,4,0.3608230165546687,-6.687623564429484,3.0,1.0,0.9608310192132757,-14827.50698315648,14827.62706331056,0.08330090620620467,-0.10005418455693871,2.0,0.0,0.014243564127690157,0.014243564127690157,-3.0872445698956583,-14822.952796993311,-14826.040041563207
56,4,0.35890430890081504,-6.7129679273274965,7.0,1.0,0.9989102894951113,-14827.283344352705,14827.565236653096,-0.09195249056938337,-0.09864840758018545,2.0,0.0,0.014243564127690157,0.014243564127690157,-3.1403441924024227,-14822.673724136137,-14825.81406832854
57,4,0.35890430890081504,-6.7129679273274965,1.0,1.0,0.47112550787361873,-14827.283344352705,14828.233697021116,0.0,0.7526307493935747,1.0,0.0,0.014243564127690157,0.014243564127690157,-3.1403441924024227,-14822.673724136137,-14825.81406832854
58,4,0.36239872765624953,-6.699316593469509,3.0,1.0,0.674934986407462,-14828.32479626165,14828.961130007292,0.5743846770765231,0.6493317266849772,1.0,0.0,0.014243564127690157,0.014243564127690157,-3.1116631211883368,-14823.748080768772,-14826.85974388996
59,4,0.3618659113476197,-6.693484275709831,3.0,1.0,0.9552024522737533,-14827.916608588981,14828.641275749469,-0.2291130416069791,-0.3615179580883705,1.0,0.0,0.014243564127690157,0.014243564127690157,-3.099466401869842,-14823.351453793277,-14826.450920195146
60,4,0.36484257125649666,-6.694452181752918,3.0,1.0,0.566193409660955,-14830.44671466824,14830.864987801648,1.1789791769006115,1.1789791769006115,2.0,0.0,0.014243564127690157,0.014243564127690157,-3.1014881621182013,-14825.88305478452,-14828.984542946637
61,4,0.36282397931744687,-6.724239147612245,3.0,1.0,0.7688321684682607,-14830.44580082225,14833.455927948624,-0.1954542459025106,0.6886903662816621,2.0,0.0,0.014243564127690157,0.014243564127690157,-3.164165165264108,-14825.817088855223,-14828.981254020488
62,4,0.3561688853242666,-6.674188481279592,3.0,1.0,1.0,-14828.684913572704,14830.007589742187,-0.8846305075785494,-1.226006990276801,2.0,0.0,0.014243564127690157,0.014243564127690157,-3.0593568863301477,-14824.15288759117,-14827.2122444775
63,4,0.3571432149488446,-6.675335279236246,1.0,1.0,1.0,-14828.18159516237,14828.829329322285,-0.2337021549610654,-0.2337021549610654,1.0,0.0,0.014243564127690157,0.014243564127690157,-3.061730289856244,-14823.648413148323,-14826.710143438178
64,4,0.3580772229728773,-6.7192158194999205,3.0,1.0,0.7673790736042121,-14827.586489523925,14830.818705717506,-0.13634933532375726,0.5822078713172232,1.0,0.0,0.014243564127690157,0.014243564127690157,-3.153533003489889,-14822.96266264369,-14826.116195647179
65,4,0.35953776651476005,-6.684442255270286,3.0,1.0,0.8309670598671418,-14827.294718043862,14829.458636627753,-0.09824687318541692,0.3735020249059744,1.0,0.0,0.014243564127690157,0.014243564127690157,-3.0806247022532025,-14822.745592163665,-14825.826216865918
66,4,0.3609890253312489,-6.712386262699537,3.0,1.0,0.7476325677095269,-14828.01634056667,14828.464890404193,0.4241417211251246,0.5300652570003876,2.0,0.0,0.014243564127690157,0.014243564127690157,-3.1391183301802625,-14823.410480864637,-14826.549599194817
67,4,0.36288810366582436,-6.681438208162989,3.0,1.0,0.7275101999301353,-14828.87124723219,14830.738149700173,0.18199527475553623,0.4354473228449933,1.0,0.0,0.014243564127690157,0.014243564127690157,-3.0743829831577045,-14824.33239352503,-14827.406776508187
68,4,0.36021452311577096,-6.684400036034672,1.0,1.0,1.0,-14827.438238685281,14828.3725083686,-0.5638394709640124,-0.5638394709640124,1.0,0.0,0.014243564127690157,0.014243564127690157,-3.0805369178670374,-14822.890023888764,-14825.97056080663
69,4,0.3600839545046669,-6.680938665591117,1.0,1.0,0.9843585956402208,-14827.6001656031,14827.705991798832,0.015765021853439976,0.015765021853439976,1.0,0.0,0.014243564127690157,0.014243564127690157,-3.0733459236614014,-14823.058983321529,-14826.13232924519
70,4,0.3584371593828789,-6.698777403439705,3.0,1.0,0.9889391319425958,-14826.819501932492,14827.764404943424,-0.16412628682701325,-0.16412628682701325,1.0,0.0,0.014243564127690157,0.014243564127690157,-3.1105341236874184,-14822.239117746012,-14825.3496518697
71,4,0.35567081532478123,-6.691195596869924,3.0,1.0,0.7780055957240588,-14827.58253197057,14827.815262343049,0.3444373920410726,0.3826102761031507,2.0,0.0,0.014243564127690157,0.014243564127690157,-3.0946895406270323,-14823.014547250836,-14826.109236791463
72,4,0.35846801842902604,-6.700745812830204,3.0,1.0,0.9975969725109796,-14826.828992999595,14827.33495156625,-0.3409323448959185,-0.3409323448959185,2.0,0.0,0.014243564127690157,0.014243564127690157,-3.1146571371120313,-14822.244523788348,-14825.35918092546
73,4,0.3591112436352257,-6.680035364451134,3.0,1.0,0.7980062867457652,-14827.525026280624,14827.801373924733,0.13161318343009043,0.2999353240702476,2.0,0.0,0.014243564127690157,0.014243564127690157,-3.071471287603911,-14822.98453254124,-14826.056003828844
74,4,0.35847185761988115,-6.700850424801005,3.0,1.0,0.9006893056710256,-14826.830070680633,14827.688059530137,-0.13135492457149667,0.1844471947497368,2.0,0.0,0.014243564127690157,0.014243564127690157,-3.114876364880149,-14822.245386967128,-14825.360263332008
75,4,0.35847185761988115,-6.700850424801005,3.0,1.0,0.5493327902690074,-14826.830070680633,14828.163523108402,0.0,1.0273726437808364,1.0,0.0,0.014243564127690157,0.014243564127690157,-3.114876364880149,-14822.245386967128,-14825.360263332008
76,4,0.35961951318493374,-6.6901701081392115,3.0,1.0,0.9334274837057195,-14827.079710474214,14827.231124658532,0.06482084775052499,0.07612443650032219,2.0,0.0,0.014243564127690157,0.014243564127690157,-3.092550870889762,-14822.51875812042,-14825.61130899131
77,4,0.35961951318493374,-6.6901701081392115,1.0,1.0,0.09273924183006488,-14827.079710474214,14829.822839870716,0.0,2.377963575272588,1.0,0.0,0.014243564127690157,0.014243564127690157,-3.092550870889762,-14822.51875812042,-14825.61130899131
78,4,0.35739101140537,-6.694808323823343,3.0,1.0,1.0,-14826.92274536721,14827.120802083988,-0.026724395147539326,-0.04862910353585903,2.0,0.0,0.014243564127690157,0.014243564127690157,-3.1022323067524633,-14822.349369389383,-14825.451601696135
79,4,0.3580090459285053,-6.665272956800158,3.0,1.0,0.6447650975228009,-14829.192841963459,14829.898165291803,0.5001080204638129,0.5001080204638129,2.0,0.0,0.014243564127690157,0.014243564127690157,-3.040950246358451,-14824.681513626532,-14827.722463872891
80,4,0.35890011209953243,-6.67352646223986,1.0,1.0,1.0,-14828.087013279592,14828.978602423316,-0.3109518910823681,-0.3109518910823681,1.0,0.0,0.014243564127690157,0.014243564127690157,-3.057987375959714,-14823.559744732302,-14826.617732108261
81,4,0.3587813556076923,-6.704852079552793,3.0,1.0,0.991741139067649,-14826.927275144286,14828.082898559667,-0.2149739275828324,-0.2149739275828324,2.0,0.0,0.014243564127690157,0.014243564127690157,-3.1232705602863984,-14822.334577689335,-14825.457848249622
82,4,0.3601887206567651,-6.685698336796535,3.0,1.0,0.8669112302494087,-14827.371723536036,14827.908687164067,0.09926737550995313,0.17134795547099202,1.0,0.0,0.014243564127690157,0.014243564127690157,-3.0832372263578747,-14822.820777126697,-14825.904014353055
83,4,0.359963727760178,-6.7198465961105125,7.0,1.0,0.6756183431059019,-14828.100018930447,14829.942113112567,0.3191450010144763,0.6787601959877065,2.0,0.0,0.014243564127690157,0.014243564127690157,-3.154866692968799,-14823.47716979979,-14826.632036492758
84,4,0.358350248472246,-6.694974886804104,3.0,1.0,0.9906193288300202,-14826.846596194497,14828.595244123271,-0.4196107405005023,-0.4196107405005023,2.0,0.0,0.014243564127690157,0.014243564127690157,-3.102580376981026,-14822.27405871182,-14825.376639088801
85,4,0.3576202972689382,-6.714289709959469,7.0,1.0,0.9225021602547283,-14827.247530088587,14827.315854341463,0.07640194998020888,0.13449482164469373,2.0,0.0,0.014243564127690157,0.014243564127690157,-3.143131116403299,-14822.633539781744,-14825.776670898147
86,4,0.35722023828150945,-6.694563271793857,3.0,1.0,0.9390331892136796,-14826.957792852314,14827.88128347978,-0.028679809300228953,0.1803227127493301,2.0,0.0,0.014243564127690157,0.014243564127690157,-3.101720266711144,-14822.384716681956,-14825.486436948668
87,4,0.3559188729509861,-6.707000941164606,3.0,1.0,0.8919462873462706,-14827.287022567436,14827.5682276099,0.11481692481902428,0.13584916471518227,2.0,0.0,0.014243564127690157,0.014243564127690157,-3.127784794907612,-14822.686254726326,-14825.814039521234
88,4,0.35974276055963966,-6.698981064712714,3.0,1.0,0.908723780979206,-14827.018898203925,14827.501401636944,-0.07734092689679528,0.17212259455845924,2.0,0.0,0.014243564127690157,0.014243564127690157,-3.110960531137462,-14822.439686369082,-14825.55064690022
89,4,0.35974276055963966,-6.698981064712714,3.0,1.0,0.6284480727591911,-14827.018898203925,14829.28754730045,0.0,0.504109330029678,1.0,0.0,0.014243564127690157,0.014243564127690157,-3.110960531137462,-14822.439686369082,-14825.55064690022
90,4,0.35865927025986966,-6.723932112820786,3.0,1.0,0.6686816669288523,-14828.07654456119,14830.30069628991,0.21009626637351175,0.6501876361198811,2.0,0.0,0.014243564127690157,0.014243564127690157,-3.16351458450257,-14823.443453123962,-14826.606967708465
91,4,0.35887825431096054,-6.705390564440364,3.0,1.0,1.0,-14826.955317881177,14828.099788971303,-0.247579185419454,-0.247579185419454,2.0,0.0,0.014243564127690157,0.014243564127690157,-3.124401352237778,-14822.361608547224,-14825.486009899461
92,4,0.36037027343179123,-6.687168503238022,3.0,1.0,0.8764922823312792,-14827.365487079232,14827.919653397494,0.09922981373347284,0.1840053891264688,2.0,0.0,0.014243564127690157,0.014243564127690157,-3.0862970297204444,-14822.811700988417,-14825.897998018138
93,4,0.35603633247149374,-6.697170835691278,3.0,1.0,0.5571728588045269,-14827.238911001845,14828.828225607605,0.05047069363172341,1.0774420875623036,2.0,0.0,0.014243564127690157,0.014243564127690157,-3.107171892383951,-14822.658903642277,-14825.76607553466
94,4,0.35747982136878903,-6.705280939630546,3.0,1.0,0.9947040087307076,-14826.910655871356,14827.172923837981,-0.17683140180633927,-0.18368772269059264,2.0,0.0,0.014243564127690157,0.014243564127690157,-3.124171121987013,-14822.31545133093,-14825.439622452916
95,4,0.35525569737669876,-6.696706047464355,3.0,1.0,0.8015628423852208,-14827.596924359335,14827.700992484395,0.3444464259646338,0.3574760232204426,1.0,0.0,0.014243564127690157,0.014243564127690157,-3.1061996631253015,-14823.016905750905,-14826.12310541403
96,4,0.3603798097331225,-6.686028532776348,3.0,1.0,0.8837407582714915,-14827.412422768393,14829.498499510973,-0.20896062648898805,0.4289042590826284,2.0,0.0,0.014243564127690157,0.014243564127690157,-3.0839242629038512,-14822.861020997345,-14825.94494526025
97,4,0.35794659461740047,-6.681773963229329,3.0,1.0,0.8818646430972604,-14827.444121721612,14828.328139696654,-0.012641065926800366,0.3261457466542197,2.0,0.0,0.014243564127690157,0.014243564127690157,-3.0750801570309614,-14822.898586291029,-14825.973666448059
98,4,0.3585961439509894,-6.713399145814459,3.0,1.0,1.0,-14827.256471773664,14827.56015480347,-0.034181300061391084,-0.14726894063096552,2.0,0.0,0.014243564127690157,0.014243564127690157,-3.141253206729958,-14822.645564116185,-14825.786817322914
99,4,0.35620862742264214,-6.699118129141426,3.0,1.0,0.8623869112554662,-14827.149434981802,14828.534790736941,0.0359260714649281,0.30729456520020904,2.0,0.0,0.014243564127690157,0.014243564127690157,-3.1112475275227136,-14822.565568205599,-14825.67681573312
100,4,0.35751255915657243,-6.734942940501406,3.0,1.0,0.6606324650809384,-14829.169823693357,14830.480989772095,0.3324930276212399,0.6157149625687452,1.0,0.0,0.014243564127690157,0.014243564127690157,-3.186904526138289,-14824.511926370531,-14827.69883089667
101,4,0.3581653236956163,-6.680980454828888,3.0,1.0,1.0,-14827.47646006918,14829.117507667468,-0.3318360570447112,-0.3318360570447112,2.0,0.0,0.014243564127690157,0.014243564127690157,-3.0734326693171243,-14822.93284227672,-14826.006274946036
102,4,0.3575783808821547,-6.672612954152895,1.0,1.0,0.7796005268917876,-14828.35616229271,14828.40330337432,0.24897363550007867,0.24897363550007867,1.0,0.0,0.014243564127690157,0.014243564127690157,-3.0560983330231473,-14823.829152802784,-14826.885251135807
103,4,0.3604460612496318,-6.699675551864953,3.0,1.0,1.0,-14827.255178105348,14828.492151576762,-0.18828124403444235,-0.18828124403444235,2.0,0.0,0.014243564127690157,0.014243564127690157,-3.1124148970481564,-14822.675365936466,-14825.787780833514
104,4,0.35615541509719095,-6.7110955098272465,3.0,1.0,0.4014779216535144,-14827.326247747656,14830.231230569581,-0.04088118097934057,2.37387796130497,2.0,0.0,0.014243564127690157,0.014243564127690157,-3.1363992679981987,-14822.717162485733,-14825.85356175373
105,4,0.3607139751440064,-6.670269851739275,7.0,1.0,0.7416423594732594,-14828.657596614961,14829.225970079755,0.21251308676073677,0.5571423270866944,2.0,0.0,0.014243564127690157,0.014243564127690157,-3.0512568479474984,-14824.139266508177,-14827.190523356125
106,4,0.3574944293090143,-6.731263946361626,7.0,1.0,1.0,-14828.715357686124,14828.837752363814,-0.007270008130944916,-0.3505500844457856,2.0,0.0,0.014243564127690157,0.014243564127690157,-3.1790758721543115,-14824.065266522734,-14827.244342394888
107,4,0.35612855101202195,-6.726154809252497,3.0,1.0,0.9078727962423617,-14828.304540974688,14830.302357015886,-0.07306011795662926,-0.3671144153759087,2.0,0.0,0.014243564127690157,0.014243564127690157,-3.1682264192667002,-14823.663594854284,-14826.83182127355
108,4,0.3552315256342591,-6.726288623319136,1.0,1.0,0.9007033665962141,-14828.582890634056,14828.83145074132,0.10457930244410818,0.10457930244410818,1.0,0.0,0.014243564127690157,0.014243564127690157,-3.16851024579752,-14823.940530889959,-14827.109041135756
109,4,0.35751923478432474,-6.720546827291413,1.0,1.0,1.0,-14827.668590139396,14828.384343833248,-0.22829653024018626,-0.22829653024018626,1.0,0.0,0.014243564127690157,0.014243564127690157,-3.1563477004905343,-14823.041257924133,-14826.197605624624
110,4,0.35902399265594565,-6.697746597323449,3.0,1.0,0.8651282806246271,-14826.871422967793,14829.132724027058,-0.14875311161085847,0.34834625042276457,2.0,0.0,0.014243564127690157,0.014243564127690157,-3.1083765518432553,-14822.293917102332,-14825.402293654175
111,4,0.35759027175732294,-6.6863302040729,3.0,1.0,0.6632965897565392,-14827.210330198066,14827.953064932512,0.08800990182862733,0.6633814272881864,2.0,0.0,0.014243564127690157,0.014243564127690157,-3.0845520436420535,-14822.65488174124,-14825.739433784882
112,4,0.3584162910962662,-6.711501948625877,7.0,1.0,0.9985644976795295,-14827.133701388117,14827.202759787519,-0.035724907014810015,-0.08244827629278006,2.0,0.0,0.014243564127690157,0.014243564127690157,-3.1372552803530733,-14822.526570349804,-14825.663825630158
113,4,0.3608010678627297,-6.68357253362008,3.0,1.0,0.9016315834388143,-14827.662309343103,14827.88981857472,0.14879998140349926,0.14879998140349926,2.0,0.0,0.014243564127690157,0.014243564127690157,-3.078816692525755,-14823.116524564333,-14826.195341256858
114,4,0.36086530977160103,-6.68106796989113,1.0,1.0,0.9756500352118119,-14827.820059692882,14828.011016777167,0.024651327350511565,0.024651327350511565,1.0,0.0,0.014243564127690157,0.014243564127690157,-3.0736143378114464,-14823.27955479769,-14826.3531691355
115,4,0.3583781218459441,-6.717129326402754,3.0,1.0,0.8165197085411435,-14827.464803105306,14829.992677920785,-0.07434451529115904,0.46528280108941544,1.0,0.0,0.014243564127690157,0.014243564127690157,-3.149124238595193,-14822.845756099367,-14825.994880337961
116,4,0.3573249529149297,-6.693107698488983,7.0,1.0,1.0,-14826.975870106919,14827.404662569688,-0.08624567452534393,-0.14324305690570327,2.0,0.0,0.014243564127690157,0.014243564127690157,-3.0986800612588783,-14822.405964314206,-14825.504644375465
117,4,0.35593102691161993,-6.699129396211349,7.0,1.0,0.9163163553307097,-14827.249844322196,14827.397224365299,0.13880626929858408,0.18051605838991236,2.0,0.0,0.014243564127690157,0.014243564127690157,-3.1112711202440786,-14822.665605432876,-14825.77687655312
118,4,0.35375054984185794,-6.709679438962149,3.0,1.0,0.7724661366371052,-14828.484449936173,14828.784333669177,0.4733039825277956,0.4733039825277956,2.0,0.0,0.014243564127690157,0.014243564127690157,-3.1334181311313865,-14823.87529882536,-14827.008716956492
119,4,0.35227372854767347,-6.703601195909141,1.0,1.0,0.5322550314488687,-14829.71775395196,14830.44930297273,0.6306325220848521,0.6306325220848521,1.0,0.0,0.014243564127690157,0.014243564127690157,-3.1206448849038124,-14825.119475206915,-14828.24012009182
120,4,0.3543803477377756,-6.6948247773465255,1.0,1.0,1.0,-14828.17384094215,14829.759750325433,-0.6697038317579427,-0.6697038317579427,1.0,0.0,0.014243564127690157,0.014243564127690157,-3.1022666887973656,-14823.596645017175,-14826.698911705971
121,4,0.3564945965581353,-6.697270483346313,1.0,1.0,1.0,-14827.08215604837,14827.768112929049,-0.5106594348544604,-0.5106594348544604,1.0,0.0,0.014243564127690157,0.014243564127690157,-3.107380360307853,-14822.502514636873,-14825.609894997182
122,4,0.35940878089966033,-6.707534014603109,3.0,1.0,1.0,-14827.133700021677,14827.210732469752,-0.0023721305060462328,-0.07704624230791524,2.0,0.0,0.014243564127690157,0.014243564127690157,-3.1289053671390707,-14822.53613603251,-14825.665041399649
123,4,0.35930900268712895,-6.704247379578644,3.0,1.0,0.917162329973135,-14827.003377261102,14827.92479411934,-0.0429912308773055,0.1388014058702538,2.0,0.0,0.014243564127690157,0.014243564127690157,-3.122001065530668,-14822.412595664813,-14825.534596730344
124,4,0.35804669708374237,-6.731343387363462,3.0,1.0,0.7266575807494281,-14828.772858411647,14829.507780660082,0.32563122165811365,0.4203910026626545,2.0,0.0,0.014243564127690157,0.014243564127690157,-3.17924477432807,-14824.123282060184,-14827.302526834512
125,4,0.36137533957647794,-6.7049732073970985,3.0,1.0,0.8222781602100412,-14827.842753369416,14830.119073804315,0.08409979707357707,0.6024019926662731,1.0,0.0,0.014243564127690157,0.014243564127690157,-3.123524897563871,-14823.252951949822,-14826.376476847387
126,4,0.3600126843039228,-6.6914297359771595,3.0,1.0,0.9922876222837872,-14827.140411188364,14827.829312544443,-0.3757630285781488,-0.3757630285781488,1.0,0.0,0.014243564127690157,0.014243564127690157,-3.095177988164968,-14822.577310264174,-14825.67248825234
127,4,0.3610385455401816,-6.7035229679425665,3.0,1.0,0.824130805882782,-14827.609066377088,14827.937175849629,0.2669173557042086,0.34721120237554715,1.0,0.0,0.014243564127690157,0.014243564127690157,-3.1204807319727164,-14823.021903945033,-14826.142384677005
128,4,0.35880212034303494,-6.70312596249878,3.0,1.0,0.9780872615799341,-14826.891412372222,14827.529797252939,-0.3432445054058917,-0.3432445054058917,2.0,0.0,0.014243564127690157,0.014243564127690157,-3.1196477533019573,-14822.302363214558,-14825.422010967859
129,4,0.357104440621974,-6.701856006010558,3.0,1.0,0.985333113116505,-14826.914975865577,14826.989259163029,0.009892662916172412,0.027198820036574034,2.0,0.0,0.014243564127690157,0.014243564127690157,-3.1169842471463145,-14822.326491634172,-14825.443475881319
130,4,0.36000113271463635,-6.67887660188683,3.0,1.0,0.8607293262606364,-14827.723071740733,14827.858315003139,0.1412184389282629,0.17173859221838939,2.0,0.0,0.014243564127690157,0.014243564127690157,-3.06906768287447,-14823.186067084254,-14826.255134767129
131,4,0.3587798520666722,-6.67787803210858,3.0,1.0,0.9140896417112064,-14827.686258530122,14828.914210565901,-0.01194651373589295,0.2980436686830217,2.0,0.0,0.014243564127690157,0.014243564127690157,-3.0669974408893923,-14823.149832348687,-14826.216829789577
132,4,0.35582362885158214,-6.704039322357638,3.0,1.0,0.8390184560744043,-14827.281703234474,14828.912171829257,0.028577106657394324,0.3921877822249371,2.0,0.0,0.014243564127690157,0.014243564127690157,-3.1215643590069972,-14822.687036057869,-14825.808600416876
133,4,0.35629574547813764,-6.697416732494908,3.0,1.0,0.992410016470112,-14827.142542984402,14827.439465050045,-0.039792055995349074,-0.04008550346225093,1.0,0.0,0.014243564127690157,0.014243564127690157,-3.1076863388895237,-14822.562346607763,-14825.670032946653
134,4,0.35629574072664166,-6.704539052474639,3.0,1.0,0.9538768488981736,-14827.127013376114,14827.621257804432,-0.030487464284306043,0.10992723492745426,2.0,0.0,0.014243564127690157,0.014243564127690157,-3.12261335199118,-14822.531889980419,-14825.65450333241
135,4,0.36143830731372856,-6.667371411188625,3.0,1.0,0.8642798663429958,-14829.211312902713,14829.238409771771,0.3856292777345516,0.3856292777345516,2.0,0.0,0.014243564127690157,0.014243564127690157,-3.045275479813964,-14824.699836526554,-14827.745112006367
136,4,0.3597992933178072,-6.692973295210787,3.0,1.0,1.0,-14827.057462148054,14829.283212526938,-0.42157119527655595,-0.42157119527655595,2.0,0.0,0.014243564127690157,0.014243564127690157,-3.0983994446446506,-14822.490880234243,-14825.589279678888
137,4,0.36133673455715276,-6.705737614609927,3.0,1.0,0.7426146814696128,-14827.851921556106,14828.193083334958,0.40176611095739645,0.49791148145777697,2.0,0.0,0.014243564127690157,0.014243564127690157,-3.125130294298148,-14823.260468354454,-14826.385598648752
138,4,0.3565726068780555,-6.670615930260462,3.0,1.0,0.9293106551478173,-14828.93176129997,14829.434734721784,0.15850484331531334,0.15850484331531334,2.0,0.0,0.014243564127690157,0.014243564127690157,-3.0519715944710977,-14824.407626221977,-14827.459597816449
139,4,0.361359567632067,-6.698065847649132,3.0,1.0,1.0,-14827.65381082375,14828.883586918293,-0.24447822631918825,-0.6176019845661358,2.0,0.0,0.014243564127690157,0.014243564127690157,-3.109044658504476,-14823.078470694476,-14826.18751535298
140,4,0.3601296677644129,-6.695684797980357,1.0,1.0,1.0,-14827.122985427253,14827.526268689264,-0.25635048373987956,-0.25635048373987956,1.0,0.0,0.014243564127690157,0.014243564127690157,-3.1040642046812605,-14822.551140369385,-14825.655204574066
141,4,0.3601296677644129,-6.695684797980357,3.0,1.0,0.5013184397381096,-14827.122985427253,14829.292003215985,0.0,0.9890873084514169,1.0,0.0,0.014243564127690157,0.014243564127690157,-3.1040642046812605,-14822.551140369385,-14825.655204574066
142,4,0.3562853716238756,-6.700317942011431,3.0,1.0,0.9982342534107206,-14827.115347628269,14827.161102610453,0.005311319888278376,-0.11333904862112831,2.0,0.0,0.014243564127690157,0.014243564127690157,-3.113760592989491,-14822.529063996995,-14825.642824589984
143,4,0.35748232717492406,-6.694678449672972,3.0,1.0,0.9921436576739304,-14826.911705072296,14827.122313117921,-0.09761059672746342,-0.09872056976928434,1.0,0.0,0.014243564127690157,0.014243564127690157,-3.1019609252083766,-14822.338713838293,-14825.440674763502
144,4,0.35942014132474626,-6.687170629812722,3.0,1.0,0.8189086684740113,-14827.149775324022,14827.573537789194,0.03064142024049943,0.32689953374028846,2.0,0.0,0.014243564127690157,0.014243564127690157,-3.0863014572476533,-14822.594829118452,-14825.6811305757
145,4,0.36297494304729083,-6.683973604007214,1.0,1.0,0.5068785142586061,-14828.830313694481,14828.837731112948,0.6794839209505881,0.6794839209505881,1.0,0.0,0.014243564127690157,0.014243564127690157,-3.079650358588667,-14824.286295573067,-14827.365945931655
146,4,0.360421803924878,-6.708714366097727,3.0,1.0,0.975905697211057,-14827.530247480641,14829.593217511016,-0.43194271086940716,-0.43194271086940716,1.0,0.0,0.014243564127690157,0.014243564127690157,-3.131387592041233,-14822.931433244217,-14826.062820836258
147,4,0.3608728325177204,-6.695148759323921,7.0,1.0,0.9677972508791114,-14827.401915331118,14828.012165784476,-0.05597120927632204,-0.17786924672145688,2.0,0.0,0.014243564127690157,0.014243564127690157,-3.102943751706108,-14822.832090097949,-14825.935033849655
148,4,0.3624245159839598,-6.698997713601744,1.0,1.0,0.6345451124325134,-14828.336112790714,14828.594534466216,0.45484689517070365,0.45484689517070365,1.0,0.0,0.014243564127690157,0.014243564127690157,-3.110995390901025,-14823.760095739013,-14826.871091129915
149,4,0.3607950503944937,-6.697842300421336,1.0,1.0,1.0,-14827.377833595669,14828.122660314539,-0.4516534734120796,-0.4516534734120796,1.0,0.0,0.014243564127690157,0.014243564127690157,-3.1085768224679278,-14822.802281422772,-14825.910858245239
150,4,0.35870574995848437,-6.698422162555231,3.0,1.0,1.0,-14826.836232311598,14827.137402533679,-0.24890880650673353,-0.2524202215936384,2.0,0.0,0.014243564127690157,0.014243564127690157,-3.109790451905793,-14822.256922116147,-14825.366712568053
51,5,0.36216229378901893,-6.690444152935356,3.0,1.0,0.7552825530359346,-14828.122187581785,14828.209231040742,0.4633298155331431,0.4633298155331431,2.0,0.0,0.014141426605232809,0.014141426605232809,-3.093122291818665,-14823.56373104075,-14826.656853332568
52,5,0.3608553337405324,-6.67394055519726,3.0,1.0,0.986248117443543,-14828.34262904676,14828.915167521463,-0.20169452502886998,-0.4574205315911968,2.0,0.0,0.01402971417407842,0.01402971417407842,-3.058843953463593,-14823.816882499314,-14826.875726452778
53,5,0.35599052448322155,-6.703060003064296,3.0,1.0,0.8067531695693453,-14827.214453424682,14828.87700980233,-0.1442578215210233,0.3848314742299408,2.0,0.0,0.01402971417407842,0.01402971417407842,-3.1195093755006895,-14822.622051044626,-14825.741560420127
54,5,0.3587680040397128,-6.684598581912477,3.0,1.0,0.9429601597817617,-14827.219366197898,14827.990114235616,-0.09103381923887355,0.18767930873400474,1.0,0.0,0.01402971417407842,0.01402971417407842,-3.080949760093005,-14822.668973150747,-14825.74992291084
55,5,0.3608291419142992,-6.679477034413355,1.0,1.0,0.8321734132791582,-14827.906366578118,14827.914348050526,0.18371443045725755,0.18371443045725755,1.0,0.0,0.01402971417407842,0.01402971417407842,-3.070312983916649,-14823.36911939362,-14826.439432377536
56,5,0.3608291419142992,-6.679477034413355,3.0,1.0,0.5147607445519166,-14827.906366578118,14829.854686629118,0.0,1.4382474342983187,1.0,0.0,0.01402971417407842,0.01402971417407842,-3.070312983916649,-14823.36911939362,-14826.439432377536
57,5,0.3592134588446779,-6.719623936759746,3.0,1.0,0.9774755657300366,-14827.823665812613,14828.24531598863,0.02650277847169491,-0.0903976906392927,2.0,0.0,0.01402971417407842,0.01402971417407842,-3.1543958652808324,-14823.200372586381,-14826.354768451662
58,5,0.3551854699612869,-6.6963232673635265,3.0,1.0,0.4886282022615263,-14827.643209798516,14829.70637690154,0.11783841441501863,1.3202485677084042,2.0,0.0,0.01402971417407842,0.01402971417407842,-3.105399138077662,-14823.063902931233,-14826.169302069311
59,5,0.35883251363480684,-6.731716068645334,3.0,1.0,0.6413275621552833,-14828.978024931155,14830.290625780784,0.1005071366980701,0.7914809642297769,2.0,0.0,0.01402971417407842,0.01402971417407842,-3.18003722872791,-14824.328623600226,-14827.508660828953
60,5,0.35980247749307104,-6.671853765360736,7.0,1.0,1.0,-14828.309377775158,14828.810915835857,-0.2221465592574532,-0.36369354298949474,2.0,0.0,0.01402971417407842,0.01402971417407842,-3.0545290418289373,-14823.786670140264,-14826.841199182092
61,5,0.3607303712100695,-6.701121236498502,3.0,1.0,0.8816423678811395,-14827.398600052096,14829.366915407365,0.012459194455004763,0.4196010458344972,1.0,0.0,0.01402971417407842,0.01402971417407842,-3.1154439362725213,-14822.81610266264,-14825.931546598913
62,5,0.3574568472894119,-6.68786027735236,3.0,1.0,0.4077254963776616,-14827.154598909341,14830.335245180362,-0.14639542227814673,2.3607940539859555,2.0,0.0,0.01402971417407842,0.01402971417407842,-3.087737541538127,-14822.59579943607,-14825.683536977609
63,5,0.36066598767702807,-6.674056527241807,7.0,1.0,0.8763120146568187,-14828.275241032075,14828.480189474458,0.2005773784367193,0.2005773784367193,2.0,0.0,0.01402971417407842,0.01402971417407842,-3.0590838797177664,-14823.749025911337,-14826.808109791054
64,5,0.36066598767702807,-6.674056527241807,1.0,1.0,0.8458487943158212,-14828.275241032075,14829.188059487857,0.0,0.1674146654731885,1.0,0.0,0.01402971417407842,0.01402971417407842,-3.0590838797177664,-14823.749025911337,-14826.808109791054
65,5,0.3560705328981759,-6.701496417202811,3.0,1.0,0.6672149110797836,-14827.183665639197,14829.224340992043,-0.1238003153612226,0.7247707478545635,2.0,0.0,0.01402971417407842,0.01402971417407842,-3.116230367044128,-14822.594642748507,-14825.710873115551
66,5,0.35795903831577686,-6.6986636839801035,3.0,1.0,1.0,-14826.81992613772,14827.050044571532,-0.15607885103781882,-0.15607885103781882,2.0,0.0,0.01402971417407842,0.01402971417407842,-3.110296046272089,-14822.239190200125,-14825.349486246398
67,5,0.36039742884440656,-6.672142891201183,3.0,1.0,0.6462543783270551,-14828.386469025616,14828.81686817846,0.30705197793940897,0.5153874975385406,2.0,0.0,0.01402971417407842,0.01402971417407842,-3.055126615252637,-14823.863886244832,-14826.919012860084
68,5,0.3565143776636228,-6.708733813807687,3.0,1.0,0.9785813716617753,-14827.154591291202,14828.463664067009,-0.19969729170043138,-0.19969729170043138,2.0,0.0,0.01402971417407842,0.01402971417407842,-3.131428501347442,-14822.550926484859,-14825.682354986206
69,5,0.35868758094749065,-6.691299822405616,7.0,1.0,0.957015043815271,-14826.935718320206,14827.661445818145,-0.07478203317441512,0.11204768826792133,2.0,0.0,0.01402971417407842,0.01402971417407842,-3.0949069631744313,-14822.371269292013,-14825.466176255188
70,5,0.3568157821868112,-6.716833607008691,3.0,1.0,0.8500660431184993,-14827.463321922529,14827.700183323446,0.09995577364497876,0.21914580493466929,2.0,0.0,0.01402971417407842,0.01402971417407842,-3.148499735042884,-14822.842962442417,-14825.99146217746
71,5,0.35340555598474216,-6.687632185952096,7.0,1.0,0.5654566496113869,-14829.31507099702,14830.629641967978,0.9612184909001371,1.2177450648705417,2.0,0.0,0.01402971417407842,0.01402971417407842,-3.087262523851715,-14824.751633469124,-14827.838895992976
72,5,0.35838533672762257,-6.696511842345859,3.0,1.0,0.950654239020383,-14826.828152697864,14828.783097233583,-1.1153686169782304,-1.1153686169782304,2.0,0.0,0.01402971417407842,0.01402971417407842,-3.105793495013299,-14822.252445322521,-14825.358238817535
73,5,0.3586361071422689,-6.688286537308914,3.0,1.0,0.9721348000021663,-14827.038748289651,14827.082392343624,0.0386515624486492,0.041765737882087706,2.0,0.0,0.01402971417407842,0.01402971417407842,-3.088625399774763,-14822.48051756861,-14825.569142968385
74,5,0.35861272416298323,-6.6818916345859485,1.0,1.0,0.9318131994197428,-14827.385624588453,14827.386052841995,0.07062291419242683,0.07062291419242683,1.0,0.0,0.01402971417407842,0.01402971417407842,-3.0753245207378646,-14822.840666002132,-14825.91599052287
75,5,0.35866178275194527,-6.705375071427252,3.0,1.0,0.9549862348910878,-14826.926503156754,14827.486326201437,-0.07581545904758968,0.08766341266527888,2.0,0.0,0.01402971417407842,0.01402971417407842,-3.124368813615932,-14822.332560578052,-14825.456929391668
76,5,0.3578554783820582,-6.69868409605286,3.0,1.0,0.8763977634071681,-14826.825083124986,14827.179886673714,-0.029645293769135606,0.22064794013385836,2.0,0.0,0.01402971417407842,0.01402971417407842,-3.110338779022012,-14822.244176391136,-14825.354515170158
77,5,0.35631026984190634,-6.694074567309145,3.0,1.0,0.8906801703793725,-14827.214294622767,14827.224632796058,0.17240947885875357,0.17240947885875357,1.0,0.0,0.01402971417407842,0.01402971417407842,-3.100699290355821,-14822.641103494763,-14825.74180278512
78,5,0.35631026984190634,-6.694074567309145,3.0,1.0,0.2967963768068655,-14827.214294622767,14830.645874179047,0.0,2.2382682039060455,1.0,0.0,0.01402971417407842,0.01402971417407842,-3.100699290355821,-14822.641103494763,-14825.74180278512
79,5,0.3604080387250886,-6.690098400138172,3.0,1.0,0.9562317542382607,-14827.288892985234,14827.599760484502,-0.02303636693795852,0.07583778498519678,2.0,0.0,0.01402971417407842,0.01402971417407842,-3.0924013622841966,-14822.729048307998,-14825.821449670282
80,5,0.36168229989891065,-6.6852887469138285,1.0,1.0,0.7945114389950872,-14827.976328420385,14828.079494211463,0.23002789538077195,0.23002789538077195,1.0,0.0,0.01402971417407842,0.01402971417407842,-3.0823851469585533,-14823.428035039306,-14826.510420186263
81,5,0.35914891527152343,-6.709583344149166,3.0,1.0,0.9970939181745488,-14827.159640873579,14828.228450080867,-0.2572132934274123,-0.2572132934274123,2.0,0.0,0.01402971417407842,0.01402971417407842,-3.1332159033254086,-14822.557448633355,-14825.69066453668
82,5,0.356253666355076,-6.710077074082538,3.0,1.0,0.9958517980479064,-14827.26324614574,14827.477986106784,0.012522688444732921,-0.10800421870226273,2.0,0.0,0.01402971417407842,0.01402971417407842,-3.134255036978398,-14822.656428330502,-14825.79068336748
83,5,0.356431054474403,-6.692884290931794,3.0,1.0,0.9281940690434869,-14827.211049396932,14827.873211184491,0.04031084357302461,0.13129236282293277,1.0,0.0,0.01402971417407842,0.01402971417407842,-3.0982136251951156,-14822.640495202091,-14825.738708827286
84,5,0.36064043139321383,-6.690148152265207,3.0,1.0,0.9935627754715272,-14827.368897432147,14827.467500318871,0.019500579974192078,-0.13333249245988554,2.0,0.0,0.01402971417407842,0.01402971417407842,-3.0925050931352027,-14822.80923020938,-14825.901735302514
85,5,0.35710648380543336,-6.707874564738044,3.0,1.0,0.39132255864899806,-14827.01773101295,14830.42998779969,-0.1325000115975854,2.548148603978916,2.0,0.0,0.01402971417407842,0.01402971417407842,-3.1296213854117862,-14822.416612186693,-14825.546233572104
86,5,0.3577388994531539,-6.6940850197269715,3.0,1.0,0.9738078749815294,-14826.892969665543,14827.300549573414,-0.022648056725302013,0.05647312716973829,1.0,0.0,0.01402971417407842,0.01402971417407842,-3.10072112451184,-14822.321536291922,-14825.422257416434
87,5,0.361734165784278,-6.7308666517487,3.0,1.0,0.35099221510196293,-14830.370206991769,14831.764914284327,1.2584172046499589,1.4559474312009115,2.0,0.0,0.01402971417407842,0.01402971417407842,-3.178231265478245,-14825.726129626337,-14828.904360891815
88,5,0.35749008047127184,-6.718843221097991,1.0,1.0,1.0,-14827.540927836437,14829.287821765723,-1.0897915758414456,-1.0897915758414456,1.0,0.0,0.01402971417407842,0.01402971417407842,-3.1527453828800214,-14822.917161766014,-14826.069907148894
89,5,0.3611138265961317,-6.7245058709493675,1.0,1.0,0.5043951982546286,-14829.156440563333,14829.230630303202,0.6843951946539164,0.6843951946539164,1.0,0.0,0.01402971417407842,0.01402971417407842,-3.1647304059798143,-14824.525119123273,-14827.689849529253
90,5,0.3523806811537913,-6.7113402104719775,3.0,1.0,0.6395156464798438,-14829.643492666431,14832.041691955284,0.3453930890882475,0.9062695561970031,2.0,0.0,0.01402971417407842,0.01402971417407842,-3.1369146192219004,-14825.02908261382,-14828.165997233044
91,5,0.35928774583125367,-6.684511579252497,7.0,1.0,0.9354894533312864,-14827.258377638407,14830.38589680532,-1.048775480257973,-1.048775480257973,2.0,0.0,0.01402971417407842,0.01402971417407842,-3.080768848076054,-14822.708802274912,-14825.789571122988
92,5,0.35595917808453315,-6.710985273753328,3.0,1.0,0.812788991155941,-14827.382127224257,14828.861990936924,0.09043359893803427,0.40514055011772143,1.0,0.0,0.01402971417407842,0.01402971417407842,-3.13616712513453,-14822.773027709296,-14825.90919483443
93,5,0.35732338826435706,-6.709526074912418,1.0,1.0,1.0,-14827.045808630895,14827.276337608062,-0.12020950097758032,-0.12020950097758032,1.0,0.0,0.01402971417407842,0.01402971417407842,-3.13309538682992,-14822.441485568403,-14825.574580955232
94,5,0.3567778537868063,-6.727185244255328,3.0,1.0,0.7392462301396684,-14828.298160982877,14828.951782883923,0.21156492558293394,0.4979467431039666,2.0,0.0,0.01402971417407842,0.01402971417407842,-3.1704124869611263,-14823.655841416321,-14826.826253903282
95,5,0.36422236088789295,-6.68153263244904,3.0,1.0,0.5916875381842056,-14829.95158854145,14830.551922953253,0.9162991669491021,0.9806532989769039,2.0,0.0,0.01402971417407842,0.01402971417407842,-3.0745790377413207,-14825.4141123866,-14828.48869142434
96,5,0.35245027005617685,-6.72071910259377,3.0,1.0,1.0,-14829.92833481282,14830.86143984859,-0.09176224015754997,-0.8798453864819749,2.0,0.0,0.01402971417407842,0.01402971417407842,-3.1567121424804037,-14825.294217240447,-14828.450929382927
97,5,0.35286233765300623,-6.703920777248812,3.0,1.0,1.0,-14829.160525008723,14831.022640311006,-0.05714552587232902,-0.47748301265346527,2.0,0.0,0.01402971417407842,0.01402971417407842,-3.121315555363286,-14824.562335940058,-14827.683651495421
98,5,0.35749093203572296,-6.674463985064996,3.0,1.0,0.8690387648178847,-14828.176316326046,14830.800463240443,-0.6773514637297922,-0.6773514637297922,1.0,0.0,0.01402971417407842,0.01402971417407842,-3.059926946653738,-14823.64536974854,-14826.705296695192
99,5,0.3542579803550409,-6.705816899314157,3.0,1.0,0.7262579703276293,-14828.092252198534,14830.485740786484,0.19883406070948695,0.6904515344576794,1.0,0.0,0.01402971417407842,0.01402971417407842,-3.1252968403084744,-14823.491870279671,-14826.617167119979
100,5,0.36254386293016816,-6.700242632675841,7.0,1.0,0.7712291029066242,-14828.454115740216,14829.49153585983,0.20398314979320276,0.8088451043440728,2.0,0.0,0.01402971417407842,0.01402971417407842,-3.1136028116397703,-14823.875633308842,-14826.989236120482
101,5,0.3535727733023824,-6.716734693882798,3.0,1.0,0.9774005535295451,-14828.838062310784,14829.614754726015,-0.044409635631382116,-0.13059471627275343,2.0,0.0,0.01402971417407842,0.01402971417407842,-3.148290868704981,-14824.213810840165,-14827.36210170887
102,5,0.3630426187773005,-6.685373091351299,3.0,1.0,0.9790802199630528,-14828.83535729522,14829.54129983245,0.06481518885811965,-0.46822149829677073,2.0,0.0,0.01402971417407842,0.01402971417407842,-3.0825605969454393,-14824.288509122658,-14827.371069719604
103,5,0.3612083195948265,-6.719568140529418,7.0,1.0,0.819228077742436,-14828.71333495989,14831.534008773513,-0.005197025122470222,0.5742423067185882,2.0,0.0,0.01402971417407842,0.01402971417407842,-3.154277888288947,-14824.092579760592,-14827.24685764888
104,5,0.3536480923475364,-6.684935007193155,7.0,1.0,0.6093832660426131,-14829.310261729896,14831.369308898758,0.3934058552385977,1.2594090739221429,2.0,0.0,0.01402971417407842,0.01402971417407842,-3.0816493889657384,-14824.7527482164,-14827.834397605366
105,5,0.3613437180024609,-6.711959165078338,3.0,1.0,0.8898106150581034,-14828.191842438155,14830.26285535468,-0.49699475503621215,-0.6401144007559196,2.0,0.0,0.01402971417407842,0.01402971417407842,-3.1382184344127353,-14823.587309488365,-14826.725527922777
106,5,0.36169871820239163,-6.690508119577639,7.0,1.0,0.9291787663273714,-14827.848294568714,14829.16077409238,-0.19069810019936995,-0.46488728468466434,2.0,0.0,0.01402971417407842,0.01402971417407842,-3.0932556818384356,-14823.289150324452,-14826.38240600629
107,5,0.35677489732696915,-6.684480413110346,3.0,1.0,0.7198950588871879,-14827.520507249914,14829.118603011122,-0.15475648682513565,0.7149834483116138,2.0,0.0,0.01402971417407842,0.01402971417407842,-3.080704043512274,-14822.967892436534,-14826.048596480046
108,5,0.35546076405929233,-6.691305211266424,3.0,1.0,0.8785385600381758,-14827.680235109176,14828.085326463699,0.14203680104401428,0.2639312333903945,1.0,0.0,0.01402971417407842,0.01402971417407842,-3.094918205051188,-14823.111756919618,-14826.20667512467
109,5,0.3598571288795069,-6.696669603217141,3.0,1.0,0.41177935915452984,-14827.04151321755,14830.463675312014,-0.30764583449126803,2.317413782258882,2.0,0.0,0.01402971417407842,0.01402971417407842,-3.106123439339401,-14822.467277696267,-14825.573401135607
110,5,0.359114722814449,-6.6938513127249015,3.0,1.0,1.0,-14826.916246151743,14827.016919684891,-0.06758918564446503,-0.08979162396281026,2.0,0.0,0.01402971417407842,0.01402971417407842,-3.100232957797949,-14822.34699500173,-14825.447227959528
111,5,0.3548016219603734,-6.712410371955555,3.0,1.0,0.2426223837482733,-14827.915665570095,14832.895579430171,0.3631735464241501,4.260542197296672,2.0,0.0,0.01402971417407842,0.01402971417407842,-3.139169133882768,-14823.30210253251,-14826.441271666394
112,5,0.360077165500705,-6.715740641050552,3.0,1.0,1.0,-14827.815379567863,14828.344150140545,-0.021438098096041358,-0.3676317908375495,2.0,0.0,0.01402971417407842,0.01402971417407842,-3.1461923560959537,-14823.201342608885,-14826.347534964982
113,5,0.3565028057962465,-6.668276273352295,3.0,1.0,0.8849119732238341,-14829.271011317775,14829.730783672165,0.3371387216338917,0.3371387216338917,2.0,0.0,0.01402971417407842,0.01402971417407842,-3.0471418970642903,-14824.75161863978,-14827.798760536845
114,5,0.3610836261233703,-6.693651490892,3.0,1.0,0.9064323521408445,-14827.502393328008,14829.981505478463,-0.4232515026560577,-0.4232515026560577,2.0,0.0,0.01402971417407842,0.01402971417407842,-3.09981561367124,-14822.935950314699,-14826.03576592837
115,5,0.3584302132739243,-6.705324897538161,3.0,1.0,0.9948776663076374,-14826.903702780264,14827.331912346674,-0.2567994820601598,-0.2567994820601598,2.0,0.0,0.01402971417407842,0.01402971417407842,-3.124263439427652,-14822.30958072578,-14825.433844165207
116,5,0.3607398428002397,-6.6801319190514965,3.0,1.0,0.7590407578101486,-14827.833995619163,14828.762545207961,0.20684971395530738,0.32411733188018843,1.0,0.0,0.01402971417407842,0.01402971417407842,-3.0716716300434186,-14823.295281975918,-14826.36695360596
117,5,0.3566672049913065,-6.699550130091368,3.0,1.0,1.0,-14827.009326766778,14827.68901633509,-0.15446105933369836,-0.1987110188965744,2.0,0.0,0.01402971417407842,0.01402971417407842,-3.1121522083356963,-14822.425129305042,-14825.537281513378
118,5,0.3571141624073775,-6.689904418087108,3.0,1.0,0.9655606569899158,-14827.132223414988,14827.338853094032,0.025717751044794568,0.06996919578887173,1.0,0.0,0.01402971417407842,0.01402971417407842,-3.0919969424474125,-14822.568738589853,-14825.6607355323
119,5,0.3597913894880171,-6.697435572571171,3.0,1.0,1.0,-14827.024333098641,14827.146017257823,-0.0222053359302663,-0.1123231254023267,2.0,0.0,0.01402971417407842,0.01402971417407842,-3.1077257571514965,-14822.448415250537,-14825.55614100769
120,5,0.35639845908339296,-6.696664614980172,3.0,1.0,0.9327446175218991,-14827.122314519485,14827.339194448283,0.05037653775252693,0.10781342740665423,2.0,0.0,0.01402971417407842,0.01402971417407842,-3.106113006457128,-14822.543820136421,-14825.649933142879
121,5,0.3581333300902068,-6.715001785450936,3.0,1.0,0.5064342004961347,-14827.30186265563,14829.190920298393,-0.05075421639776323,1.4214213754512457,2.0,0.0,0.01402971417407842,0.01402971417407842,-3.144633222250647,-14822.687004825753,-14825.831638048005
122,5,0.35936853430250176,-6.719702257279802,1.0,1.0,0.819667881231126,-14827.875472756466,14827.914443158934,0.19885604365663312,0.19885604365663312,1.0,0.0,0.01402971417407842,0.01402971417407842,-3.154561473465279,-14823.252203499991,-14826.406764973457
123,5,0.35770181457015454,-6.674519576007364,3.0,1.0,0.9358925433437281,-14828.121819361835,14828.840632772099,0.002480137667589588,0.19476198879419826,2.0,0.0,0.01402971417407842,0.01402971417407842,-3.060041982191241,-14823.591019199961,-14826.651061182152
124,5,0.3572292489883604,-6.720383600491416,7.0,1.0,0.6898472572973418,-14827.665436459287,14829.134230435076,-0.14673544443394348,0.9008210476185923,3.0,0.0,0.01402971417407842,0.01402971417407842,-3.1560024276520795,-14823.038089333744,-14826.194091761396
125,5,0.3575508076380206,-6.717149726581028,3.0,1.0,1.0,-14827.422908305167,14827.67176761088,-0.04027916212180571,-0.15093832936690887,2.0,0.0,0.01402971417407842,0.01402971417407842,-3.14916732314625,-14822.802795630965,-14825.951962954112
126,5,0.35662250764910425,-6.680575876826399,7.0,1.0,0.23197780887724243,-14827.865662220824,14833.975645740442,0.24337989354717138,4.777651715487082,2.0,0.0,0.01402971417407842,0.01402971417407842,-3.0725929239866905,-14823.320968191501,-14826.393561115488
127,5,0.3587904006215744,-6.717508200481187,3.0,1.0,0.6617547935346327,-14827.557654631199,14829.205268571719,-0.1521509948433959,0.7139355140279804,2.0,0.0,0.01402971417407842,0.01402971417407842,-3.1499244769409898,-14822.938314363582,-14826.088238840523
128,5,0.3585466779122442,-6.708814306232792,3.0,1.0,1.0,-14827.02825117392,14827.463185398547,-0.1287477683963516,-0.1287477683963516,2.0,0.0,0.01402971417407842,0.01402971417407842,-3.1315978255247243,-14822.426938063089,-14825.558535888613
129,5,0.35953459624032397,-6.680560807484778,3.0,1.0,0.37833455637807667,-14827.527411397245,14830.224901495869,0.08355712229240453,2.235031886097204,2.0,0.0,0.01402971417407842,0.01402971417407842,-3.072561649102876,-14822.986344702485,-14826.058906351589
130,5,0.3572354350879162,-6.697437045538789,3.0,1.0,0.9707075155425845,-14826.905700162964,14827.823841998877,-0.09231377616924874,-0.09231377616924874,1.0,0.0,0.01402971417407842,0.01402971417407842,-3.107728838991742,-14822.32663431866,-14825.434363157652
131,5,0.358225985792976,-6.71471172465927,3.0,1.0,0.8725742831672395,-14827.291515848945,14828.116655145726,0.06627103687242197,0.23237859120490612,2.0,0.0,0.01402971417407842,0.01402971417407842,-3.1440212848942553,-14822.677384277498,-14825.821405562392
132,5,0.35505717028144773,-6.708478234337648,3.0,1.0,0.8660420741092429,-14827.677834153506,14827.872298721715,0.22175652756959607,0.22688073408789933,2.0,0.0,0.01402971417407842,0.01402971417407842,-3.1308909063306847,-14823.07287318554,-14826.20376409187
133,5,0.3618251297651607,-6.6902125485636725,3.0,1.0,0.9535144456559402,-14827.923739753398,14828.424705180549,0.10940989428127068,0.10940989428127068,2.0,0.0,0.01402971417407842,0.01402971417407842,-3.092639360072054,-14823.365363200593,-14826.458002560665
134,5,0.3630104039381205,-6.7118628839341685,3.0,1.0,0.5127753194651782,-14829.425042685543,14830.694988322337,0.7447528419033915,1.1319809872129554,2.0,0.0,0.01402971417407842,0.01402971417407842,-3.1380155949943345,-14824.822701350153,-14827.960716945146
135,5,0.36253373341169287,-6.712676939140302,1.0,1.0,1.0,-14829.081866294162,14830.251885858024,-0.16941532727105368,-0.16941532727105368,1.0,0.0,0.01402971417407842,0.01402971417407842,-3.139730890495759,-14824.47724373383,-14827.616974624327
136,5,0.36076968930507997,-6.714911732846474,1.0,1.0,1.0,-14828.075330116377,14829.100214611834,-0.5073323576070834,-0.5073323576070834,1.0,0.0,0.01402971417407842,0.01402971417407842,-3.144443230474874,-14823.463880915975,-14826.60832414645
137,5,0.353767486224828,-6.715916368113497,3.0,1.0,0.9550769293604597,-14828.66741183034,14829.16254162539,0.14475900060642743,-0.44835478524873906,2.0,0.0,0.01402971417407842,0.01402971417407842,-3.1465632558831618,-14824.045137262721,-14827.191700518604
138,5,0.3584177580169386,-6.675343473095147,3.0,1.0,0.9980110557067156,-14827.932075696499,14828.633184388213,-0.3958640620639926,-0.519467049081868,2.0,0.0,0.01402971417407842,0.01402971417407842,-3.0617472525304894,-14823.40045449238,-14826.46220174491
139,5,0.36021006743330874,-6.692927147611056,3.0,1.0,0.786449421364181,-14827.171668932955,14828.748211920836,-0.10848954460743698,0.496818973480913,2.0,0.0,0.01402971417407842,0.01402971417407842,-3.09830309860725,-14822.60568255041,-14825.703985649017
140,5,0.3624549109521927,-6.694870934075736,3.0,1.0,0.7553022825291941,-14828.300214123907,14828.40310130991,0.5151135831965803,0.5151135831965803,2.0,0.0,0.01402971417407842,0.01402971417407842,-3.102363141483704,-14823.732865509886,-14826.835228651371
141,5,0.364231612953077,-6.698490812025672,1.0,1.0,0.4735086870711395,-14829.893657906963,14830.510324289524,0.7475850200171408,0.7475850200171408,1.0,0.0,0.01402971417407842,0.01402971417407842,-3.109934154901858,-14825.320837484407,-14828.430771639309
142,5,0.35209673524672547,-6.721255056830724,3.0,1.0,0.880052871577243,-14830.279870997629,14832.072047003861,-0.15031781258585397,0.44603929781624174,2.0,0.0,0.01402971417407842,0.01402971417407842,-3.157846123509215,-14825.64416167246,-14828.80200779597
143,5,0.35404257584749815,-6.721931503288881,1.0,1.0,1.0,-14828.823180713394,14830.143437951225,-0.6342664117000822,-0.6342664117000822,1.0,0.0,0.01402971417407842,0.01402971417407842,-3.1592777704151613,-14824.188543156399,-14827.347820926814
144,5,0.35903675858147804,-6.688768017293431,3.0,1.0,0.9113678793366512,-14827.041893528718,14830.246040764663,-0.545276436567292,-0.545276436567292,1.0,0.0,0.01402971417407842,0.01402971417407842,-3.089628494514831,-14822.483151360671,-14825.572779855187
145,5,0.35740610641209375,-6.700860416252248,3.0,1.0,0.9099520302520413,-14826.866144714477,14827.236984337027,-0.02208344802602369,0.14645259368990082,2.0,0.0,0.01402971417407842,0.01402971417407842,-3.114897303816991,-14822.2801224849,-14825.395019788717
146,5,0.35801060687517455,-6.697345881379171,3.0,1.0,0.5788082016091384,-14826.824795337267,14828.075372940108,-0.01770308533377829,1.0163510824240802,2.0,0.0,0.01402971417407842,0.01402971417407842,-3.107538103397247,-14822.246881071951,-14825.354419175348
147,5,0.35821541838055626,-6.699944726936655,3.0,1.0,0.9716922059666904,-14826.8161964422,14826.878023301762,-0.003125771720078774,0.045039467740934924,2.0,0.0,0.01402971417407842,0.01402971417407842,-3.112978721907807,-14822.233094399819,-14825.346073121726
148,5,0.3578807336591024,-6.704053501500023,3.0,1.0,0.9945182429617493,-14826.863518581691,14826.868519884014,0.008512271955623874,0.008512271955623874,2.0,0.0,0.01402971417407842,0.01402971417407842,-3.121594119271853,-14822.2713877487,-14825.392981867972
149,5,0.35769184044523017,-6.700483191344355,3.0,1.0,0.8393532069210842,-14826.8360650428,14827.210570151641,-0.0004704504844994517,0.28057784562406596,2.0,0.0,0.01402971417407842,0.01402971417407842,-3.114106828412222,-14822.251187679094,-14825.365294507506
150,5,0.35769184044523017,-6.700483191344355,3.0,1.0,0.4905038380530986,-14826.8360650428,14828.662840236078,0.0,1.1639889186644723,1.0,0.0,0.01402971417407842,0.01402971417407842,-3.114106828412222,-14822.251187679094,-14825.365294507506
51,6,0.36072080139754575,-6.6665223961881415,1.0,1.0,0.997143972873108,-14829.084931119993,14829.12732406453,0.00286011335447256,0.00286011335447256,1.0,0.0,0.005791328787125474,0.005791328787125474,-3.0435250004529895,-14824.574341106818,-14827.617866107272
52,6,0.3599187273280733,-6.668023438928478,1.0,1.0,1.0,-14828.751733650302,14829.347305928606,-0.085269899762352,-0.085269899762352,1.0,0.0,0.014943044526384917,0.014943044526384917,-3.0466203047880414,-14824.237076192932,-14827.28369649772
53,6,0.35342924266129,-6.727620762952171,7.0,1.0,0.8508055560327238,-14829.647558234703,14829.695963096918,0.46526661792631785,0.46526661792631785,2.0,0.0,0.014943044526384917,0.014943044526384917,-3.17133675903225,-14825.0000768598,-14828.171413618833
54,6,0.3578229521969598,-6.726136378237531,3.0,1.0,1.0,-14828.177404916036,14829.209312651588,-0.5889706830639625,-0.8038847491443448,2.0,0.0,0.014943044526384917,0.014943044526384917,-3.168187327537218,-14823.538609388735,-14826.706796716273
55,6,0.35702205191219566,-6.708874873421445,3.0,1.0,0.7918846953064493,-14827.06048889701,14828.84792771341,-0.2249372368623881,0.49607581566851877,2.0,0.0,0.014943044526384917,0.014943044526384917,-3.131725239169206,-14822.457161078108,-14825.588886317277
56,6,0.3583148425550307,-6.717125502483073,3.0,1.0,0.5241495316238716,-14827.457088991136,14828.811087819662,0.0870133444932435,1.188118576843408,2.0,0.0,0.014943044526384917,0.014943044526384917,-3.149116162640383,-14822.837972093357,-14825.987088255997
57,6,0.361714367160575,-6.685975933009426,3.0,1.0,0.8458589111296867,-14827.968788767945,14828.062921460163,0.29285829393484164,0.29285829393484164,2.0,0.0,0.014943044526384917,0.014943044526384917,-3.0838148116231814,-14823.419104141265,-14826.502918952889
58,6,0.3541472737885974,-6.716173546495943,3.0,1.0,0.689738176735286,-14828.43491602964,14829.285846374407,0.1665630756669998,0.6418576246705925,2.0,0.0,0.014943044526384917,0.014943044526384917,-3.1471061272423952,-14823.812583698495,-14826.959689825737
59,6,0.35574455049601,-6.7009646548363415,3.0,1.0,0.7112075130505873,-14827.308967393054,14831.918629686526,-0.41391583164659096,0.5882680796294153,2.0,0.0,0.014943044526384917,0.014943044526384917,-3.115115761032133,-14822.720649300732,-14825.835765061765
60,6,0.3558301191721846,-6.698273410432287,3.0,1.0,0.9748236572646477,-14827.301234574285,14827.81481925678,0.00311036076345772,0.04722008839780756,2.0,0.0,0.014943044526384917,0.014943044526384917,-3.1094790872940177,-14822.718660834073,-14825.828139921367
61,6,0.35897531121272774,-6.740856474099931,3.0,1.0,0.3429950644993532,-14830.308678510732,14831.859584637194,0.6005438193205919,1.6437613751841127,2.0,0.0,0.014943044526384917,0.014943044526384917,-3.199516493819137,-14825.639973046304,-14828.839489540123
62,6,0.3592739199109535,-6.710014564585026,3.0,1.0,1.0,-14827.208390365175,14830.193437586751,-0.7375874621102412,-0.7375874621102412,1.0,0.0,0.014943044526384917,0.014943044526384917,-3.1341234622602316,-14822.605443484039,-14825.739566946299
63,6,0.3594581656690446,-6.7078344287807035,3.0,1.0,0.7424026750384295,-14827.158296441223,14829.90944652283,-0.004715341929113492,0.5083639750082511,2.0,0.0,0.014943044526384917,0.014943044526384917,-3.129536992163988,-14822.560161127705,-14825.68969811987
64,6,0.3594581656690446,-6.7078344287807035,3.0,1.0,0.3499552097157293,-14827.158296441223,14829.63393879036,0.0,2.088100148834201,1.0,0.0,0.014943044526384917,0.014943044526384917,-3.129536992163988,-14822.560161127705,-14825.68969811987
65,6,0.3579097340231393,-6.701525940215447,3.0,1.0,0.9160693308688517,-14826.829575988411,14828.035644499925,-0.14419246072793612,0.18053141695054364,2.0,0.0,0.014943044526384917,0.014943044526384917,-3.116292257345746,-14822.242782883126,-14825.359075140472
66,6,0.3569156796531184,-6.721434054998553,3.0,1.0,0.5053117692245409,-14827.772720228413,14828.726067764575,0.20260003789371694,1.0697979369506356,2.0,0.0,0.014943044526384917,0.014943044526384917,-3.1582249148442374,-14823.142760169521,-14826.300985084366
67,6,0.3541794523945844,-6.728224672829478,1.0,1.0,0.621434184457394,-14829.240464537726,14829.274316125295,0.47572527153533883,0.47572527153533883,1.0,0.0,0.014943044526384917,0.014943044526384917,-3.1726187102533463,-14824.592660656974,-14827.765279367228
68,6,0.3605321695294368,-6.699102086282593,3.0,1.0,0.8732204441766099,-14827.281403707722,14829.377647269097,-0.4547576689892594,-0.4547576689892594,2.0,0.0,0.014943044526384917,0.014943044526384917,-3.111213934740146,-14822.70289671919,-14825.814110653931
69,6,0.3548792673576489,-6.7146071634084485,3.0,1.0,0.8664389922775193,-14827.962674601482,14828.275561229697,0.17221454380887735,0.17221454380887735,2.0,0.0,0.014943044526384917,0.014943044526384917,-3.1438007140588398,-14823.34457845081,-14826.488379164868
70,6,0.36027489634894233,-6.705901127186976,3.0,1.0,1.0,-14827.348959672052,14828.120915834235,-0.1443674927450047,-0.1443674927450047,2.0,0.0,0.014943044526384917,0.014943044526384917,-3.12547377685985,-14822.755881236788,-14825.881355013647
71,6,0.36070358060288976,-6.715709895278212,3.0,1.0,0.58367354025633,-14828.101067801068,14831.326101666264,0.29277473879483296,0.7371678460440307,2.0,0.0,0.014943044526384917,0.014943044526384917,-3.146127465449887,-14823.48785451927,-14826.63398198472
72,6,0.3620832594227439,-6.729892170273547,1.0,1.0,0.3870712655734678,-14830.515011286358,14831.028867143947,0.9491464541370078,0.9491464541370078,1.0,0.0,0.014943044526384917,0.014943044526384917,-3.176160288457635,-14825.873422397886,-14829.049582686344
73,6,0.3573512103229612,-6.69852896910951,3.0,1.0,1.0,-14826.877574381144,14829.612043374822,-1.5063553209001839,-1.5063553209001839,2.0,0.0,0.014943044526384917,0.014943044526384917,-3.110014030640466,-14822.296367242361,-14825.406381273002
74,6,0.35734370013729383,-6.734548277705646,3.0,1.0,0.7697558466063462,-14829.111571646034,14829.254860843463,0.4525816064196988,0.4525816064196988,2.0,0.0,0.014943044526384917,0.014943044526384917,-3.1860640619480214,-14824.454305145693,-14827.640369207642
75,6,0.35449064816647985,-6.693414044633433,3.0,1.0,0.7407714499404338,-14828.155212764761,14831.18155425424,0.1441317454791715,0.8475051062323473,1.0,0.0,0.014943044526384917,0.014943044526384917,-3.099319739789666,-14823.5811041302,-14826.68042386999
76,6,0.3556414781896124,-6.70395532820721,3.0,1.0,0.9698695455524495,-14827.353155926101,14828.111398026129,-0.4378249701421737,-0.4378249701421737,2.0,0.0,0.014943044526384917,0.014943044526384917,-3.1213880698045373,-14822.758435720081,-14825.879823789886
77,6,0.355766654787972,-6.692847659557903,3.0,1.0,0.9492359061491659,-14827.470876397785,14827.785045307712,0.07806780583996442,0.0803362423357612,2.0,0.0,0.014943044526384917,0.014943044526384917,-3.098137150030089,-14822.899564739417,-14825.997701889446
78,6,0.35611904116397214,-6.67898469522816,3.0,1.0,0.8453083398728917,-14828.21322762994,14828.634094761977,0.21634901530887873,0.21634901530887873,2.0,0.0,0.014943044526384917,0.014943044526384917,-3.0692918425719875,-14823.671204152144,-14826.740495994716
79,6,0.3587646804389195,-6.686671701465926,1.0,1.0,1.0,-14827.113108935782,14827.742839492565,-0.48689559004924376,-0.48689559004924376,1.0,0.0,0.014943044526384917,0.014943044526384917,-3.0852628126729345,-14822.558398755218,-14825.64366156789
80,6,0.35693558405821657,-6.679157375859363,1.0,1.0,0.7395171676106516,-14827.880705726442,14827.892784836333,0.301757781940978,0.301757781940978,1.0,0.0,0.014943044526384917,0.014943044526384917,-3.069649965079741,-14823.33934543162,-14826.4089953967
81,6,0.35838619192727106,-6.681713492325157,1.0,1.0,1.0,-14827.406532316898,14827.781383827236,-0.22533007358470059,-0.22533007358470059,1.0,0.0,0.014943044526384917,0.014943044526384917,-3.0749545847513096,-14822.861664905182,-14825.936619489934
82,6,0.35751959020276863,-6.716074400724107,7.0,1.0,1.0,-14827.35491232519,14827.391086346126,-0.02555699503318465,-0.1339121563378285,2.0,0.0,0.014943044526384917,0.014943044526384917,-3.1468968350998114,-14822.737031416245,-14825.883928251345
83,6,0.356801793725372,-6.720681585462312,1.0,1.0,0.9272228285314662,-14827.7282142923,14827.760841527128,0.07556136632410926,0.07556136632410926,1.0,0.0,0.014943044526384917,0.014943044526384917,-3.156632773857362,-14823.099704317538,-14826.256337091394
84,6,0.356801793725372,-6.720681585462312,3.0,1.0,0.44749525666152734,-14827.7282142923,14833.908929541827,0.0,1.2807226249697123,1.0,0.0,0.014943044526384917,0.014943044526384917,-3.156632773857362,-14823.099704317538,-14826.256337091394
85,6,0.35817565159584747,-6.6988987201251655,3.0,1.0,0.6160396807198779,-14826.814623823706,14828.427688615327,-0.2001080194950191,0.8637410734609148,2.0,0.0,0.014943044526384917,0.014943044526384917,-3.1107881205345644,-14822.233663323834,-14825.344451444369
86,6,0.35711052321688724,-6.7121487413086225,3.0,1.0,0.46479499925269924,-14827.175147960139,14828.476121249658,0.08495332087113638,1.4406036986729305,2.0,0.0,0.014943044526384917,0.014943044526384917,-3.13861784949497,-14822.565037698045,-14825.70365554754
87,6,0.3580137940844993,-6.694577281137783,3.0,1.0,0.9655464035345531,-14826.861397762574,14827.460434897244,-0.0684560125318967,-0.0684560125318967,1.0,0.0,0.014943044526384917,0.014943044526384917,-3.10174953783561,-14822.28927600074,-14825.391025538576
88,6,0.359089970927826,-6.701077051717339,3.0,1.0,0.9578431320177122,-14826.900634119393,14827.08924333401,0.030424911090449314,0.07759273942247091,2.0,0.0,0.014943044526384917,0.014943044526384917,-3.115351328110172,-14822.316234292613,-14825.431585620723
89,6,0.36239360198751,-6.722950413117944,3.0,1.0,0.4288417719535203,-14829.920989182467,14830.239983732885,1.3580483906698646,1.3825874372105318,2.0,0.0,0.014943044526384917,0.014943044526384917,-3.161435078415759,-14825.294495627488,-14828.455930705904
90,6,0.3522935957980866,-6.695826296021356,3.0,1.0,0.357329291727212,-14829.908957795067,14833.269885757312,0.24564672564338252,2.021407611131508,2.0,0.0,0.014943044526384917,0.014943044526384917,-3.104360018414385,-14825.326989639352,-14828.431349657767
91,6,0.3585199896411354,-6.703825709748695,3.0,1.0,0.9987299263755304,-14826.876161461392,14828.361718696891,-1.5727300538655982,-1.5727300538655982,2.0,0.0,0.014943044526384917,0.014943044526384917,-3.1211160369101196,-14822.285297306904,-14825.406413343813
92,6,0.35783025583596284,-6.7030692194354495,5.0,1.0,0.4567140882882247,-14826.849619712777,14829.07992246373,-0.00989202526579902,2.342551863304834,2.0,0.0,0.014943044526384917,0.014943044526384917,-3.1195287104743534,-14822.25949184034,-14825.379020550814
93,6,0.35783025583596284,-6.7030692194354495,3.0,1.0,0.4892622147833132,-14826.849619712777,14830.220627803956,0.0,0.92573521520535,2.0,0.0,0.014943044526384917,0.014943044526384917,-3.1195287104743534,-14822.25949184034,-14825.379020550814
94,6,0.35544507311219087,-6.703939743500969,1.0,1.0,0.7532182004058885,-14827.437162731745,14827.4395388458,0.2834003183834284,0.2834003183834284,1.0,0.0,0.014943044526384917,0.014943044526384917,-3.1213553609760742,-14822.842227586876,-14825.963582947852
95,6,0.3547400839290957,-6.721727004635143,3.0,1.0,0.8492478390516998,-14828.43259947463,14828.847356498381,0.18616424726133118,0.22977984269164153,1.0,0.0,0.014943044526384917,0.014943044526384917,-3.1588449164853385,-14823.79928256983,-14826.958127486314
96,6,0.35822624450880325,-6.720874548479461,3.0,1.0,1.0,-14827.733242789052,14828.297695817782,-0.26065372781704355,-0.4070986501428706,2.0,0.0,0.014943044526384917,0.014943044526384917,-3.1570410079371802,-14823.10609181365,-14826.263132821587
97,6,0.3566359188937476,-6.700287365050956,3.0,1.0,0.5814255174305988,-14827.014073369697,14828.77140028499,-0.12495356121689838,1.0481149131355778,2.0,0.0,0.014943044526384917,0.014943044526384917,-3.1136965302068416,-14822.428292494444,-14825.54198902465
98,6,0.3600147410237532,-6.695419115301685,7.0,1.0,0.9345991370104405,-14827.08942083342,14827.259189400927,0.025781193346119835,0.12032770750738564,2.0,0.0,0.014943044526384917,0.014943044526384917,-3.1035088264529858,-14822.517991570141,-14825.621500396594
99,6,0.3601257810925083,-6.704265741243203,3.0,1.0,0.9418460068534733,-14827.238079153676,14827.409449096804,0.08915796731889714,0.09339137548522558,2.0,0.0,0.014943044526384917,0.014943044526384917,-3.1220396082505566,-14822.648253973894,-14825.770293582143
100,6,0.3576151096348085,-6.672364320488075,3.0,1.0,0.7722670963289762,-14828.37538011355,14828.825349276727,0.20535307551290316,0.3166982584443758,2.0,0.0,0.014943044526384917,0.014943044526384917,-3.055584328060242,-14823.84893016458,-14826.90451449264
101,6,0.35992981727842654,-6.69756381000705,3.0,1.0,0.7146388500767779,-14827.062846040946,14829.112408874855,-0.3267353602859657,0.7186039739845,2.0,0.0,0.014943044526384917,0.014943044526384917,-3.1079940721222683,-14822.486828302142,-14825.594822374265
102,6,0.3551307995602254,-6.703080376740355,7.0,1.0,0.8682146550166614,-14827.58382483617,14827.79532928497,0.24837280421888863,0.24837280421888863,2.0,0.0,0.014943044526384917,0.014943044526384917,-3.1195521174357737,-14822.990295838066,-14826.109847955502
103,6,0.3551307995602254,-6.703080376740355,3.0,1.0,0.7289333390213389,-14827.58382483617,14828.634673546077,0.0,0.5894052868061408,1.0,0.0,0.014943044526384917,0.014943044526384917,-3.1195521174357737,-14822.990295838066,-14826.109847955502
104,6,0.35870906734369995,-6.6898730108503734,3.0,1.0,0.966859273806191,-14826.981302304666,14827.653476601454,-0.33563974439675803,-0.33563974439675803,1.0,0.0,0.014943044526384917,0.014943044526384917,-3.091931467199063,-14822.41985516912,-14825.51178663632
105,6,0.35870906734369995,-6.6898730108503734,3.0,1.0,0.6131138825070307,-14826.981302304666,14827.89899142158,0.0,0.847498999826712,1.0,0.0,0.014943044526384917,0.014943044526384917,-3.091931467199063,-14822.41985516912,-14825.51178663632
106,6,0.35870906734369995,-6.6898730108503734,1.0,1.0,0.02571445880642446,-14826.981302304666,14830.48656891767,0.0,3.660701845808944,1.0,0.0,0.014943044526384917,0.014943044526384917,-3.091931467199063,-14822.41985516912,-14825.51178663632
107,6,0.35870906734369995,-6.6898730108503734,3.0,1.0,0.7266972926006424,-14826.981302304666,14828.21070895814,0.0,0.5326729576554499,1.0,0.0,0.014943044526384917,0.014943044526384917,-3.091931467199063,-14822.41985516912,-14825.51178663632
108,6,0.35870906734369995,-6.6898730108503734,3.0,1.0,0.5375829475873682,-14826.981302304666,14829.212046413375,0.0,1.0157992870863382,1.0,0.0,0.014943044526384917,0.014943044526384917,-3.091931467199063,-14822.41985516912,-14825.51178663632
109,6,0.3600957469472016,-6.700392453493884,3.0,1.0,0.6229776054253934,-14827.139921776547,14830.323469204124,0.1513865510805772,0.8673355339415139,2.0,0.0,0.014943044526384917,0.014943044526384917,-3.1139167083307315,-14822.558183030638,-14825.67209973897
110,6,0.36144569025330486,-6.70192636889195,3.0,1.0,0.8193909888449745,-14827.779894463625,14827.898347709102,0.33326065017899964,0.33326065017899964,2.0,0.0,0.014943044526384917,0.014943044526384917,-3.1171317784774537,-14823.196570653256,-14826.313702431733
111,6,0.3583108577986476,-6.709760433891424,3.0,1.0,0.9897087261838239,-14827.045006147284,14827.607279422497,-0.4445518609263672,-0.4445518609263672,1.0,0.0,0.014943044526384917,0.014943044526384917,-3.13358858898958,-14822.441411912083,-14825.575000501072
112,6,0.35761157281432354,-6.702744474721732,3.0,1.0,0.6703486047302641,-14826.858751811982,14827.74910169562,-0.04208370081141766,0.7151819156824786,2.0,0.0,0.014943044526384917,0.014943044526384917,-3.1188474815828933,-14822.26903432517,-14825.387881806753
113,6,0.35867802263153215,-6.692492515748882,7.0,1.0,0.9758622014610735,-14826.90415432679,14827.059361359368,0.005325309015461244,0.050138764605435426,2.0,0.0,0.014943044526384917,0.014943044526384917,-3.097395787363682,-14822.337204730222,-14825.434600517585
114,6,0.35867802263153215,-6.692492515748882,3.0,1.0,0.49190654336846357,-14826.90415432679,14828.600065371771,0.0,1.3518583210770885,1.0,0.0,0.014943044526384917,0.014943044526384917,-3.097395787363682,-14822.337204730222,-14825.434600517585
115,6,0.3579531307702168,-6.687022764550502,3.0,1.0,0.9728614327198821,-14827.124810857329,14827.125389738781,0.06560561913829588,0.06560561913829588,2.0,0.0,0.014943044526384917,0.014943044526384917,-3.0859936126381524,-14822.568370050976,-14825.654363663614
116,6,0.3579531307702168,-6.687022764550502,3.0,1.0,0.5335473646687824,-14827.124810857329,14829.037702364634,0.0,1.1653657897350058,1.0,0.0,0.014943044526384917,0.014943044526384917,-3.0859936126381524,-14822.568370050976,-14825.654363663614
117,6,0.3580691171242269,-6.714495952055382,3.0,1.0,0.8509063937710573,-14827.267522808666,14827.603059880747,0.022393642782844836,0.283538807203513,2.0,0.0,0.014943044526384917,0.014943044526384917,-3.1435661269023556,-14822.653652794981,-14825.797218921884
118,6,0.3524941731887662,-6.72665471869329,7.0,1.0,0.5700532645892201,-14830.28274231043,14830.32811131132,1.1055739256225934,1.1055739256225934,2.0,0.0,0.014943044526384917,0.014943044526384917,-3.1692868444583704,-14825.636106792632,-14828.80539363709
119,6,0.360595132956141,-6.733709863982248,3.0,1.0,0.5418607491241528,-14829.994999901868,14834.11051117541,-0.1681766438196064,1.5595358586397197,2.0,0.0,0.014943044526384917,0.014943044526384917,-3.184279113602407,-14825.343503892398,-14828.527783006
120,6,0.35466984897466663,-6.679184607458946,3.0,1.0,0.8566509476121005,-14829.036081184773,14831.054329221792,-0.10282507916053873,0.4069724267192214,2.0,0.0,0.014943044526384917,0.014943044526384917,-3.0697064434392147,-14824.49181358513,-14827.561520028568
121,6,0.3644883089599855,-6.678052100181816,3.0,1.0,0.32087183341263315,-14830.356467473232,14833.770796813511,0.35918223652151937,2.1572727564798697,2.0,0.0,0.014943044526384917,0.014943044526384917,-3.067358248300393,-14825.82652363078,-14828.89388187908
122,6,0.3596395311617947,-6.729233834673186,7.0,1.0,1.0,-14828.944737317725,14829.940826517335,-0.786121278482824,-1.0922672409105871,2.0,0.0,0.014943044526384917,0.014943044526384917,-3.174761725037393,-14824.301598512564,-14827.4763602376
123,6,0.3588351079722184,-6.708412459183659,3.0,1.0,1.0,-14827.051013907665,14828.604382925136,-0.5660908992631448,-0.5660908992631448,2.0,0.0,0.014943044526384917,0.014943044526384917,-3.1307525630831035,-14822.450900426014,-14825.581652989098
124,6,0.35774128224505736,-6.680574836638357,3.0,1.0,0.7230490918768729,-14827.565101292166,14829.637359107077,0.10142885497407406,0.6400175365106406,2.0,0.0,0.014943044526384917,0.014943044526384917,-3.072590765175049,-14823.021801228548,-14826.094391993724
125,6,0.3588744765550725,-6.685289017041377,1.0,1.0,1.0,-14827.185756481202,14827.466226754455,-0.1346219628558174,-0.1346219628558174,1.0,0.0,0.014943044526384917,0.014943044526384917,-3.082385708855918,-14822.634058156405,-14825.716443865262
126,6,0.35797428134282494,-6.700338382197679,3.0,1.0,0.9816639597813119,-14826.820277937059,14827.320668600203,-0.07353830523243232,-0.07353830523243232,1.0,0.0,0.014943044526384917,0.014943044526384917,-3.1138034184087426,-14822.236053467781,-14825.34985688619
127,6,0.35868851077968905,-6.687409769203254,3.0,1.0,0.7075576372546832,-14827.077283796722,14827.546420587474,0.054887886266442365,0.5347808181832079,2.0,0.0,0.014943044526384917,0.014943044526384917,-3.0867993741587,-14822.520943499969,-14825.607742874128
128,6,0.35906127751628963,-6.701545702239965,3.0,1.0,0.9714683871303986,-14826.902238536955,14827.269140503546,-0.008252334726421395,0.0710601872215193,1.0,0.0,0.014943044526384917,0.014943044526384917,-3.116333685774829,-14822.3168212122,-14825.433154897975
129,6,0.3575105507317552,-6.687987815040249,3.0,1.0,0.7399053241578809,-14827.138817205752,14827.582662323106,0.06753763182678085,0.4636839705362945,2.0,0.0,0.014943044526384917,0.014943044526384917,-3.0880031711498996,-14822.579818746135,-14825.667821917285
130,6,0.3575105507317552,-6.687987815040249,1.0,1.0,0.3174425944815363,-14827.138817205752,14828.383313664552,0.0,1.1474582817791088,1.0,0.0,0.014943044526384917,0.014943044526384917,-3.0880031711498996,-14822.579818746135,-14825.667821917285
131,6,0.3575105507317552,-6.687987815040249,3.0,1.0,0.5642335395451044,-14827.138817205752,14830.503130174475,0.0,0.7491449111603288,1.0,0.0,0.014943044526384917,0.014943044526384917,-3.0880031711498996,-14822.579818746135,-14825.667821917285
132,6,0.35829013955367417,-6.703487886727746,3.0,1.0,0.9460764860009103,-14826.855917681432,14827.675794497627,-0.09369105633231811,0.10469686825490498,2.0,0.0,0.014943044526384917,0.014943044526384917,-3.1204071198233496,-14822.265479378262,-14825.385886498085
133,6,0.3634379458021333,-6.69537958797185,3.0,1.0,0.5206196601083292,-14829.077070051204,14829.425612473917,1.1124720540610724,1.1124720540610724,2.0,0.0,0.014943044526384917,0.014943044526384917,-3.103426205275324,-14824.509823763397,-14827.613249968672
134,6,0.35767687167769097,-6.719059213144762,3.0,1.0,0.8968821863099942,-14827.555886725344,14829.524717081882,-0.9835111897700699,-1.0080813890072022,1.0,0.0,0.014943044526384917,0.014943044526384917,-3.153201942771361,-14822.93189570256,-14826.085097645331
135,6,0.3571931033438077,-6.707662083793129,3.0,1.0,0.9359191114374861,-14827.000079485173,14827.92745911743,-0.11165650311340869,0.21174286231325823,2.0,0.0,0.014943044526384917,0.014943044526384917,-3.1291746233725877,-14822.399515207995,-14825.528689831368
136,6,0.35894660771228076,-6.696597055316434,7.0,1.0,0.994698018037938,-14826.865620090826,14827.014016679896,-0.025376544550454128,-0.025376544550454128,2.0,0.0,0.014943044526384917,0.014943044526384917,-3.1059717080789495,-14822.290424225928,-14825.396395934007
137,6,0.3583090931844156,-6.678400860550766,5.0,1.0,0.5595985548278349,-14827.666253403937,14828.667598342347,0.19280457591776212,1.0628034693418158,2.0,0.0,0.014943044526384917,0.014943044526384917,-3.0680812481784745,-14823.128164334668,-14826.196245582847
138,6,0.3592562263815109,-6.704461866811007,3.0,1.0,0.4673398823586254,-14826.997753392368,14829.205133617565,-0.10966069690766744,1.6229941714445886,2.0,0.0,0.014943044526384917,0.014943044526384917,-3.122451313790825,-14822.406457024897,-14825.528908338689
139,6,0.3558244355634478,-6.7175265649885505,7.0,1.0,0.8678872134145431,-14827.732695012379,14828.040020536444,0.16257645735640835,0.2417353524160717,2.0,0.0,0.014943044526384917,0.014943044526384917,-3.1499632691566393,-14823.109629940473,-14826.25959320963
140,6,0.35977152200491946,-6.70013163346197,3.0,1.0,0.9183572691075718,-14827.038177905792,14827.931216420719,-0.12409349646077317,0.1425480512134527,2.0,0.0,0.014943044526384917,0.014943044526384917,-3.1133702664055978,-14822.456591359803,-14825.56996162621
141,6,0.3600003829281397,-6.72127836678377,3.0,1.0,0.7165283378286902,-14828.244765274905,14828.719767925806,0.40007053993940644,0.456161555757717,1.0,0.0,0.014943044526384917,0.014943044526384917,-3.157895449619873,-14823.618931940488,-14826.776827390107
142,6,0.35818785537967257,-6.68570710146177,3.0,1.0,0.9768731177481741,-14827.172692639713,14829.209527443289,-0.47313393936019565,-0.47313393936019565,2.0,0.0,0.014943044526384917,0.014943044526384917,-3.083255461529039,-14822.619279855937,-14825.702535317467
143,6,0.35818785537967257,-6.68570710146177,3.0,1.0,0.8015915994155852,-14827.172692639713,14827.61132153045,0.0,0.38361555351184506,1.0,0.0,0.014943044526384917,0.014943044526384917,-3.083255461529039,-14822.619279855937,-14825.702535317467
144,6,0.35951240455193234,-6.687577939934677,3.0,1.0,0.9640353245551658,-14827.147687245777,14827.649215101543,-0.004901524085653364,0.1141703489010979,2.0,0.0,0.014943044526384917,0.014943044526384917,-3.087149560053105,-14822.592005563505,-14825.679155123558
145,6,0.36338405468176554,-6.681481299407791,3.0,1.0,0.6189801237837259,-14829.237425654535,14829.268098268914,0.8872217895805079,0.8872217895805079,2.0,0.0,0.014943044526384917,0.014943044526384917,-3.0744724530597494,-14824.699069482525,-14827.773541935585
146,6,0.3545011477741954,-6.694059351347624,3.0,1.0,1.0,-14828.122319785058,14829.710296662892,-0.2761387153132091,-0.33981951198620663,2.0,0.0,0.014943044526384917,0.014943044526384917,-3.100667505782896,-14823.546876737173,-14826.647544242956
147,6,0.35810730425778736,-6.692736148683297,3.0,1.0,0.9285254591652482,-14826.897673477304,14828.497237922618,-0.6527007488839445,-0.6527007488839445,2.0,0.0,0.014943044526384917,0.014943044526384917,-3.0979043575064535,-14822.329512385018,-14825.427416742525
148,6,0.35942112893234957,-6.68835845320962,3.0,1.0,0.6791322888231509,-14827.103630923279,14827.819880731939,0.046787490624410566,0.6662187689144048,2.0,0.0,0.014943044526384917,0.014943044526384917,-3.0887752115493914,-14822.546212169444,-14825.634987380992
149,6,0.3590672516603912,-6.684090479177691,1.0,1.0,0.9775004707549255,-14827.261496592779,14827.295279108735,0.02275650553201558,0.02275650553201558,1.0,0.0,0.014943044526384917,0.014943044526384917,-3.0798933259224386,-14822.712526944995,-14825.792420270918
150,6,0.35575862070040687,-6.719137779401216,7.0,1.0,0.7012943523518034,-14827.853099392787,14829.675474110476,0.20142660596684436,0.6330233470143867,2.0,0.0,0.014943044526384917,0.014943044526384917,-3.153368026205113,-14823.226546746218,-14826.379914772424
51,7,0.3543846484232958,-6.699776345090365,3.0,1.0,0.986639367207439,-14828.040103135856,14828.486383717453,0.007549813744844869,-0.050422745205651154,2.0,0.0,0.005593501482493722,0.005593501482493722,-3.1126260140792636,-14823.452553359963,-14826.565179374042
52,7,0.3589679027852058,-6.701397220391571,3.0,1.0,0.9909009240340422,-14826.885946756343,14827.721103722415,-0.5494794482183352,-0.5494794482183352,2.0,0.0,0.014435532053138807,0.014435532053138807,-3.116022423086677,-14822.300726281826,-14825.416748704913
53,7,0.3585804160244659,-6.703580900195109,3.0,1.0,0.9973108899125241,-14826.876412909929,14826.911680880437,-0.012135583521740045,-0.019029172546652262,1.0,0.0,0.014435532053138807,0.014435532053138807,-3.120602295954077,-14822.28613682334,-14825.406739119295
54,7,0.35438009308539387,-6.7312889212253655,3.0,1.0,0.5703134007234377,-14829.431416017062,14830.22670361919,0.5990636397873459,0.6116567081426183,2.0,0.0,0.014435532053138807,0.014435532053138807,-3.1791289713681468,-14824.777357485362,-14827.95648645673
55,7,0.3611153223753499,-6.69008505701441,7.0,1.0,0.8870174843704576,-14827.564527733843,14829.730023420321,-0.35310559272511455,-0.4467812024504383,2.0,0.0,0.014435532053138807,0.014435532053138807,-3.092373542918019,-14823.005564957732,-14826.09793850065
56,7,0.3550518828689166,-6.707760556920747,3.0,1.0,0.8891352784181864,-14827.666404425181,14828.227264167572,0.05466022175642138,0.158968869211094,2.0,0.0,0.014435532053138807,0.014435532053138807,-3.1293816671740355,-14823.06294600277,-14826.192327669944
57,7,0.3542745208965703,-6.720381211908605,3.0,1.0,0.9277125738972557,-14828.5877436394,14828.923646406656,0.19932442170465947,0.19932442170465947,2.0,0.0,0.014435532053138807,0.014435532053138807,-3.1559973752925297,-14823.95668226002,-14827.112679635313
58,7,0.3621263434564747,-6.720094331110059,3.0,1.0,0.712593066757779,-14829.40453583742,14830.249813857023,0.5475543269276386,0.580860766067417,2.0,0.0,0.014435532053138807,0.014435532053138807,-3.155390603014616,-14824.783768075687,-14827.939158678702
59,7,0.3619671839206851,-6.6757954506105035,3.0,1.0,0.869979020842773,-14828.652873410909,14830.940024497291,-0.6850505163565686,-0.7540291382174473,2.0,0.0,0.014435532053138807,0.014435532053138807,-3.0626830264509906,-14824.124623099939,-14827.18730612639
60,7,0.3556734521010143,-6.692660711362657,3.0,1.0,0.690116127628246,-14827.520338549497,14829.78477985048,-0.15605996581871295,0.717236462269284,2.0,0.0,0.014435532053138807,0.014435532053138807,-3.0977468799689634,-14822.949299811635,-14826.047046691603
61,7,0.3557979474176481,-6.6966246455479865,3.0,1.0,1.0,-14827.345245271612,14827.709035318541,-0.07636702332820278,-0.11086632679143804,2.0,0.0,0.014435532053138807,0.014435532053138807,-3.10602941141116,-14822.766080731673,-14825.872110143084
62,7,0.3548175383486644,-6.700011987593696,3.0,1.0,0.8943509533495103,-14827.77242002569,14828.038176112566,0.19642208969162311,0.19642208969162311,2.0,0.0,0.014435532053138807,0.014435532053138807,-3.113119620081781,-14823.184926691578,-14826.29804631166
63,7,0.3610005479525983,-6.7089587406250155,3.0,1.0,0.9977044848154164,-14827.820031111154,14827.884966207022,0.006910367237651371,-0.43451195265697606,2.0,0.0,0.014435532053138807,0.014435532053138807,-3.131901674515333,-14823.221401951743,-14826.353303626258
64,7,0.35858621853478123,-6.715415747799097,3.0,1.0,0.9730231145703528,-14827.377879335341,14827.853875073051,-0.3204603385165683,-0.407312436203938,1.0,0.0,0.014435532053138807,0.014435532053138807,-3.145506698776196,-14822.762705981297,-14825.908212680073
65,7,0.3605083077752246,-6.696457666060443,3.0,1.0,0.89394735477191,-14827.253475623858,14828.134212710158,0.055469578110205475,0.21605938352695375,1.0,0.0,0.014435532053138807,0.014435532053138807,-3.1056801953583566,-14822.680473502029,-14825.786153697387
66,7,0.3605083077752246,-6.696457666060443,1.0,1.0,0.12982644015150824,-14827.253475623858,14829.695267633022,0.0,2.041556796291843,1.0,0.0,0.014435532053138807,0.014435532053138807,-3.1056801953583566,-14822.680473502029,-14825.786153697387
67,7,0.35870548742863395,-6.695038076977972,3.0,1.0,0.9445970171306955,-14826.858590027128,14828.031256727785,-0.18937978864414617,-0.18937978864414617,2.0,0.0,0.014435532053138807,0.014435532053138807,-3.102712434099919,-14822.286357526978,-14825.389069961078
68,7,0.3573154084353592,-6.7150812521707115,3.0,1.0,0.6591775165210253,-14827.305849129334,14827.951078375747,0.08760540345792833,0.6340316674286441,2.0,0.0,0.014435532053138807,0.014435532053138807,-3.1448008868046142,-14822.689810650862,-14825.834611537666
69,7,0.3610763111708605,-6.688068162997883,7.0,1.0,0.7554650621576074,-14827.597047088704,14829.065489259525,0.17782034806987213,0.5182844947485137,2.0,0.0,0.014435532053138807,0.014435532053138807,-3.088170524520415,-14823.04224035494,-14826.130410879461
70,7,0.3589889591116492,-6.681226648333125,3.0,1.0,1.0,-14827.435101628509,14827.677838249956,-0.15596294026363466,-0.27521126638384885,2.0,0.0,0.014435532053138807,0.014435532053138807,-3.073943750626961,-14822.891985634617,-14825.965929385244
71,7,0.3574399272064605,-6.7112979405700575,3.0,1.0,0.8553023451107888,-14827.106994309252,14828.735591212957,-0.04264870619226713,0.279079739788358,1.0,0.0,0.014435532053138807,0.014435532053138807,-3.136825592514911,-14822.49908578191,-14825.635911374426
72,7,0.35804608849434316,-6.7152344438523714,3.0,1.0,0.9846643995777034,-14827.310508750403,14827.328828588035,0.04709873676983989,0.04709873676983989,2.0,0.0,0.014435532053138807,0.014435532053138807,-3.145124119362841,-14822.695052302182,-14825.840176421545
73,7,0.35865244581045896,-6.683740850278255,3.0,1.0,0.47004006856964314,-14827.267583881772,14829.235872082416,-0.01656924430244544,1.6249602915104333,2.0,0.0,0.014435532053138807,0.014435532053138807,-3.0791665364285,-14822.718832105624,-14825.797998642052
74,7,0.3583557495097198,-6.695803492903696,3.0,1.0,0.6090975244183271,-14826.835220782497,14828.268053026954,-0.0828938199847471,0.923583508707452,2.0,0.0,0.014435532053138807,0.014435532053138807,-3.1043123451971124,-14822.260958109187,-14825.365270454384
75,7,0.3603807426208934,-6.723760306218601,3.0,1.0,0.5694670406925383,-14828.664243224472,14829.391702837962,0.6495732408566255,0.7394049335052841,2.0,0.0,0.014435532053138807,0.014435532053138807,-3.1631505819738366,-14824.03361626447,-14827.196766846444
76,7,0.35876135169487294,-6.712870844907675,1.0,1.0,1.0,-14827.252127803618,14828.216253803774,-0.5063149251291179,-0.5063149251291179,1.0,0.0,0.014435532053138807,0.014435532053138807,-3.1401395670096974,-14822.642536781454,-14825.782676348463
77,7,0.36023926142706814,-6.694252093245665,7.0,1.0,0.9130124203558599,-14827.166167598994,14827.925759024984,0.02045520837418735,0.17668974903972412,2.0,0.0,0.014435532053138807,0.014435532053138807,-3.1010701408201444,-14822.597449586454,-14825.698519727273
78,7,0.3563702815312299,-6.704963460572762,7.0,1.0,0.9647500516902527,-14827.110935593664,14827.56217107597,-0.033478442006526166,0.08849062101398886,2.0,0.0,0.014435532053138807,0.014435532053138807,-3.1235044312001814,-14822.51501450089,-14825.63851893209
79,7,0.35942601687352027,-6.711352701558633,3.0,1.0,0.5634225974724133,-14827.315386752038,14828.600888965713,0.06054611273430055,1.0507005418057815,2.0,0.0,0.014435532053138807,0.014435532053138807,-3.1369409276522013,-14822.709808250955,-14825.846749178607
80,7,0.3576710616349305,-6.6700122276991465,7.0,1.0,0.8310706444878703,-14828.640324819771,14828.905893660598,0.2676525258211768,0.3225352694189496,2.0,0.0,0.014435532053138807,0.014435532053138807,-3.050724861813413,-14824.1188036793,-14827.169528541113
81,7,0.3526005279097971,-6.6983684585083605,3.0,1.0,0.5660719306897313,-14829.509826870606,14831.904827336277,0.8136044480615965,1.2781671822049248,2.0,0.0,0.014435532053138807,0.014435532053138807,-3.109678037245593,-14824.922937568612,-14828.032615605858
82,7,0.35599011929387175,-6.677829026887282,3.0,1.0,0.9042319139833982,-14828.384913515514,14830.313285281612,-0.7082631235898589,-0.7630395633241278,1.0,0.0,0.014435532053138807,0.014435532053138807,-3.0668958685834613,-14823.845124133339,-14826.912020001922
83,7,0.35599011929387175,-6.677829026887282,1.0,1.0,0.49463723656131153,-14828.384913515514,14830.316433964606,0.0,0.7039306405149546,1.0,0.0,0.014435532053138807,0.014435532053138807,-3.0668958685834613,-14823.845124133339,-14826.912020001922
84,7,0.3565873587063028,-6.680390067271019,1.0,1.0,1.0,-14827.894218051728,14828.520775834237,-0.20193013905736734,-0.20193013905736734,1.0,0.0,0.014435532053138807,0.014435532053138807,-3.072207311040638,-14823.349865700273,-14826.422073011314
85,7,0.3620275595836425,-6.673345260560439,3.0,1.0,0.6837694567910263,-14828.87950681363,14830.582500818742,0.16037155076082854,0.7857419993742951,2.0,0.0,0.014435532053138807,0.014435532053138807,-3.057612602745842,-14824.356399078866,-14827.414011681612
86,7,0.35571537142749715,-6.705180136158887,3.0,1.0,0.6864956095512672,-14827.334282392168,14829.685154788342,-0.33636113490319985,0.6718125401712314,2.0,0.0,0.014435532053138807,0.014435532053138807,-3.1239594286128476,-14822.737083896494,-14825.861043325107
87,7,0.35571537142749715,-6.705180136158887,1.0,1.0,0.16627613793147172,-14827.334282392168,14829.561885602523,0.0,1.7941053911636118,1.0,0.0,0.014435532053138807,0.014435532053138807,-3.1239594286128476,-14822.737083896494,-14825.861043325107
88,7,0.3546568602569564,-6.719467602000431,3.0,1.0,0.8796472721138073,-14828.326616703214,14828.61124755721,0.23237543940194882,0.23237543940194882,2.0,0.0,0.014435532053138807,0.014435532053138807,-3.154065314882901,-14823.697973736504,-14826.852039051386
89,7,0.3556261666457082,-6.711324043290446,1.0,1.0,1.0,-14827.510382499278,14828.262879956734,-0.21830050370044773,-0.21830050370044773,1.0,0.0,0.014435532053138807,0.014435532053138807,-3.1368805685194676,-14822.900150502483,-14826.037031071002
90,7,0.35891884557734044,-6.717790603300428,3.0,1.0,1.0,-14827.605239855257,14827.80799624597,-0.014114797011643532,-0.09884820167462749,2.0,0.0,0.014435532053138807,0.014435532053138807,-3.1505210470271496,-14822.98546061118,-14826.135981658208
91,7,0.36332670890764396,-6.716851751065366,1.0,1.0,0.2695559835828122,-14830.136244400606,14830.453009794053,1.3109791789156588,1.3109791789156588,1.0,0.0,0.014435532053138807,0.014435532053138807,-3.148538049348277,-14825.523754884494,-14828.672292933843
92,7,0.3587588150365713,-6.711340702432845,1.0,1.0,1.0,-14827.170401167474,14828.786359066715,-1.422016050102684,-1.422016050102684,1.0,0.0,0.014435532053138807,0.014435532053138807,-3.1369156553752537,-14822.564030942181,-14825.700946597557
93,7,0.3578321638488616,-6.679813633534039,7.0,1.0,0.8209275927786907,-14827.610060654437,14828.895121805595,0.06608302999120497,0.3774040810203587,2.0,0.0,0.014435532053138807,0.014435532053138807,-3.0710112504273406,-14823.068452603004,-14826.139463853431
94,7,0.3566015532399203,-6.694873294596829,3.0,1.0,0.9664329312905351,-14827.099361177248,14827.85375185947,-0.0682772368490987,0.10613993724837201,1.0,0.0,0.014435532053138807,0.014435532053138807,-3.1023680742691844,-14822.524865806816,-14825.627233881085
95,7,0.3566767222576472,-6.702842492284353,3.0,1.0,0.9898742896969424,-14827.008955595267,14827.222234239955,-0.05326139626231452,-0.05326139626231452,1.0,0.0,0.014435532053138807,0.014435532053138807,-3.1190530855058127,-14822.41786914609,-14825.536922231595
96,7,0.3601574690479657,-6.680980925131637,3.0,1.0,0.6498928333753717,-14827.614511694637,14828.359127862697,0.09054375663799874,0.6751331298892183,2.0,0.0,0.014435532053138807,0.014435532053138807,-3.07343364557651,-14823.073330941623,-14826.1467645872
97,7,0.3575067291639592,-6.701644531239271,3.0,1.0,0.3660934741371296,-14826.858438159696,14830.816254712505,-0.16563811902415182,3.0914678310109593,2.0,0.0,0.014435532053138807,0.014435532053138807,-3.116540873352855,-14822.27089725648,-14825.387438129832
98,7,0.3562022747090945,-6.6999115852273405,1.0,1.0,0.8697343373713083,-14827.144913911743,14827.160457934182,0.13956747330848884,0.13956747330848884,1.0,0.0,0.014435532053138807,0.014435532053138807,-3.1129092980480775,-14822.559377398215,-14825.672286696263
99,7,0.35334418752029406,-6.697568372272096,1.0,1.0,0.438377734512886,-14828.865067887758,14829.000461039212,0.8246743327017612,0.8246743327017612,1.0,0.0,0.014435532053138807,0.014435532053138807,-3.10800361818697,-14824.280810507395,-14827.388814125581
100,7,0.35529289612936593,-6.683787015935168,3.0,1.0,0.9159953628816249,-14828.230599187507,14830.034484200081,-0.36683988536060497,-0.36683988536060497,2.0,0.0,0.014435532053138807,0.014435532053138807,-3.0792624960742914,-14823.677564753423,-14826.756827249497
101,7,0.35712838411337533,-6.707757735902643,7.0,1.0,0.9697699093878249,-14827.011345774928,14828.376168764944,-0.5408790413002862,-0.5408790413002862,2.0,0.0,0.014435532053138807,0.014435532053138807,-3.129375735732512,-14822.41049985778,-14825.539875593513
102,7,0.3591162089687794,-6.694307668373364,7.0,1.0,0.995255987967771,-14826.909579982836,14827.048528847341,-0.018125278407751466,0.020145500897342572,2.0,0.0,0.014435532053138807,0.014435532053138807,-3.101186243358211,-14822.339377366725,-14825.440563610084
103,7,0.3579390210597568,-6.694799279615665,3.0,1.0,0.7753802233341364,-14826.861708562372,14827.39936051804,-0.014243116920624743,0.4289182524280477,2.0,0.0,0.014435532053138807,0.014435532053138807,-3.10221340767207,-14822.289030518345,-14825.391243926017
104,7,0.3579390210597568,-6.694799279615665,3.0,1.0,0.6198471009009094,-14826.861708562372,14828.297149458234,0.0,0.6861513201929483,1.0,0.0,0.014435532053138807,0.014435532053138807,-3.10221340767207,-14822.289030518345,-14825.391243926017
105,7,0.3593030038720229,-6.685392630768457,3.0,1.0,0.9043281035805265,-14827.215001138838,14827.393324852623,0.06572434411464201,0.1434291420318914,2.0,0.0,0.014435532053138807,0.014435532053138807,-3.082601243088675,-14822.663612032427,-14825.746213275515
106,7,0.3626428599108213,-6.679917528275901,1.0,1.0,0.5585314263868227,-14828.781491630036,14828.784949316147,0.5824443927867833,0.5824443927867833,1.0,0.0,0.014435532053138807,0.014435532053138807,-3.071226800369838,-14824.24550292261,-14827.31672972298
107,7,0.36126199598048625,-6.6906703523729565,3.0,1.0,1.0,-14827.621391763863,14828.730064601925,-0.3405021011312783,-0.3405021011312783,2.0,0.0,0.014435532053138807,0.014435532053138807,-3.0935940052003237,-14823.061385007382,-14826.154979012583
108,7,0.35621709367604304,-6.695740006909097,3.0,1.0,0.8494868715091837,-14827.202795215204,14829.420883620165,-0.12681323540346057,0.2643157928469009,2.0,0.0,0.014435532053138807,0.014435532053138807,-3.104179621277517,-14822.626006961942,-14825.73018658322
109,7,0.3575575057518983,-6.7015095243168386,3.0,1.0,0.999009908522892,-14826.852508386582,14827.073614784404,-0.17230541375283792,-0.17230541375283792,1.0,0.0,0.014435532053138807,0.014435532053138807,-3.1162578439169786,-14822.265313498798,-14825.381571342714
110,7,0.3589402255361567,-6.696390096326219,3.0,1.0,0.9415559369898935,-14826.86619265178,14826.98055887898,0.005207418809732189,0.08905672981745738,2.0,0.0,0.014435532053138807,0.014435532053138807,-3.105538889901977,-14822.29142178032,-14825.396960670223
111,7,0.3604805509764014,-6.708311614674614,7.0,1.0,0.8334507937177084,-14827.53631639291,14827.687800211927,0.3069202136648528,0.3244577229106653,2.0,0.0,0.014435532053138807,0.014435532053138807,-3.1305404677334665,-14822.938420405764,-14826.068960873497
112,7,0.36240172195111214,-6.6984255884676625,7.0,1.0,0.8109859569219262,-14828.307953687747,14828.83487920328,0.38941146055185527,0.38941146055185527,2.0,0.0,0.014435532053138807,0.014435532053138807,-3.109797623209629,-14823.733107259046,-14826.842904882256
113,7,0.3542149254855538,-6.694198334758145,3.0,1.0,0.9967375639377796,-14828.311746301813,14828.382320651202,0.009835518712861813,-0.6873407296188816,2.0,0.0,0.014435532053138807,0.014435532053138807,-3.100957836381492,-14823.735648516946,-14826.836606353327
114,7,0.3568552026559261,-6.7064107721865875,3.0,1.0,0.9907592737563794,-14827.022303149235,14827.880111530347,-0.6547310797650425,-0.6547310797650425,1.0,0.0,0.014435532053138807,0.014435532053138807,-3.1265445337485733,-14822.423948051382,-14825.550492585131
115,7,0.36139533249615985,-6.6564852816548905,3.0,1.0,0.6958061513241646,-14830.699446682702,14830.804233282217,0.703332734923606,0.703332734923606,2.0,0.0,0.014435532053138807,0.014435532053138807,-3.0228853440599184,-14826.210308832906,-14829.233194176966
116,7,0.3563920902882833,-6.717821791051749,7.0,1.0,0.9802480477931681,-14827.600978941535,14830.310132726185,-0.6069595840799593,-0.6069595840799593,2.0,0.0,0.014435532053138807,0.014435532053138807,-3.1505869353936986,-14822.97800265501,-14826.128589590404
117,7,0.3527624414685695,-6.69845478924848,3.0,1.0,0.5560167277733755,-14829.353697999823,14830.084823238474,1.0335573007432686,1.1637559602295369,2.0,0.0,0.014435532053138807,0.014435532053138807,-3.1098587483281745,-14824.766836949975,-14827.876695698304
118,7,0.35599219453129005,-6.696654623835166,1.0,1.0,1.0,-14827.265996525684,14828.578356507389,-0.9905946562139434,-0.9905946562139434,1.0,0.0,0.014435532053138807,0.014435532053138807,-3.1060921100829213,-14822.687013509098,-14825.793105619181
119,7,0.35966764521276595,-6.716334146001981,3.0,1.0,0.9724687066538102,-14827.706171697326,14827.720419476365,0.08620502585654322,-0.19621200049914478,2.0,0.0,0.014435532053138807,0.014435532053138807,-3.1474451662354377,-14823.090383716331,-14826.237828882568
120,7,0.35966764521276595,-6.716334146001981,3.0,1.0,0.5349747422255705,-14827.706171697326,14829.271656748886,0.0,1.1573364359810512,1.0,0.0,0.014435532053138807,0.014435532053138807,-3.1474451662354377,-14823.090383716331,-14826.237828882568
121,7,0.36110349478134557,-6.717390844192282,1.0,1.0,0.692024076692483,-14828.456754168028,14828.752273891536,0.3681345310615143,0.3681345310615143,1.0,0.0,0.014435532053138807,0.014435532053138807,-3.149676587676946,-14823.840474106373,-14826.99015069405
122,7,0.3599338829090509,-6.677178972285838,3.0,1.0,0.9227728518866544,-14827.840108971654,14829.105772534856,-0.5051110280091962,-0.6278354543137539,2.0,0.0,0.014435532053138807,0.014435532053138807,-3.0655487384522044,-14823.306541510206,-14826.372090248658
123,7,0.3571378747932844,-6.69860112151915,3.0,1.0,0.46760062322873736,-14826.91208054924,14829.595002514374,-0.14091976755662472,1.618294658146624,2.0,0.0,0.014435532053138807,0.014435532053138807,-3.110165074123896,-14822.330457105272,-14825.440622179396
124,7,0.3579550449063758,-6.72463779201815,3.0,1.0,0.8754685975333826,-14828.041428712759,14828.141723117013,0.20775129952926363,0.20775129952926363,2.0,0.0,0.014435532053138807,0.014435532053138807,-3.165009999710068,-14823.405973885463,-14826.570983885173
125,7,0.3570685680462565,-6.72876300247717,3.0,1.0,0.9844305245250009,-14828.43814743761,14828.571153456009,0.047834468738074065,-0.2596649599054217,2.0,0.0,0.014435532053138807,0.014435532053138807,-3.173761758326683,-14823.792841032857,-14826.966602791183
126,7,0.3567039425777514,-6.722493840428536,3.0,1.0,0.8611799771628226,-14827.883580949467,14829.953917436434,-0.09708092459186446,0.5386423951695178,2.0,0.0,0.014435532053138807,0.014435532053138807,-3.1604682620311926,-14823.25111332442,-14826.411581586452
127,7,0.35809797819364214,-6.697359386686975,3.0,1.0,0.46975375146225656,-14826.821885565654,14829.538524253814,-0.1916319061165268,1.6030162114457198,2.0,0.0,0.014435532053138807,0.014435532053138807,-3.107566358965191,-14822.244050957821,-14825.351617316786
128,7,0.3590197647256243,-6.683714579913673,3.0,1.0,0.8065161670553519,-14827.279788901926,14827.579728613162,0.08555567549956322,0.29893278864983586,2.0,0.0,0.014435532053138807,0.014435532053138807,-3.079111931964405,-14822.731542476156,-14825.81065440812
129,7,0.35675951649902177,-6.717683355745679,3.0,1.0,0.5069663413444742,-14827.524965860553,14829.095209113702,0.055258074735320406,1.329253779937062,2.0,0.0,0.014435532053138807,0.014435532053138807,-3.150294479404299,-14822.902741411377,-14826.053035890782
130,7,0.35442823913514887,-6.718468813502229,1.0,1.0,0.7014823607350926,-14828.38898879974,14828.47034331404,0.35455952482334396,0.35455952482334396,1.0,0.0,0.014435532053138807,0.014435532053138807,-3.1519540777312423,-14823.762166436216,-14826.914120513948
131,7,0.3571939898611916,-6.704875783398104,3.0,1.0,1.0,-14826.935819408587,14828.078438116556,-0.45808253229188267,-0.45808253229188267,2.0,0.0,0.014435532053138807,0.014435532053138807,-3.1233203311021427,-14822.34111052644,-14825.464430857543
132,7,0.3571939898611916,-6.704875783398104,1.0,1.0,0.4745116129526652,-14826.935819408587,14827.808568189546,0.0,0.7454691871480463,1.0,0.0,0.014435532053138807,0.014435532053138807,-3.1233203311021427,-14822.34111052644,-14825.464430857543
133,7,0.35772179899432066,-6.691745858516208,3.0,1.0,0.964557289374239,-14826.957934236952,14827.252391036149,0.007859261913836235,0.05873723081640492,1.0,0.0,0.014435532053138807,0.014435532053138807,-3.0958375517977554,-14822.391363258439,-14825.487200810237
134,7,0.357512092231174,-6.739580654343182,3.0,1.0,0.22605267067930399,-14829.808694962532,14832.487259677591,0.5980853182263672,2.831940211577603,2.0,0.0,0.014435532053138807,0.014435532053138807,-3.196792556916573,-14825.140909029635,-14828.337701586552
135,7,0.3570315063565137,-6.700703945459811,3.0,1.0,1.0,-14826.924734594548,14829.56891995397,-0.5581655032019626,-0.5581655032019626,2.0,0.0,0.014435532053138807,0.014435532053138807,-3.1145694017475125,-14822.33857438986,-14825.453143791607
136,7,0.3589821937282458,-6.704710892829394,3.0,1.0,0.9981768143827804,-14826.953173930831,14826.97576371542,0.005484569644977455,-0.04664460360072553,2.0,0.0,0.014435532053138807,0.014435532053138807,-3.122974123046512,-14822.361019272865,-14825.483993395912
137,7,0.3626879551806476,-6.6917764273216465,3.0,1.0,0.6210036673607238,-14828.465055652932,14828.973345301518,0.6621146112593124,0.6914215004271682,2.0,0.0,0.014435532053138807,0.014435532053138807,-3.095901336390747,-14823.904445997456,-14827.000347333846
138,7,0.3573870482884628,-6.704460496158958,3.0,1.0,1.0,-14826.904463664703,14827.987543496423,-0.6970027800125536,-0.6970027800125536,2.0,0.0,0.014435532053138807,0.014435532053138807,-3.1224484363933196,-14822.31086663536,-14825.433315071754
139,7,0.3573870482884628,-6.704460496158958,1.0,1.0,0.5862930190269192,-14826.904463664703,14827.57602801849,0.0,0.5339355819105549,1.0,0.0,0.014435532053138807,0.014435532053138807,-3.1224484363933196,-14822.31086663536,-14825.433315071754
140,7,0.35330289554782957,-6.690820565047372,3.0,1.0,0.5405222566269827,-14829.199516988978,14829.360215376055,1.1138715226152271,1.1474270051294297,1.0,0.0,0.014435532053138807,0.014435532053138807,-3.0939072850397342,-14824.629302927047,-14827.723210212087
141,7,0.35783322751467145,-6.696940398954562,3.0,1.0,0.9754969772109602,-14826.83835300527,14828.319416314389,-1.1325540668713074,-1.1325540668713074,2.0,0.0,0.014435532053138807,0.014435532053138807,-3.106689845131571,-14822.261067675287,-14825.367757520418
142,7,0.3574982331002032,-6.67551207052508,3.0,1.0,0.7621943282454309,-14828.066783647968,14828.399751306506,0.3223171163172083,0.3223171163172083,2.0,0.0,0.014435532053138807,0.014435532053138807,-3.062096292638759,-14823.533676783914,-14826.595773076553
143,7,0.35717945252437894,-6.712266764258053,3.0,1.0,1.0,-14827.172767756676,14828.363462775185,-0.2613057621547341,-0.2613057621547341,2.0,0.0,0.014435532053138807,0.014435532053138807,-3.1388665282831636,-14822.562494592983,-14825.701361121266
144,7,0.3601775150117187,-6.707530933452677,3.0,1.0,0.8828935543035619,-14827.376833587694,14827.61656261733,0.17962560720661713,0.20690403666958446,2.0,0.0,0.014435532053138807,0.014435532053138807,-3.1288988894445997,-14822.780211918132,-14825.909110807577
145,7,0.3601775150117187,-6.707530933452677,1.0,1.0,0.3503292225153327,-14827.376833587694,14828.716339365676,0.0,1.048881930861171,1.0,0.0,0.014435532053138807,0.014435532053138807,-3.1288988894445997,-14822.780211918132,-14825.909110807577
146,7,0.3565586008142641,-6.672131619405912,3.0,1.0,0.3094408733233897,-14828.750661348244,14831.29760051718,0.3527380222440115,2.229476038384746,2.0,0.0,0.014435532053138807,0.014435532053138807,-3.055103316822999,-14824.223377035096,-14827.278480351919
147,7,0.3574652042821517,-6.716756203957684,3.0,1.0,1.0,-14827.399602302516,14828.556404798506,-0.4938346685630677,-0.4938346685630677,2.0,0.0,0.014435532053138807,0.014435532053138807,-3.1483362888470134,-14822.780214454484,-14825.92855074333
148,7,0.3577118906679041,-6.6836885202919625,3.0,1.0,0.8384845343952884,-14827.347992365489,14829.067386100569,-0.002996514891492552,0.34644391039182665,1.0,0.0,0.014435532053138807,0.014435532053138807,-3.079057766223343,-14822.79818890048,-14825.877246666703
149,7,0.3558957058434787,-6.66960689277828,3.0,1.0,0.7001428995488502,-14829.392444953928,14829.45554465786,0.7315318832115736,0.7315318832115736,2.0,0.0,0.014435532053138807,0.014435532053138807,-3.0498879913760324,-14824.869544791845,-14827.919432783221
150,7,0.35725675068010926,-6.681303947413615,1.0,1.0,1.0,-14827.611721583304,14828.890950593444,-0.6358689004082407,-0.6358689004082407,1.0,0.0,0.014435532053138807,0.014435532053138807,-3.07410423087012,-14823.066306850618,-14826.14041108149
51,8,0.3537743952422942,-6.725602708238615,1.0,1.0,0.2278088655074749,-14829.256128812192,14830.679344572336,1.4792483107830776,1.4792483107830776,1.0,0.0,0.031416578330077514,0.031416578330077514,-3.1670555739135318,-14824.613370764897,-14827.78042633881
52,8,0.35226099779501246,-6.734549035884926,1.0,1.0,0.6555827283871074,-14831.198426415907,14831.431295670885,0.42223077720154834,0.42223077720154834,1.0,0.0,0.012464637455815367,0.012464637455815367,-3.186065676398656,-14826.534710394239,-14829.720776070637
53,8,0.3563955537473752,-6.656830378014784,7.0,1.0,0.9853336832032055,-14831.188497263725,14831.894364080086,0.010336358058339101,-0.8090022619107913,3.0,0.0,0.012464637455815367,0.012464637455815367,-3.0235933049781765,-14826.692518944348,-14829.716112249327
54,8,0.3551704870107647,-6.663860394938611,3.0,1.0,0.9866505443319026,-14830.702194363588,14832.122460120947,0.040872378085623495,-0.8818369315358723,2.0,0.0,0.012464637455815367,0.012464637455815367,-3.038041221419041,-14826.190226464409,-14829.228267685829
55,8,0.3639557291707011,-6.676550716689262,3.0,1.0,1.0,-14829.96050682401,14831.902636828143,-0.1887607599310286,-0.6459632492442324,2.0,0.0,0.012464637455815367,0.012464637455815367,-3.064247184688606,-14825.433049487581,-14828.497296672269
56,8,0.355434527916713,-6.705780678888012,3.0,1.0,1.0,-14827.457999783772,14829.86564983526,-0.6291403142113268,-0.6291403142113268,2.0,0.0,0.012464637455815367,0.012464637455815367,-3.125220754645298,-14822.859185937508,-14825.984406692154
57,8,0.3546310614155688,-6.71738511866187,3.0,1.0,0.9588565320865463,-14828.221713290632,14828.508636816712,0.1317391753091215,0.1317391753091215,2.0,0.0,0.012464637455815367,0.012464637455815367,-3.1496644941097207,-14823.59743837508,-14826.747102869189
58,8,0.3567466408502252,-6.703825635771126,3.0,1.0,1.0,-14827.00184963152,14828.233116394596,-0.2766164669628779,-0.2766164669628779,2.0,0.0,0.012464637455815367,0.012464637455815367,-3.1211158816566886,-14822.408787705535,-14825.529903587192
59,8,0.3571321664271814,-6.706277300467372,7.0,1.0,0.9084817326181148,-14826.97292362035,14827.690432691641,-0.021142726585821947,0.1767548116222315,3.0,0.0,0.012464637455815367,0.012464637455815367,-3.126264086462398,-14822.37519405984,-14825.501458146302
60,8,0.36163344659277197,-6.70984747602968,3.0,1.0,0.6225337502912,-14828.240097944568,14829.381675883762,0.4590723707497091,0.872011378811294,2.0,0.0,0.012464637455815367,0.012464637455815367,-3.1337717808130754,-14823.640359379624,-14826.774131160437
61,8,0.3616136957467642,-6.714898580437287,3.0,1.0,0.9742474734131141,-14828.573969009612,14829.039681813805,0.08040515142238291,-0.37943229639677156,2.0,0.0,0.012464637455815367,0.012464637455815367,-3.1444154823772648,-14823.963563065146,-14827.107978547523
62,8,0.35638218473265415,-6.70238455634224,3.0,1.0,0.9405299167431308,-14827.084740292086,14828.85942846113,-0.48296250872226665,-0.48296250872226665,2.0,0.0,0.012464637455815367,0.012464637455815367,-3.118092590814648,-14822.494245946322,-14825.612338537136
63,8,0.3610039631916353,-6.702347912985786,3.0,1.0,0.9172856149208376,-14827.556737463217,14827.737406254384,0.1789952103372343,0.1789952103372343,2.0,0.0,0.012464637455815367,0.012464637455815367,-3.1180157425122825,-14822.971998351564,-14826.090014094076
64,8,0.35629533722889134,-6.676040465782971,3.0,1.0,0.9367022935632976,-14828.424920217516,14829.18034532479,0.1344236376844492,0.1344236376844492,2.0,0.0,0.012464637455815367,0.012464637455815367,-3.063190391073535,-14823.889219277095,-14826.952409668169
65,8,0.3560268105938785,-6.73767827961544,3.0,1.0,0.8511897571231354,-14829.620677268544,14830.928231479775,0.031239674071912304,0.5372961837620096,2.0,0.0,0.012464637455815367,0.012464637455815367,-3.192733917897748,-14824.955095925236,-14828.147829843134
66,8,0.3537463809892637,-6.734856918445305,3.0,1.0,0.9326888951409034,-14830.159936293963,14830.589833501594,0.22556311933112738,-0.26659554144498543,2.0,0.0,0.012464637455815367,0.012464637455815367,-3.186721322406816,-14825.497476657902,-14828.684197980308
67,8,0.35578292513130616,-6.714675342359408,3.0,1.0,1.0,-14827.593360262834,14830.144173228446,-0.44666645018696727,-0.46919207663631823,2.0,0.0,0.012464637455815367,0.012464637455815367,-3.1439445355832603,-14822.976261695378,-14826.12020623096
68,8,0.35790723578161887,-6.699107581454942,3.0,1.0,0.9425612697107995,-14826.821335830897,14828.080301012951,-0.16450496830657357,-0.16450496830657357,2.0,0.0,0.012464637455815367,0.012464637455815367,-3.111225441271922,-14822.23960645236,-14825.350831893631
69,8,0.35790723578161887,-6.699107581454942,3.0,1.0,0.3659132680516312,-14826.821335830897,14830.974523629688,0.0,1.7181541608424595,2.0,0.0,0.012464637455815367,0.012464637455815367,-3.111225441271922,-14822.23960645236,-14825.350831893631
70,8,0.36135377347961334,-6.706476388366859,3.0,1.0,0.7494511933719616,-14827.893915893143,14828.011184672285,0.37959223266625486,0.4104480269179476,1.0,0.0,0.012464637455815367,0.012464637455815367,-3.1266824112824128,-14823.300931049243,-14826.427613460526
71,8,0.35963558316168687,-6.667151108200013,3.0,1.0,0.733906029147072,-14828.830116874411,14830.942333269191,-0.07995230187407287,0.7968856808220153,2.0,0.0,0.012464637455815367,0.012464637455815367,-3.044821194987637,-14824.316913786839,-14827.361734981827
72,8,0.35937206469173566,-6.664652779453107,1.0,1.0,0.9436338745974554,-14829.146188664805,14829.36793308453,0.05801703277393244,0.05801703277393244,1.0,0.0,0.012464637455815367,0.012464637455815367,-3.0396728095973664,-14824.637812385208,-14827.677485194805
73,8,0.3565703881241991,-6.7342121213156725,7.0,1.0,1.0,-14829.099355534976,14829.133701709035,-0.02893337908972171,-0.3462187197583262,3.0,0.0,0.012464637455815367,0.012464637455815367,-3.18534831439638,-14824.441840962923,-14827.62718927732
74,8,0.36202985852054187,-6.7070400614783585,3.0,1.0,0.4991428955677799,-14828.350237187875,14832.789425243505,0.2121160681344918,1.697966881791217,2.0,0.0,0.012464637455815367,0.012464637455815367,-3.127867019951409,-14823.756877782545,-14826.884744802497
75,8,0.3619211824178626,-6.701403550671637,3.0,1.0,1.0,-14828.053645059099,14828.720037392502,-0.10108410520297184,-0.4629584851390973,2.0,0.0,0.012464637455815367,0.012464637455815367,-3.1160356928109234,-14823.471987082561,-14826.588022775371
76,8,0.3588353084140466,-6.713827214055522,7.0,1.0,0.9949763717080529,-14827.320628510917,14828.411354457616,-0.3429465385779622,-0.3903860886057373,2.0,0.0,0.012464637455815367,0.012464637455815367,-3.142155764213758,-14822.709112074104,-14825.851267838318
77,8,0.3592935903018499,-6.715695888898633,3.0,1.0,0.9791848203956118,-14827.546165936394,14827.612510085042,0.06448043089221756,-0.08590427547460422,2.0,0.0,0.012464637455815367,0.012464637455815367,-3.146097904527692,-14822.931268661263,-14826.07736656579
78,8,0.3588204162527062,-6.718976772087382,3.0,1.0,0.597979660879592,-14827.675613839732,14830.001570983131,-0.0016382380199502222,1.1822496614422562,2.0,0.0,0.012464637455815367,0.012464637455815367,-3.1530276749230426,-14823.05320721643,-14826.206234891353
79,8,0.35455310717240296,-6.7284841156711614,3.0,1.0,0.8751681214230141,-14829.072261033285,14829.547845708756,0.23789577024945174,0.23789577024945174,2.0,0.0,0.012464637455815367,0.012464637455815367,-3.1731695551977546,-14824.42438199752,-14827.597551552717
80,8,0.36022407830034225,-6.722458630595441,15.0,1.0,0.9658328051773165,-14828.456988561842,14829.91001194414,0.006090957043852541,-0.42646728434010583,3.0,0.0,0.012464637455815367,0.012464637455815367,-3.160393712038579,-14823.82892856208,-14826.989322274118
81,8,0.36022407830034225,-6.722458630595441,1.0,1.0,0.21685373604316435,-14828.456988561842,14831.654576826557,0.0,1.52853218015116,1.0,0.0,0.012464637455815367,0.012464637455815367,-3.160393712038579,-14823.82892856208,-14826.989322274118
82,8,0.3600731179662413,-6.694697990964132,3.0,1.0,0.9470016497125829,-14827.11108980656,14829.602876336137,-0.3442362543919444,-0.3442362543919444,1.0,0.0,0.012464637455815367,0.012464637455815367,-3.102001757088668,-14822.541238530801,-14825.643240287889
83,8,0.35884992140020333,-6.706493263527972,3.0,1.0,0.9808026971622659,-14826.984390484253,14827.468073210779,-0.04753017816437932,0.05248007744557981,1.0,0.0,0.012464637455815367,0.012464637455815367,-3.126717871305511,-14822.388329871323,-14825.515047742629
84,8,0.359020771940085,-6.697104796001916,3.0,1.0,0.9452573030797479,-14826.872404600374,14827.251792794314,-0.025216933601768687,0.0926220808760263,2.0,0.0,0.012464637455815367,0.012464637455815367,-3.1070337394915204,-14822.296237601162,-14825.403271340654
85,8,0.3526763798786058,-6.72652528536078,3.0,1.0,0.3370135101883902,-14830.121349231862,14831.560359734849,0.7716830777444557,1.3983453488217492,2.0,0.0,0.012464637455815367,0.012464637455815367,-3.1690122620219285,-14825.475223632544,-14828.644235894566
86,8,0.3637028810884472,-6.7129664330136425,3.0,1.0,0.8050811187843783,-14830.166199872541,14831.848718605324,0.38449047731410246,0.38449047731410246,2.0,0.0,0.012464637455815367,0.012464637455815367,-3.1403410426921727,-14825.562351167804,-14828.702692210496
87,8,0.3576736850846507,-6.693668169491367,3.0,1.0,0.9389234552804641,-14826.909785949158,14829.751202371739,-1.1628771343639528,-1.1628771343639528,1.0,0.0,0.012464637455815367,0.012464637455815367,-3.099850446753299,-14822.339142474244,-14825.438992920997
88,8,0.3564106656465661,-6.7074189272955085,3.0,1.0,0.7874473342424406,-14827.145878904234,14827.868593219284,0.056223719657282345,0.41196383955684723,2.0,0.0,0.012464637455815367,0.012464637455815367,-3.1286634183689834,-14822.54484939223,-14825.6735128106
89,8,0.3585915919293018,-6.6947626293072044,3.0,1.0,0.9925221834786252,-14826.856087727025,14827.168026986565,-0.07556812510119926,-0.07556812510119926,2.0,0.0,0.012464637455815367,0.012464637455815367,-3.102136822792844,-14822.284290856338,-14825.38642767913
90,8,0.3566026299537506,-6.688206102479118,3.0,1.0,0.7959223648957207,-14827.355189291631,14827.880720458621,0.15594376783155894,0.39005030635598814,2.0,0.0,0.012464637455815367,0.012464637455815367,-3.0884578479004787,-14822.794605493458,-14825.883063341358
91,8,0.35937632180237716,-6.682642115338143,3.0,1.0,0.9784858278900052,-14827.37430665925,14827.699651054292,-0.07766686421200575,-0.08291696491323819,2.0,0.0,0.012464637455815367,0.012464637455815367,-3.0768833418233865,-14822.82872504809,-14825.905608389914
92,8,0.35997345362899424,-6.6780454320832945,7.0,1.0,0.9317035663255536,-14827.779602284267,14828.391132684068,0.06823287633778818,0.17051584661567176,3.0,0.0,0.012464637455815367,0.012464637455815367,-3.067344426141798,-14823.244287243171,-14826.311631669312
93,8,0.35711646651228646,-6.6935401016683755,3.0,1.0,1.0,-14827.004464012023,14827.849096303687,-0.08727329326757172,-0.09331337910589355,2.0,0.0,0.012464637455815367,0.012464637455815367,-3.099582985563912,-14822.433396011753,-14825.532978997317
94,8,0.36253855707799665,-6.711210673436363,7.0,1.0,0.4192740496223589,-14828.980516605763,14833.261509154918,0.6892062548486138,1.4669524628461659,3.0,0.0,0.012464637455815367,0.012464637455815367,-3.1366418005903505,-14824.378988873712,-14827.515630674303
95,8,0.3581021946420091,-6.6952424969066096,3.0,1.0,0.9770381517909245,-14826.846025585437,14828.662479377188,-0.7557673476621858,-0.7557673476621858,1.0,0.0,0.012464637455815367,0.012464637455815367,-3.1031396656388113,-14822.272622876728,-14825.375762542366
96,8,0.35851793859993397,-6.690665737051703,7.0,1.0,0.9291258774000288,-14826.950129989076,14827.432578988095,0.015527962383202976,0.11652475018672703,3.0,0.0,0.012464637455815367,0.012464637455815367,-3.0935843799577327,-14822.386794968019,-14825.480379347977
97,8,0.3592958386146079,-6.707205810323625,7.0,1.0,0.8959664496657853,-14827.094001574342,14827.475063570912,0.062416536660748534,0.21821853188521345,2.0,0.0,0.012464637455815367,0.012464637455815367,-3.1282154161925124,-14822.496989535997,-14825.62520495219
98,8,0.3549493019861181,-6.708252486350853,3.0,1.0,0.7818437861405064,-14827.727104629186,14828.04192828323,0.19131531912535138,0.3194963702808309,2.0,0.0,0.012464637455815367,0.012464637455815367,-3.1304161142542357,-14823.122481840217,-14826.252897954471
99,8,0.3604231047310612,-6.683708202644239,3.0,1.0,0.9951740760792012,-14827.531190267013,14827.88056855923,-0.1302626929955295,-0.26992335760405695,2.0,0.0,0.012464637455815367,0.012464637455815367,-3.0790986765471104,-14822.984666521344,-14826.063765197892
100,8,0.36202825939686667,-6.700558941667623,5.0,1.0,0.8021340586322676,-14828.100514799235,14828.885691469228,0.32931790693874063,0.3651351903517934,2.0,0.0,0.012464637455815367,0.012464637455815367,-3.1142655519187814,-14823.520754951402,-14826.63502050332
101,8,0.3530140341253226,-6.690662862885639,3.0,1.0,0.8706514823444825,-14829.470029679147,14829.601873286216,0.4910974321919639,0.4910974321919639,2.0,0.0,0.012464637455815367,0.012464637455815367,-3.0935783859013233,-14824.899773151343,-14827.993351537245
102,8,0.3512411202264758,-6.681318236594672,1.0,1.0,0.39123521709841064,-14832.217133228378,14832.93603244601,0.9384463216156291,0.9384463216156291,1.0,0.0,0.012464637455815367,0.012464637455815367,-3.074133897223426,-14827.664022834922,-14830.738156732146
103,8,0.35506928506520097,-6.683410123518714,3.0,1.0,1.0,-14828.393015067999,14831.080669032865,-1.3785610245504358,-1.8810117327302578,2.0,0.0,0.012464637455815367,0.012464637455815367,-3.0784791521783164,-14823.840481189807,-14826.918960341985
104,8,0.3619928262364451,-6.694269881043955,3.0,1.0,1.0,-14827.99295276249,14828.40342517432,-0.1114441179397545,-0.43338461170787923,2.0,0.0,0.012464637455815367,0.012464637455815367,-3.101107301145926,-14823.426308825408,-14826.527416126553
105,8,0.35843077299779896,-6.688992277340923,3.0,1.0,0.873529690467659,-14827.009657580858,14829.21083278165,-0.36815660948377626,0.4770861368506303,2.0,0.0,0.012464637455815367,0.012464637455815367,-3.090095787409719,-14822.44970386756,-14825.53979965497
106,8,0.35547575971195616,-6.7065446312169215,3.0,1.0,0.6433325923275943,-14827.450824703817,14828.530416894282,0.1630544303516217,0.6239150421733939,2.0,0.0,0.012464637455815367,0.012464637455815367,-3.1268258127350603,-14822.850457826242,-14825.977283638977
107,8,0.36091392431481456,-6.693543623234809,7.0,1.0,0.8052299909842883,-14827.427088450051,14829.07645187852,-0.006871611683891388,0.5104746267279552,3.0,0.0,0.012464637455815367,0.012464637455815367,-3.099590339903508,-14822.860666194323,-14825.960256534227
108,8,0.3551343652164132,-6.7109419850025,3.0,1.0,0.9863487002834891,-14827.704794735908,14827.836937503702,0.04181613346008817,-0.1901896291601588,2.0,0.0,0.012464637455815367,0.012464637455815367,-3.136075967966863,-14823.09474639834,-14826.230822366306
109,8,0.3630522373326261,-6.680630531091768,3.0,1.0,0.8544582569926401,-14829.026324759987,14829.061777469107,0.34585803503068746,0.34585803503068746,2.0,0.0,0.012464637455815367,0.012464637455815367,-3.0727063552536094,-14824.489342222156,-14827.562048577409
110,8,0.35585464315360127,-6.706324896543166,3.0,1.0,1.0,-14827.29768649731,14828.85344638709,-0.4378040640785912,-0.4378040640785912,2.0,0.0,0.012464637455815367,0.012464637455815367,-3.126364092048564,-14822.698258599046,-14825.824622691094
111,8,0.36239459441927996,-6.696247015650799,7.0,1.0,0.7798202490711442,-14828.2696279953,14828.810862322021,0.3644431633838394,0.6005780640189187,2.0,0.0,0.012464637455815367,0.012464637455815367,-3.1052396869807946,-14823.699331013804,-14826.804570700784
112,8,0.3578346164565061,-6.664481108917386,3.0,1.0,0.9933167066447913,-14829.34704224761,14830.288878627689,-0.03680408647414879,-0.38679220395533775,2.0,0.0,0.012464637455815367,0.012464637455815367,-3.0393192718526247,-14824.837129209529,-14827.876448481382
113,8,0.3593493625153969,-6.675598903070595,3.0,1.0,0.8467803636465842,-14827.901240568624,14830.902929367327,-0.3069706671685708,0.6155546889422112,2.0,0.0,0.012464637455815367,0.012464637455815367,-3.062276069464625,-14823.37023329213,-14826.432509361593
114,8,0.3573395387167527,-6.682570763160555,3.0,1.0,0.9939631425083006,-14827.497461236868,14828.071112819045,-0.008954042501500226,-0.1314630067699909,2.0,0.0,0.012464637455815367,0.012464637455815367,-3.076735112222917,-14822.94951851608,-14826.026253628303
115,8,0.3585491995593706,-6.68023300445894,3.0,1.0,1.0,-14827.505554958043,14827.658384972032,-0.04379142294601479,-0.14589793787854433,2.0,0.0,0.012464637455815367,0.012464637455815367,-3.071881383504765,-14822.963961391019,-14826.035842774523
116,8,0.36281256085648206,-6.6855979264799785,3.0,1.0,0.7213866107344912,-14828.660954824927,14828.954760908395,0.428526637617324,0.44598742928246793,2.0,0.0,0.012464637455815367,0.012464637455815367,-3.083028324908763,-14824.113366146943,-14827.196394471852
117,8,0.3567257672158083,-6.689416424555717,3.0,1.0,1.0,-14827.257006115879,14828.67516784908,-0.4055984719452681,-0.47770152620068984,2.0,0.0,0.012464637455815367,0.012464637455815367,-3.090979724696322,-14822.694054283626,-14825.785034008322
118,8,0.35457250211622937,-6.693103541420274,3.0,1.0,0.8665425746976001,-14828.114597887943,14828.286378458079,0.3299704577475495,0.3299704577475495,2.0,0.0,0.012464637455815367,0.012464637455815367,-3.0986713815678195,-14823.541241677507,-14826.639913059074
119,8,0.3554440225970716,-6.72153055757644,3.0,1.0,0.9072162913698838,-14828.123109150809,14830.135857820875,-0.20384499917236099,-0.20384499917236099,1.0,0.0,0.012464637455815367,0.012464637455815367,-3.1584291444194594,-14823.491098896828,-14826.649528041247
120,8,0.3591690228644188,-6.688007350336011,3.0,1.0,1.0,-14827.084005085895,14828.34137520465,-0.19603172547613212,-0.19603172547613212,2.0,0.0,0.012464637455815367,0.012464637455815367,-3.0880438597991144,-14822.527009497533,-14825.615053357333
121,8,0.3596164159243903,-6.6977965340006165,3.0,1.0,0.9778745040620503,-14826.981368047607,14827.294975838813,0.01654471881738573,0.05125948567183514,2.0,0.0,0.012464637455815367,0.012464637455815367,-3.1084810494027924,-14822.404481739242,-14825.512962788645
122,8,0.3596164159243903,-6.6977965340006165,3.0,1.0,0.5217785497267222,-14826.981368047607,14829.23844226935,0.0,1.2702358165988699,1.0,0.0,0.012464637455815367,0.012464637455815367,-3.1084810494027924,-14822.404481739242,-14825.512962788645
123,8,0.358333713234416,-6.7060321567027295,3.0,1.0,0.9917101965831149,-14826.916212132437,14827.17695144472,-0.038448751758551225,-0.038448751758551225,1.0,0.0,0.012464637455815367,0.012464637455815367,-3.12574904320217,-14822.320485609353,-14825.446234652554
124,8,0.3580133208917205,-6.709566748135759,3.0,1.0,0.9576894292388157,-14827.022501316505,14827.197598964565,0.012808039495212142,0.0842386616877775,2.0,0.0,0.012464637455815367,0.012464637455815367,-3.1331809785941354,-14822.418947529273,-14825.552128507867
125,8,0.35677363399361733,-6.706964281464272,3.0,1.0,0.9636157793272332,-14827.05091965499,14827.262429075023,0.021297793438861845,0.06068796520958131,2.0,0.0,0.012464637455815367,0.012464637455815367,-3.127707743093941,-14822.4512995651,-14825.579007308193
126,8,0.3585576130072712,-6.732864119472862,3.0,1.0,0.8168256763089432,-14829.053829828432,14829.198670344029,0.33009062808378076,0.33009062808378076,2.0,0.0,0.012464637455815367,0.012464637455815367,-3.1824792704986216,-14824.401648723026,-14827.584127993525
127,8,0.3585576130072712,-6.732864119472862,1.0,1.0,0.3114774905964704,-14829.053829828432,14831.492556079806,0.0,1.1664282046931476,1.0,0.0,0.012464637455815367,0.012464637455815367,-3.1824792704986216,-14824.401648723026,-14827.584127993525
128,8,0.3550756963545789,-6.71859740730115,3.0,1.0,1.0,-14828.077017760294,14829.597154252055,-0.11199598843450076,-0.27575004111895396,2.0,0.0,0.012464637455815367,0.012464637455815367,-3.1522258430981918,-14823.450745306363,-14826.602971149461
129,8,0.35386638401224474,-6.720735263506707,1.0,1.0,0.8015893108014853,-14828.855138903054,14828.99398091094,0.22115888356893265,0.22115888356893265,1.0,0.0,0.012464637455815367,0.012464637455815367,-3.1567463318128457,-14824.222807727156,-14827.379554058969
130,8,0.35359187555828303,-6.722860121833154,1.0,1.0,0.9358912827278335,-14829.172852491662,14829.577694004094,0.06625596018238866,0.06625596018238866,1.0,0.0,0.012464637455815367,0.012464637455815367,-3.1612438653944066,-14824.535672498321,-14827.696916363715
131,8,0.36147577463464725,-6.651968589918369,3.0,1.0,0.8223315701557733,-14831.502658820522,14832.63732858814,0.16839162906580896,0.4748604025444365,2.0,0.0,0.012464637455815367,0.012464637455815367,-3.01363038637044,-14827.022872517891,-14830.036502904262
132,8,0.3559595095569184,-6.749042010398539,7.0,1.0,1.0,-14831.355523282966,14831.502175109903,-0.07041437509724346,-0.6915371145496465,3.0,0.0,0.012464637455815367,0.012464637455815367,-3.2170317329551645,-14826.665559576717,-14829.882591309672
133,8,0.3620355982454581,-6.71915602655355,3.0,1.0,0.522366585881778,-14829.243366341356,14836.08815688987,0.12530540121224476,2.167130079227718,2.0,0.0,0.012464637455815367,0.012464637455815367,-3.1534066002602987,-14824.624474212982,-14827.777880813243
134,8,0.36005948832028856,-6.715832968287022,1.0,1.0,1.0,-14827.814996858828,14828.880760669239,-0.4978767584270827,-0.4978767584270827,1.0,0.0,0.012464637455815367,0.012464637455815367,-3.146387223495605,-14823.200743562033,-14826.347130785529
135,8,0.3622252087122506,-6.669764176014032,3.0,1.0,0.5601839151466662,-14829.311259259457,14832.308887016488,0.1304883839602553,1.1184124160736246,2.0,0.0,0.012464637455815367,0.012464637455815367,-3.05021270503029,-14824.795787367682,-14827.846000072712
136,8,0.3607667450532321,-6.666347942316182,3.0,1.0,1.0,-14829.117978862545,14829.62409550209,-0.11555828898781328,-0.42571769192727515,2.0,0.0,0.012464637455815367,0.012464637455815367,-3.043165404795525,-14824.607803932682,-14827.650969337477
137,8,0.3621083885056882,-6.679007445507862,3.0,1.0,0.9887525233207507,-14828.511041685495,14829.53697111218,0.03432484473887598,-0.33337469606522063,2.0,0.0,0.012464637455815367,0.012464637455815367,-3.06933902269091,-14823.976304068583,-14827.045643091275
138,8,0.35653464181321337,-6.685912564065879,3.0,1.0,1.0,-14827.508820990846,14828.524478900568,-0.1915686369229661,-0.22327420160218026,2.0,0.0,0.012464637455815367,0.012464637455815367,-3.083682955169078,-14822.952927076987,-14826.036610032157
139,8,0.35514719704142744,-6.707371662722807,7.0,1.0,0.6004779245869659,-14827.613178633792,14829.868135718589,0.041730392740646494,1.2614325882641424,2.0,0.0,0.012464637455815367,0.012464637455815367,-3.1285640575974822,-14823.010658439604,-14826.1392224972
140,8,0.356028223672284,-6.706722038463758,7.0,1.0,0.6471590721090467,-14827.24450123745,14829.959597005622,-0.09765639942634152,0.9566964128498512,3.0,0.0,0.012464637455815367,0.012464637455815367,-3.1271986275266257,-14822.644456959213,-14825.77165558674
141,8,0.35308929088277924,-6.708060950497981,1.0,1.0,0.5585637448864655,-14828.969882119165,14828.982531689779,0.5823865311103873,0.5823865311103873,1.0,0.0,0.012464637455815367,0.012464637455815367,-3.1300133169351683,-14824.36328749532,-14827.493300812255
142,8,0.3548833838184286,-6.693360558712406,3.0,1.0,0.9397418812646728,-14827.910663313209,14829.436429104797,-0.31197234166029375,-0.4211506285937503,1.0,0.0,0.012464637455815367,0.012464637455815367,-3.0992080495739303,-14823.337165045628,-14826.436373095203
143,8,0.3570446511193856,-6.698310308845017,3.0,1.0,1.0,-14826.932220456481,14827.57730114639,-0.348711379145243,-0.348711379145243,1.0,0.0,0.012464637455815367,0.012464637455815367,-3.109556320161427,-14822.351089705438,-14825.4606460256
144,8,0.3585711496665642,-6.665083463616312,7.0,1.0,0.8397037961874162,-14829.127242402712,14829.214876432468,0.3281766159416293,0.3281766159416293,3.0,0.0,0.012464637455815367,0.012464637455815367,-3.0405598888791925,-14824.616997327616,-14827.657557216495
145,8,0.3559760990707113,-6.705642746567847,3.0,1.0,0.6802766782037867,-14827.24407595263,14830.711165986897,-0.23750268146432063,0.7051703048455238,2.0,0.0,0.012464637455815367,0.012464637455815367,-3.124931022078911,-14822.646233802403,-14825.771164824482
146,8,0.35943678650773664,-6.719550768867525,3.0,1.0,0.963274529192872,-14827.88391721804,14827.972108655775,0.11673205210718152,0.11673205210718152,2.0,0.0,0.012464637455815367,0.012464637455815367,-3.154241157833461,-14823.261051637133,-14826.415292794967
147,8,0.35630318034039726,-6.731861608162185,3.0,1.0,0.827021237961735,-14828.85769268994,14829.958581446088,0.04392041763640009,0.39727024332205474,2.0,0.0,0.012464637455815367,0.012464637455815367,-3.180346735779108,-14824.204845233116,-14827.385191968895
148,8,0.3553822877310994,-6.704162234785913,3.0,1.0,0.6828781328960716,-14827.466634117362,14830.327738244805,-0.06488658238777134,0.7168796139758342,2.0,0.0,0.012464637455815367,0.012464637455815367,-3.1218223436629113,-14822.871152739579,-14825.992975083242
149,8,0.35722787195147504,-6.697572311999214,3.0,1.0,1.0,-14826.90549102137,14827.409240378554,-0.1787656558008166,-0.1787656558008166,1.0,0.0,0.012464637455815367,0.012464637455815367,-3.108011861672607,-14822.326132749373,-14825.434144611045
150,8,0.35761637694612974,-6.714424137806557,3.0,1.0,0.9422324668033754,-14827.255127707993,14827.399912666111,0.03019215368112782,0.0841380150995974,2.0,0.0,0.012464637455815367,0.012464637455815367,-3.14341464983558,-14822.640849008201,-14825.784263658037
51,9,0.3552185510808967,-6.694443860815749,1.0,1.0,1.0,-14827.68207472777,14827.934916424307,-0.023173673787823645,-0.023173673787823645,1.0,0.0,0.006127007916643458,0.006127007916643458,-3.1014707773686063,-14823.106738049826,-14826.208208827195
52,9,0.3592690821633067,-6.7253794675381835,7.0,1.0,0.9629649583283929,-14828.380388393443,14828.746879550794,0.01256577427375305,-0.3048732862735051,2.0,0.0,0.013235468234389815,0.013235468234389815,-3.1665822319902523,-14823.744976827527,-14826.911559059517
53,9,0.3577440370963578,-6.737147956718578,3.0,1.0,0.9743432862864315,-14829.485139408729,14829.708529178492,0.08009369520914333,-0.3758720703099243,2.0,0.0,0.013235468234389815,0.013235468234389815,-3.1916031406491423,-14824.822830380961,-14828.01443352161
54,9,0.3553820999621111,-6.717738927859125,3.0,1.0,0.9560165394472223,-14827.900276851791,14830.204788243384,-0.19571416670260078,-0.24134802859225601,2.0,0.0,0.013235468234389815,0.013235468234389815,-3.150411877769955,-14823.27620570283,-14826.4266175806
55,9,0.3604322066837157,-6.680080224630789,3.0,1.0,1.0,-14827.743350057437,14828.475922017818,-0.07003521083242958,-0.16999851388391107,2.0,0.0,0.013235468234389815,0.013235468234389815,-3.0715643674347937,-14823.204371642774,-14826.275936010208
56,9,0.355720944366237,-6.674431275538612,3.0,1.0,0.7319604470026938,-14828.88681241134,14829.197166492371,0.45503728141557076,0.45503728141557076,2.0,0.0,0.013235468234389815,0.013235468234389815,-3.059859261568577,-14824.35372109959,-14827.413580361157
57,9,0.355857034673266,-6.693818316633659,3.0,1.0,0.9886523811721665,-14827.397337183926,14829.05206693749,-0.3953822098319506,-0.3953822098319506,1.0,0.0,0.013235468234389815,0.013235468234389815,-3.100164040029286,-14822.824112345445,-14825.924276385475
58,9,0.357440016811062,-6.703240258704299,3.0,1.0,1.0,-14826.880722008851,14827.312253221759,-0.21461781918515044,-0.21461781918515044,1.0,0.0,0.013235468234389815,0.013235468234389815,-3.11988754821837,-14822.289751637041,-14825.40963918526
59,9,0.35770345719815605,-6.697716360494295,7.0,1.0,0.997169864414945,-14826.841817064833,14826.933512769338,-0.0060344013436406385,-0.016511174089828273,2.0,0.0,0.013235468234389815,0.013235468234389815,-3.1083132794249466,-14822.26274764046,-14825.371060919884
60,9,0.35872567834180674,-6.692880167428814,3.0,1.0,0.9814417727448328,-14826.897876720343,14826.948011620074,0.00360361822458799,0.026590746021611267,2.0,0.0,0.013235468234389815,0.013235468234389815,-3.098205016508284,-14822.330176439362,-14825.42838145587
61,9,0.3538655689316732,-6.715018356217547,3.0,1.0,0.2487698353118898,-14828.564343168073,14831.78115030795,0.5339649551478942,2.609570402853933,2.0,0.0,0.013235468234389815,0.013235468234389815,-3.144668183914964,-14823.944089098186,-14827.088757282101
62,9,0.35387285419656495,-6.716827787065856,3.0,1.0,1.0,-14828.63850020037,14829.144589691963,-0.0017287170212512137,-0.3778157299020677,2.0,0.0,0.013235468234389815,0.013235468234389815,-3.1484874452994243,-14824.014436181333,-14827.162923626633
63,9,0.3571652062145932,-6.6820799620273075,7.0,1.0,0.8648626265247285,-14827.576432233953,14829.237101044808,-0.3512210906792461,0.5813655547608505,2.0,0.0,0.013235468234389815,0.013235468234389815,-3.075715642108307,-14823.029292232,-14826.105007874108
64,9,0.3571652062145932,-6.6820799620273075,1.0,1.0,0.4094930700549159,-14827.576432233953,14829.108430917295,0.0,0.8928352987750259,1.0,0.0,0.013235468234389815,0.013235468234389815,-3.075715642108307,-14823.029292232,-14826.105007874108
65,9,0.35906904422755626,-6.7164895472499415,3.0,1.0,1.0,-14827.544492858959,14827.897226895315,-0.012639759268495254,-0.19172511340184428,2.0,0.0,0.013235468234389815,0.013235468234389815,-3.147773255824247,-14822.927645476735,-14826.07541873256
66,9,0.357310411489123,-6.6806826376176085,3.0,1.0,0.9940051269678015,-14827.64708445781,14827.974997930882,0.018148307915907935,-0.18312596004579973,2.0,0.0,0.013235468234389815,0.013235468234389815,-3.072814501639258,-14823.103026154795,-14826.175840656435
67,9,0.35847573526701365,-6.690485999066674,3.0,1.0,0.6691573840101754,-14826.955626958337,14828.920212265055,-0.1827341307525785,0.8692827615504939,2.0,0.0,0.013235468234389815,0.013235468234389815,-3.0932095533424677,-14822.39261482906,-14825.485824382402
68,9,0.35309292729288344,-6.697281280960572,3.0,1.0,0.5093171560870298,-14829.090352931715,14829.83173895748,0.8944588422527886,1.2738152302208618,2.0,0.0,0.013235468234389815,0.013235468234389815,-3.1074029500581504,-14824.506373352324,-14827.613776302382
69,9,0.35707350211966465,-6.728834686163839,3.0,1.0,0.8752612492739859,-14828.445528501108,14830.812024649456,-0.6244778754662548,-0.6244778754662548,2.0,0.0,0.013235468234389815,0.013235468234389815,-3.1739139878580267,-14823.80007601064,-14826.973989998498
70,9,0.3579936724632736,-6.725838953402848,3.0,1.0,0.8206198375649935,-14828.16227838168,14830.121533415751,-0.02221919525436533,0.5810882092500833,2.0,0.0,0.013235468234389815,0.013235468234389815,-3.167556543748885,-14823.524324751146,-14826.691881294895
71,9,0.3584278928583576,-6.687155383942519,3.0,1.0,0.9837681845611691,-14827.088652916778,14828.304897288768,-0.20098947333463002,-0.20098947333463002,2.0,0.0,0.013235468234389815,0.013235468234389815,-3.0862697154553427,-14822.532521729188,-14825.618791444644
72,9,0.3584278928583576,-6.687155383942519,3.0,1.0,0.528300668057649,-14827.088652916778,14828.777090546391,0.0,1.0145318936447438,1.0,0.0,0.013235468234389815,0.013235468234389815,-3.0862697154553427,-14822.532521729188,-14825.618791444644
73,9,0.36030305992313527,-6.7025040599291525,3.0,1.0,0.5637196994178897,-14827.254979704934,14828.630156014913,0.12637148366957263,0.9247206320524128,2.0,0.0,0.013235468234389815,0.013235468234389815,-3.118343222594983,-14822.669065967875,-14825.78740919047
74,9,0.35595190821436645,-6.714610099830459,3.0,1.0,0.957059472582149,-14827.536155201817,14827.85124071542,-0.01667199549774523,0.10014707858317706,2.0,0.0,0.013235468234389815,0.013235468234389815,-3.1438069082603213,-14822.919406768036,-14826.063213676296
75,9,0.3586654107432415,-6.716183935180835,7.0,1.0,1.0,-14827.441381751478,14827.51916424806,-0.021645571163389832,-0.12778475337654527,3.0,0.0,0.013235468234389815,0.013235468234389815,-3.1471280578450758,-14822.824684386927,-14825.971812444772
76,9,0.3531844295161297,-6.707624767994565,7.0,1.0,0.5921042502734145,-14828.887562157273,14831.128516864348,0.6233254618746287,1.0424940392367716,3.0,0.0,0.013235468234389815,0.013235468234389815,-3.1290961679046814,-14824.282007015638,-14827.411103183542
77,9,0.35891958105314414,-6.667423099765958,3.0,1.0,0.8231937919004451,-14828.785652046065,14831.244713723725,-0.3911070791164093,0.7559136711752217,2.0,0.0,0.013235468234389815,0.013235468234389815,-3.0453820733973234,-14824.271012677516,-14827.316394750913
78,9,0.35160141882162116,-6.722180969364323,7.0,1.0,0.5360281972817049,-14830.81759960708,14832.125802086952,0.9081521542339033,1.4861606473714346,2.0,0.0,0.013235468234389815,0.013235468234389815,-3.1598058616702964,-14826.179286990247,-14829.339092851918
79,9,0.35421939117343315,-6.722484788744264,1.0,1.0,1.0,-14828.757876900487,14830.34009739737,-0.7846058296345291,-0.7846058296345291,1.0,0.0,0.013235468234389815,0.013235468234389815,-3.1604490967269387,-14824.122293547322,-14827.282742644049
80,9,0.36213342904102663,-6.707154765993813,3.0,1.0,0.8080770216930722,-14828.428906474619,14831.431611918068,0.16859248557375395,0.5458002647901594,2.0,0.0,0.013235468234389815,0.013235468234389815,-3.128108120495589,-14823.835429653629,-14826.963537774125
81,9,0.35604562391351213,-6.706928792226649,3.0,1.0,0.9718872111307167,-14827.242784592576,14828.574761393806,-0.5172044974679011,-0.5607338770041679,2.0,0.0,0.013235468234389815,0.013235468234389815,-3.1276331526535963,-14822.642327640668,-14825.769960793321
82,9,0.3590759143335286,-6.708492008010643,3.0,1.0,1.0,-14827.09717585312,14827.349264234621,-0.04895042029238539,-0.12580581641850586,2.0,0.0,0.013235468234389815,0.013235468234389815,-3.1309198767028077,-14822.497190263935,-14825.628110140638
83,9,0.3596234223195099,-6.70894262269406,7.0,1.0,0.8162237421115945,-14827.251892451342,14828.472506245836,0.06342984936418361,0.33356955641102104,3.0,0.0,0.013235468234389815,0.013235468234389815,-3.131867765926559,-14822.651627968236,-14825.783495734164
84,9,0.3596234223195099,-6.70894262269406,3.0,1.0,0.3216532908370624,-14827.251892451342,14832.290107263188,0.0,2.324007534172779,2.0,0.0,0.013235468234389815,0.013235468234389815,-3.131867765926559,-14822.651627968236,-14825.783495734164
85,9,0.36032791416081467,-6.662106028482618,3.0,1.0,0.4537811909154857,-14829.588592356127,14831.260342436812,0.32173166604479775,1.1663827164393297,2.0,0.0,0.013235468234389815,0.013235468234389815,-3.034431063274007,-14825.086620903588,-14828.121051966862
86,9,0.3600325175610658,-6.731583728112001,3.0,1.0,0.8241493892346106,-14829.41002648502,14830.793080282028,0.23472182439945755,0.38322813746162865,2.0,0.0,0.013235468234389815,0.013235468234389815,-3.1797558092686486,-14824.76237183809,-14827.942127647359
87,9,0.358928265103356,-6.684116467484963,7.0,1.0,0.9615883143671894,-14827.251909301514,14829.29030541416,-0.5698809943860397,-0.5698809943860397,3.0,0.0,0.013235468234389815,0.013235468234389815,-3.079947353879509,-14822.702715301113,-14825.782662654992
88,9,0.360280988054019,-6.704533467065926,3.0,1.0,0.8554220002723932,-14827.303867203622,14828.172249282658,0.13227466770331375,0.34139748957022675,2.0,0.0,0.013235468234389815,0.013235468234389815,-3.122601626173619,-14822.713668304968,-14825.836269931142
89,9,0.36056249574094584,-6.696528919016879,7.0,1.0,0.969375500178544,-14827.27448991848,14827.593158442443,-0.01752817451597366,-0.18793171117613383,2.0,0.0,0.013235468234389815,0.013235468234389815,-3.1058292083125623,-14822.701404342708,-14825.80723355102
90,9,0.3547093273905794,-6.702817042866215,3.0,1.0,0.9091466977431407,-14827.811837155063,14828.078984302158,0.20758384922373807,0.20758384922373807,2.0,0.0,0.013235468234389815,0.013235468234389815,-3.1189997012900093,-14823.218326424294,-14826.337326125584
91,9,0.3547093273905794,-6.702817042866215,3.0,1.0,0.34212135953799655,-14827.811837155063,14831.740846532648,0.0,1.3552615854587202,1.0,0.0,0.013235468234389815,0.013235468234389815,-3.1189997012900093,-14823.218326424294,-14826.337326125584
92,9,0.3527635411368161,-6.699106164941091,1.0,1.0,0.5365720535078002,-14829.334088347256,14829.63007679386,0.6225544230255764,0.6225544230255764,1.0,0.0,0.013235468234389815,0.013235468234389815,-3.1112224751816013,-14824.745864988836,-14827.857087464017
93,9,0.35917313180020344,-6.6987154652058685,3.0,1.0,0.9519654079204907,-14826.89516862643,14828.627221887367,-0.9784148990984249,-0.9784148990984249,1.0,0.0,0.013235468234389815,0.013235468234389815,-3.110404451272194,-14822.315817474739,-14825.42622192601
94,9,0.3575875382066129,-6.692713866969543,3.0,1.0,0.988073304799471,-14826.945800438087,14827.106928865993,0.006650431027082959,0.02165649515154655,2.0,0.0,0.013235468234389815,0.013235468234389815,-3.0978578432074673,-14822.377042792443,-14825.47490063565
95,9,0.35895550943458043,-6.7182570420721515,3.0,1.0,0.8687269803910115,-14827.648893162117,14827.852151375728,0.15758196496972232,0.15758196496972232,2.0,0.0,0.013235468234389815,0.013235468234389815,-3.151506563882282,-14823.028173354498,-14826.17967991838
96,9,0.3546981712741918,-6.685693831113077,7.0,1.0,0.5241726141408737,-14828.456634528904,14830.494169190466,0.436565663336296,1.577323516143224,2.0,0.0,0.013235468234389815,0.013235468234389815,-3.0832278521667513,-14823.898881483696,-14826.982109335862
97,9,0.35908544290524297,-6.67875804441126,3.0,1.0,0.980176579679236,-14827.620062745034,14828.567431954887,-0.4867676601752464,-0.5249463798099896,2.0,0.0,0.013235468234389815,0.013235468234389815,-3.0688218365046644,-14823.08218686503,-14826.151008701534
98,9,0.36050854587358444,-6.713755108710721,7.0,1.0,0.8206510548623888,-14827.864007248401,14828.604003530365,0.24144566248833144,0.4170903713638836,3.0,0.0,0.013235468234389815,0.013235468234389815,-3.1420037213712733,-14823.254681888684,-14826.396685610056
99,9,0.3608235908197653,-6.683677554739527,3.0,1.0,0.8828303251210308,-14827.66539119334,14828.854078471113,-0.16576196167625312,0.3609231682312384,2.0,0.0,0.013235468234389815,0.013235468234389815,-3.079034974181681,-14823.119415318983,-14826.198450293165
100,9,0.35177258339601974,-6.689599344197508,7.0,1.0,0.46781977923675744,-14830.82956493269,14832.029284282442,1.4162783714727993,1.9074781854942557,2.0,0.0,0.013235468234389815,0.013235468234389815,-3.0913609910014825,-14826.259919866963,-14829.351280857965
101,9,0.3659990307334103,-6.67756810728112,3.0,1.0,0.9626996303568011,-14832.002942368546,14832.294687116468,0.11867217837243516,-1.4020136162362178,2.0,0.0,0.013235468234389815,0.013235468234389815,-3.0663551052945066,-14827.475757873663,-14830.542112978957
102,9,0.35530035064610055,-6.673877213013555,3.0,1.0,0.8604790237994839,-14829.198651634186,14832.603247199255,-0.9494560683906457,-0.9494560683906457,2.0,0.0,0.013235468234389815,0.013235468234389815,-3.0587129150369403,-14824.666176199538,-14827.724889114575
103,9,0.3551158511885811,-6.69194783527929,3.0,1.0,1.0,-14827.835677518993,14829.524571522463,-0.3475844295389834,-0.4574488199177722,2.0,0.0,0.013235468234389815,0.013235468234389815,-3.096259011995324,-14823.265422713064,-14826.36168172506
104,9,0.35764201117774275,-6.702823118765126,3.0,1.0,1.0,-14826.857319624556,14827.579997350287,-0.3952704842959065,-0.3952704842959065,2.0,0.0,0.013235468234389815,0.013235468234389815,-3.119012446398721,-14822.267474900782,-14825.386487347181
105,9,0.3592464835973118,-6.725703761284936,3.0,1.0,0.7277020768527679,-14828.407287354612,14828.94016491727,0.363485475680136,0.363485475680136,2.0,0.0,0.013235468234389815,0.013235468234389815,-3.1672698551852823,-14823.771160531374,-14826.938430386559
106,9,0.35879977534773094,-6.7362429531929795,3.0,1.0,0.9479543877215156,-14829.56857771023,14829.747667117033,0.16976492648245767,-0.31001931949867867,2.0,0.0,0.013235468234389815,0.013235468234389815,-3.189674102765823,-14824.90949932466,-14828.099173427427
107,9,0.3590625901586444,-6.7150967793399925,3.0,1.0,1.0,-14827.447657539384,14829.549916243475,-0.37991974133728945,-0.38753052872561966,2.0,0.0,0.013235468234389815,0.013235468234389815,-3.144833647871453,-14822.833741860286,-14825.978575508158
108,9,0.3526339603929869,-6.720780196566381,7.0,1.0,0.7041434373143572,-14829.772798618085,14829.851820307073,0.7068306759010738,0.7068306759010738,3.0,0.0,0.013235468234389815,0.013235468234389815,-3.15684139163421,-14825.138789131563,-14828.295630523196
109,9,0.3605233595246436,-6.720268232180816,3.0,1.0,1.0,-14828.39334279027,14830.259984111164,-0.41042532494611805,-0.8112175955629937,2.0,0.0,0.013235468234389815,0.013235468234389815,-3.1557584057088137,-14823.770280671353,-14826.926039077061
110,9,0.36001922622930704,-6.691044447944716,7.0,1.0,0.825906124488167,-14827.150530716883,14828.854090757997,-0.3831868599008885,0.5223524110369908,3.0,0.0,0.013235468234389815,0.013235468234389815,-3.09437425155122,-14822.588241478503,-14825.682615730055
111,9,0.361096188011255,-6.73198010672648,3.0,1.0,0.4148274837019828,-14830.067416428843,14831.747432647444,0.809046419648439,1.1549589067144552,2.0,0.0,0.013235468234389815,0.013235468234389815,-3.1805987526802895,-14825.420205403903,-14828.600804156584
112,9,0.35568587297946735,-6.676058910866822,3.0,1.0,1.0,-14828.724944505122,14830.355513681165,-0.37360762556272675,-0.725215828666478,2.0,0.0,0.013235468234389815,0.013235468234389815,-3.0632285886196016,-14824.18843970265,-14827.25166829127
113,9,0.36436589870488334,-6.6775062764213615,3.0,1.0,0.8330241128071115,-14830.270410767285,14831.368553062302,0.4713388924865285,-0.5444151362862613,2.0,0.0,0.013235468234389815,0.013235468234389815,-3.066226969060799,-14825.741454904584,-14828.807681873644
114,9,0.35722086430903766,-6.7039958589229665,3.0,1.0,0.954863622281683,-14826.91797033609,14831.061664107172,-0.9887620482968487,-0.9887620482968487,2.0,0.0,0.013235468234389815,0.013235468234389815,-3.1214731358899392,-14822.325142075111,-14825.446615211002
115,9,0.356191420427495,-6.706343321838598,1.0,1.0,0.9165226676703813,-14827.18553773584,14827.194801239875,0.08716847914365644,0.08716847914365644,1.0,0.0,0.013235468234389815,0.013235468234389815,-3.1264028066145992,-14822.58649410067,-14825.712896907284
116,9,0.3537327379022522,-6.7070692923428865,1.0,1.0,0.6138658949550011,-14828.46035263627,14828.500821094816,0.48797878681580187,0.48797878681580187,1.0,0.0,0.013235468234389815,0.013235468234389815,-3.127928459852217,-14823.856668405413,-14826.984596865264
117,9,0.36096680030647893,-6.685054220752776,7.0,1.0,0.8356895564622941,-14827.65802830793,14829.46456280671,-0.3902623645590211,0.6952784876702935,2.0,0.0,0.013235468234389815,0.013235468234389815,-3.0818973322391856,-14823.10936281465,-14826.191260146888
118,9,0.36278453501192426,-6.684390724166494,1.0,1.0,0.6860163591642895,-14828.679780798791,14828.808590572635,0.3768538043623266,0.3768538043623266,1.0,0.0,0.013235468234389815,0.013235468234389815,-3.0805175563961176,-14824.134669622972,-14827.215187179369
119,9,0.3548904274229922,-6.676596962613583,3.0,1.0,0.9404219514729739,-14829.154594071359,14829.947196209498,0.19690840414114064,-0.569550363223243,2.0,0.0,0.013235468234389815,0.013235468234389815,-3.06434297866521,-14824.615969803746,-14827.680312782411
120,9,0.3548904274229922,-6.676596962613583,1.0,1.0,0.6193128877277839,-14829.154594071359,14830.867931470611,0.0,0.4791446611015999,1.0,0.0,0.013235468234389815,0.013235468234389815,-3.06434297866521,-14824.615969803746,-14827.680312782411
121,9,0.36213809917181544,-6.6825291497571975,3.0,1.0,0.9113483202523086,-14828.34081888667,14829.738621830395,-0.3666656752448034,-0.3666656752448034,2.0,0.0,0.013235468234389815,0.013235468234389815,-3.076648665380601,-14823.79880709536,-14826.87545576074
122,9,0.3552444163095295,-6.693711699733265,3.0,1.0,1.0,-14827.694051413535,14828.342353832293,-0.0855142174714274,-0.3583089128769643,2.0,0.0,0.013235468234389815,0.013235468234389815,-3.0999413605231636,-14823.120276849231,-14826.220218209754
123,9,0.36256915569896914,-6.6737858405991375,3.0,1.0,0.9365230017433914,-14829.145082399635,14829.27006396536,0.21125326523542753,0.21125326523542753,2.0,0.0,0.013235468234389815,0.013235468234389815,-3.058523896455617,-14824.621708967277,-14827.680232863733
124,9,0.3551859269450267,-6.692770443290563,3.0,1.0,1.0,-14827.76188191021,14829.143388040871,-0.1852852755528147,-0.3515050316163979,2.0,0.0,0.013235468234389815,0.013235468234389815,-3.0979759503493463,-14823.189998808553,-14826.287974758903
125,9,0.35713795316091584,-6.682077009057266,3.0,1.0,1.0,-14827.583898573843,14828.185101983276,-0.17376574986883497,-0.32199723425947013,2.0,0.0,0.013235468234389815,0.013235468234389815,-3.0757095090603186,-14823.036730792464,-14826.112440301526
126,9,0.35593957813021665,-6.692988432785666,3.0,1.0,0.9924334015311049,-14827.391210273867,14827.983148290103,0.022961402291912236,-0.13636569943446375,2.0,0.0,0.013235468234389815,0.013235468234389815,-3.098431049035122,-14822.819822203444,-14825.91825325248
127,9,0.3636780908266129,-6.659150163131022,3.0,1.0,0.7362868698191498,-14831.458908808438,14831.657299104321,0.765285345232769,0.765285345232769,2.0,0.0,0.013235468234389815,0.013235468234389815,-3.0283554064567104,-14826.9670165363,-14829.995371942758
128,9,0.3622708420882021,-6.658055280657779,1.0,1.0,1.0,-14830.792675460385,14831.89360385676,-0.24994585108106548,-0.24994585108106548,1.0,0.0,0.013235468234389815,0.013235468234389815,-3.0261071391631593,-14826.30136355373,-14829.327470692893
129,9,0.35642368587164347,-6.6815751825298095,7.0,1.0,0.9894072887555367,-14827.858783471256,14830.674325327085,-0.4464783162711683,-0.5624643729297532,3.0,0.0,0.013235468234389815,0.013235468234389815,-3.0746673880363797,-14823.311766289597,-14826.386433677633
130,9,0.3619501260575431,-6.68972035735203,3.0,1.0,0.9710522061296745,-14828.004340469533,14828.477417772616,0.09084787050414889,-0.11327453264675569,2.0,0.0,0.013235468234389815,0.013235468234389815,-3.0916132416713866,-14823.447139551523,-14826.538752793194
131,9,0.3619501260575431,-6.68972035735203,1.0,1.0,0.6754017507722202,-14828.004340469533,14828.91277787429,0.0,0.39244757883352577,1.0,0.0,0.013235468234389815,0.013235468234389815,-3.0916132416713866,-14823.447139551523,-14826.538752793194
132,9,0.353367543660177,-6.712368014261367,3.0,1.0,0.9212715060079373,-14828.829127224719,14829.148927881568,0.26943029674657737,-0.2822439749161276,2.0,0.0,0.013235468234389815,0.013235468234389815,-3.139079876944478,-14824.213823564663,-14827.352903441608
133,9,0.3558378125073858,-6.714048102478572,1.0,1.0,1.0,-14827.545663074241,14828.423149672706,-0.5107197286233713,-0.5107197286233713,1.0,0.0,0.013235468234389815,0.013235468234389815,-3.1426215665352895,-14822.929956532269,-14826.072578098805
134,9,0.3633095891878069,-6.691661020402197,3.0,1.0,0.6817179656013703,-14828.94765566774,14829.241297858416,0.6331209336840402,0.6651008061162429,2.0,0.0,0.013235468234389815,0.013235468234389815,-3.095660534251709,-14824.388023435231,-14827.483683969484
135,9,0.35611738534685167,-6.6710321378438655,3.0,1.0,1.0,-14829.089744272276,14830.132242162343,-0.15880304352322128,-0.7133455259299808,2.0,0.0,0.013235468234389815,0.013235468234389815,-3.052831335267348,-14824.564179223773,-14827.61701055904
136,9,0.3599742318317102,-6.706967329487437,3.0,1.0,0.9503847493137133,-14827.279671228414,14829.090979897055,-0.4507445914478012,-0.4507445914478012,2.0,0.0,0.013235468234389815,0.013235468234389815,-3.127714149415678,-14822.683987409984,-14825.8117015594
137,9,0.359283471089931,-6.703911230657853,3.0,1.0,1.0,-14826.989421556498,14827.217019173357,-0.1077189730713144,-0.15672492086014245,2.0,0.0,0.013235468234389815,0.013235468234389815,-3.121295519495436,-14822.399314295528,-14825.520609815023
138,9,0.3570786286778085,-6.692308269837653,3.0,1.0,0.9945544968920709,-14827.049941927624,14827.065837861888,0.016471421438836842,-0.061174952890723944,2.0,0.0,0.013235468234389815,0.013235468234389815,-3.097011223732284,-14822.481398584512,-14825.578409808244
139,9,0.3584092254728356,-6.690021588740471,3.0,1.0,0.9166933986314229,-14826.971630698778,14827.898711379768,-0.05469125035597244,0.18621621042439074,2.0,0.0,0.013235468234389815,0.013235468234389815,-3.0922412189839568,-14822.409505020909,-14825.501746239894
140,9,0.3557152152383582,-6.696400406406894,3.0,1.0,0.8576686911139051,-14827.385818298071,14827.613347375576,0.20392635622010857,0.23176825303198711,1.0,0.0,0.013235468234389815,0.013235468234389815,-3.10556045060111,-14822.807018583744,-14825.912579034346
141,9,0.3550236773641344,-6.693242837486432,3.0,1.0,0.9457353429427863,-14827.833550815825,14828.0370459695,0.1776850872556679,0.1776850872556679,2.0,0.0,0.013235468234389815,0.013235468234389815,-3.0989622321723287,-14823.260476116771,-14826.359438348944
142,9,0.36304388391039577,-6.697933476562465,3.0,1.0,0.8903642504327737,-14828.78859565308,14829.162232010509,0.3736538435823604,0.3736538435823604,2.0,0.0,0.013235468234389815,0.013235468234389815,-3.108767628392514,-14824.215541947657,-14827.32430957605
143,9,0.3627674499652773,-6.68653542306028,3.0,1.0,0.8986927940873938,-14828.603040446065,14829.53027506763,-0.1912280092801666,-0.6074561650821124,1.0,0.0,0.013235468234389815,0.013235468234389815,-3.0849791582509583,-14824.053447384766,-14827.138426543017
144,9,0.3542761619896383,-6.6916890523413555,3.0,1.0,0.950979894658338,-14828.380772206541,14830.385100602405,0.031717657095214236,0.12311767571191012,2.0,0.0,0.013235468234389815,0.013235468234389815,-3.0957190230287286,-14823.809991270202,-14826.905710293231
145,9,0.36210970932214775,-6.693619338373167,3.0,1.0,1.0,-14828.066321829088,14828.41259313418,-0.15893592053180328,-0.48909738203292363,2.0,0.0,0.013235468234389815,0.013235468234389815,-3.0997484642536435,-14823.50117634758,-14826.600924811833
146,9,0.363370326879231,-6.694750466132934,3.0,1.0,0.38894271331365465,-14829.011358425032,14833.396165919825,0.38374796248899656,1.6556573392608698,2.0,0.0,0.013235468234389815,0.013235468234389815,-3.1021114067897733,-14824.445347084387,-14827.547458491177
147,9,0.36237938746541626,-6.708603463241593,7.0,1.0,0.9710091387354071,-14828.689877618928,14829.948860372302,-0.10977252096381562,-0.8103493867256475,3.0,0.0,0.013235468234389815,0.013235468234389815,-3.1311543091333762,-14824.093647901796,-14827.22480221093
148,9,0.3615271963854835,-6.701250609790561,1.0,1.0,1.0,-14827.808353880002,14828.747912361141,-0.3478125035744597,-0.3478125035744597,1.0,0.0,0.013235468234389815,0.013235468234389815,-3.115715104728644,-14823.22654456851,-14826.342259673238
149,9,0.3545788213315501,-6.694022067766884,3.0,1.0,0.9665093289640097,-14828.073267461084,14828.08455945237,0.10588511224341346,-0.3995494192586193,2.0,0.0,0.013235468234389815,0.013235468234389815,-3.100589625210075,-14823.498001038124,-14826.598590663334
150,9,0.3600328374563175,-6.706153599826307,3.0,1.0,0.9558228831406806,-14827.268756117195,14828.45492988334,-0.34229552051692735,-0.34229552051692735,2.0,0.0,0.013235468234389815,0.013235468234389815,-3.1260041858163157,-14822.674853482373,-14825.80085766819
51,10,0.3580167672098136,-6.693293645363848,3.0,1.0,1.0,-14826.888661617175,14827.586277758686,-0.21399719835608266,-0.21399719835608266,2.0,0.0,0.01339799659438777,0.01339799659438777,-3.0990683240023627,-14822.319224742494,-14825.418293066496
52,10,0.3595117080846662,-6.6829205658977875,3.0,1.0,0.7781112627844354,-14827.37495646128,14827.854876995729,0.0936313442834944,0.40862570265198883,2.0,0.0,0.014657225606752197,0.014657225606752197,-3.077461853812117,-14822.828961635394,-14825.906423489207
53,10,0.3574817798476895,-6.703718390669013,3.0,1.0,0.948603387182688,-14826.882939830806,14827.437314163159,-0.09949973520997446,-0.09949973520997446,2.0,0.0,0.014657225606752197,0.014657225606752197,-3.120890816889433,-14822.291018025908,-14825.411908842798
54,10,0.3527256279533972,-6.726546923188401,3.0,1.0,0.5009330085953361,-14830.083089147012,14830.57280768548,1.0553971939225448,1.0553971939225448,2.0,0.0,0.014657225606752197,0.014657225606752197,-3.16905816377199,-14825.436981194753,-14828.606039358525
55,10,0.36299987938684036,-6.68561164630435,7.0,1.0,1.0,-14828.796657857514,14830.458524120035,-0.2799581706221943,-0.5146264279574098,2.0,0.0,0.014657225606752197,0.014657225606752197,-3.0830568681060972,-14824.249262778358,-14827.332319646464
56,10,0.3544410592566065,-6.699655322892687,3.0,1.0,0.967484657485521,-14828.00581499645,14829.665847750388,-0.2322746588015434,-0.2322746588015434,2.0,0.0,0.014657225606752197,0.014657225606752197,-3.1123725275618046,-14823.418590494968,-14826.53096302253
57,10,0.3625480562995208,-6.687188676798692,3.0,1.0,0.7836164536699176,-14828.434879256936,14829.328236609348,0.07936787496328179,0.341064960552103,2.0,0.0,0.014657225606752197,0.014657225606752197,-3.0863390312432983,-14823.883665594101,-14826.970004625344
58,10,0.3599070903314639,-6.680840842490766,3.0,1.0,1.0,-14827.569312449083,14828.18600820561,-0.5017249744869332,-0.6476610311965487,2.0,0.0,0.014657225606752197,0.014657225606752197,-3.0731428703377954,-14823.028118273684,-14826.101261144022
59,10,0.3599070903314639,-6.680840842490766,3.0,1.0,0.5183970840864564,-14827.569312449083,14828.945205027147,0.0,1.3302753417101485,1.0,0.0,0.014657225606752197,0.014657225606752197,-3.0731428703377954,-14823.028118273684,-14826.101261144022
60,10,0.3631247993789302,-6.682932255221034,1.0,1.0,0.5084312723959556,-14828.979447503863,14829.120472355795,0.6764252301582019,0.6764252301582019,1.0,0.0,0.014657225606752197,0.014657225606752197,-3.077486141376253,-14824.43777109863,-14827.515257240006
61,10,0.35401816770445443,-6.700142479759223,3.0,1.0,1.0,-14828.282687759614,14829.578374710947,-0.11361211028997786,-0.11361211028997786,2.0,0.0,0.014657225606752197,0.014657225606752197,-3.113392989039012,-14823.693903825633,-14826.807296814672
62,10,0.3629705135427734,-6.6869921843792195,3.0,1.0,0.9702268950919448,-14828.739476908646,14829.10020826083,0.09356295329052955,-0.3238359184542787,2.0,0.0,0.014657225606752197,0.014657225606752197,-3.085929949697289,-14824.189173946113,-14827.27510389581
63,10,0.3629705135427734,-6.6869921843792195,1.0,1.0,0.4894615946494725,-14828.739476908646,14830.21517912249,0.0,0.7144492784154863,1.0,0.0,0.014657225606752197,0.014657225606752197,-3.085929949697289,-14824.189173946113,-14827.27510389581
64,10,0.3534027649971599,-6.708138128157259,3.0,1.0,0.3949505074699702,-14828.718887557603,14831.768972444379,0.08436609442105691,2.0671076562375674,2.0,0.0,0.014657225606752197,0.014657225606752197,-3.1301756161002854,-14824.112533356452,-14827.242708972553
65,10,0.3564768671203079,-6.7132699885852976,1.0,1.0,1.0,-14827.334171742283,14828.164907979335,-0.7221138763325143,-0.7221138763325143,1.0,0.0,0.014657225606752197,0.014657225606752197,-3.1409809220598635,-14822.720907586065,-14825.861888508125
66,10,0.3590505848677332,-6.687726271562105,3.0,1.0,0.9079543691181508,-14827.083752292629,14828.313637603269,-0.08282862444502825,0.198928584015448,1.0,0.0,0.014657225606752197,0.014657225606752197,-3.0874584579853526,-14822.527197098421,-14825.614655556406
67,10,0.35873927126586197,-6.679976107577215,3.0,1.0,0.970045891582496,-14827.52042883996,14827.523800913945,0.09415939998325484,0.09415939998325484,2.0,0.0,0.014657225606752197,0.014657225606752197,-3.071348339335319,-14822.979601930721,-14826.050950270057
68,10,0.3581113838966074,-6.709153276976492,7.0,1.0,1.0,-14827.009259477963,14827.451872309432,-0.10092331511259545,-0.13681013666246145,2.0,0.0,0.014657225606752197,0.014657225606752197,-3.1323109567872263,-14822.406696822896,-14825.539007779684
69,10,0.3591567951478787,-6.7019345193952695,3.0,1.0,0.9790468280450852,-14826.924408744706,14827.111286165939,0.010377887796494178,0.053965590786901885,1.0,0.0,0.014657225606752197,0.014657225606752197,-3.117148868128898,-14822.338293183822,-14825.45544205195
70,10,0.3584863541001738,-6.671839530983347,3.0,1.0,0.5760140312360211,-14828.28888589668,14828.992152057057,0.26506777143731597,0.7432933676518587,2.0,0.0,0.014657225606752197,0.014657225606752197,-3.0544996239762336,-14823.76459676587,-14826.819096389847
71,10,0.3590181812416354,-6.705260454053786,3.0,1.0,0.7039829055257322,-14826.974198603904,14828.776608034574,-0.27853809259613627,0.6402514541277924,2.0,0.0,0.014657225606752197,0.014657225606752197,-3.1241281002167933,-14822.380934069703,-14825.50506216992
72,10,0.35856516989053067,-6.701293178750804,3.0,1.0,0.9635997245380309,-14826.840473786218,14827.35132098722,-0.053325501388826524,0.06962481197660964,2.0,0.0,0.014657225606752197,0.014657225606752197,-3.115804333598929,-14822.254976912129,-14825.370781245727
73,10,0.35748123091033474,-6.704375665784339,3.0,1.0,0.9337748163585097,-14826.89342102324,14827.37110286705,0.010319216611605952,0.11024135811021551,2.0,0.0,0.014657225606752197,0.014657225606752197,-3.1222703564079715,-14822.300118997608,-14825.422389354015
74,10,0.35945675576915964,-6.683297162403889,3.0,1.0,0.8431592444314245,-14827.345736935085,14827.545212941362,0.09145212120529322,0.2175002915373625,2.0,0.0,0.014657225606752197,0.014657225606752197,-3.078244398258206,-14822.798892494277,-14825.877136892535
75,10,0.3572663966672153,-6.706726722811133,3.0,1.0,0.5927576758974341,-14826.966031179467,14828.326641750065,-0.06573566484621551,0.9765600904229359,2.0,0.0,0.014657225606752197,0.014657225606752197,-3.1272084719365028,-14822.367524197864,-14825.4947326698
76,10,0.35493324432056494,-6.707526220677717,3.0,1.0,0.8163451460116642,-14827.72218178304,14827.738980056267,0.3444590806357155,0.3444590806357155,2.0,0.0,0.014657225606752197,0.014657225606752197,-3.128888981502616,-14823.119065779816,-14826.247954761318
77,10,0.36105773438792244,-6.70339811484478,3.0,1.0,0.8600334400627639,-14827.614838677508,14829.282614736048,0.006952786723559257,0.3077860365574452,2.0,0.0,0.014657225606752197,0.014657225606752197,-3.120218753921788,-14823.02796133936,-14826.148180093282
78,10,0.36084399375086085,-6.697903662723493,3.0,1.0,0.996311845295882,-14827.399947533158,14827.830130732718,-0.11397843757913506,-0.11397843757913506,1.0,0.0,0.014657225606752197,0.014657225606752197,-3.108705235529195,-14822.824326020134,-14825.933031255663
79,10,0.36084399375086085,-6.697903662723493,1.0,1.0,0.42015466269718665,-14827.399947533158,14828.653677297534,0.0,0.8671323909729836,1.0,0.0,0.014657225606752197,0.014657225606752197,-3.108705235529195,-14822.824326020134,-14825.933031255663
80,10,0.35880625091408785,-6.692332447872831,3.0,1.0,0.996102714845513,-14826.915535922568,14827.196779668007,-0.26294833120846306,-0.2793215787241934,1.0,0.0,0.014657225606752197,0.014657225606752197,-3.097061686922584,-14822.349077901352,-14825.446139588274
81,10,0.3606341984172916,-6.702706457133876,3.0,1.0,0.8317401467380089,-14827.394557918564,14827.54360439838,0.2682841099158395,0.3014396136968571,2.0,0.0,0.014657225606752197,0.014657225606752197,-3.1187677375907543,-14822.808620516847,-14825.927388254438
82,10,0.35928517131405197,-6.7086981344250285,3.0,1.0,0.9888335843434614,-14827.151340543896,14827.473707654564,-0.16031988155373256,-0.16775834598411166,1.0,0.0,0.014657225606752197,0.014657225606752197,-3.1313534481323284,-14822.551177432908,-14825.68253088104
83,10,0.3594049763538052,-6.698836029461249,3.0,1.0,0.9714313032856504,-14826.938713585345,14827.534602226398,-0.067710522973357,-0.067710522973357,2.0,0.0,0.014657225606752197,0.014657225606752197,-3.110656865267757,-14822.359393451523,-14825.470050316791
84,10,0.3594049763538052,-6.698836029461249,3.0,1.0,0.9671859435098283,-14826.938713585345,14827.071274946686,0.0,0.04795378805465589,1.0,0.0,0.014657225606752197,0.014657225606752197,-3.110656865267757,-14822.359393451523,-14825.470050316791
85,10,0.3574161604476583,-6.711489696256643,3.0,1.0,0.8874469501649368,-14827.117008985839,14828.093127999586,0.003779839689741493,0.26809548357050517,2.0,0.0,0.014657225606752197,0.014657225606752197,-3.1372294728736487,-14822.508667071234,-14825.645896544107
86,10,0.3568057076537694,-6.732179473480635,3.0,1.0,0.6059628205960599,-14828.834488830968,14829.923329729367,0.31587125054102216,0.8654410455637844,2.0,0.0,0.014657225606752197,0.014657225606752197,-3.1810227877444417,-14824.18159372661,-14827.362616514354
87,10,0.3537374054764084,-6.74730853251069,1.0,1.0,0.5062153491929954,-14831.832961906272,14831.838626715415,0.6807931089424528,0.6807931089424528,1.0,0.0,0.014657225606752197,0.014657225606752197,-3.21331688102596,-14827.14389522697,-14830.357212107994
88,10,0.35701332699696836,-6.734636689893602,1.0,1.0,1.0,-14829.122626588058,14831.248520292813,-0.6244964630095637,-0.6244964630095637,1.0,0.0,0.014657225606752197,0.014657225606752197,-3.1862523288324525,-14824.464760810612,-14827.651013139444
89,10,0.35701332699696836,-6.734636689893602,1.0,1.0,0.5635177948507893,-14829.122626588058,14830.812152378841,0.0,0.573556366851335,1.0,0.0,0.014657225606752197,0.014657225606752197,-3.1862523288324525,-14824.464760810612,-14827.651013139444
90,10,0.35818099748522353,-6.687219338752844,3.0,1.0,0.9728869847522971,-14827.096193812333,14829.052366401567,-0.38632602441612107,-0.38632602441612107,2.0,0.0,0.014657225606752197,0.014657225606752197,-3.0864028704688864,-14822.539625158499,-14825.626028028968
91,10,0.3562964006773262,-6.686672461903868,1.0,1.0,0.7853404019422711,-14827.550472868563,14827.635462732844,0.24163802214388852,0.24163802214388852,1.0,0.0,0.014657225606752197,0.014657225606752197,-3.085264395525952,-14822.992699256347,-14826.077963651873
92,10,0.36118008547295316,-6.690051945278295,3.0,1.0,0.7447435592636541,-14827.594632242608,14828.637373561323,-0.0016007151916710427,0.5463193162995594,2.0,0.0,0.014657225606752197,0.014657225606752197,-3.0923045083151814,-14823.035816452759,-14826.128120961073
93,10,0.3572936037278386,-6.670581240007537,3.0,1.0,0.8848845412986205,-14828.673303117932,14829.426652412305,0.21147126406503958,0.21147126406503958,2.0,0.0,0.014657225606752197,0.014657225606752197,-3.051899944237532,-14824.150138483432,-14827.20203842767
94,10,0.35779430093233594,-6.671752186343915,1.0,1.0,1.0,-14828.40488298345,14828.95929674266,-0.11634450225028559,-0.11634450225028559,1.0,0.0,0.014657225606752197,0.014657225606752197,-3.0543191153020124,-14823.879920208952,-14826.934239324255
95,10,0.359919551749075,-6.701745407537944,3.0,1.0,1.0,-14827.106955352254,14828.230809757844,-0.2583140781516704,-0.3794726360720233,2.0,0.0,0.014657225606752197,0.014657225606752197,-3.1167523630130796,-14822.522166839235,-14825.638919202249
96,10,0.35972309133491953,-6.696251181047241,3.0,1.0,0.9959418095773115,-14827.007703558253,14827.18155847559,-0.059144179029317456,-0.059731939079938456,1.0,0.0,0.014657225606752197,0.014657225606752197,-3.105248397153456,-14822.434179900438,-14825.539428297592
97,10,0.3566770152581154,-6.697691537806859,3.0,1.0,0.9645592148593222,-14827.024553417152,14827.311561065022,0.01888465553201968,0.06439651964865334,2.0,0.0,0.014657225606752197,0.014657225606752197,-3.1082613371133956,-14822.444259082393,-14825.552520419506
98,10,0.3586125698651144,-6.723097384864739,3.0,1.0,0.8511142154157124,-14827.988320274799,14828.198584034799,0.1932620640436653,0.19448957976783277,2.0,0.0,0.014657225606752197,0.014657225606752197,-3.1617463430754156,-14823.356939676445,-14826.51868601952
99,10,0.3565794454728116,-6.6904628141575095,3.0,1.0,0.8878395167536111,-14827.255579944642,14829.430470101632,-0.12687264325904835,0.3624386208721262,2.0,0.0,0.014657225606752197,0.014657225606752197,-3.093161205753533,-14822.690263805429,-14825.783425011183
100,10,0.3569289829262447,-6.70630125541939,3.0,1.0,1.0,-14827.006270450649,14827.188493478196,-0.13398405092630128,-0.15878052715561353,2.0,0.0,0.014657225606752197,0.014657225606752197,-3.126314418669431,-14822.408237473228,-14825.534551891897
101,10,0.35664166342941866,-6.685489974167215,3.0,1.0,0.8736174753728624,-14827.498531173407,14827.626814951227,0.20703072032119962,0.20703072032119962,2.0,0.0,0.014657225606752197,0.014657225606752197,-3.08280374374949,-14822.943650263102,-14826.026454006851
102,10,0.35577856750944775,-6.705603395047031,3.0,1.0,0.9445126815428551,-14827.315131993859,14828.19948287398,-0.04918708162040275,0.11282928288528637,1.0,0.0,0.014657225606752197,0.014657225606752197,-3.1248483660634903,-14822.717124112058,-14825.841972478122
103,10,0.35551746791512606,-6.725133493936338,3.0,1.0,0.8657876912284905,-14828.38176325282,14828.743986392341,0.14995824244579126,0.3056842700825655,1.0,0.0,0.014657225606752197,0.014657225606752197,-3.166060746728109,-14823.742214051317,-14826.908274798045
104,10,0.3613998939782164,-6.691242010994596,3.0,1.0,0.8314804333401339,-14827.67996532436,14830.516504460888,0.005448314603199833,0.6677664848903078,2.0,0.0,0.014657225606752197,0.014657225606752197,-3.0947863627476586,-14823.118931934745,-14826.213718297493
105,10,0.3598892109533054,-6.706236351977791,7.0,1.0,0.9811417845183684,-14827.223233322831,14828.005725158955,-0.17781498815020313,-0.17781498815020313,2.0,0.0,0.014657225606752197,0.014657225606752197,-3.1261780501380025,-14822.628982220722,-14825.755160270859
106,10,0.3553732215123918,-6.7143358265251605,3.0,1.0,0.889969276988106,-14827.729279448658,14828.134725508531,0.09875651388756523,0.1889373064350366,2.0,0.0,0.014657225606752197,0.014657225606752197,-3.1432283828157463,-14823.112380584615,-14826.25560896743
107,10,0.3530216406744237,-6.7266727553391945,1.0,1.0,0.5057799241619761,-14829.86189745793,14830.053106467485,0.6816536367914523,0.6816536367914523,1.0,0.0,0.014657225606752197,0.014657225606752197,-3.1693251090863397,-14825.215903997183,-14828.385229106269
108,10,0.36201259250646234,-6.699604616722823,3.0,1.0,1.0,-14828.06734944356,14829.658141051872,-0.3429081834274257,-0.7804132228466187,2.0,0.0,0.014657225606752197,0.014657225606752197,-3.1122663255282332,-14823.489570102896,-14826.601836428425
109,10,0.35549201707564576,-6.677912078314961,3.0,1.0,0.9652875391599757,-14828.639800048257,14828.876156684522,0.1099682064686931,-0.43533022277733835,2.0,0.0,0.014657225606752197,0.014657225606752197,-3.0670680093080596,-14824.099211483024,-14827.166279492332
110,10,0.35400199876288985,-6.712976436600919,7.0,1.0,1.0,-14828.399999772115,14829.049530967894,-0.1069087970390683,-0.19453000680550758,2.0,0.0,0.014657225606752197,0.014657225606752197,-3.1403621282659273,-14823.784226054942,-14826.924588183208
111,10,0.3612590963468767,-6.708720516495121,3.0,1.0,1.0,-14827.949748696288,14828.578859348405,-0.08082492262474261,-0.5103165180262295,2.0,0.0,0.014657225606752197,0.014657225606752197,-3.1314005296927903,-14823.351931928499,-14826.483332458192
112,10,0.3599040298184831,-6.703728687275527,1.0,1.0,1.0,-14827.148191175358,14827.729512230195,-0.381561272948602,-0.381561272948602,1.0,0.0,0.014657225606752197,0.014657225606752197,-3.1209124248675577,-14822.55922372312,-14825.680136147987
113,10,0.35754092463873294,-6.698065520561851,3.0,1.0,0.9983132570006853,-14826.855912402643,14827.083460671698,-0.1407538363673666,-0.1407538363673666,2.0,0.0,0.014657225606752197,0.014657225606752197,-3.1090439739449787,-14822.275910819635,-14825.38495479358
114,10,0.3584391467823388,-6.704305080068093,3.0,1.0,0.3804332374247817,-14826.880181936152,14829.576561938466,-0.007527933523306274,2.6748469767899223,2.0,0.0,0.014657225606752197,0.014657225606752197,-3.1221221849768037,-14822.28821213524,-14825.410334320217
115,10,0.358357504480378,-6.683658147934322,3.0,1.0,0.444414183148473,-14827.280647543823,14828.874024451414,0.07997473265277222,1.6009345408074296,2.0,0.0,0.014657225606752197,0.014657225606752197,-3.0789946371823715,-14822.731704740683,-14825.810699377866
116,10,0.35256134458262844,-6.7085674185110795,7.0,1.0,0.6280430974703008,-14829.436607859741,14829.479162312326,1.0794669669121504,1.0794669669121504,2.0,0.0,0.014657225606752197,0.014657225606752197,-3.1310784920973562,-14824.828267492394,-14827.959345984491
117,10,0.35725621623499254,-6.713920741660472,1.0,1.0,1.0,-14827.246789858644,14828.43573697416,-1.104043839031874,-1.104043839031874,1.0,0.0,0.014657225606752197,0.014657225606752197,-3.1423529862289596,-14822.633125706136,-14825.775478692365
118,10,0.35867922631267257,-6.691245637321671,7.0,1.0,0.6208950070816396,-14826.93690764612,14828.346617663135,-0.06011310876419884,1.128125306488073,2.0,0.0,0.014657225606752197,0.014657225606752197,-3.094793927532973,-14822.372561388382,-14825.467355315915
119,10,0.3576971650509556,-6.706238813553926,3.0,1.0,0.4038171549923468,-14826.917799627723,14829.246306022702,-0.0019059742171521066,2.2526202766021015,2.0,0.0,0.014657225606752197,0.014657225606752197,-3.1261832220753645,-14822.320852466424,-14825.4470356885
120,10,0.3583618640339782,-6.6984459474302875,3.0,1.0,0.9603911864844363,-14826.817247334773,14826.969187926927,-0.020116995146963745,0.06339439347539155,2.0,0.0,0.014657225606752197,0.014657225606752197,-3.1098402399253766,-14822.237464299802,-14825.347304539728
121,10,0.3549963580674417,-6.71843689602641,3.0,1.0,0.7072898329653304,-14828.102813045076,14828.569978579219,0.3805261520719796,0.3900281585902121,2.0,0.0,0.014657225606752197,0.014657225606752197,-3.1518866270827632,-14823.476779353672,-14826.628665980756
122,10,0.3613960559685864,-6.679822359696517,3.0,1.0,1.0,-14828.106589195952,14828.522408065517,-0.007030952034256188,-0.3633780676918832,2.0,0.0,0.014657225606752197,0.014657225606752197,-3.0710293541412206,-14823.569308205062,-14826.640337559204
123,10,0.3610603464682204,-6.684256478024456,1.0,1.0,1.0,-14827.730087984557,14828.239344215623,-0.08628671393853438,-0.08628671393853438,1.0,0.0,0.014657225606752197,0.014657225606752197,-3.0802384380714334,-14823.183194108617,-14826.263432546688
124,10,0.3556934084242324,-6.707035119012258,7.0,1.0,0.9914765870024668,-14827.370595055978,14827.917548300595,-0.07043910579159274,-0.07043910579159274,2.0,0.0,0.014657225606752197,0.014657225606752197,-3.127856631543016,-14822.769471700667,-14825.89732833221
125,10,0.3571805664278972,-6.707290611597989,3.0,1.0,1.0,-14826.991424992502,14827.226956308177,-0.17693331415466673,-0.20270607507336535,2.0,0.0,0.014657225606752197,0.014657225606752197,-3.1283936750878416,-14822.39162606777,-14825.520019742858
126,10,0.3583996831255052,-6.707282402329927,3.0,1.0,0.9117800270911713,-14826.95880861337,14827.295722844223,-0.006175719418024528,0.17302330309394165,2.0,0.0,0.014657225606752197,0.014657225606752197,-3.1283764182514657,-14822.360535984551,-14825.488912402803
127,10,0.36256527896865165,-6.696235813796192,3.0,1.0,0.6579434716726839,-14828.391141120286,14828.436424128293,0.7242697186629812,0.7242697186629812,2.0,0.0,0.014657225606752197,0.014657225606752197,-3.1052162631049165,-14823.821070710621,-14826.926286973725
128,10,0.3536633282668997,-6.705135985025578,3.0,1.0,0.9932431238116569,-14828.501575947243,14828.595574728626,0.020478897051361855,-0.6872375514158193,2.0,0.0,0.014657225606752197,0.014657225606752197,-3.123866711768248,-14823.901864619713,-14827.025731331481
129,10,0.3614616886725434,-6.719362075174695,3.0,1.0,0.9743097605930133,-14828.856120387421,14829.159387806509,0.08020266520543373,-0.743781441829924,2.0,0.0,0.014657225606752197,0.014657225606752197,-3.153842205355884,-14824.236105357058,-14827.389947562415
130,10,0.35885298717467606,-6.68970846083906,3.0,1.0,1.0,-14826.994393120181,14828.325204930763,-0.8221597136544005,-0.8221597136544005,2.0,0.0,0.014657225606752197,0.014657225606752197,-3.0915884428639995,-14822.4334656973,-14825.525054140164
131,10,0.3565609401859541,-6.7280853806755285,7.0,1.0,0.4975898918922515,-14828.414141007646,14829.612032768722,0.29947337382145633,1.4862116503463767,2.0,0.0,0.014657225606752197,0.014657225606752197,-3.172322995122073,-14823.769639941427,-14826.94196293655
132,10,0.35832344242203923,-6.7014864034337585,3.0,1.0,1.0,-14826.829154100646,14828.239906380037,-0.3086150899871427,-0.3086150899871427,2.0,0.0,0.014657225606752197,0.014657225606752197,-3.116209374967528,-14822.242954589025,-14825.359163963993
133,10,0.3568197280809958,-6.722152781884008,3.0,1.0,0.8788875138174266,-14827.840945483926,14827.949760638168,0.19567129983806808,0.19567129983806808,2.0,0.0,0.014657225606752197,0.014657225606752197,-3.15974618886778,-14823.209344473604,-14826.369090662472
134,10,0.35798337709301536,-6.706761097956656,3.0,1.0,0.5351463591917944,-14826.925716466378,14829.2405880768,-0.16848094879969722,1.3013934908212832,2.0,0.0,0.014657225606752197,0.014657225606752197,-3.127280713839106,-14822.328025942928,-14825.455306656768
135,10,0.3591590957438884,-6.67655336227662,3.0,1.0,0.4147583808834119,-14827.805539351048,14829.338217952922,0.18728740773440222,1.5823661950344103,2.0,0.0,0.014657225606752197,0.014657225606752197,-3.0642526647102515,-14823.27232280915,-14826.33657547386
136,10,0.35544713312844767,-6.692844990737647,3.0,1.0,0.8252959290410442,-14827.622228401644,14828.633151522634,0.18833328138680372,0.4345605103262642,1.0,0.0,0.014657225606752197,0.014657225606752197,-3.0981315783977204,-14823.050519638899,-14826.148651217296
137,10,0.3550467977883506,-6.702528765839694,3.0,1.0,0.9930406072522984,-14827.627383607305,14828.076337327966,-0.010098004328028765,0.021099209303429234,2.0,0.0,0.014657225606752197,0.014657225606752197,-3.1183950394432394,-14823.034905374894,-14826.153300414337
138,10,0.35360304548956684,-6.703838409957456,1.0,1.0,0.6475841467049268,-14828.549087231735,14828.91477742798,0.43450653755098756,0.43450653755098756,1.0,0.0,0.014657225606752197,0.014657225606752197,-3.1211426903540365,-14823.952022722686,-14827.07316541304
139,10,0.3557821556572123,-6.710773755167592,1.0,1.0,1.0,-14827.434674854987,14828.23358356273,-0.6100653681478434,-0.6100653681478434,1.0,0.0,0.014657225606752197,0.014657225606752197,-3.1357217284753998,-14822.825798126305,-14825.96151985478
140,10,0.35243346827378963,-6.695357646693235,3.0,1.0,0.5149872750979027,-14829.7870628611,14830.286702882733,1.2578870797751733,1.3443549360872566,1.0,0.0,0.014657225606752197,0.014657225606752197,-3.1033803436491825,-14825.206255361434,-14828.309635705084
141,10,0.3633539421775637,-6.714294795855715,3.0,1.0,0.9946893916450311,-14829.934082654841,14830.54303545395,0.01606010085924936,-0.9238853637889406,2.0,0.0,0.014657225606752197,0.014657225606752197,-3.143141843179302,-14825.327021522171,-14828.47016336535
142,10,0.3636438992056678,-6.715185550708197,1.0,1.0,0.8396045398492245,-14830.296518592539,14831.795666860386,0.17482428389303095,0.17482428389303095,1.0,0.0,0.014657225606752197,0.014657225606752197,-3.1450209528821342,-14825.687920485156,-14828.832941438039
143,10,0.3589034107618338,-6.7315225777054,3.0,1.0,0.9065210926212982,-14828.97357976663,14830.75838038992,-1.1528594258506928,-1.3691133122520114,1.0,0.0,0.014657225606752197,0.014657225606752197,-3.179625780085633,-14824.324676860873,-14827.504302640958
144,10,0.3563370480440223,-6.689915732893933,7.0,1.0,1.0,-14827.36278861572,14828.70640075878,-0.3105524874990806,-0.5243101259839023,2.0,0.0,0.014657225606752197,0.014657225606752197,-3.0920205308765425,-14822.798309796573,-14825.89033032745
145,10,0.351473441809335,-6.715451290392109,3.0,1.0,0.39506086869042845,-14830.658438673514,14831.870569118775,1.39794975622317,1.5336783854218083,2.0,0.0,0.014657225606752197,0.014657225606752197,-3.1455817030069944,-14826.034183520389,-14829.179765223396
146,10,0.355891670990301,-6.7120405440709145,1.0,1.0,1.0,-14827.442953409623,14829.325206434383,-1.447336299581366,-1.447336299581366,1.0,0.0,0.014657225606752197,0.014657225606752197,-3.1383898860886954,-14822.83154627985,-14825.969936165939
147,10,0.35871584725035105,-6.683253070096188,3.0,1.0,1.0,-14827.297222704414,14827.408273117482,-0.09242858742254612,-0.18198835528528434,2.0,0.0,0.014657225606752197,0.014657225606752197,-3.078152769816186,-14822.749562594588,-14825.827715364405
148,10,0.3581339472489651,-6.705444544194936,3.0,1.0,0.468600067039624,-14826.892518140672,14828.887366130037,-0.08723833590374852,1.6010414862721518,2.0,0.0,0.014657225606752197,0.014657225606752197,-3.1245147230752606,-14822.297779571729,-14825.422294294804
149,10,0.36153521357859436,-6.691912590310638,3.0,1.0,0.775895182049144,-14827.741456510365,14827.887951752848,0.38294957214930037,0.38294957214930037,2.0,0.0,0.014657225606752197,0.014657225606752197,-3.096185464203595,-14823.179186458152,-14826.275371922355
150,10,0.35638140040746524,-6.678242624235154,3.0,1.0,0.9595112310603345,-14828.168139041027,14828.81235156276,0.08257610140572069,-0.15889391638120287,2.0,0.0,0.014657225606752197,0.014657225606752197,-3.0677532003144847,-14823.62798310358,-14826.695736303895
51,11,0.3543438403383317,-6.711967859129235,1.0,1.0,0.6732039817377741,-14828.155042789233,14828.671318239762,0.3957069020398194,0.3957069020398194,1.0,0.0,0.017823728598669795,0.017823728598669795,-3.1382367509811417,-14823.5418303239,-14826.680067074882
52,11,0.35935356824036835,-6.701489913119368,3.0,1.0,0.9850305178533135,-14826.955719224836,14828.567465556986,-0.3975999025878991,-0.3975999025878991,2.0,0.0,0.013553695391959435,0.013553695391959435,-3.116216732384549,-14822.37077642428,-14825.486993156665
53,11,0.35677084169003986,-6.715723807632572,3.0,1.0,0.8857691371670599,-14827.404646478974,14827.704528221877,0.04894210413658584,0.1950325573761802,2.0,0.0,0.013553695391959435,0.013553695391959435,-3.1461568281229906,-14822.786573818563,-14825.932730646686
54,11,0.36063026293270445,-6.6810010577968235,7.0,1.0,0.7959598960653465,-14827.744637147893,14828.348554089067,0.1007819697024388,0.50501030745545,3.0,0.0,0.013553695391959435,0.013553695391959435,-3.073475437381774,-14823.203987288924,-14826.277462726306
55,11,0.3655597914842405,-6.679314604941774,3.0,1.0,0.5376458048650039,-14831.416359912548,14831.449565398756,1.4214744663968304,1.4214744663968304,2.0,0.0,0.013553695391959435,0.013553695391959435,-3.069976068543028,-14826.88504618874,-14829.955022257283
56,11,0.3539824757565661,-6.723912589797571,3.0,1.0,1.0,-14828.99878087399,14830.567859093082,-1.0704468386211374,-1.5636805340855062,2.0,0.0,0.013553695391959435,0.013553695391959435,-3.16347322005486,-14824.359871135093,-14827.523344355148
57,11,0.3590878566293749,-6.729519529599104,3.0,1.0,0.9436218420908639,-14828.78487077797,14830.566107289784,-0.12242288387642475,-0.4603402655284299,2.0,0.0,0.013553695391959435,0.013553695391959435,-3.1753686000549437,-14824.140451090188,-14827.315819690244
58,11,0.35735407076838815,-6.688190297975487,3.0,1.0,1.0,-14827.158229229652,14829.093359086764,-0.3582910089917277,-0.3582910089917277,2.0,0.0,0.013553695391959435,0.013553695391959435,-3.0884249266766637,-14822.598614748345,-14825.687039675022
59,11,0.3612224767989778,-6.69358668049597,3.0,1.0,0.6645707578430184,-14827.568658080443,14828.60874105434,0.18316408324426448,0.7033156230481836,2.0,0.0,0.013553695391959435,0.013553695391959435,-3.099680260470961,-14823.00251753949,-14826.10219779996
60,11,0.3544389375012509,-6.709334804104843,3.0,1.0,0.9560765324359165,-14828.029996090037,14828.162446120043,0.14129908627182886,-0.21803247796742653,2.0,0.0,0.013553695391959435,0.013553695391959435,-3.1326929032718818,-14823.422448513316,-14826.555141416588
61,11,0.3568487970342912,-6.754235798358059,3.0,1.0,0.31893758319532534,-14832.245513250358,14835.250236841179,0.4117319425513415,2.056217082832518,2.0,0.0,0.013553695391959435,0.013553695391959435,-3.228180036340226,-14827.545514659349,-14830.773694695688
62,11,0.3569052418200606,-6.7576370700755675,3.0,1.0,0.9671604839758937,-14832.918424917361,14833.550958621146,0.10371581122853968,-0.7858873998993658,2.0,0.0,0.013553695391959435,0.013553695391959435,-3.235495376751298,-14828.211181382361,-14831.446676759113
63,11,0.3541593412117835,-6.7188416132285385,3.0,1.0,0.5641688012647089,-14828.563592091477,14835.479699801084,-0.45514397845727217,1.4051285116984218,2.0,0.0,0.013553695391959435,0.013553695391959435,-3.152741984371008,-14823.935639292557,-14827.088381276928
64,11,0.36189148618363265,-6.701587779076871,3.0,1.0,0.992773406500305,-14828.039847220143,14829.02905420281,0.02191823973589635,-0.32829927625789423,2.0,0.0,0.013553695391959435,0.013553695391959435,-3.1164218955107503,-14823.457767524866,-14826.574189420377
65,11,0.35677964127877965,-6.6840085216143965,3.0,1.0,0.7677843067037934,-14827.550856661202,14829.306612153676,-0.28120698096427077,0.6543416600070486,2.0,0.0,0.013553695391959435,0.013553695391959435,-3.079722946039447,-14822.999228866685,-14826.078951812724
66,11,0.3528353916711903,-6.693893027483254,3.0,1.0,0.40958144363518173,-14829.462548429321,14831.557806063396,0.8869064128848549,1.6138144851774996,2.0,0.0,0.013553695391959435,0.013553695391959435,-3.100320087496487,-14824.88532009945,-14827.985640186947
67,11,0.35502181411867373,-6.7068955690882905,3.0,1.0,0.9381947385187065,-14827.667208528555,14829.141578197785,-0.8073533271162887,-1.0500299694613204,1.0,0.0,0.013553695391959435,0.013553695391959435,-3.127563326188513,-14823.065530376096,-14826.193093702284
68,11,0.3584885673066314,-6.694328354554507,3.0,1.0,0.9810823440288571,-14826.859407482947,14827.76397778649,-0.30170275830278115,-0.30170275830278115,1.0,0.0,0.013553695391959435,0.013553695391959435,-3.1012294598485637,-14822.28839124002,-14825.389620699867
69,11,0.3589457967731014,-6.709013371039069,3.0,1.0,0.6264808293377112,-14827.094288229562,14828.050160307692,0.07331620499826386,0.7512879538753623,2.0,0.0,0.013553695391959435,0.013553695391959435,-3.1320166068473956,-14822.493046471684,-14825.62506307853
70,11,0.359902469331249,-6.697514223518009,7.0,1.0,0.9730699427922433,-14827.054891581944,14827.439981811613,0.016170337119547185,0.08085856729667285,2.0,0.0,0.013553695391959435,0.013553695391959435,-3.107890318898173,-14822.478944337714,-14825.586834656613
71,11,0.35934064480056854,-6.718490275388929,3.0,1.0,0.8226620913760124,-14827.767675073457,14828.479228270951,0.1633685452343343,0.26946305047385977,1.0,0.0,0.013553695391959435,0.013553695391959435,-3.151999433337255,-14823.146933780577,-14826.298933213915
72,11,0.3571772714149989,-6.703641371179154,3.0,1.0,0.7703877594004824,-14826.919493063067,14828.485453503094,-0.22408513162008603,0.5652354838439351,2.0,0.0,0.013553695391959435,0.013553695391959435,-3.120729190743266,-14822.327354523439,-14825.448083714182
73,11,0.35641148340730927,-6.703910405846705,1.0,1.0,0.9363456708234027,-14827.086865770903,14827.105709578638,0.06577056424612238,0.06577056424612238,1.0,0.0,0.013553695391959435,0.013553695391959435,-3.1212937884307648,-14822.493206912644,-14825.614500701075
74,11,0.3582027668121044,-6.706955187945777,7.0,1.0,0.9291228713173402,-14826.936570125317,14827.411663190816,-0.06914977473388717,0.1790507005607651,3.0,0.0,0.013553695391959435,0.013553695391959435,-3.1276886304318077,-14822.338742568376,-14825.466431198807
75,11,0.35693075339196023,-6.717423953343165,3.0,1.0,0.94125054207827,-14827.484778146101,14827.624907022888,0.08991635752136062,0.09459204399900045,2.0,0.0,0.013553695391959435,0.013553695391959435,-3.149746522057525,-14822.863315272407,-14826.013061794465
76,11,0.35684767666368433,-6.708001419541527,3.0,1.0,0.7140122671085484,-14827.063360923012,14828.50827673873,-0.05163589756011788,0.6651495112619159,2.0,0.0,0.013553695391959435,0.013553695391959435,-3.129888131608606,-14822.461652839105,-14825.591540970714
77,11,0.3582678905159112,-6.707797897925676,7.0,1.0,0.93919779152944,-14826.967245317986,14827.452096220744,-0.023275951696632546,0.13379700587211119,3.0,0.0,0.013553695391959435,0.013553695391959435,-3.1294601807086155,-14822.367726525068,-14825.497186705777
78,11,0.3599451938122121,-6.701066276983649,3.0,1.0,0.9306145642975793,-14827.102526352845,14827.290896921166,0.09183131423378654,0.10879658647536417,1.0,0.0,0.013553695391959435,0.013553695391959435,-3.115328745329904,-14822.519192637355,-14825.634521382686
79,11,0.36028703526869904,-6.684520055004663,3.0,1.0,0.8289359146183696,-14827.452229633747,14828.964666677935,0.0046187382667994825,0.4091915168100968,2.0,0.0,0.013553695391959435,0.013553695391959435,-3.0807864720942906,-14822.903853220783,-14825.984639692877
80,11,0.3598284738485163,-6.690259855452295,3.0,1.0,0.643087083813036,-14827.122019088687,14831.864173170603,-0.04961243621983158,0.8147600149186474,2.0,0.0,0.013553695391959435,0.013553695391959435,-3.0927379980578444,-14822.561134139096,-14825.653872137154
81,11,0.3581040973088262,-6.703870698166457,3.0,1.0,0.6822847319187094,-14826.85823977887,14828.044377500595,-0.0732762203188031,0.6959877309491276,2.0,0.0,0.013553695391959435,0.013553695391959435,-3.1212104531135414,-14822.266768631735,-14825.387979084848
82,11,0.3618282066599152,-6.701577000024725,3.0,1.0,0.7275038499799419,-14827.99926905007,14828.086668799933,0.4979070198987756,0.4979070198987756,2.0,0.0,0.013553695391959435,0.013553695391959435,-3.116399298174287,-14823.417136241533,-14826.533535539707
83,11,0.36031061416251026,-6.717447349634946,3.0,1.0,0.7438929740741905,-14828.04738315349,14830.251839476074,-0.11295205921851448,0.6474953460110555,2.0,0.0,0.013553695391959435,0.013553695391959435,-3.1497959412366736,-14823.430025854756,-14826.579821795993
84,11,0.36006119421973676,-6.7195879402403405,1.0,1.0,1.0,-14828.117841498495,14828.48598520377,-0.008843860490742372,-0.008843860490742372,1.0,0.0,0.013553695391959435,0.013553695391959435,-3.154319752953236,-14823.495657744339,-14826.649977497293
85,11,0.3571981785763741,-6.697766732913307,3.0,1.0,0.6042955233355857,-14826.908600685523,14829.49090991148,-0.3558984492592572,1.1124601914270897,2.0,0.0,0.013553695391959435,0.013553695391959435,-3.108418687306341,-14822.328798657509,-14825.437217344816
86,11,0.36338053395840203,-6.726341169491926,3.0,1.0,0.35670153381417785,-14831.243475514131,14832.084547034965,1.644273370890005,1.644273370890005,2.0,0.0,0.013553695391959435,0.013553695391959435,-3.168621703833986,-14826.610965932945,-14829.779587636778
87,11,0.3633773218021054,-6.69373130785617,3.0,1.0,0.9521899462654365,-14829.008791524888,14832.897989287352,-0.8095746451854211,-0.8095746451854211,1.0,0.0,0.013553695391959435,0.013553695391959435,-3.099982313094098,-14824.444917540386,-14827.54489985348
88,11,0.3589142045140565,-6.705210364907033,3.0,1.0,1.0,-14826.955760474288,14828.56549428831,-0.8438895722047164,-0.8438895722047164,1.0,0.0,0.013553695391959435,0.013553695391959435,-3.124022909741623,-14822.362473676143,-14825.486496585885
89,11,0.3569847957118744,-6.700536691436876,3.0,1.0,0.9997020567768304,-14826.933786881213,14826.984013268826,0.0008942293734435225,-0.04468085671032895,2.0,0.0,0.013553695391959435,0.013553695391959435,-3.114218929283,-14822.347918955615,-14825.462137884897
90,11,0.3569716984755915,-6.693332299930616,7.0,1.0,0.9713599439138587,-14827.04289926511,14827.16527565176,0.03984871055399708,0.07556978871798492,2.0,0.0,0.013553695391959435,0.013553695391959435,-3.0991490402571307,-14822.47208490763,-14825.571233947887
91,11,0.358282649404635,-6.7198857887395285,3.0,1.0,0.9424478986058319,-14827.659465090606,14827.771599733733,0.08099323451642704,0.08182753891560424,2.0,0.0,0.013553695391959435,0.013553695391959435,-3.1549495734648607,-14823.03447510042,-14826.189424673885
92,11,0.35851556160089515,-6.714330714006155,1.0,1.0,1.0,-14827.300107507292,14827.643609217841,-0.058675012303865515,-0.058675012303865515,1.0,0.0,0.013553695391959435,0.013553695391959435,-3.1432175996793923,-14822.687136341894,-14825.830353941574
93,11,0.3587658177973232,-6.695956115669843,7.0,1.0,0.9711487110079398,-14826.852641030991,14827.68862190472,-0.10141532687521249,-0.10635186102081207,2.0,0.0,0.013553695391959435,0.013553695391959435,-3.1046314350822675,-14822.278563624519,-14825.383195059601
94,11,0.3582367794926679,-6.704984909199595,7.0,1.0,0.9896911618348886,-14826.884642147053,14826.967779335411,0.0047498470139544224,0.019857621540722903,3.0,0.0,0.013553695391959435,0.013553695391959435,-3.123549469112576,-14822.290995703235,-14825.414545172347
95,11,0.35661295625298456,-6.692540779719822,3.0,1.0,0.8996126151718199,-14827.164977704879,14827.4014634295,0.12119796391561977,0.17611692368154763,1.0,0.0,0.013553695391959435,0.013553695391959435,-3.097496530992653,-14822.59536813086,-14825.692864661853
96,11,0.36236358340144154,-6.6750171186947815,3.0,1.0,0.7455455024305594,-14828.927744408242,14829.420173568218,0.4036977580526582,0.42117980213515693,2.0,0.0,0.013553695391959435,0.013553695391959435,-3.0610716956223203,-14824.401578477435,-14827.462650173056
97,11,0.3589665156812896,-6.707258636718023,7.0,1.0,1.0,-14827.029361140774,14828.62008108493,-0.473097105998022,-0.473097105998022,3.0,0.0,0.013553695391959435,0.013553695391959435,-3.1283264605507553,-14822.431834928499,-14825.560161389049
98,11,0.3589665156812896,-6.707258636718023,1.0,1.0,0.278144258164609,-14827.029361140774,14828.846883996406,0.0,1.2796153856197634,1.0,0.0,0.013553695391959435,0.013553695391959435,-3.1283264605507553,-14822.431834928499,-14825.560161389049
99,11,0.35681651737482384,-6.699368600882545,3.0,1.0,0.9865443380077289,-14826.973752285587,14827.315869073733,-0.0007494386863982072,0.03833330264023971,2.0,0.0,0.013553695391959435,0.013553695391959435,-3.1117720336778953,-14822.390121424205,-14825.501893457884
100,11,0.35768041567121595,-6.698953290652784,1.0,1.0,1.0,-14826.837080168501,14826.922851411666,-0.05699072255993087,-0.05699072255993087,1.0,0.0,0.013553695391959435,0.013553695391959435,-3.1109023778943334,-14822.255393101435,-14825.366295479329
101,11,0.3595647724815905,-6.684646465344301,3.0,1.0,0.9579523342753093,-14827.28837534214,14827.295984785007,0.07963949571603735,0.07963949571603735,2.0,0.0,0.013553695391959435,0.013553695391959435,-3.0810493314072454,-14822.738857775727,-14825.819907107134
102,11,0.3569864987861085,-6.700366912054471,3.0,1.0,0.9589945436076944,-14826.933572272914,14827.414582687577,-0.039715626582619734,0.07747025542084884,2.0,0.0,0.013553695391959435,0.013553695391959435,-3.113863193664311,-14822.348062205063,-14825.461925398728
103,11,0.3569864987861085,-6.700366912054471,3.0,1.0,0.18647774061246217,-14826.933572272914,14833.205578789279,0.0,3.770586341857779,2.0,0.0,0.013553695391959435,0.013553695391959435,-3.113863193664311,-14822.348062205063,-14825.461925398728
104,11,0.3602545408363616,-6.690072006648514,3.0,1.0,0.9241668064712423,-14827.24097314354,14827.327144165365,0.07890083921120095,0.10805468074977398,2.0,0.0,0.013553695391959435,0.013553695391959435,-3.092346334101247,-14822.680997468142,-14825.773343802242
105,11,0.3552216037925898,-6.714265341306616,3.0,1.0,0.9364334456364448,-14827.789768656396,14828.04488350904,0.14368526031103102,0.14368526031103102,2.0,0.0,0.013553695391959435,0.013553695391959435,-3.1430797202987093,-14823.17282689488,-14826.315906615178
106,11,0.35957798239754984,-6.696886217447229,3.0,1.0,0.8959737114893231,-14826.972085239688,14827.967766095953,-0.2082251890515181,0.23378549167864549,2.0,0.0,0.013553695391959435,0.013553695391959435,-3.106576511336256,-14822.39705660462,-14825.503633115955
107,11,0.35989117974599527,-6.67084148699839,3.0,1.0,0.5297179283663408,-14828.428043262244,14829.715624884599,0.22963296229863772,1.0224285004769627,2.0,0.0,0.013553695391959435,0.013553695391959435,-3.0524374951134643,-14823.907535109985,-14826.959972605098
108,11,0.3597673068818578,-6.680898719899523,1.0,1.0,1.0,-14827.5399388501,14828.290267740986,-0.153107052687119,-0.153107052687119,1.0,0.0,0.013553695391959435,0.013553695391959435,-3.0732630064517243,-14822.998454431643,-14826.071717438095
109,11,0.35829857962986605,-6.68527528454835,3.0,1.0,0.9741536436994879,-14827.189378707495,14827.921955757762,-0.06012021868809825,-0.12388303263469425,2.0,0.0,0.013553695391959435,0.013553695391959435,-3.0823571437328656,-14822.637000784112,-14825.719357927845
110,11,0.36026627572866055,-6.6962147057859465,3.0,1.0,0.7919578386338473,-14827.166389021644,14829.102195789803,0.0765465579170268,0.4378617008187575,2.0,0.0,0.013553695391959435,0.013553695391959435,-3.1051721250929947,-14822.593601785382,-14825.698773910475
111,11,0.36026627572866055,-6.6962147057859465,3.0,1.0,0.7647227814432659,-14827.166389021644,14828.101056163865,0.0,0.3350265022709209,1.0,0.0,0.013553695391959435,0.013553695391959435,-3.1051721250929947,-14822.593601785382,-14825.698773910475
112,11,0.3583640974064273,-6.715249683897108,3.0,1.0,0.9371139431755338,-14827.338223786513,14827.953632256238,-0.03470668536465382,0.20268738563754596,2.0,0.0,0.013553695391959435,0.013553695391959435,-3.1451562769526573,-14822.723127465926,-14825.868283742879
113,11,0.35972400037155877,-6.7014418252918375,3.0,1.0,0.9741546648737917,-14827.044545404016,14827.689273043821,-0.010129873027835856,0.0807069340498856,2.0,0.0,0.013553695391959435,0.013553695391959435,-3.116115926079281,-14822.460155324561,-14825.57627125064
114,11,0.358731551429338,-6.699091447469798,3.0,1.0,0.9857677681629834,-14826.839504839078,14827.051352899483,-0.08711325399781344,-0.08711325399781344,2.0,0.0,0.013553695391959435,0.013553695391959435,-3.111191657847245,-14822.258825130202,-14825.370016788049
115,11,0.36209266477446234,-6.692594589399739,3.0,1.0,0.7183898662313534,-14828.058648094364,14828.161887025108,0.4729401722233888,0.4729401722233888,1.0,0.0,0.013553695391959435,0.013553695391959435,-3.0976088531839108,-14823.495621872527,-14826.593230725712
116,11,0.36209266477446234,-6.692594589399739,1.0,1.0,0.6150148915535752,-14828.058648094364,14829.129682414612,0.0,0.4861087975605187,1.0,0.0,0.013553695391959435,0.013553695391959435,-3.0976088531839108,-14823.495621872527,-14826.593230725712
117,11,0.3632946538976945,-6.694783597168344,1.0,1.0,0.6767626131807,-14828.947492953856,14829.390323916317,0.390434712788192,0.390434712788192,1.0,0.0,0.013553695391959435,0.013553695391959435,-3.10218063729686,-14824.381322965886,-14827.483503603184
118,11,0.3625655819236648,-6.687821636219565,3.0,1.0,0.9168189399469296,-14828.432166930534,14829.344160959648,-0.29380544779451157,-0.6662443464447279,1.0,0.0,0.013553695391959435,0.013553695391959435,-3.087657064780303,-14823.879656079507,-14826.967313144287
119,11,0.35524698810077315,-6.683038002132123,3.0,1.0,1.0,-14828.316294327567,14828.797358779231,-0.017704960413539084,-0.5221749771390023,2.0,0.0,0.013553695391959435,0.013553695391959435,-3.077705863888257,-14823.764758510575,-14826.842464374464
120,11,0.3612180389524226,-6.720095606851637,3.0,1.0,0.9581010820353488,-14828.768931596129,14828.97338904943,0.13432799999645795,-0.5051453463202051,2.0,0.0,0.013553695391959435,0.013553695391959435,-3.1553933011120967,-14824.147072676207,-14827.30246597732
121,11,0.3543059931269766,-6.708101208704952,3.0,1.0,1.0,-14828.087711953522,14828.939605021982,-0.21311727402280667,-0.6668207786569837,2.0,0.0,0.013553695391959435,0.013553695391959435,-3.1300979763571646,-14823.482590064325,-14826.612688040681
122,11,0.3560179377909837,-6.706496010144065,1.0,1.0,1.0,-14827.243742844827,14827.845667999329,-0.32633851249556756,-0.32633851249556756,1.0,0.0,0.013553695391959435,0.013553695391959435,-3.1267236428370637,-14822.644160632664,-14825.770884275502
123,11,0.3560179377909837,-6.706496010144065,1.0,1.0,0.47489203909807953,-14827.243742844827,14828.337008962812,0.0,0.7446677868902043,1.0,0.0,0.013553695391959435,0.013553695391959435,-3.1267236428370637,-14822.644160632664,-14825.770884275502
124,11,0.35633706723033703,-6.709071522908543,3.0,1.0,1.0,-14827.209199076678,14827.342838717399,-0.036290214706241386,-0.11799670906293613,2.0,0.0,0.013553695391959435,0.013553695391959435,-3.1321389509525055,-14822.604601861492,-14825.736740812445
125,11,0.35525488561695295,-6.693192041635733,3.0,1.0,0.7425458313701863,-14827.708013356652,14828.487234617842,0.2631299680178927,0.5226438921308727,2.0,0.0,0.013553695391959435,0.013553695391959435,-3.0988561680357836,-14823.135337217347,-14826.234193385382
126,11,0.35606810429045416,-6.7061171845075735,3.0,1.0,0.9232126948726083,-14827.220556345721,14828.230018509294,-0.23609785058033594,0.261834894605272,2.0,0.0,0.013553695391959435,0.013553695391959435,-3.1259276784986842,-14822.621833094508,-14825.747760773007
127,11,0.35905092227367663,-6.718536466293106,3.0,1.0,0.9739588760407892,-14827.693163105183,14827.86357384267,0.0813438733566727,-0.1006960816175706,2.0,0.0,0.013553695391959435,0.013553695391959435,-3.1520970505698,-14823.071969731693,-14826.224066782263
128,11,0.3569776878610335,-6.671253414833694,3.0,1.0,0.8868444754345418,-14828.694840608463,14829.259487366977,0.2416175906182616,0.2416175906182616,2.0,0.0,0.013553695391959435,0.013553695391959435,-3.0532884874632082,-14824.16989426757,-14827.223182755033
129,11,0.36157442028779097,-6.679669535696149,3.0,1.0,1.0,-14828.1970703674,14829.002853393404,-0.13928322755054978,-0.13928322755054978,2.0,0.0,0.013553695391959435,0.013553695391959435,-3.0707123091742514,-14823.660320499726,-14826.7310328089
130,11,0.36157442028779097,-6.679669535696149,1.0,1.0,0.5243807592239057,-14828.1970703674,14829.317729454717,0.0,0.6455372187956527,1.0,0.0,0.013553695391959435,0.013553695391959435,-3.0707123091742514,-14823.660320499726,-14826.7310328089
131,11,0.35607955783866335,-6.706862329348389,3.0,1.0,1.0,-14827.230461501827,14828.217264758581,-0.22024412387509074,-0.22024412387509074,2.0,0.0,0.013553695391959435,0.013553695391959435,-3.1274934659358737,-14822.630186842343,-14825.75768030828
132,11,0.35767172111454726,-6.69641450912498,3.0,1.0,0.9848457478665965,-14826.85860264153,14827.363278191417,-0.12006113817005826,-0.12006113817005826,2.0,0.0,0.013553695391959435,0.013553695391959435,-3.105589942730806,-14822.282217237256,-14825.387807179986
133,11,0.3574176164092397,-6.6985286561654815,3.0,1.0,0.9820715599758811,-14826.868255111041,14826.945198852749,0.006125942818471231,0.029175424311688403,2.0,0.0,0.013553695391959435,0.013553695391959435,-3.1100133755363855,-14822.287131101544,-14825.397144477081
134,11,0.3588946139942076,-6.701228669599795,3.0,1.0,0.9995384225821327,-14826.873725321904,14826.874244235021,0.001385691881296225,-0.022308288243948482,2.0,0.0,0.013553695391959435,0.013553695391959435,-3.11566911656497,-14822.288768290586,-14825.40443740715
135,11,0.3588946139942076,-6.701228669599795,3.0,1.0,0.5528191101955805,-14826.873725321904,14828.489078619787,0.0,0.9862069697355764,2.0,0.0,0.013553695391959435,0.013553695391959435,-3.11566911656497,-14822.288768290586,-14825.40443740715
136,11,0.35965786871397426,-6.707106010245859,3.0,1.0,0.9393702755929567,-14827.184575761245,14827.221248623,0.11378117853746517,0.11378117853746517,2.0,0.0,0.013553695391959435,0.013553695391959435,-3.128005637853764,-14822.58821539396,-14825.716221031815
137,11,0.35660225329667805,-6.685127306774137,3.0,1.0,0.9690252688532702,-14827.535068408752,14827.629244515836,0.09752925291104475,0.09752925291104475,2.0,0.0,0.013553695391959435,0.013553695391959435,-3.0820493453589624,-14822.980892642301,-14826.06294198766
138,11,0.35660225329667805,-6.685127306774137,7.0,1.0,0.35723956865886336,-14827.535068408752,14832.230759578279,0.0,1.834550299012335,2.0,0.0,0.013553695391959435,0.013553695391959435,-3.0820493453589624,-14822.980892642301,-14826.06294198766
139,11,0.35977654981543505,-6.7107478513448875,3.0,1.0,1.0,-14827.388829138015,14827.60420759988,-0.035799465113086626,-0.2297410600240255,2.0,0.0,0.013553695391959435,0.013553695391959435,-3.135667185629362,-14822.784951794534,-14825.920618980164
140,11,0.3599704010324177,-6.703356264911565,3.0,1.0,0.9809684512748252,-14827.159595113506,14827.518842539193,-0.05371400787407765,-0.0948243817929324,1.0,0.0,0.013553695391959435,0.013553695391959435,-3.120130944098804,-14822.57148984383,-14825.691620787928
141,11,0.3599704010324177,-6.703356264911565,3.0,1.0,0.9095337673418173,-14827.159595113506,14827.55872145065,0.0,0.13757895699927758,1.0,0.0,0.013553695391959435,0.013553695391959435,-3.120130944098804,-14822.57148984383,-14825.691620787928
142,11,0.3599704010324177,-6.703356264911565,1.0,1.0,0.024191696420596737,-14827.159595113506,14832.133328654365,0.0,3.721745827815539,1.0,0.0,0.013553695391959435,0.013553695391959435,-3.120130944098804,-14822.57148984383,-14825.691620787928
143,11,0.3578094688262017,-6.686149656034861,3.0,1.0,0.8808223504019077,-14827.18713909398,14827.75550703988,-0.05456808092094434,0.2503446873452049,2.0,0.0,0.013553695391959435,0.013553695391959435,-3.0841763105827416,-14822.632337897365,-14825.716514207948
144,11,0.3564658542433915,-6.7075346049409195,3.0,1.0,0.9049337150120055,-14827.134458456423,14828.134007613515,0.010443424087497988,0.1657810968135891,1.0,0.0,0.013553695391959435,0.013553695391959435,-3.128906608244105,-14822.533254833144,-14825.662161441389
145,11,0.3595164986958993,-6.706113145158982,3.0,1.0,0.9917698080947019,-14827.109248833873,14827.326022459332,0.019774245572989457,-0.06655233190213039,2.0,0.0,0.013553695391959435,0.013553695391959435,-3.1259191920495426,-14822.514802515336,-14825.640721707385
146,11,0.3553506482238727,-6.703234305626064,3.0,1.0,0.8895684078884983,-14827.477578854197,14828.012712632419,0.15039253842223843,0.1817031234750175,2.0,0.0,0.013553695391959435,0.013553695391959435,-3.1198750582608046,-14822.88400480974,-14826.003879868002
147,11,0.3571430899651548,-6.689575240492413,3.0,1.0,0.9644909218307461,-14827.139739009357,14827.827030409419,-0.15539453861310903,-0.15539453861310903,1.0,0.0,0.013553695391959435,0.013553695391959435,-3.091310748826256,-14822.576976380804,-14825.66828712963
148,11,0.3571430899651548,-6.689575240492413,3.0,1.0,0.29065871656785375,-14827.139739009357,14831.085042003468,0.0,2.215612613936173,2.0,0.0,0.013553695391959435,0.013553695391959435,-3.091310748826256,-14822.576976380804,-14825.66828712963
149,11,0.36034418960197334,-6.685252242313792,3.0,1.0,0.9822547152898293,-14827.434903344982,14827.634325610987,0.04270045425801072,-0.07459045564428379,2.0,0.0,0.013553695391959435,0.013553695391959435,-3.082309213728752,-14822.885073465648,-14825.967382679377
150,11,0.36034418960197334,-6.685252242313792,1.0,1.0,0.12068174629608543,-14827.434903344982,14830.580122638821,0.0,2.1145983943279134,1.0,0.0,0.013553695391959435,0.013553695391959435,-3.082309213728752,-14822.885073465648,-14825.967382679377
51,12,0.3577124756954629,-6.710005658031725,1.0,1.0,3.4518279206954585e-8,-14827.040461121736,14827.95370654346,0.0,17.181776821134918,1.0,0.0,0.03687996283381821,0.03687996283381821,-3.1341047153912465,-14822.43561143218,-14825.569716147571
52,12,0.36323528545584627,-6.694395078851583,3.0,1.0,0.601541798753943,-14828.894297434206,14829.09561958727,0.8471867595817457,0.9291093693846051,2.0,0.0,0.013864788595264289,0.013864788595264289,-3.101368859684908,-14824.328869032568,-14827.430237892253
53,12,0.3569785633437431,-6.71672945105991,3.0,1.0,0.9025383268943946,-14827.4353587492,14829.701207132222,-0.7809074421365949,-0.7809074421365949,1.0,0.0,0.013864788595264289,0.013864788595264289,-3.1482797981599937,-14822.81542218858,-14825.96370198674
54,12,0.3594576030997537,-6.719703244995411,7.0,1.0,0.8790155767342359,-14827.903417937709,14828.065447904271,0.19725524097520974,0.3025744746464625,3.0,0.0,0.013864788595264289,0.013864788595264289,-3.154563562022099,-14823.280255367554,-14826.434818929576
55,12,0.3591445327849895,-6.689843970469564,3.0,1.0,1.0,-14827.015825935501,14827.910994440199,-0.26456058592521003,-0.26456058592521003,2.0,0.0,0.013864788595264289,0.013864788595264289,-3.0918709270568265,-14822.454973307566,-14825.546844234623
56,12,0.3565289897805938,-6.712646923825771,3.0,1.0,0.8774985938319019,-14827.294626630854,14827.594223006401,0.06640384923230158,0.18378957592722145,2.0,0.0,0.013864788595264289,0.013864788595264289,-3.1396676334681475,-14822.682740969585,-14825.822408603053
57,12,0.35738626229453413,-6.7041327290994195,3.0,1.0,0.46971723980440155,-14826.89918934925,14829.393891913118,-0.08260727754714026,1.667300193441406,2.0,0.0,0.013864788595264289,0.013864788595264289,-3.1217604118968607,-14822.306279368242,-14825.42803978014
58,12,0.3624513069864646,-6.685517465671416,3.0,1.0,0.6063852828835837,-14828.417703070867,14829.196474681257,0.5447628132606042,0.6824676913347503,2.0,0.0,0.013864788595264289,0.013864788595264289,-3.082860935247578,-14823.869852372685,-14826.952713307934
59,12,0.3578758417575216,-6.709878447391358,3.0,1.0,1.0,-14827.033313959482,14828.131612067122,-0.514702194614074,-0.514702194614074,2.0,0.0,0.013864788595264289,0.013864788595264289,-3.1338369660142553,-14822.428934228912,-14825.562771194926
60,12,0.3578758417575216,-6.709878447391358,3.0,1.0,0.8430615196496146,-14827.033313959482,14828.060718814799,0.0,0.2818674866739457,1.0,0.0,0.013864788595264289,0.013864788595264289,-3.1338369660142553,-14822.428934228912,-14825.562771194926
61,12,0.35633376488610197,-6.700302687321655,3.0,1.0,0.8717875117768007,-14827.10017217547,14827.956955942736,0.07903411541337846,0.25397917919144675,2.0,0.0,0.013864788595264289,0.013864788595264289,-3.113728632276792,-14822.513981141978,-14825.627709774255
62,12,0.35691099750395683,-6.692651673219556,3.0,1.0,0.9631942906706366,-14827.078671509425,14827.363875788975,-0.017340145206617308,0.07305990683744312,2.0,0.0,0.013864788595264289,0.013864788595264289,-3.097728012971718,-14822.509202514702,-14825.606930527674
63,12,0.35306063886381517,-6.694985513865767,1.0,1.0,0.38531449322746775,-14829.205567664232,14829.334773419621,0.9536954126215278,0.9536954126215278,1.0,0.0,0.013864788595264289,0.013864788595264289,-3.102602585520912,-14824.626346911393,-14827.728949496914
64,12,0.35306063886381517,-6.694985513865767,3.0,1.0,0.4967525827555759,-14829.205567664232,14832.213324447974,0.0,1.0156406036294356,1.0,0.0,0.013864788595264289,0.013864788595264289,-3.102602585520912,-14824.626346911393,-14827.728949496914
65,12,0.35293039978039464,-6.700152424977921,3.0,1.0,0.8931719501836852,-14829.155802906804,14830.244259421526,-0.038597913217017776,-0.4676607305518701,1.0,0.0,0.013864788595264289,0.013864788595264289,-3.1134138240460945,-14824.565603256995,-14827.679017081042
66,12,0.3592163452030367,-6.700467752509498,3.0,1.0,0.9903782880415011,-14826.915359468092,14828.343721477533,-0.9812318280819454,-0.9812318280819454,2.0,0.0,0.013864788595264289,0.013864788595264289,-3.114074479339938,-14822.332391158578,-14825.446465637917
67,12,0.35748747640244494,-6.711765881773601,3.0,1.0,0.917002630395333,-14827.124912451296,14827.833471234526,0.011268765159911709,0.18758024514136196,2.0,0.0,0.013864788595264289,0.013864788595264289,-3.1378112459556906,-14822.516077286415,-14825.65388853237
68,12,0.35887559728989865,-6.7069241848464705,3.0,1.0,0.990913824880877,-14827.002625665682,14827.191016541366,0.005513631731446367,-0.04723153030136018,2.0,0.0,0.013864788595264289,0.013864788595264289,-3.127623469063267,-14822.405690955515,-14825.533314424578
69,12,0.3565932181186649,-6.714278384053627,3.0,1.0,0.9588293500636804,-14827.358618196455,14827.545980190069,0.05244607459826511,0.07517347454813716,2.0,0.0,0.013864788595264289,0.013864788595264289,-3.1431072287782995,-14822.743373252228,-14825.886480481005
70,12,0.3518820785860044,-6.710107359228628,1.0,1.0,0.29489576497625053,-14830.114774261148,14830.198426078709,1.2211333241448301,1.2211333241448301,1.0,0.0,0.013864788595264289,0.013864788595264289,-3.134318784849604,-14825.502313691077,-14828.636632475926
71,12,0.36421987003240086,-6.719613793936704,3.0,1.0,0.7167650897254787,-14831.350756709835,14833.014576256035,0.5637907849613839,0.5637907849613839,2.0,0.0,0.013864788595264289,0.013864788595264289,-3.154374418802046,-14826.73348225287,-14829.887856671672
72,12,0.3586992763635626,-6.694088754064386,3.0,1.0,0.9865501094423643,-14826.872684981869,14830.014880766335,-1.9330396104960528,-1.9330396104960528,1.0,0.0,0.013864788595264289,0.013864788595264289,-3.100728925231632,-14822.302428360366,-14825.403157285598
73,12,0.35710348966247135,-6.703671201376905,3.0,1.0,0.9606577015047245,-14826.931376759852,14827.143562130817,0.025638856048317393,0.06964694542330108,1.0,0.0,0.013864788595264289,0.013864788595264289,-3.120791788998615,-14822.3390838028,-14825.4598755918
74,12,0.35984407502725213,-6.6936270515346665,3.0,1.0,0.8802717955497723,-14827.05909624144,14827.334545108237,0.04770696075865999,0.18547669757026597,2.0,0.0,0.013864788595264289,0.013864788595264289,-3.0997645728289864,-14822.491203702797,-14825.590968275626
75,12,0.362322672703076,-6.687587037912438,1.0,1.0,0.635939927847565,-14828.277132891948,14828.344348552884,0.4526511731728533,0.4526511731728533,1.0,0.0,0.013864788595264289,0.013864788595264289,-3.0871685057939273,-14823.724821402866,-14826.81198990866
76,12,0.3586518053845504,-6.70130201646503,3.0,1.0,1.0,-14826.847731780525,14828.09833687154,-0.5250018111710233,-0.5250018111710233,2.0,0.0,0.013864788595264289,0.013864788595264289,-3.115822858573975,-14822.262322895147,-14825.37814575372
77,12,0.3551211891843394,-6.679807471108,3.0,1.0,0.560319448066889,-14828.675696005788,14829.734551489468,0.6923077184674185,0.8135799034971569,2.0,0.0,0.013864788595264289,0.013864788595264289,-3.070998465609526,-14824.130708500352,-14827.201706965961
78,12,0.3608819026367768,-6.702995967711884,3.0,1.0,0.9367562012891083,-14827.515705047515,14829.139772199303,-0.3848574158910196,-0.3848574158910196,2.0,0.0,0.013864788595264289,0.013864788595264289,-3.1193750384371954,-14822.92945946962,-14826.048834508058
79,12,0.35955096450670654,-6.6958596590299235,3.0,1.0,0.9645667980599594,-14826.969778579227,14827.569441094965,-0.25383860461261065,-0.25383860461261065,2.0,0.0,0.013864788595264289,0.013864788595264289,-3.1044297695486405,-14822.39686373209,-14825.501293501638
80,12,0.3582247095496785,-6.690311315417675,3.0,1.0,0.8966818913914865,-14826.966080874934,14828.06259362351,-0.031171024533250602,0.21036287356218963,2.0,0.0,0.013864788595264289,0.013864788595264289,-3.0928452980241143,-14822.403123716289,-14825.495969014313
81,12,0.35825159580898475,-6.703931666089432,7.0,1.0,0.9975839744408201,-14826.862714712575,14826.97135152452,-0.01992272520874394,-0.01992272520874394,2.0,0.0,0.013864788595264289,0.013864788595264289,-3.1213384083832594,-14822.271297600479,-14825.392636008863
82,12,0.35817677952652294,-6.686781140782129,3.0,1.0,0.9262827202569189,-14827.117812288609,14827.229937198217,0.052077645725148614,0.09164842443169618,2.0,0.0,0.013864788595264289,0.013864788595264289,-3.0854906167639458,-14822.562150684216,-14825.64764130098
83,12,0.35711875616136846,-6.711014947939683,3.0,1.0,0.8867393084923975,-14827.125443350153,14828.20761039387,0.008283244806079892,0.20519796990447503,1.0,0.0,0.013864788595264289,0.013864788595264289,-3.136229613924151,-14822.517731571455,-14825.65396118538
84,12,0.3626863922913875,-6.690584455859246,3.0,1.0,0.6144960321005015,-14828.472917051104,14829.636193838602,0.6044681063522148,0.8564270423194102,1.0,0.0,0.013864788595264289,0.013864788595264289,-3.0934148716957934,-14823.91479200344,-14827.008206875134
85,12,0.35982471932358584,-6.693154049194619,1.0,1.0,1.0,-14827.060884142104,14827.933215111336,-0.578801067897075,-0.578801067897075,1.0,0.0,0.013864788595264289,0.013864788595264289,-3.098776839710101,-14822.493955781456,-14825.592732621166
86,12,0.36080363872994137,-6.728137097997074,3.0,1.0,0.4835234087150722,-14829.38845504697,14831.004627173828,0.7721281374142563,0.910675667320902,1.0,0.0,0.013864788595264289,0.013864788595264289,-3.172432787947151,-14824.749057276173,-14827.92149006412
87,12,0.35767484363034424,-6.69965202184251,3.0,1.0,0.9910242815272824,-14826.836353500099,14829.298613913556,-0.8243810353997105,-0.8243810353997105,2.0,0.0,0.013864788595264289,0.013864788595264289,-3.1123656135667224,-14822.253196293808,-14825.365561907374
88,12,0.35653447992969184,-6.699977742795973,1.0,1.0,0.9145199246116109,-14827.04258571266,14827.04778665347,0.0893560239510407,0.0893560239510407,1.0,0.0,0.013864788595264289,0.013864788595264289,-3.113047883234376,-14822.45732666827,-14825.570374551504
89,12,0.3567017068041988,-6.712159349297992,3.0,1.0,0.8740298643073751,-14827.238424167494,14828.34884036594,0.0012979725743207382,0.28256492268155853,2.0,0.0,0.013864788595264289,0.013864788595264289,-3.1386402003573513,-14822.627781811723,-14825.76642201208
90,12,0.36008266704651115,-6.7124102852770955,3.0,1.0,0.880240499107856,-14827.593976459277,14827.77104458123,0.19331724389121518,0.2027270884718746,2.0,0.0,0.013864788595264289,0.013864788595264289,-3.1391689512304395,-14822.986969586605,-14826.126138537837
91,12,0.3590261453300574,-6.697034168549083,3.0,1.0,0.9986617912641127,-14826.873365156593,14827.606310817891,-0.2662218760779069,-0.2662218760779069,1.0,0.0,0.013864788595264289,0.013864788595264289,-3.106885993972639,-14822.297352486452,-14825.404238480425
92,12,0.3575551299926522,-6.72203161918852,3.0,1.0,0.7922523216668695,-14827.789100660457,14828.645123643544,0.16112774540852115,0.32571542280129506,1.0,0.0,0.013864788595264289,0.013864788595264289,-3.1594896968903607,-14823.158670973267,-14826.318160670158
93,12,0.35691008665244817,-6.726893292472969,1.0,1.0,0.9304562679701535,-14828.257127604282,14828.31491550714,0.07208020242433122,0.07208020242433122,1.0,0.0,0.013864788595264289,0.013864788595264289,-3.1697930035005935,-14823.615592483353,-14826.785385486854
94,12,0.3576605541524694,-6.718702177254235,1.0,1.0,1.0,-14827.529665316435,14828.150642433686,-0.11630313168825523,-0.11630313168825523,1.0,0.0,0.013864788595264289,0.013864788595264289,-3.152447272257388,-14822.906408745865,-14826.058856018122
95,12,0.35692354816260025,-6.718966953152388,1.0,1.0,0.9915649853943718,-14827.58877455243,14827.697389339899,0.00847079066443257,0.00847079066443257,1.0,0.0,0.013864788595264289,0.013864788595264289,-3.15300691964179,-14822.964042298694,-14826.117049218336
96,12,0.3585141305421304,-6.690335504920003,7.0,1.0,0.9740270084346582,-14826.960862303562,14827.670620689558,-0.11179645546690153,-0.11179645546690153,2.0,0.0,0.013864788595264289,0.013864788595264289,-3.0928957368428835,-14822.398211240223,-14825.491106977066
97,12,0.3565995703465528,-6.687180923828461,3.0,1.0,0.8950057958930856,-14827.411711351975,14827.427473293641,0.18984074212858104,0.18984074212858104,2.0,0.0,0.013864788595264289,0.013864788595264289,-3.0863228894459747,-14822.853258687723,-14825.93958157717
98,12,0.358932774259334,-6.715301985919834,7.0,1.0,0.9350983262276148,-14827.43268595947,14827.956186031584,-0.05171643264111481,0.2124161161664233,2.0,0.0,0.013864788595264289,0.013864788595264289,-3.1452666397462616,-14822.818178202155,-14825.9634448419
99,12,0.35407991164326824,-6.7225817716802565,3.0,1.0,0.38563865098636096,-14828.845312768444,14831.222040590766,0.39811864872717706,1.7593343396292767,2.0,0.0,0.013864788595264289,0.013864788595264289,-3.160654444816378,-14824.209346186324,-14827.370000631141
100,12,0.3595045109420316,-6.687944662198075,3.0,1.0,1.0,-14827.13226333865,14828.826271298529,-0.5114626604918158,-0.5114626604918158,2.0,0.0,0.013864788595264289,0.013864788595264289,-3.0879132925805592,-14822.575808291476,-14825.663721584056
101,12,0.3579060022848811,-6.702704198604122,3.0,1.0,0.8275957503360027,-14826.842071844896,14827.473433145751,-0.06380271854868624,0.3154071714507154,2.0,0.0,0.013864788595264289,0.013864788595264289,-3.1187630002452273,-14822.25280338202,-14825.371566382266
102,12,0.3519159176298321,-6.6926554494264225,3.0,1.0,0.44010067446707973,-14830.471467004938,14830.533462053332,1.6173777989188238,1.6402982849303953,1.0,0.0,0.013864788595264289,0.013864788595264289,-3.0977358957407732,-14825.895633272607,-14828.993369168347
103,12,0.3527661108233778,-6.681354018645117,3.0,1.0,0.8436139420640161,-14830.459029497511,14832.236983530882,-0.07305918579186255,-0.7266399553409428,1.0,0.0,0.013864788595264289,0.013864788595264289,-3.074208186697882,-14825.907823741743,-14828.98203192844
104,12,0.354179579662233,-6.687714248388128,3.0,1.0,0.6983761455241307,-14828.681889484062,14833.934291945818,-0.7506709402878187,1.0342993480699079,2.0,0.0,0.013864788595264289,0.013864788595264289,-3.0874334191234967,-14824.119271056707,-14827.20670447583
105,12,0.36120069021926837,-6.693462573740601,3.0,1.0,0.4979212463454806,-14827.558879299218,14831.112988872492,-0.5384229747214704,1.7585324087631307,2.0,0.0,0.013864788595264289,0.013864788595264289,-3.099421081577213,-14822.99297172797,-14826.092392809547
106,12,0.35544946136438843,-6.697124741507425,7.0,1.0,0.9995316625877064,-14827.491112445585,14827.601224247972,0.0032837474882398965,-0.2816249610077648,2.0,0.0,0.013864788595264289,0.013864788595264289,-3.1070754643837195,-14822.910462734813,-14826.017538199198
107,12,0.357240518991271,-6.699101187305595,1.0,1.0,1.0,-14826.891410719541,14827.243931759187,-0.26658693535864586,-0.26658693535864586,1.0,0.0,0.013864788595264289,0.013864788595264289,-3.111212052343935,-14822.30886798356,-14825.420080035903
108,12,0.357240518991271,-6.699101187305595,1.0,1.0,0.5437866423411041,-14826.891410719541,14827.688812076742,0.0,0.6091983106362022,1.0,0.0,0.013864788595264289,0.013864788595264289,-3.111212052343935,-14822.30886798356,-14825.420080035903
109,12,0.3584454978359248,-6.709280540655587,3.0,1.0,0.9892870772996205,-14827.036591801005,14827.085294778613,0.018234646100609098,0.018234646100609098,2.0,0.0,0.013864788595264289,0.013864788595264289,-3.13257872551416,-14822.434173278609,-14825.566752004122
110,12,0.36082281655906007,-6.729957800053076,3.0,1.0,0.6050984674073024,-14829.627199465742,14829.833727393405,0.8202716817486362,0.8202716817486362,2.0,0.0,0.013864788595264289,0.013864788595264289,-3.1762997356466585,-14824.983957895442,-14828.160257631089
111,12,0.3614163863246103,-6.733757916564302,1.0,1.0,0.7343283604006173,-14830.538291620793,14831.2732888772,0.3087989929081232,0.3087989929081232,1.0,0.0,0.013864788595264289,0.013864788595264289,-3.184381396584464,-14825.887683004805,-14829.072064401389
112,12,0.35488390667547737,-6.725578536040929,3.0,1.0,1.0,-14828.66259206859,14830.270302192572,-0.7494640235090628,-0.7625368008157238,2.0,0.0,0.013864788595264289,0.013864788595264289,-3.1670043186915713,-14824.021298194726,-14827.188302513418
113,12,0.3589645811545021,-6.736901650186801,3.0,1.0,0.9366597258933648,-14829.711847682647,14830.02710207409,0.2107467382138566,0.2107467382138566,2.0,0.0,0.013864788595264289,0.013864788595264289,-3.1910780509320604,-14825.051567508639,-14828.24264555957
114,12,0.3579844472052563,-6.6607835646560485,3.0,1.0,0.9316959756034149,-14829.881969150016,14831.521828398358,-0.04091300647451135,-0.4233790602647787,2.0,0.0,0.013864788595264289,0.013864788595264289,-3.0317117144840204,-14825.379848948398,-14828.411560662882
115,12,0.35526128558734604,-6.731266912116599,7.0,1.0,1.0,-14829.057346711197,14829.832596674141,-0.24469138500353438,-0.5268527086464019,2.0,0.0,0.013864788595264289,0.013864788595264289,-3.1790821776318525,-14824.404452650877,-14827.583534828509
116,12,0.356823495610523,-6.665684797624887,7.0,1.0,0.9086617570091745,-14829.501331334965,14829.981601208447,0.2628544625695213,0.2628544625695213,2.0,0.0,0.013864788595264289,0.013864788595264289,-3.0417987655890406,-14824.987682448827,-14828.029481214417
117,12,0.35673545542910395,-6.670601629972697,3.0,1.0,1.0,-14828.866507334968,14829.802483378284,-0.1500447740272648,-0.46132252651659655,2.0,0.0,0.013864788595264289,0.013864788595264289,-3.0519420581048395,-14824.342605266756,-14827.39454732486
118,12,0.3580155234380366,-6.707887941439881,3.0,1.0,0.9700663250241778,-14826.961115929123,14830.00898220493,-0.5304029715844081,-0.5304029715844081,2.0,0.0,0.013864788595264289,0.013864788595264289,-3.1296495127507797,-14822.361096329016,-14825.490745841766
119,12,0.3560641625129126,-6.687404746219573,3.0,1.0,0.7849191252952732,-14827.601371198016,14828.180246555587,0.2694517067975539,0.38934065361172543,1.0,0.0,0.013864788595264289,0.013864788595264289,-3.0867889151158696,-14823.041781761236,-14826.128570676352
120,12,0.360380546161571,-6.707794775855591,3.0,1.0,1.0,-14827.469625386446,14827.603639707431,-0.03368950471667631,-0.2981356916898221,2.0,0.0,0.013864788595264289,0.013864788595264289,-3.1294536161624094,-14822.872695154263,-14826.002148770425
121,12,0.3544434809508822,-6.709647156336808,3.0,1.0,0.9145106112159741,-14828.034136198847,14828.426244132035,0.17949997944015195,0.17949997944015195,2.0,0.0,0.013864788595264289,0.013864788595264289,-3.13335019256873,-14823.425937113443,-14826.559287306012
122,12,0.3607782173476387,-6.684091986631352,3.0,1.0,1.0,-14827.629277356147,14827.98640832332,-0.23071267116392846,-0.397475144614873,2.0,0.0,0.013864788595264289,0.013864788595264289,-3.0798964597995826,-14823.082385223408,-14826.162281683208
123,12,0.3607782173476387,-6.684091986631352,1.0,1.0,0.6362765134581777,-14827.629277356147,14828.615814443285,0.0,0.4521220405385975,1.0,0.0,0.013864788595264289,0.013864788595264289,-3.0798964597995826,-14823.082385223408,-14826.162281683208
124,12,0.3555545936301584,-6.688152286354925,3.0,1.0,0.4719136660157282,-14827.794948676574,14830.060389433656,0.20318937684351113,1.434030211859863,2.0,0.0,0.013864788595264289,0.013864788595264289,-3.088345748428987,-14823.233161288053,-14826.321507036482
125,12,0.3555545936301584,-6.688152286354925,3.0,1.0,0.697763042783735,-14827.794948676574,14829.241520836926,0.0,0.45626225523847097,1.0,0.0,0.013864788595264289,0.013864788595264289,-3.088345748428987,-14823.233161288053,-14826.321507036482
126,12,0.35749873791523706,-6.683495835912499,3.0,1.0,1.0,-14827.399194736916,14827.838449335331,-0.24586872999316256,-0.3709016839420656,2.0,0.0,0.013864788595264289,0.013864788595264289,-3.0786572867715294,-14822.849527505103,-14825.928184791874
127,12,0.3590811265201172,-6.702641196937545,3.0,1.0,0.9719394159825132,-14826.923477877926,14827.441840327083,-0.10881073316159018,-0.10881073316159018,2.0,0.0,0.013864788595264289,0.013864788595264289,-3.1186308540913354,-14822.335787694472,-14825.454418548563
128,12,0.35650518524575003,-6.689525118379128,3.0,1.0,0.5936255102403692,-14827.322157377697,14828.345165094717,0.15493597734166542,0.8516486638545757,2.0,0.0,0.013864788595264289,0.013864788595264289,-3.091206275296096,-14822.75870329818,-14825.849909573475
129,12,0.3604329883792726,-6.691503986898968,3.0,1.0,1.0,-14827.2673285135,14827.561524458806,-0.04079897162409907,-0.04677466243992967,2.0,0.0,0.013864788595264289,0.013864788595264289,-3.095332897616286,-14822.704582515202,-14825.799915412817
130,12,0.35739087138769104,-6.6930124877789545,3.0,1.0,0.8527166926989488,-14826.96715491856,14827.723208579784,-0.10036025651606906,0.3218895384889038,2.0,0.0,0.013864788595264289,0.013864788595264289,-3.0984812717783585,-14822.39752980182,-14825.496011073597
131,12,0.35512086021596645,-6.710562941213014,7.0,1.0,0.8259719224884489,-14827.69970440309,14828.264989241607,0.2448951444512204,0.32338193270879856,2.0,0.0,0.013864788595264289,0.013864788595264289,-3.1352778600814686,-14823.09043708695,-14826.225714947032
132,12,0.35512086021596645,-6.710562941213014,3.0,1.0,0.6391176408548033,-14827.69970440309,14828.934915949058,0.0,0.8919235974626645,1.0,0.0,0.013864788595264289,0.013864788595264289,-3.1352778600814686,-14823.09043708695,-14826.225714947032
133,12,0.36068875873701345,-6.687534138304943,3.0,1.0,1.0,-14827.45957746926,14828.058317796153,-0.10379762190677866,-0.10379762190677866,2.0,0.0,0.013864788595264289,0.013864788595264289,-3.087058348159003,-14822.905415396754,-14825.992473744913
134,12,0.35994219484745654,-6.687278480804607,1.0,1.0,1.0,-14827.245195149937,14827.461380255874,-0.0891248981897661,-0.0891248981897661,1.0,0.0,0.013864788595264289,0.013864788595264289,-3.0865260088765423,-14822.690660524611,-14825.777186533487
135,12,0.35650138170214496,-6.698196373287995,3.0,1.0,0.892359901562873,-14827.067194495827,14827.641595866273,0.009346534534415696,0.20484811687856563,2.0,0.0,0.013864788595264289,0.013864788595264289,-3.1093178435662603,-14822.485624089752,-14825.594941933317
136,12,0.3572453538325495,-6.716107857373023,3.0,1.0,0.9529891510162808,-14827.3713788731,14827.814134757604,-0.009378690954690683,0.1520242470651283,1.0,0.0,0.013864788595264289,0.013864788595264289,-3.146967459440693,-14822.75308674175,-14825.90005420119
137,12,0.3555834824792652,-6.716556589785448,3.0,1.0,0.9500189819747406,-14827.758814084043,14827.81901035676,0.13811072940734448,0.13811072940734448,2.0,0.0,0.013864788595264289,0.013864788595264289,-3.1479148062748403,-14823.137494056022,-14826.285408862297
138,12,0.35956912938921304,-6.711546264350433,3.0,1.0,1.0,-14827.366845309243,14828.054444416317,-0.047816871461691335,-0.16649650190265675,2.0,0.0,0.013864788595264289,0.013864788595264289,-3.137348624953233,-14822.761033763318,-14825.898382388272
139,12,0.3584674251035686,-6.667057734151108,3.0,1.0,0.7718349838688129,-14828.871408485995,14829.330400709434,0.2297248537051928,0.3546061817523878,2.0,0.0,0.013864788595264289,0.013864788595264289,-3.044628663839521,-14824.356967017706,-14827.401595681546
140,12,0.35908166750858306,-6.7056759463725495,3.0,1.0,1.0,-14826.997774525615,14828.556636362746,-0.3449929211892595,-0.3449929211892595,2.0,0.0,0.013864788595264289,0.013864788595264289,-3.125000757908819,-14822.403715100849,-14825.528715858758
141,12,0.3608705947104852,-6.714198385346609,3.0,1.0,0.7950728345454161,-14828.0766731931,14828.126730701364,0.4221016841402161,0.4221016841402161,2.0,0.0,0.013864788595264289,0.013864788595264289,-3.14293850604939,-14823.466850505814,-14826.609789011864
142,12,0.3608705947104852,-6.714198385346609,3.0,1.0,0.4491168286265794,-14828.0766731931,14830.967636811292,0.0,0.9906700846804597,1.0,0.0,0.013864788595264289,0.013864788595264289,-3.14293850604939,-14823.466850505814,-14826.609789011864
143,12,0.35656993166713774,-6.678413714733015,7.0,1.0,0.9306393041361416,-14828.076493256334,14828.91187838278,-0.09993016422231449,0.35187267062065075,2.0,0.0,0.013864788595264289,0.013864788595264289,-3.068107897946025,-14823.536218530011,-14826.604326427958
144,12,0.35643728829251203,-6.683575704441315,1.0,1.0,1.0,-14827.700864128537,14828.239022237654,-0.08798351385848946,-0.08798351385848946,1.0,0.0,0.013864788595264289,0.013864788595264289,-3.078823282773081,-14823.149708079141,-14826.228531361914
145,12,0.35833411504157364,-6.674765169279435,3.0,1.0,1.0,-14827.996610733728,14828.28836200688,-0.05689738949331513,-0.265892377748969,2.0,0.0,0.013864788595264289,0.013864788595264289,-3.0605502306370216,-14823.466083518335,-14826.526633748972
146,12,0.3584649507968783,-6.712128935372859,7.0,1.0,0.9959606615394507,-14827.170557699383,14827.965138204236,-0.1526041622109915,-0.19749018147558672,2.0,0.0,0.013864788595264289,0.013864788595264289,-3.1385761190091856,-14822.562165730302,-14825.70074184931
147,12,0.3581362628515684,-6.710315785104989,7.0,1.0,0.7985214289624992,-14827.057962779701,14829.250912138716,-0.033996725778706605,0.4414999766067922,3.0,0.0,0.013864788595264289,0.013864788595264289,-3.134757529945294,-14822.452984261994,-14825.58774179194
148,12,0.36115318524616086,-6.689631710245548,7.0,1.0,0.8694429924957802,-14827.591246737516,14827.684739095155,0.22470076679928752,0.2897466117319709,2.0,0.0,0.013864788595264289,0.013864788595264289,-3.0914284562595333,-14823.033274626601,-14826.12470308286
149,12,0.35821103644596186,-6.701297675178367,3.0,1.0,0.982437722022338,-14826.824551419113,14827.874701533461,-0.2642966202383832,-0.2642966202383832,2.0,0.0,0.013864788595264289,0.013864788595264289,-3.115813758674238,-14822.23860893492,-14825.354422693594
150,12,0.3601505812425191,-6.701646487543227,3.0,1.0,0.8862939554314302,-14827.180650274899,14827.257790789246,0.16099947367911227,0.1905297790090117,2.0,0.0,0.013864788595264289,0.013864788595264289,-3.1165449746958243,-14822.596349832942,-14825.712894807637
51,13,0.36106952423667343,-6.699084936588643,7.0,1.0,0.15816558248049617,-14827.519654974352,14828.22463998994,0.3670163951064751,4.641067116477643,2.0,0.0,0.02011184955738052,0.02011184955738052,-3.1111780245959593,-14822.941832566332,-14826.053010590927
52,13,0.36106952423667343,-6.699084936588643,3.0,1.0,0.20139026192644569,-14827.519654974352,14832.232845199811,0.0,2.6764713127067807,1.0,0.0,0.013819845131181173,0.013819845131181173,-3.1111780245959593,-14822.941832566332,-14826.053010590927
53,13,0.359161876800644,-6.694093383677521,3.0,1.0,0.9513354395677601,-14826.918883841834,14827.843644330245,-0.28135220449985354,-0.28135220449985354,2.0,0.0,0.013819845131181173,0.013819845131181173,-3.1007385961271905,-14822.349184772027,-14825.449923368154
54,13,0.359161876800644,-6.694093383677521,1.0,1.0,0.5555153802008692,-14826.918883841834,14827.759380975254,0.0,0.5878589831554564,1.0,0.0,0.013819845131181173,0.013819845131181173,-3.1007385961271905,-14822.349184772027,-14825.449923368154
55,13,0.3583114393588073,-6.706091644604204,3.0,1.0,0.9984746670003796,-14826.916576098713,14826.957366062568,-0.006930996403752943,-0.012350689325103303,2.0,0.0,0.013819845131181173,0.013819845131181173,-3.1258740208415,-14822.320697148421,-14825.446571169263
56,13,0.3590808113194768,-6.697467628248569,3.0,1.0,0.5281716231242278,-14826.879697190814,14828.505796071313,0.0014842136788502103,1.256912215063494,2.0,0.0,0.013819845131181173,0.013819845131181173,-3.1077928266495425,-14822.302844648797,-14825.410637475446
57,13,0.36061021912551333,-6.680794889729666,3.0,1.0,0.8404747263436684,-14827.75085643929,14828.05729693771,0.18461823785401066,0.20783937152737053,1.0,0.0,0.013819845131181173,0.013819845131181173,-3.0730474885958228,-14823.210610296457,-14826.283657785052
58,13,0.3599646602787236,-6.6823435234137705,7.0,1.0,1.0,-14827.488355353893,14827.76773631898,-0.0756675934917439,-0.1835311454069597,3.0,0.0,0.013819845131181173,0.013819845131181173,-3.0762630700607407,-14822.94411097975,-14826.020374049811
59,13,0.3577128342669681,-6.716332090972395,7.0,1.0,1.0,-14827.368786584315,14827.495063382194,-0.03679231684327533,-0.12059719675744418,2.0,0.0,0.013819845131181173,0.013819845131181173,-3.1474408277331514,-14822.750601226544,-14825.898042054278
60,13,0.35671331444820364,-6.7161996701006,3.0,1.0,0.9362557149158063,-14827.441449634656,14828.103049936644,0.01893136336002499,0.18932147676241584,2.0,0.0,0.013819845131181173,0.013819845131181173,-3.1471612746008364,-14822.822300701597,-14825.969461976198
61,13,0.35746237316551754,-6.731336793440075,3.0,1.0,0.8457828805160011,-14828.722688358403,14829.414914746616,0.22037612996791722,0.3077056962210918,2.0,0.0,0.013819845131181173,0.013819845131181173,-3.1792307545266127,-14824.072402530841,-14827.251633285368
62,13,0.3576860459668672,-6.724461052885221,1.0,1.0,1.0,-14828.00763030591,14828.660978700935,-0.11761799929081462,-0.11761799929081462,1.0,0.0,0.013819845131181173,0.013819845131181173,-3.164635422461468,-14823.372217169683,-14826.536852592144
63,13,0.3576130434635666,-6.703310077834383,3.0,1.0,0.9902799914516796,-14826.865739711227,14827.988790534948,-0.20747965885675512,-0.20747965885675512,2.0,0.0,0.013819845131181173,0.013819845131181173,-3.120034036083057,-14822.27483749298,-14825.394871529063
64,13,0.3576130434635666,-6.703310077834383,1.0,1.0,0.8660123783173165,-14826.865739711227,14827.073440414533,0.0,0.1438560768528987,1.0,0.0,0.013819845131181173,0.013819845131181173,-3.120034036083057,-14822.27483749298,-14825.394871529063
65,13,0.35788138601545294,-6.706524275570047,3.0,1.0,0.9570366659966475,-14826.919598004639,14827.053812083006,0.006320762446193839,0.07974763618221914,2.0,0.0,0.013819845131181173,0.013819845131181173,-3.126783038106078,-14822.322279059701,-14825.449062097807
66,13,0.3575778012936683,-6.686696759181591,3.0,1.0,0.9501640832627439,-14827.192694483352,14827.233365580036,0.0839902429634094,0.0839902429634094,2.0,0.0,0.013819845131181173,0.013819845131181173,-3.08531497066001,-14822.63646763711,-14825.72178260777
67,13,0.3579388996366948,-6.684114961218754,1.0,1.0,0.9933670506574517,-14827.288806213726,14827.364715458305,0.006655045111983782,0.006655045111983782,1.0,0.0,0.013819845131181173,0.013819845131181173,-3.079944222434108,-14822.738397204823,-14825.818341427257
68,13,0.35360286696154714,-6.708245520492849,3.0,1.0,0.6712472212436819,-14828.568420371763,14828.916440035433,0.5800763148563419,0.692759531955744,2.0,0.0,0.013819845131181173,0.013819845131181173,-3.130401464505822,-14823.962096859868,-14827.092498324375
69,13,0.3589981353750886,-6.685975131003186,3.0,1.0,0.9939624974419395,-14827.15818640025,14828.045985902656,-0.6281773445043655,-0.6562501249081834,2.0,0.0,0.013819845131181173,0.013819845131181173,-3.0838131428043094,-14822.605212259861,-14825.689025402666
70,13,0.3611869732765966,-6.686302592313821,1.0,1.0,0.8070910678567047,-14827.702043389841,14827.73821960136,0.2143187696729001,0.2143187696729001,1.0,0.0,0.013819845131181173,0.013819845131181173,-3.084494579534234,-14823.151045816734,-14826.235540396268
71,13,0.3561612198626818,-6.689924061912622,3.0,1.0,1.0,-14827.428970586068,14827.890046618113,-0.028146675540483557,-0.19684034061538114,2.0,0.0,0.013819845131181173,0.013819845131181173,-3.0920378947958507,-14822.864253979793,-14825.956291874589
72,13,0.3561612198626818,-6.689924061912622,1.0,1.0,0.5994642140302219,-14827.428970586068,14828.295180241454,0.0,0.5117189993234206,1.0,0.0,0.013819845131181173,0.013819845131181173,-3.0920378947958507,-14822.864253979793,-14825.956291874589
73,13,0.3570637289958063,-6.694883111355331,3.0,1.0,0.9430582789297218,-14826.982033141412,14827.997276455795,-0.17898986967156816,-0.17898986967156816,2.0,0.0,0.013819845131181173,0.013819845131181173,-3.102388588428127,-14822.408093880818,-14825.510482469246
74,13,0.35902427160912637,-6.676945079591149,3.0,1.0,0.8831733315722268,-14827.766931414026,14828.181079757032,0.1042001883033663,0.22883387402180233,2.0,0.0,0.013819845131181173,0.013819845131181173,-3.0650641380866532,-14823.232738304096,-14826.297802442183
75,13,0.3596077652426281,-6.686423168686753,3.0,1.0,0.9433117894017368,-14827.211584121485,14828.313621332032,-0.09261741743284801,0.18640745085576782,2.0,0.0,0.013819845131181173,0.013819845131181173,-3.0847455222007114,-14822.658422793233,-14825.743168315434
76,13,0.35525538928078226,-6.680770509175435,3.0,1.0,0.7079677233897566,-14828.50479028046,14828.619148605152,0.5576221109986363,0.5576221109986363,2.0,0.0,0.013819845131181173,0.013819845131181173,-3.0729968840123765,-14823.957974061746,-14827.03097094576
77,13,0.3598081896045042,-6.665581079705188,3.0,1.0,0.938117001670505,-14829.045498786074,14829.889381443067,-0.21777128157373227,-0.50115385142999,2.0,0.0,0.013819845131181173,0.013819845131181173,-3.0415850586787156,-14824.53574208743,-14827.577327146108
78,13,0.3586058911586262,-6.68297050523428,7.0,1.0,1.0,-14827.315244377529,14828.761839659084,-0.31642443548662413,-0.37265917620061373,3.0,0.0,0.013819845131181173,0.013819845131181173,-3.077565616534456,-14822.768036294656,-14825.84560191119
79,13,0.3578365147648272,-6.6789815441943094,3.0,1.0,0.3675747644601579,-14827.677761000934,14831.205621341038,0.10694663945650973,2.514063344371607,2.0,0.0,0.013819845131181173,0.013819845131181173,-3.0692853079172333,-14823.137884275653,-14826.207169583571
80,13,0.3540529084941466,-6.689856897941114,3.0,1.0,0.6990883224798162,-14828.642996127046,14829.351321700075,0.5895273496753362,0.6112435264949454,2.0,0.0,0.013819845131181173,0.013819845131181173,-3.0918978767014265,-14824.075751652103,-14827.167649528805
81,13,0.3557361054139194,-6.69489868141416,3.0,1.0,1.0,-14827.416105877564,14828.333232156792,-0.5289991396402911,-0.6994364970269089,2.0,0.0,0.013819845131181173,0.013819845131181173,-3.102421125502524,-14822.840471789512,-14825.942892915014
82,13,0.35803813278358315,-6.68972875064938,3.0,1.0,0.9386324140160505,-14826.998085697316,14827.991480065619,-0.2215478921061731,-0.2215478921061731,2.0,0.0,0.013819845131181173,0.013819845131181173,-3.091630737956039,-14822.436112803347,-14825.527743541303
83,13,0.35917315737796746,-6.698815864228192,3.0,1.0,0.9727968705035663,-14826.895562442476,14827.112164381373,-0.006857900125396554,0.05607966728712199,2.0,0.0,0.013819845131181173,0.013819845131181173,-3.1106146462113986,-14822.316001127145,-14825.426615773356
84,13,0.3578636217637051,-6.6817967572762385,3.0,1.0,0.9360761497843139,-14827.454047733461,14827.534772996927,0.11161917124627507,0.11161917124627507,2.0,0.0,0.013819845131181173,0.013819845131181173,-3.0751274914946567,-14822.90836236132,-14825.983489852815
85,13,0.3578636217637051,-6.6817967572762385,3.0,1.0,0.5389867864733852,-14827.454047733461,14829.447395271922,0.0,1.0126271262761293,1.0,0.0,0.013819845131181173,0.013819845131181173,-3.0751274914946567,-14822.90836236132,-14825.983489852815
86,13,0.35523445595974384,-6.69134721366499,3.0,1.0,0.8365022097056892,-14827.797246772885,14828.308301046269,0.2719794698241458,0.2908380782500899,2.0,0.0,0.013819845131181173,0.013819845131181173,-3.0950058286080835,-14823.22839515022,-14826.323400978828
87,13,0.3610293790147215,-6.713659851188169,3.0,1.0,0.9702413491371266,-14828.12511935492,14828.155311547633,0.09351533934204781,-0.3861641848452564,2.0,0.0,0.013819845131181173,0.013819845131181173,-3.1418028673324407,-14823.516623743728,-14826.65842661106
88,13,0.3610293790147215,-6.713659851188169,1.0,1.0,0.5863467546298342,-14828.12511935492,14829.253020178154,0.0,0.5338439329589164,1.0,0.0,0.013819845131181173,0.013819845131181173,-3.1418028673324407,-14823.516623743728,-14826.65842661106
89,13,0.3611576173716589,-6.718041676588459,1.0,1.0,0.8796970595409477,-14828.544879520707,14829.00843464263,0.12817768129934848,0.12817768129934848,1.0,0.0,0.013819845131181173,0.013819845131181173,-3.1510515011005844,-14823.927289699302,-14827.078341200404
90,13,0.35557560696271234,-6.684135401695975,3.0,1.0,1.0,-14828.04907426525,14828.708480519443,-0.1765499152970733,-0.4236009852102143,2.0,0.0,0.013819845131181173,0.013819845131181173,-3.0799867172663364,-14823.495672398923,-14826.57565911619
91,13,0.36201956051425094,-6.6991003794990505,3.0,1.0,0.9774131829494661,-14828.061230520801,14828.40801088481,0.07016547066086787,-0.3050248878316779,2.0,0.0,0.013819845131181173,0.013819845131181173,-3.1112103608530948,-14823.48451547068,-14826.595725831534
92,13,0.36194392816476667,-6.70092949492406,3.0,1.0,0.9362607076888612,-14828.055201168325,14828.614529567094,0.002347459041629918,0.20933085117394512,1.0,0.0,0.013819845131181173,0.013819845131181173,-3.115042073700559,-14823.474564008287,-14826.589606081989
93,13,0.35459469837181135,-6.703263702799306,3.0,1.0,1.0,-14827.877982071375,14828.14456892937,-0.10451765167999838,-0.4863805798104295,2.0,0.0,0.013819845131181173,0.013819845131181173,-3.1199367358472982,-14823.28338871415,-14826.403325449997
94,13,0.35782878219324277,-6.6845449911476305,3.0,1.0,0.9456902503092838,-14827.276693850648,14828.122833451414,-0.3275282615159085,-0.3275282615159085,2.0,0.0,0.013819845131181173,0.013819845131181173,-3.080838323370809,-14822.725254541816,-14825.806092865187
95,13,0.3578820963926163,-6.677769216668426,1.0,1.0,0.8953850164769455,-14827.774976854282,14827.821390470426,0.11050146720299381,0.11050146720299381,1.0,0.0,0.013819845131181173,0.013819845131181173,-3.066771904193205,-14823.237669921902,-14826.304441826096
96,13,0.3552835436979287,-6.70103920034879,7.0,1.0,0.9257884274850813,-14827.515019258553,14828.1865461836,0.08562129886377079,0.20562321208126377,3.0,0.0,0.013819845131181173,0.013819845131181173,-3.115271995883316,-14822.92596350753,-14826.041235503413
97,13,0.3560397305631423,-6.692623986976235,7.0,1.0,0.883142010648803,-14827.363608727539,14828.06255660862,-0.06547351820881886,0.40831639147290844,2.0,0.0,0.013819845131181173,0.013819845131181173,-3.0976702188345984,-14822.793107308851,-14825.890777527686
98,13,0.3580736639655572,-6.699303507684189,3.0,1.0,1.0,-14826.815666796458,14827.15649826492,-0.23322009636103758,-0.23322009636103758,1.0,0.0,0.013819845131181173,0.013819845131181173,-3.1116357177236402,-14822.233732806999,-14825.345368524722
99,13,0.3580736639655572,-6.699303507684189,3.0,1.0,0.5161752228287053,-14826.815666796458,14828.354801348522,0.0,1.170813200829798,1.0,0.0,0.013819845131181173,0.013819845131181173,-3.1116357177236402,-14822.233732806999,-14825.345368524722
100,13,0.36008866941954276,-6.688743633285023,3.0,1.0,0.5077486602059222,-14827.231119259213,14828.68202467095,0.11326367396577552,1.2345096303997707,2.0,0.0,0.013819845131181173,0.013819845131181173,-3.089577688345084,-14822.673710938758,-14825.763288627102
101,13,0.35943333392502314,-6.69106469809541,1.0,1.0,1.0,-14827.021686757424,14827.193910282796,-0.06285410072450759,-0.06285410072450759,1.0,0.0,0.013819845131181173,0.013819845131181173,-3.0944164910243876,-14822.458641627647,-14825.553058118672
102,13,0.35834592703084855,-6.698838599223062,3.0,1.0,0.9596097019766671,-14826.816504059987,14827.4266125333,-0.048388496861662134,0.07280081094540947,2.0,0.0,0.013819845131181173,0.013819845131181173,-3.110662245493593,-14822.235879384327,-14825.34654162982
103,13,0.35753689365785274,-6.69520337156049,3.0,1.0,0.973709200809589,-14826.893726240596,14826.95075811836,0.029361399547269684,0.036784309513677726,2.0,0.0,0.013819845131181173,0.013819845131181173,-3.1030578916016283,-14822.319705739968,-14825.42276363157
104,13,0.3569253684078188,-6.713137903575955,7.0,1.0,0.9691664423977961,-14827.24559534586,14827.277162808197,0.052205775824404554,0.06932722127021407,3.0,0.0,0.013819845131181173,0.013819845131181173,-3.1407024824009673,-14822.633169798639,-14825.773872281039
105,13,0.35363130913157803,-6.679014689942431,3.0,1.0,0.4269619334147083,-14829.877720790739,14831.448485935944,1.109080493912188,1.3521445246860821,1.0,0.0,0.013819845131181173,0.013819845131181173,-3.0693540464954836,-14825.332481126923,-14828.40183517342
106,13,0.36354401941974207,-6.704030857042796,3.0,1.0,1.0,-14829.435200082895,14829.832827205957,-0.07401480929729587,-1.1951133023740113,2.0,0.0,0.013819845131181173,0.013819845131181173,-3.1215465914547766,-14824.849958578985,-14827.97150517044
107,13,0.36043967206757943,-6.693527265894074,1.0,1.0,1.0,-14827.240686992824,14828.656567723332,-1.0079641277752671,-1.0079641277752671,1.0,0.0,0.013819845131181173,0.013819845131181173,-3.0995561798013957,-14822.673725805278,-14825.773281985079
108,13,0.36311234787209057,-6.678553427106979,3.0,1.0,0.7283962653922065,-14829.179204198148,14829.467715102115,0.5806716759907431,0.5806716759907431,2.0,0.0,0.013819845131181173,0.013819845131181173,-3.0683975654810056,-14824.646601629085,-14827.714999194566
109,13,0.36268627580796003,-6.694862672426147,3.0,1.0,0.8932528345486371,-14828.466873263567,14829.97159336584,-0.03817287682250026,0.3860176855869213,1.0,0.0,0.013819845131181173,0.013819845131181173,-3.102345877142506,-14823.899817072059,-14827.002162949202
110,13,0.3613107041867801,-6.705196343046997,3.0,1.0,0.8350442203962225,-14827.814957892024,14829.613539632728,-0.2518958118653245,0.39138164379255613,2.0,0.0,0.013819845131181173,0.013819845131181173,-3.1239934633704713,-14823.224610236362,-14826.348603699733
111,13,0.35930975840469503,-6.704458061207063,1.0,1.0,1.0,-14827.009098836266,14827.513403641775,-0.36238373671949375,-0.36238373671949375,1.0,0.0,0.013819845131181173,0.013819845131181173,-3.1224433247253662,-14822.417875904497,-14825.540319229223
112,13,0.3600248180190469,-6.713986825430623,3.0,1.0,0.7169111110320366,-14827.671933468519,14829.039190209336,0.21928130448577576,0.4548488210002688,2.0,0.0,0.013819845131181173,0.013819845131181173,-3.1424923425995193,-14823.061532933418,-14826.204025276018
113,13,0.3616762522643725,-6.6833490434061105,3.0,1.0,0.8137238678547661,-14828.052534793303,14829.912610612118,0.0505057923928689,0.3199145660528302,1.0,0.0,0.013819845131181173,0.013819845131181173,-3.078352214914305,-14823.508267097568,-14826.586619312482
114,13,0.3605135524020911,-6.697092069494407,3.0,1.0,0.9852140462537272,-14827.257409512657,14828.200273353632,-0.18503118430817267,-0.18503118430817267,1.0,0.0,0.013819845131181173,0.013819845131181173,-3.1070071165509794,-14822.683086816118,-14825.790093932668
115,13,0.357863094048707,-6.696521107140169,3.0,1.0,0.413544429801665,-14826.840881524886,14830.035632859275,-0.1684515160632145,2.2995185396466695,2.0,0.0,0.013819845131181173,0.013819845131181173,-3.105812870906496,-14822.264510120518,-14825.370322991424
116,13,0.35803538605988855,-6.718309474947332,3.0,1.0,0.8850346775365914,-14827.515844893045,14827.61035679314,0.1286303665710875,0.13147478241444333,2.0,0.0,0.013819845131181173,0.013819845131181173,-3.151617360476256,-14822.89388198356,-14826.045499344036
117,13,0.3613172652077623,-6.6800917371302155,7.0,1.0,0.8167057066122716,-14828.055986479536,14828.392230238078,0.18944830433974857,0.4487273350205214,3.0,0.0,0.013819845131181173,0.013819845131181173,-3.071588254901693,-14823.518051918438,-14826.589640173339
118,13,0.359208900794526,-6.679293206143074,1.0,1.0,1.0,-14827.58597070469,14827.989663264976,-0.17939638782991096,-0.17939638782991096,1.0,0.0,0.013819845131181173,0.013819845131181173,-3.069931684573086,-14823.047136083296,-14826.11706776787
119,13,0.35684996582413775,-6.701287489298801,3.0,1.0,0.601238649257698,-14826.962387008527,14828.834278479486,-0.06904690806550207,0.9436114742711652,2.0,0.0,0.013819845131181173,0.013819845131181173,-3.115792407823955,-14822.374777504048,-14825.490569911872
120,13,0.35575961130128897,-6.700232647652919,3.0,1.0,0.9204051846282075,-14827.307484963625,14827.354194246684,0.15233409830943856,0.15233409830943856,2.0,0.0,0.013819845131181173,0.013819845131181173,-3.1135818923432166,-14822.720719697765,-14825.834301590108
121,13,0.3554605993193243,-6.695089995506232,7.0,1.0,0.9263608261484555,-14827.538246680864,14827.7808036085,0.10635661165179044,0.25124317363952287,2.0,0.0,0.013819845131181173,0.013819845131181173,-3.102820938312845,-14822.961865550184,-14826.064686488497
122,13,0.3570043494769388,-6.683590591923155,3.0,1.0,0.9492220117423041,-14827.5119646703,14828.012926814674,-0.1048556961450231,-0.20541422947826504,1.0,0.0,0.013819845131181173,0.013819845131181173,-3.0788542251083104,-14822.961485812208,-14826.040340037316
123,13,0.3533836734803802,-6.714691754599723,3.0,1.0,0.560095521693803,-14828.891761337705,14830.886762891854,0.5339593104017695,0.7278367909912049,1.0,0.0,0.013819845131181173,0.013819845131181173,-3.1439791574235136,-14824.271579097493,-14827.415558254916
124,13,0.35325307344837653,-6.715153659630283,1.0,1.0,0.9604917839053922,-14829.007964642484,14829.720143524934,0.04030985078679805,0.04030985078679805,1.0,0.0,0.013819845131181173,0.013819845131181173,-3.1449536627262575,-14824.386640212722,-14827.531593875448
125,13,0.361406992229376,-6.7205842365947,3.0,1.0,0.863291444777554,-14828.93690926362,14830.133625799619,-0.008221795436838875,0.2573620393213787,2.0,0.0,0.013819845131181173,0.013819845131181173,-3.1564268359566032,-14824.314243926201,-14827.470670762157
126,13,0.3594572410891386,-6.70339074611067,3.0,1.0,1.0,-14827.01596120459,14828.494994939043,-0.6990622082266782,-0.6990622082266782,2.0,0.0,0.013819845131181173,0.013819845131181173,-3.1202032926652272,-14822.427158461853,-14825.547361754518
127,13,0.35643886874072694,-6.685607516520483,3.0,1.0,0.8533003384254471,-14827.562411252818,14827.988215382176,0.1760510639196582,0.27251371402235236,2.0,0.0,0.013819845131181173,0.013819845131181173,-3.0830482763410463,-14823.007032188076,-14826.090080464417
128,13,0.3579746954542969,-6.709778523137145,7.0,1.0,1.0,-14827.030206966918,14827.350746093858,-0.2261683287415508,-0.25204779450723436,2.0,0.0,0.013819845131181173,0.013819845131181173,-3.133626659603326,-14822.426159768258,-14825.55978642786
129,13,0.3570574272835703,-6.700950947539382,3.0,1.0,0.8053770730359412,-14826.920154337662,14827.526459219562,0.004385829031889443,0.34722797001995787,2.0,0.0,0.013819845131181173,0.013819845131181173,-3.115087033448927,-14822.333508784595,-14825.448595818045
130,13,0.35804542478996654,-6.6956881135909105,3.0,1.0,0.9969496747442127,-14826.841562563239,14826.910573003615,-0.03555281063381699,-0.03555281063381699,2.0,0.0,0.013819845131181173,0.013819845131181173,-3.1040711360190665,-14822.267158278559,-14825.371229414577
131,13,0.35600846732747526,-6.692880659896833,1.0,1.0,0.7949623704449614,-14827.366835462219,14827.367879438467,0.2294604982216697,0.2294604982216697,1.0,0.0,0.013819845131181173,0.013819845131181173,-3.098206044638805,-14822.795758952807,-14825.893964997445
132,13,0.3567400152290412,-6.710172148400086,3.0,1.0,0.9538493710274509,-14827.152772409678,14827.744739340553,-0.15280341826655786,-0.15280341826655786,2.0,0.0,0.013819845131181173,0.013819845131181173,-3.134455164083848,-14822.546362928872,-14825.680818092955
133,13,0.35679993161366413,-6.681477172847829,3.0,1.0,0.864841441034252,-14827.730894641272,14827.886141418801,0.20692663198133232,0.20692663198133232,2.0,0.0,0.013819845131181173,0.013819845131181173,-3.074463885045954,-14823.184551231489,-14826.259015116535
134,13,0.3615488441361269,-6.691097957076594,3.0,1.0,0.9156626370447621,-14827.758797958108,14828.501866369163,0.07270589517065673,0.110500586895796,2.0,0.0,0.013819845131181173,0.013819845131181173,-3.094485866303798,-14823.198243855777,-14826.292729722081
135,13,0.3575330927623794,-6.73259521337477,3.0,1.0,0.837637227821367,-14828.875848154514,14830.71484031867,0.005743378822444356,0.6565479762975883,2.0,0.0,0.013819845131181173,0.013819845131181173,-3.1819071567802792,-14824.222973673985,-14827.404880830765
136,13,0.3567019877634789,-6.729572202372526,1.0,1.0,1.0,-14828.551922097722,14829.0160501366,-0.06915457218747179,-0.06915457218747179,1.0,0.0,0.013819845131181173,0.013819845131181173,-3.1754804968137993,-14823.904439796406,-14827.07992029322
137,13,0.357575026413365,-6.704468356830165,3.0,1.0,0.9809417866602322,-14826.887002485504,14828.554989971777,-0.27761929311782296,-0.27761929311782296,2.0,0.0,0.013819845131181173,0.013819845131181173,-3.1224649382551113,-14822.293622230818,-14825.416087169073
138,13,0.35905195550461505,-6.686036342963763,7.0,1.0,0.9667571117655014,-14827.159172693096,14827.201039379663,0.045627645504282555,0.054427110189863015,2.0,0.0,0.013819845131181173,0.013819845131181173,-3.0839405148280234,-14822.606137120982,-14825.690077635809
139,13,0.35855302324750443,-6.678026553174959,3.0,1.0,0.9656548102980326,-14827.680797223938,14827.683844285735,0.10873907111636072,0.10873907111636072,2.0,0.0,0.013819845131181173,0.013819845131181173,-3.067305292698243,-14823.14378445098,-14826.211089743678
140,13,0.358117281732618,-6.707962660089209,3.0,1.0,1.0,-14826.966073833897,14827.683660010365,-0.1329193559686246,-0.1329193559686246,2.0,0.0,0.013819845131181173,0.013819845131181173,-3.129806627772824,-14822.366022788692,-14825.495829416464
141,13,0.3578334694610873,-6.710730973140449,3.0,1.0,0.9948587826344681,-14827.068962530704,14827.077594223245,0.015543833982519573,-0.029413410780762206,2.0,0.0,0.013819845131181173,0.013819845131181173,-3.1356316474015014,-14822.462735697827,-14825.598367345228
142,13,0.3564347241295043,-6.725603674346171,3.0,1.0,0.8505314628770133,-14828.194293200657,14828.614040646433,0.19357414395381056,0.28637545921264973,2.0,0.0,0.013819845131181173,0.013819845131181173,-3.1670576224798817,-14823.554899601975,-14826.721957224456
143,13,0.35706566458935907,-6.732163539436907,1.0,1.0,0.9073352645445019,-14828.818959337097,14828.907356997695,0.097243255993817,0.097243255993817,1.0,0.0,0.013819845131181173,0.013819845131181173,-3.180988896012392,-14824.16642217921,-14827.347411075223
144,13,0.35799357401776993,-6.739646091905867,1.0,1.0,0.7983367621180638,-14829.877314547937,14829.994100125125,0.2252247628857731,0.2252247628857731,1.0,0.0,0.013819845131181173,0.013819845131181173,-3.196932229676429,-14825.209985109823,-14828.4069173395
145,13,0.35768453273205963,-6.690129873324884,7.0,1.0,0.8926770741416024,-14827.01935111498,14829.892142972756,-0.5588125548292737,-0.5588125548292737,2.0,0.0,0.013819845131181173,0.013819845131181173,-3.092466982114442,-14822.456104544375,-14825.54857152649
146,13,0.3571332407852681,-6.7052705867630324,3.0,1.0,0.9631486397894903,-14826.951821730463,14827.419660862013,-0.017650659057835583,0.05712141395815706,1.0,0.0,0.013819845131181173,0.013819845131181173,-3.1241493798722075,-14822.356208213634,-14825.480357593506
147,13,0.3571332407852681,-6.7052705867630324,1.0,1.0,0.6769380608021205,-14826.951821730463,14827.54409130667,0.0,0.3901755009464978,1.0,0.0,0.013819845131181173,0.013819845131181173,-3.1241493798722075,-14822.356208213634,-14825.480357593506
148,13,0.35681148579962235,-6.7201963797231326,3.0,1.0,0.5822075364384448,-14827.690785181881,14828.87703799715,0.11150956221899833,0.9315612511200015,2.0,0.0,0.013819845131181173,0.013819845131181173,-3.1556064332973417,-14823.063313642378,-14826.218920075677
149,13,0.3559610201080394,-6.692532768521117,3.0,1.0,0.8559425376621483,-14827.399077222293,14828.990755734801,0.07288329194125254,0.3907708081896999,1.0,0.0,0.013819845131181173,0.013819845131181173,-3.0974798086841444,-14822.82866733848,-14825.926147147164
150,13,0.3601222632900407,-6.68314865113592,3.0,1.0,0.5492230618426299,-14827.47899291807,14829.507471601773,-0.11910551492110244,1.2948974034097773,2.0,0.0,0.013819845131181173,0.013819845131181173,-3.077935784013737,-14822.933267291848,-14826.011203075861
51,14,0.35878583208229103,-6.729460878488758,7.0,1.0,0.8500116397071579,-14828.693783028759,14829.5402650941,0.21738155929961067,0.26364296944120724,2.0,0.0,0.010238754879417875,0.010238754879417875,-3.175244006327154,-14824.049117623355,-14827.224361629682
52,14,0.3562723465213412,-6.714026315389111,3.0,1.0,0.9787562366535764,-14827.418398929665,14829.037881862674,-0.2550244953708898,-0.3090845783790428,2.0,0.0,0.013210277212790448,0.013210277212790448,-3.142575620460798,-14822.803283946267,-14825.945859566727
53,14,0.3564417454554878,-6.680395943794353,7.0,1.0,0.7978016168525761,-14827.949522651788,14828.468240643379,0.2101864927153656,0.5167161526205746,2.0,0.0,0.013210277212790448,0.013210277212790448,-3.0722195061359594,-14823.404975957925,-14826.47719546406
54,14,0.35690095115588194,-6.68658601990371,3.0,1.0,1.0,-14827.352346255144,14827.880338437253,-0.17407917668424489,-0.274103611262035,2.0,0.0,0.013210277212790448,0.013210277212790448,-3.0850844700419984,-14822.795508276802,-14825.880592746844
55,14,0.3587136606948736,-6.687062770000292,3.0,1.0,1.0,-14827.093512617146,14827.30587540588,-0.11842696807798347,-0.14789378735258651,2.0,0.0,0.013210277212790448,0.013210277212790448,-3.0860768988871725,-14822.537925692368,-14825.624002591256
56,14,0.3563736141045071,-6.703239019366342,3.0,1.0,0.9037092368972569,-14827.091907739943,14827.840502565617,0.05321488479239633,0.1881742387504346,1.0,0.0,0.013210277212790448,0.013210277212790448,-3.119884948001261,-14822.499610303965,-14825.619495251965
57,14,0.3540489067659423,-6.705347241922203,1.0,1.0,0.6517391070162228,-14828.227576724516,14828.269410781182,0.4281109397470573,0.4281109397470573,1.0,0.0,0.013210277212790448,0.013210277212790448,-3.1243103663407097,-14823.627914652358,-14826.752225018698
58,14,0.36072759116746395,-6.723344885746182,3.0,1.0,0.8751102124738077,-14828.803666063346,14831.160895642086,0.08551844515932316,0.22646144232930965,2.0,0.0,0.013210277212790448,0.013210277212790448,-3.1622705625523126,-14824.174338689645,-14827.336609252197
59,14,0.3562021855613383,-6.698230549162912,3.0,1.0,0.8339719568596896,-14827.16204730014,14829.093055100751,-0.4613060704796226,-0.4613060704796226,2.0,0.0,0.013210277212790448,0.013210277212790448,-3.10938937515143,-14822.580030597708,-14825.68941997286
60,14,0.35850945514065735,-6.7078234598428015,3.0,1.0,0.9812008718378342,-14826.987075411213,14827.372448707556,-0.09918542312698264,-0.10338374634739012,2.0,0.0,0.013210277212790448,0.013210277212790448,-3.129513928230639,-14822.387800403716,-14825.517314331946
61,14,0.3565841525957464,-6.711475201139767,7.0,1.0,0.9726744481069141,-14827.233577128516,14827.3715035304,0.047400804762219195,0.047678075432486366,3.0,0.0,0.013210277212790448,0.013210277212790448,-3.1371989416312243,-14822.6242291383,-14825.761428079932
62,14,0.3618862645208914,-6.690025488970543,3.0,1.0,0.8235430989604916,-14827.961900140708,14828.071087762997,0.3090495451069728,0.3090495451069728,2.0,0.0,0.013210277212790448,0.013210277212790448,-3.0922493503916977,-14823.403986744637,-14826.496236095029
63,14,0.3556683758169352,-6.7172021877780175,3.0,1.0,0.9961013012457723,-14827.76497677218,14828.203806528105,-0.19191877307275718,-0.38456169801975193,2.0,0.0,0.013210277212790448,0.013210277212790448,-3.149278121497055,-14823.142400398774,-14826.29167852027
64,14,0.3604837445821854,-6.702352285453005,3.0,1.0,0.9941424734585304,-14827.322111623369,14828.084235798055,-0.002540275449064211,-0.10023832470687921,2.0,0.0,0.013210277212790448,0.013210277212790448,-3.118024912362704,-14822.736735057084,-14825.854759969447
65,14,0.3602978557227144,-6.704783070297796,3.0,1.0,0.965958111686259,-14827.318518307702,14827.531648725164,-0.006920670388353756,-0.130181154661841,1.0,0.0,0.013210277212790448,0.013210277212790448,-3.123125665184332,-14822.727815819379,-14825.850941484563
66,14,0.36024087890844636,-6.691165189555645,3.0,1.0,0.962438602586023,-14827.211710144462,14827.728980353975,-0.08293149268683919,0.11955431972637598,1.0,0.0,0.013210277212790448,0.013210277212790448,-3.094626110659072,-14822.649438123828,-14825.744064234486
67,14,0.36024087890844636,-6.691165189555645,1.0,1.0,0.9035233406828352,-14827.211710144462,14827.52640180359,0.0,0.10145333565560577,1.0,0.0,0.013210277212790448,0.013210277212790448,-3.094626110659072,-14822.649438123828,-14825.744064234486
68,14,0.3574221170028697,-6.697373643434257,3.0,1.0,0.9947670825109517,-14826.877346086481,14827.457760536669,-0.09186482328368584,-0.09186482328368584,2.0,0.0,0.013210277212790448,0.013210277212790448,-3.1075961868795177,-14822.298644853596,-14825.406241040475
69,14,0.3587694510478126,-6.687415991470482,3.0,1.0,0.9278316800605265,-14827.07947944353,14827.628121868129,0.017339990530672367,0.1481618690322648,2.0,0.0,0.013210277212790448,0.013210277212790448,-3.0868123304291792,-14822.523225602696,-14825.610037933126
70,14,0.35214335998298196,-6.690573283075856,3.0,1.0,0.43476998881770895,-14830.350266656204,14830.73184983257,1.3772640245406365,1.448161743597666,2.0,0.0,0.013210277212790448,0.013210277212790448,-3.0933915718762934,-14825.779072329062,-14828.872463900938
71,14,0.3571960703505162,-6.709364182489646,3.0,1.0,0.991958808389954,-14827.053608257394,14829.474531826232,-1.3696134728543257,-1.3696134728543257,2.0,0.0,0.013210277212790448,0.013210277212790448,-3.1327547206612665,-14822.449467573628,-14825.58222229429
72,14,0.3569813955791568,-6.696306988847495,3.0,1.0,0.9597321417785208,-14826.971654210167,14827.388998355538,0.01722497144328372,0.07985418139469402,1.0,0.0,0.013210277212790448,0.013210277212790448,-3.1053650973411986,-14822.39463587966,-14825.500000977001
73,14,0.3521093559673204,-6.6963441564202695,3.0,1.0,0.5450771819862598,-14830.079155965528,14830.11783605718,1.2463821964101953,1.2463821964101953,2.0,0.0,0.013210277212790448,0.013210277212790448,-3.1054428205112137,-14825.495866307667,-14828.601309128178
74,14,0.35883132682478,-6.691494400460054,3.0,1.0,0.9643762060941224,-14826.938489032222,14829.193796784992,-1.2887136848567025,-1.2887136848567025,1.0,0.0,0.013210277212790448,0.013210277212790448,-3.0953128971507,-14822.373810576455,-14825.469123473606
75,14,0.3583981452918004,-6.713922409016386,7.0,1.0,0.947351894266005,-14827.261641684529,14827.340725065162,0.06767165475321235,0.10275401640501514,3.0,0.0,0.013210277212790448,0.013210277212790448,-3.1423565022680613,-14822.64938707772,-14825.791743579988
76,14,0.3585329499308626,-6.689297197382554,3.0,1.0,0.909204966339512,-14826.997739379689,14828.305426709625,-0.0739745868177124,0.17470530133869033,1.0,0.0,0.013210277212790448,0.013210277212790448,-3.09073123301668,-14822.437275973924,-14825.52800720694
77,14,0.3574825513948582,-6.699268361623719,3.0,1.0,0.9837324038789624,-14826.856667394019,14827.169466240051,-0.013205188653955702,0.04290667115856195,1.0,0.0,0.013210277212790448,0.013210277212790448,-3.1115621178049064,-14822.274075245668,-14825.385637363474
78,14,0.3578419536314859,-6.699860713801838,1.0,1.0,1.0,-14826.824716960027,14826.845885653522,-0.013124920251357253,-0.013124920251357253,1.0,0.0,0.013210277212790448,0.013210277212790448,-3.1128027368609903,-14822.24132953536,-14825.354132272221
79,14,0.35793328673587427,-6.717703497009383,3.0,1.0,0.9219709471299448,-14827.466517631625,14827.505777052298,0.10932380507256312,0.10932380507256312,2.0,0.0,0.013210277212790448,0.013210277212790448,-3.1503370282919647,-14822.845708877538,-14825.99604590583
80,14,0.35800779873793015,-6.709931784680883,3.0,1.0,0.9025549202638944,-14827.037143311478,14827.91836034401,-0.07433527218017844,0.24447720858552202,2.0,0.0,0.013210277212790448,0.013210277212790448,-3.1339492268705915,-14822.43281445304,-14825.56676367991
81,14,0.35927053587929486,-6.712317822210546,1.0,1.0,0.9001413726345445,-14827.327733977509,14827.346820565745,0.10520344728865894,0.10520344728865894,1.0,0.0,0.013210277212790448,0.013210277212790448,-3.1389741136236133,-14822.719932307422,-14825.858906421046
82,14,0.357713018438682,-6.688691014950266,3.0,1.0,1.0,-14827.075044827761,14827.505625160606,-0.08300494941613579,-0.08300494941613579,2.0,0.0,0.013210277212790448,0.013210277212790448,-3.089468055564288,-14822.514832470275,-14825.60430052584
83,14,0.357713018438682,-6.688691014950266,1.0,1.0,0.7041930532175374,-14827.075044827761,14827.625411948538,0.0,0.35070273709607136,1.0,0.0,0.013210277212790448,0.013210277212790448,-3.089468055564288,-14822.514832470275,-14825.60430052584
84,14,0.3630595893129198,-6.720122530867396,3.0,1.0,0.4277022494246088,-14830.206670099291,14831.688398646265,1.2334435224729532,1.5704587242980779,1.0,0.0,0.013210277212790448,0.013210277212790448,-3.155450243759909,-14825.586952380641,-14828.7424026244
85,14,0.3552668971380388,-6.695297935757542,3.0,1.0,0.8314049773859783,-14827.62945774293,14831.408790817359,-0.9133405683296587,-0.9133405683296587,2.0,0.0,0.013210277212790448,0.013210277212790448,-3.1032555383828266,-14823.052397413652,-14826.155652952035
86,14,0.3552668971380388,-6.695297935757542,1.0,1.0,0.6088965435623216,-14827.62945774293,14828.614148525607,0.0,0.49610690491135756,1.0,0.0,0.013210277212790448,0.013210277212790448,-3.1032555383828266,-14823.052397413652,-14826.155652952035
87,14,0.35056537087101014,-6.712635104615113,3.0,1.0,0.544675528833542,-14831.647626152004,14832.429510148853,1.4326462379194709,1.4326462379194709,2.0,0.0,0.013210277212790448,0.013210277212790448,-3.1396427248264724,-14827.028122248827,-14830.167764973654
88,14,0.35962036756226506,-6.688220045300589,7.0,1.0,0.8987152000166331,-14827.142426760141,14832.111695225345,-1.6861888251514756,-1.6861888251514756,2.0,0.0,0.013210277212790448,0.013210277212790448,-3.0884868913955823,-14822.585539427448,-14825.674026318844
89,14,0.35794837786217865,-6.685332399790253,7.0,1.0,0.9974961616272681,-14827.215432359793,14827.21706593853,0.015325105621741386,-0.054908940681343665,3.0,0.0,0.013210277212790448,0.013210277212790448,-3.082475951069829,-14822.662503339618,-14825.744979290688
90,14,0.35785187439719324,-6.70022339584335,3.0,1.0,0.8377101298248318,-14826.82493053212,14827.609212269754,-0.07946853637076856,0.2845052732864133,2.0,0.0,0.013210277212790448,0.013210277212790448,-3.1135625092670858,-14822.240795609318,-14825.354358118584
91,14,0.3562481303299368,-6.706815900210736,3.0,1.0,0.8786377650094805,-14827.177729018838,14827.538392096187,0.10654236577465781,0.17584480592267937,2.0,0.0,0.013210277212790448,0.013210277212790448,-3.1273958872598784,-14822.577763413301,-14825.705159300562
92,14,0.3562481303299368,-6.706815900210736,3.0,1.0,0.43420775750408613,-14827.177729018838,14830.374614028346,0.0,2.051974385029098,1.0,0.0,0.013210277212790448,0.013210277212790448,-3.1273958872598784,-14822.577763413301,-14825.705159300562
93,14,0.3600757371456299,-6.701674759648863,3.0,1.0,0.9720059699737571,-14827.155729585353,14827.54740995769,0.030045268991671037,0.05591838790496695,2.0,0.0,0.013210277212790448,0.013210277212790448,-3.1166042468949398,-14822.571279000837,-14825.687883247732
94,14,0.3600757371456299,-6.701674759648863,1.0,1.0,0.5482755731751615,-14827.155729585353,14828.101767394608,0.0,0.6009772476736543,1.0,0.0,0.013210277212790448,0.013210277212790448,-3.1166042468949398,-14822.571279000837,-14825.687883247732
95,14,0.3600757371456299,-6.701674759648863,1.0,1.0,0.16164598966691773,-14827.155729585353,14829.853185296884,0.0,1.8223465838600532,1.0,0.0,0.013210277212790448,0.013210277212790448,-3.1166042468949398,-14822.571279000837,-14825.687883247732
96,14,0.35984297641842133,-6.714870473913597,3.0,1.0,0.9597746057597633,-14827.663507937803,14828.008222892484,0.11975579071076936,0.11975579071076936,2.0,0.0,0.013210277212790448,0.013210277212790448,-3.1443561856411537,-14823.051022449486,-14826.195378635128
97,14,0.3586158172290926,-6.715574376299733,1.0,1.0,1.0,-14827.39272798872,14827.669672540238,-0.13394911238719942,-0.13394911238719942,1.0,0.0,0.013210277212790448,0.013210277212790448,-3.1458414564471413,-14822.777256269264,-14825.923097725712
98,14,0.35781018407888887,-6.685067838984235,3.0,1.0,1.0,-14827.24805799336,14827.596555663884,-0.03308924451994244,-0.11704678354726639,2.0,0.0,0.013210277212790448,0.013210277212790448,-3.081925656674107,-14822.695508335859,-14825.777433992533
99,14,0.35659727231801785,-6.692134370162959,7.0,1.0,0.9371179974048134,-14827.18404715144,14827.880598578588,0.03803473793595913,0.18716589047471643,3.0,0.0,0.013210277212790448,0.013210277212790448,-3.0966482862190094,-14822.615266217797,-14825.711914504016
100,14,0.35433721010786734,-6.709868836428229,7.0,1.0,0.8191641948276017,-14828.102687180153,14828.827439130257,0.2975144699539669,0.4163875756494235,2.0,0.0,0.013210277212790448,0.013210277212790448,-3.133816737786942,-14823.493886285478,-14826.627703023265
101,14,0.3555491892406285,-6.706553477977989,1.0,1.0,1.0,-14827.420083514016,14828.011489561975,-0.22925159801889095,-0.22925159801889095,1.0,0.0,0.013210277212790448,0.013210277212790448,-3.1268444031318237,-14822.819790656864,-14825.946635059996
102,14,0.36164107079779806,-6.693348284975075,3.0,1.0,0.9358231862401899,-14827.787864698266,14827.843072414244,0.1564727334643976,0.1564727334643976,2.0,0.0,0.013210277212790448,0.013210277212790448,-3.09918241974912,-14823.222724633477,-14826.321907053227
103,14,0.3599951184855495,-6.706093249112692,3.0,1.0,0.9884822798610404,-14827.253453825446,14828.079740178264,-0.1921068368737906,-0.1921068368737906,1.0,0.0,0.013210277212790448,0.013210277212790448,-3.1258773917891016,-14822.659632150979,-14825.785509542768
104,14,0.35831506731158674,-6.68561079753112,7.0,1.0,0.9883663216814936,-14827.170258966293,14827.555054878607,-0.1056029520023003,-0.14807040030427743,3.0,0.0,0.013210277212790448,0.013210277212790448,-3.083055102283439,-14822.61720340587,-14825.700258508154
105,14,0.35788588643874153,-6.684787474202933,1.0,1.0,0.9707367353749139,-14827.254586367104,14827.310333975662,0.0296999747697555,0.0296999747697555,1.0,0.0,0.013210277212790448,0.013210277212790448,-3.0813425659256994,-14822.702713460712,-14825.784056026638
106,14,0.3544697070422279,-6.726655712320811,7.0,1.0,0.6857608219229131,-14828.949300013106,14829.591988233053,0.39499585871999443,0.686303196442168,3.0,0.0,0.013210277212790448,0.013210277212790448,-3.1692889524242824,-14824.30519553104,-14827.474484483464
107,14,0.35542607579316765,-6.704499325433723,3.0,1.0,1.0,-14827.449129697554,14829.428303182192,-0.2337774630104832,-0.2840643201016064,2.0,0.0,0.013210277212790448,0.013210277212790448,-3.1225299510674414,-14822.852995987709,-14825.975525938777
108,14,0.35825540007780626,-6.6893716792181905,3.0,1.0,0.9735804908788596,-14826.999400454579,14827.889006367102,-0.19517829451069701,-0.19517829451069701,1.0,0.0,0.013210277212790448,0.013210277212790448,-3.090886465395961,-14822.438439976406,-14825.529326441801
109,14,0.35981280209901206,-6.692043910615543,7.0,1.0,0.9739248301012017,-14827.077151092268,14827.143058707785,0.04003749523872102,0.054727924114558846,3.0,0.0,0.013210277212790448,0.013210277212790448,-3.0964595044749,-14822.51252556217,-14825.608985066645
110,14,0.3571213178299134,-6.70977901228287,3.0,1.0,1.0,-14827.07755381812,14827.146845673526,-0.0268497704728361,-0.07428714783600299,2.0,0.0,0.013210277212790448,0.013210277212790448,-3.1336276890636166,-14822.472447152739,-14825.606074841802
111,14,0.3565631612531375,-6.709999098193612,1.0,1.0,0.9654075649482589,-14827.183418779337,14827.217178084114,0.03520491970994044,0.03520491970994044,1.0,0.0,0.013210277212790448,0.013210277212790448,-3.1340909080328117,-14822.57715257745,-14825.711243485484
112,14,0.3557800032327435,-6.703941888219581,3.0,1.0,0.3927325820162942,-14827.297736386205,14830.733049743922,0.09573578152048867,2.263122616761393,2.0,0.0,0.013210277212790448,0.013210277212790448,-3.121359862248506,-14822.703218815032,-14825.82457867728
113,14,0.3605402791990816,-6.7113509983688555,3.0,1.0,0.8027883775451299,-14827.725621433383,14828.111715020577,0.14912529534558416,0.31155581058192183,2.0,0.0,0.013210277212790448,0.013210277212790448,-3.1369373404251215,-14823.121400850538,-14826.258338190963
114,14,0.3583684297583761,-6.727777981285878,3.0,1.0,0.9700680374813232,-14828.415467409637,14829.031217123666,-0.03143727711540123,-0.27683329949650215,2.0,0.0,0.013210277212790448,0.013210277212790448,-3.171670459534139,-14823.773862243577,-14826.945532703112
115,14,0.36166127103281037,-6.665751497317914,3.0,1.0,0.9090992273787183,-14829.488098413785,14830.001186994072,0.1591904818724288,0.1591904818724288,2.0,0.0,0.013210277212790448,0.013210277212790448,-3.0419362035055397,-14824.980228776307,-14828.022164979813
116,14,0.3545866021215898,-6.662301204453935,3.0,1.0,0.5916864132149678,-14831.406024848064,14832.415107229242,0.9113837047862035,0.9354739686314133,2.0,0.0,0.013210277212790448,0.013210277212790448,-3.034832546771833,-14826.896525391612,-14829.931357938383
117,14,0.3618526036202632,-6.711062381919704,3.0,1.0,1.0,-14828.460835208907,14832.680246612252,-0.7185085537948908,-0.7185085537948908,2.0,0.0,0.013210277212790448,0.013210277212790448,-3.1363295036475085,-14823.858801389353,-14826.995130893001
118,14,0.3593169901185669,-6.71122523028136,1.0,1.0,1.0,-14827.279862089832,14828.078856794933,-0.5017811654615798,-0.5017811654615798,1.0,0.0,0.013210277212790448,0.013210277212790448,-3.1366724580012346,-14822.674418863824,-14825.811091321826
119,14,0.3569701596532632,-6.70588330344517,3.0,1.0,0.973155308339157,-14826.990182999238,14827.481328060474,-0.09131755730049917,-0.09131755730049917,2.0,0.0,0.013210277212790448,0.013210277212790448,-3.125436334132793,-14822.393079430187,-14825.51851576432
120,14,0.360488613118393,-6.685759771516044,3.0,1.0,0.9073728041859429,-14827.457362476995,14827.660755104132,0.1115695115258859,0.1115695115258859,2.0,0.0,0.013210277212790448,0.013210277212790448,-3.0833650449083625,-14822.906651670766,-14825.990016715674
121,14,0.3600480546702436,-6.718056932945587,7.0,1.0,0.9153561311831615,-14827.98295908387,14828.046700210394,0.19640841182081203,0.22072665820087423,3.0,0.0,0.013210277212790448,0.013210277212790448,-3.1510837359389883,-14823.363995385818,-14826.515079121757
122,14,0.355793324295958,-6.6908006827026485,3.0,1.0,1.0,-14827.543810832713,14828.200316435288,-0.07003666493437777,-0.1806770769853756,2.0,0.0,0.013210277212790448,0.013210277212790448,-3.0938658176175786,-14822.976804069292,-14826.07066988691
123,14,0.355793324295958,-6.6908006827026485,3.0,1.0,0.8036295442596684,-14827.543810832713,14828.461985796846,0.0,0.44656301939357945,1.0,0.0,0.013210277212790448,0.013210277212790448,-3.0938658176175786,-14822.976804069292,-14826.07066988691
124,14,0.3549224867390738,-6.686172893859253,1.0,1.0,0.7624766906921137,-14828.278013156654,14828.499572526884,0.2711833405519428,0.2711833405519428,1.0,0.0,0.013210277212790448,0.013210277212790448,-3.0842246682882277,-14823.719547833996,-14826.803772502284
125,14,0.36014522249700703,-6.700593479382608,3.0,1.0,1.0,-14827.159665939636,14828.14208289895,-0.4126207750196045,-0.45648577327847306,2.0,0.0,0.013210277212790448,0.013210277212790448,-3.1143379224548347,-14822.577566045606,-14825.69190396806
126,14,0.3576346309368115,-6.708921332709299,3.0,1.0,0.9803206749389398,-14827.002359405742,14827.368084625994,-0.11041458581712504,-0.11041458581712504,1.0,0.0,0.013210277212790448,0.013210277212790448,-3.1318229768700725,-14822.399695004682,-14825.531517981552
127,14,0.3536708859707528,-6.693677412137048,3.0,1.0,0.6024190305686931,-14828.743504537102,14829.117431470951,0.7431859560201701,0.8064852970528591,2.0,0.0,0.013210277212790448,0.013210277212790448,-3.0998697500428785,-14824.167799847632,-14827.267669597675
128,14,0.35335504148343005,-6.700633235330446,3.0,1.0,0.8875076275983392,-14828.78142380215,14829.634042916006,-9.240428153134417e-5,-0.4673713639022026,1.0,0.0,0.013210277212790448,0.013210277212790448,-3.1144212287842525,-14824.190762743634,-14827.305183972418
129,14,0.35749352707105514,-6.706461116257404,3.0,1.0,1.0,-14826.936582741037,14828.08565813047,-0.7555130904511316,-0.7555130904511316,1.0,0.0,0.013210277212790448,0.013210277212790448,-3.1266503200207096,-14822.338916010243,-14825.465566330264
130,14,0.3603368672244228,-6.668153767093115,7.0,1.0,0.8449998678853251,-14828.804009230162,14828.84144870152,0.3061016567189654,0.3061016567189654,2.0,0.0,0.013210277212790448,0.013210277212790448,-3.0468891611591267,-14824.289590529987,-14827.336479691146
131,14,0.3570986433464792,-6.7031173431295485,7.0,1.0,1.0,-14826.925858425775,14828.582151284776,-0.29305152867527795,-0.3311631407650566,2.0,0.0,0.013210277212790448,0.013210277212790448,-3.1196296702836346,-14822.334721554389,-14825.454351224673
132,14,0.35731184580035996,-6.702197610632553,1.0,1.0,1.0,-14826.885571593322,14826.930328591954,-0.011942932043893961,-0.011942932043893961,1.0,0.0,0.013210277212790448,0.013210277212790448,-3.117700543060166,-14822.296629031332,-14825.414329574392
133,14,0.3600869831294332,-6.702268572011053,3.0,1.0,0.7800208807986083,-14827.172073656686,14827.71093069592,0.12024209341871028,0.4081258831647574,2.0,0.0,0.013210277212790448,0.013210277212790448,-3.1178493535347287,-14822.586391623232,-14825.704240976767
134,14,0.35950577789010557,-6.688068235782429,3.0,1.0,0.9724446526798237,-14827.127834898363,14827.569427504439,-0.08567660733569937,-0.09010606400988763,2.0,0.0,0.013210277212790448,0.013210277212790448,-3.0881706761232004,-14822.571124013715,-14825.659294689838
135,14,0.359165949469697,-6.7052805988716235,7.0,1.0,0.9318615147460402,-14827.002184198049,14827.430839975643,0.006026371995176305,0.15088761871265888,3.0,0.0,0.013210277212790448,0.013210277212790448,-3.1241704063555935,-14822.409058302075,-14825.533228708431
136,14,0.3597454193645321,-6.704248328716932,1.0,1.0,0.9496139099627718,-14827.114391633922,14827.181356212963,0.0516997875602101,0.0516997875602101,1.0,0.0,0.013210277212790448,0.013210277212790448,-3.1220030578456526,-14822.524140510472,-14825.646143568318
137,14,0.3538979876143818,-6.711219437311287,3.0,1.0,0.6233788741067864,-14828.417117721829,14829.344982078965,0.4242507959079376,0.7445346428958146,2.0,0.0,0.013210277212790448,0.013210277212790448,-3.136660257704169,-14823.804913012409,-14826.941573270113
138,14,0.35591396726313834,-6.70469248073938,1.0,1.0,1.0,-14827.25413512371,14828.148474131065,-0.38353360236942535,-0.38353360236942535,1.0,0.0,0.013210277212790448,0.013210277212790448,-3.122935466283533,-14822.658210444506,-14825.781145910789
139,14,0.3543630589293179,-6.700739367928202,1.0,1.0,0.719046576398101,-14828.039977475584,14828.17115192706,0.32982914394597174,0.32982914394597174,1.0,0.0,0.013210277212790448,0.013210277212790448,-3.114643631353246,-14823.450382599107,-14826.56502623046
140,14,0.36142216958760265,-6.703012940689328,3.0,1.0,1.0,-14827.799266942215,14827.959185043133,-0.08408382572088158,-0.4681169847044657,2.0,0.0,0.013210277212790448,0.013210277212790448,-3.1194106449309107,-14823.213636022982,-14826.333046667913
141,14,0.36142216958760265,-6.703012940689328,3.0,1.0,0.7418681040057238,-14827.799266942215,14830.74683497359,0.0,0.7081224878002104,1.0,0.0,0.013210277212790448,0.013210277212790448,-3.1194106449309107,-14823.213636022982,-14826.333046667913
142,14,0.3618982318337877,-6.684230555060839,3.0,1.0,0.9042360463759035,-14828.13235041,14829.034433699839,-0.0209142228050041,0.3386832844080345,1.0,0.0,0.013210277212790448,0.013210277212790448,-3.080184542329129,-14823.586516136334,-14826.666700678663
143,14,0.35465135506735257,-6.688865909274484,3.0,1.0,0.8604023388344432,-14828.278753389124,14829.112885672495,0.19092507028472028,0.22233943353967334,2.0,0.0,0.013210277212790448,0.013210277212790448,-3.089832466825675,-14823.714336278372,-14826.804168745197
144,14,0.35662718452485365,-6.693728214812249,1.0,1.0,1.0,-14827.122927996823,14827.884664052766,-0.452563960750922,-0.452563960750922,1.0,0.0,0.013210277212790448,0.013210277212790448,-3.099975853087599,-14822.55085688339,-14825.650832736477
145,14,0.3576274890699285,-6.701715249904503,7.0,1.0,1.0,-14826.847700327635,14827.105280224683,-0.1086421767322463,-0.1086421767322463,2.0,0.0,0.013210277212790448,0.013210277212790448,-3.1166891357208097,-14822.260160915808,-14825.376850051529
146,14,0.3577346736708637,-6.696429124191255,3.0,1.0,0.9921519071432243,-14826.85231744028,14826.917180614792,0.00398505294106144,0.016706063021047157,1.0,0.0,0.013210277212790448,0.013210277212790448,-3.105620506511985,-14822.27597945163,-14825.381599958142
147,14,0.3616894979935652,-6.704429448480284,3.0,1.0,0.7303549878016243,-14828.009048626964,14828.131035062577,0.46901118905225303,0.530292102461317,1.0,0.0,0.013210277212790448,0.013210277212790448,-3.1223832587843066,-14823.420765758838,-14826.543149017622
148,14,0.35665475254527884,-6.709156416687576,7.0,1.0,0.9793769046866044,-14827.13585150479,14828.297931679148,-0.4105839155326976,-0.4105839155326976,3.0,0.0,0.013210277212790448,0.013210277212790448,-3.1323175626911866,-14822.531473130704,-14825.663790693396
149,14,0.3580933703801622,-6.696121491041038,3.0,1.0,0.9961403713300406,-14826.834064811921,14827.239419408117,-0.07108380256249802,-0.07108380256249802,2.0,0.0,0.013210277212790448,0.013210277212790448,-3.1049772132559834,-14822.258813660597,-14825.363790873853
150,14,0.35653826196432503,-6.706367845905083,7.0,1.0,0.9355663712898491,-14827.090549264954,14827.306989104609,0.07406666022325226,0.09707063272253436,2.0,0.0,0.013210277212790448,0.013210277212790448,-3.1264543362249944,-14822.491888497665,-14825.61834283389
51,15,0.35373099240938666,-6.728727431592277,1.0,1.0,0.8635777880887484,-14829.548092248542,14830.055458338233,0.14667130081033974,0.14667130081033974,1.0,0.0,0.014695954752036408,0.014695954752036408,-3.173686220883691,-14824.898648023025,-14828.072334243909
52,15,0.3594609368794478,-6.715303619980954,3.0,1.0,0.9388659669167984,-14827.56696791608,14830.290134022696,-0.6291055996243813,-0.7461965076690831,2.0,0.0,0.01598613092706322,0.01598613092706322,-3.1452700878319293,-14822.953102889911,-14826.098372977744
53,15,0.35716238395403344,-6.686898025141346,7.0,1.0,0.9425646721884614,-14827.266514015522,14828.183701874339,-0.14076763121374825,0.2642465589760832,2.0,0.0,0.01598613092706322,0.01598613092706322,-3.085733931357513,-14822.709352212782,-14825.795086144139
54,15,0.3605861254685059,-6.697113567066136,3.0,1.0,0.9358075460381009,-14827.285866377606,14827.640611860383,0.07988103491334186,0.07988103491334186,2.0,0.0,0.01598613092706322,0.01598613092706322,-3.1070520880227943,-14822.7115865011,-14825.818638589122
55,15,0.36040572447724883,-6.686147169365653,3.0,1.0,0.9218870343863331,-14827.415516853442,14827.671536546377,-0.05717613198430627,0.18892832772144175,2.0,0.0,0.01598613092706322,0.01598613092706322,-3.084171135878262,-14822.863899599713,-14825.948070735592
56,15,0.3589803199955728,-6.687879444758759,3.0,1.0,0.5696882722390612,-14827.071769554394,14828.615530799612,-0.14392466649587732,1.1811994512227102,2.0,0.0,0.01598613092706322,0.01598613092706322,-3.087777461489206,-14822.514809261456,-14825.602586722945
57,15,0.35706330597458147,-6.701239608245955,3.0,1.0,0.969277837823026,-14826.919711524271,14827.2685319391,-0.006078263124436489,0.0591468291804631,1.0,0.0,0.01598613092706322,0.01598613092706322,-3.115692044666881,-14822.332468280669,-14825.448160325335
58,15,0.35906119813917137,-6.6740406699397266,3.0,1.0,0.5677645478924885,-14828.035596210902,14828.6820723005,0.25752460558214807,0.9129365605876956,2.0,0.0,0.01598613092706322,0.01598613092706322,-3.05905107288781,-14823.507461401812,-14826.5665124747
59,15,0.35796773952690125,-6.689693023101687,3.0,1.0,1.0,-14827.005145821278,14827.845685860864,-0.2450768068065372,-0.2450768068065372,1.0,0.0,0.01598613092706322,0.01598613092706322,-3.0915562624287305,-14822.443160422557,-14825.534716684986
60,15,0.3587224739031809,-6.683937770847366,3.0,1.0,0.7540231865091643,-14827.256262857738,14827.970375187162,0.04920959469382069,0.5504789140431967,2.0,0.0,0.01598613092706322,0.01598613092706322,-3.0795758691355037,-14822.707187788224,-14825.78676365736
61,15,0.35849697901322175,-6.689862556337754,3.0,1.0,0.9302706194180589,-14826.976972683295,14827.736568286495,-0.06857805450090382,0.23390806528550456,2.0,0.0,0.01598613092706322,0.01598613092706322,-3.0919096727017217,-14822.415286579191,-14825.507196251892
62,15,0.35849697901322175,-6.689862556337754,1.0,1.0,0.0524170255876331,-14826.976972683295,14829.724224460962,0.0,2.9485238246343215,1.0,0.0,0.01598613092706322,0.01598613092706322,-3.0919096727017217,-14822.415286579191,-14825.507196251892
63,15,0.3578067978114494,-6.724237453712418,3.0,1.0,0.6955937329803908,-14827.992796666957,14829.024600451357,0.28664800839578675,0.5642450124869356,1.0,0.0,0.01598613092706322,0.01598613092706322,-3.1641615757749957,-14823.358006899432,-14826.522168475207
64,15,0.35840559248233,-6.708795642679,3.0,1.0,0.6783552360765447,-14827.013643849214,14828.952502267352,-0.21816600217789528,0.9573508511602995,2.0,0.0,0.01598613092706322,0.01598613092706322,-3.131558564223691,-14822.412196352081,-14825.543754916305
65,15,0.36101171591543985,-6.705246803494387,11.0,1.0,0.7156653551907147,-14827.656377683392,14828.106025660432,0.4369593823903415,0.7722272389091813,3.0,0.0,0.01598613092706322,0.01598613092706322,-3.1240994329030163,-14823.065564223833,-14826.189663656736
66,15,0.3608218100299411,-6.698198721063144,3.0,1.0,1.0,-14827.392985833483,14827.539746326853,-0.1573381988400797,-0.3523470775508031,2.0,0.0,0.01598613092706322,0.01598613092706322,-3.1093227575238838,-14822.816720026489,-14825.926042784013
67,15,0.3555172487448851,-6.70947978926687,3.0,1.0,1.0,-14827.496092163572,14827.590005325232,-0.037943735949738766,-0.23723523268017743,2.0,0.0,0.01598613092706322,0.01598613092706322,-3.1329979864303183,-14822.889605445955,-14826.022603432384
68,15,0.3555714719711891,-6.691127367627221,3.0,1.0,0.7085663670422884,-14827.63324366568,14828.354683673972,0.15998263053734263,0.5580396067780384,2.0,0.0,0.01598613092706322,0.01598613092706322,-3.094547215020604,-14823.065276089072,-14826.159823304091
69,15,0.3553706583016699,-6.699895393862076,3.0,1.0,1.0,-14827.483320719435,14828.415043464616,-0.07939756096129713,-0.07939756096129713,2.0,0.0,0.01598613092706322,0.01598613092706322,-3.1128753814560275,-14822.89677162026,-14826.009647001716
70,15,0.3607067624847515,-6.723450033116064,3.0,1.0,0.7266017309931616,-14828.803105196046,14829.160345673063,0.48088515358176664,0.48088515358176664,2.0,0.0,0.01598613092706322,0.01598613092706322,-3.162493288578928,-14824.173529935226,-14827.336023223805
71,15,0.3547675680742235,-6.70041967538964,3.0,1.0,1.0,-14827.796001607134,14828.775404060714,-0.3107914322608849,-0.59469931213971,2.0,0.0,0.01598613092706322,0.01598613092706322,-3.1139737446233995,-14823.207590753225,-14826.321564497848
72,15,0.3536618760581911,-6.698573549585737,1.0,1.0,0.6279701737129182,-14828.580459834253,14829.210829849719,0.4652626077295281,0.4652626077295281,1.0,0.0,0.01598613092706322,0.01598613092706322,-3.110107354565641,-14823.994506004556,-14827.10461335912
73,15,0.36319567931189045,-6.716725675521731,3.0,1.0,0.7257871121172625,-14829.999632067169,14830.350582322812,0.7390429556562594,0.7390429556562594,2.0,0.0,0.01598613092706322,0.01598613092706322,-3.1482718258944984,-14825.387253853307,-14828.5355256792
74,15,0.3592160398132915,-6.705436535784788,1.0,1.0,1.0,-14827.016964016748,14828.531593090838,-1.6873988374409237,-1.6873988374409237,1.0,0.0,0.01598613092706322,0.01598613092706322,-3.124497903248843,-14822.423571909756,-14825.548069813005
75,15,0.35895980231662733,-6.704320100914917,1.0,1.0,1.0,-14826.939694779245,14827.039819913363,-0.04036131479369942,-0.04036131479369942,1.0,0.0,0.01598613092706322,0.01598613092706322,-3.122153715873324,-14822.348333082213,-14825.470486798085
76,15,0.3603177935084785,-6.700317497734061,3.0,1.0,0.8022911592741574,-14827.216398013012,14828.117924835798,0.1744622811474983,0.38343665785941994,2.0,0.0,0.01598613092706322,0.01598613092706322,-3.1137596621628556,-14822.63508569535,-14825.748845357513
77,15,0.3598427367518867,-6.716814471278637,3.0,1.0,0.8219872456716399,-14827.804365409493,14828.225131950412,0.18568256729122368,0.45346192993929435,1.0,0.0,0.01598613092706322,0.01598613092706322,-3.148459327004783,-14823.187776488168,-14826.336235815173
78,15,0.3588593437012808,-6.664239370737521,3.0,1.0,0.6923193187015002,-14829.218825477916,14829.823448110226,0.15562883700658858,0.6003139168387861,2.0,0.0,0.01598613092706322,0.01598613092706322,-3.038821486997014,-14824.710672809846,-14827.749494296842
79,15,0.3588593437012808,-6.664239370737521,1.0,1.0,0.28371961049369787,-14829.218825477916,14832.34497083146,0.0,1.2597688155037758,1.0,0.0,0.01598613092706322,0.01598613092706322,-3.038821486997014,-14824.710672809846,-14827.749494296842
80,15,0.3588593437012808,-6.664239370737521,1.0,1.0,0.1859174558584458,-14829.218825477916,14831.546398796894,0.0,1.6824524894782371,1.0,0.0,0.01598613092706322,0.01598613092706322,-3.038821486997014,-14824.710672809846,-14827.749494296842
81,15,0.35840723022814847,-6.702392032308531,3.0,1.0,0.9320196025380083,-14826.843892527439,14829.091792444984,-0.6225534538007196,-0.6225534538007196,2.0,0.0,0.01598613092706322,0.01598613092706322,-3.11810826954653,-14822.255897341884,-14825.37400561143
82,15,0.3587976665452407,-6.709193619658583,7.0,1.0,0.5958116877142382,-14827.07712578223,14827.711027636653,0.08394856344784785,0.8932496712495777,2.0,0.0,0.01598613092706322,0.01598613092706322,-3.1323958379219565,-14822.47532307294,-14825.607718910862
83,15,0.35870989795863006,-6.689013070637504,3.0,1.0,0.8844940378460957,-14827.012207771673,14828.102629695028,-0.06597202384546108,0.3531215950715705,2.0,0.0,0.01598613092706322,0.01598613092706322,-3.0901391171566663,-14822.45255400651,-14825.542693123667
84,15,0.35793572295279824,-6.704021941446515,3.0,1.0,0.9786396982457122,-14826.861697613158,14827.19294030885,-0.03322490307982662,0.06622624348710815,2.0,0.0,0.01598613092706322,0.01598613092706322,-3.1215278789001277,-14822.26970102044,-14825.39122889934
85,15,0.3609354378515891,-6.69002894947053,3.0,1.0,0.7613491405068534,-14827.48769308719,14827.73524475981,0.3010139543857804,0.3686226382433233,2.0,0.0,0.01598613092706322,0.01598613092706322,-3.0922565650394342,-14822.928630549508,-14826.020887114548
86,15,0.35897404741985295,-6.715291129215216,3.0,1.0,0.9028145139968733,-14827.440736217617,14828.425969957312,-0.08034552880599222,0.3446849097017548,1.0,0.0,0.01598613092706322,0.01598613092706322,-3.1452437307275387,-14822.826301967238,-14825.971545697965
87,15,0.36046032017340446,-6.7216073308585385,1.0,1.0,0.6027514564067127,-14828.488008681486,14828.694177493637,0.5062503456538252,0.5062503456538252,1.0,0.0,0.01598613092706322,0.01598613092706322,-3.1585916272983585,-14823.862037045323,-14827.02062867262
88,15,0.358356348788614,-6.706075012381692,3.0,1.0,1.0,-14826.91881676459,14827.872405757285,-0.6972354949302826,-0.6972354949302826,2.0,0.0,0.01598613092706322,0.01598613092706322,-3.1258390779866367,-14822.323028096816,-14825.448867174802
89,15,0.35428122794177525,-6.703826046936579,1.0,1.0,0.51336791067768,-14828.071628936614,14828.08283615766,0.6667625160480384,0.6667625160480384,1.0,0.0,0.01598613092706322,0.01598613092706322,-3.121116744551393,-14823.47545673268,-14826.59657347723
90,15,0.358259295533705,-6.714362395053212,3.0,1.0,0.9987749798069935,-14827.273570120055,14827.7154067704,-0.5727912509391899,-0.6682524607294908,1.0,0.0,0.01598613092706322,0.01598613092706322,-3.143284420595175,-14822.660216489907,-14825.803500910502
91,15,0.3579787323808202,-6.705407595072117,3.0,1.0,1.0,-14826.890143122771,14827.173257235601,-0.10797634744085371,-0.10797634744085371,2.0,0.0,0.01598613092706322,0.01598613092706322,-3.124437120462664,-14822.295290452497,-14825.41972757296
92,15,0.3582266087472546,-6.719922945171599,3.0,1.0,0.8484013580633173,-14827.655945494811,14827.702305407913,0.20850587619497674,0.20850587619497674,1.0,0.0,0.01598613092706322,0.01598613092706322,-3.155028149441803,-14823.030807827136,-14826.185835976577
93,15,0.3597198224907423,-6.708480912908785,3.0,1.0,0.9875933109795293,-14827.260243451858,14827.845657673892,0.0006666127264907118,0.03723850256210426,1.0,0.0,0.01598613092706322,0.01598613092706322,-3.1308965401945015,-14822.661067669194,-14825.79196420939
94,15,0.35874985868031467,-6.683189358913905,3.0,1.0,0.9653656506118039,-14827.301433103632,14827.937237949958,-0.12358261676308757,-0.12358261676308757,1.0,0.0,0.01598613092706322,0.01598613092706322,-3.0780203747283155,-14822.753947160956,-14825.831967535685
95,15,0.3584001962586374,-6.686905247335507,1.0,1.0,1.0,-14827.101186341846,14827.291568649336,-0.04601860890215903,-0.04601860890215903,1.0,0.0,0.01598613092706322,0.01598613092706322,-3.085748966026238,-14822.545541797215,-14825.631290763242
96,15,0.3584001962586374,-6.686905247335507,3.0,1.0,0.1387044883901109,-14827.101186341846,14831.884563947462,0.0,4.320843114523086,2.0,0.0,0.01598613092706322,0.01598613092706322,-3.085748966026238,-14822.545541797215,-14825.631290763242
97,15,0.35715286952962,-6.6751013111599855,3.0,1.0,0.7834972646760011,-14828.202925346535,14828.230743303166,0.424253122346272,0.424253122346272,2.0,0.0,0.01598613092706322,0.01598613092706322,-3.0612459646823655,-14823.670239671737,-14826.73148563642
98,15,0.35741004990966246,-6.67713655684168,3.0,1.0,1.0,-14827.93033773198,14828.45517591585,-0.1143820598917955,-0.1143820598917955,2.0,0.0,0.01598613092706322,0.01598613092706322,-3.06546085417877,-14823.393756848778,-14826.459217702957
99,15,0.3574772975105921,-6.690632871860532,3.0,1.0,1.0,-14827.03111982574,14827.737633360479,-0.2926693925746804,-0.2926693925746804,2.0,0.0,0.01598613092706322,0.01598613092706322,-3.0935158402878207,-14822.466567434898,-14825.560083275186
100,15,0.3570960184946941,-6.688663961871011,1.0,1.0,0.9243218605152789,-14827.192305499242,14827.282394996295,0.07869493410362338,0.07869493410362338,1.0,0.0,0.01598613092706322,0.01598613092706322,-3.089411690276107,-14822.631383340155,-14825.720795030431
101,15,0.3570960184946941,-6.688663961871011,1.0,1.0,0.14942697476250727,-14827.192305499242,14828.817790714302,0.0,1.9009474686154135,1.0,0.0,0.01598613092706322,0.01598613092706322,-3.089411690276107,-14822.631383340155,-14825.720795030431
102,15,0.3637852647476168,-6.674680280455747,3.0,1.0,0.22898795388867285,-14829.939997813619,14832.426763399118,1.034837945462641,2.977732500232378,2.0,0.0,0.01598613092706322,0.01598613092706322,-3.060374548756436,-14825.416212608843,-14828.4765871576
103,15,0.3534319060430718,-6.73881126378482,3.0,1.0,0.8348957379073757,-14830.820680663019,14831.904098056886,-0.10706595334340818,0.6838164203691122,2.0,0.0,0.01598613092706322,0.01598613092706322,-3.1951506576354665,-14826.149388806061,-14829.344539463696
104,15,0.3606278855394436,-6.702186507664217,3.0,1.0,1.0,-14827.378385942631,14830.449191569844,-0.8588909370955662,-1.1417816039156605,2.0,0.0,0.01598613092706322,0.01598613092706322,-3.117677259892707,-14822.793531387135,-14825.911208647027
105,15,0.3618185127929687,-6.708828057256691,1.0,1.0,0.5912474384764461,-14828.302205053635,14828.715709719298,0.5255206715719396,0.5255206715719396,1.0,0.0,0.01598613092706322,0.01598613092706322,-3.1316267528798427,-14823.704833188624,-14826.836459941504
106,15,0.35805263661355735,-6.700958077081495,1.0,1.0,1.0,-14826.821825022915,14827.467933116537,-0.8569654452003306,-0.8569654452003306,1.0,0.0,0.01598613092706322,0.01598613092706322,-3.1151019754315414,-14822.236398806594,-14825.351500782024
107,15,0.3575793211604782,-6.6900751182223805,7.0,1.0,0.7637984787424067,-14827.036403079,14827.311797549391,0.08741425451080431,0.45800262555712834,2.0,0.0,0.01598613092706322,0.01598613092706322,-3.0923528214321068,-14822.473140266588,-14825.56549308802
108,15,0.3575793211604782,-6.6900751182223805,3.0,1.0,0.7673202182616249,-14827.036403079,14827.368068324393,0.0,0.43384699942362204,1.0,0.0,0.01598613092706322,0.01598613092706322,-3.0923528214321068,-14822.473140266588,-14825.56549308802
109,15,0.35822850685504315,-6.699868552673981,11.0,1.0,0.6931006940301349,-14826.816059469613,14827.632034941444,-0.09496099153147952,0.8125330372677126,3.0,0.0,0.01598613092706322,0.01598613092706322,-3.11281915690294,-14822.233133135484,-14825.345952292386
110,15,0.3594676023844452,-6.702878334647547,3.0,1.0,0.8258485742692208,-14827.006918160982,14827.727541330954,0.1082071708242438,0.2931121313577023,2.0,0.0,0.01598613092706322,0.01598613092706322,-3.119128271680814,-14822.41920308771,-14825.53833135939
111,15,0.36000673031972574,-6.709705637249725,1.0,1.0,0.8218818876716554,-14827.414733058611,14827.552195294156,0.19615858321412816,0.19615858321412816,1.0,0.0,0.01598613092706322,0.01598613092706322,-3.1334732660131768,-14822.813329621416,-14825.946802887429
112,15,0.3546831720063423,-6.693328833062194,3.0,1.0,0.5813766976084308,-14828.034459911534,14828.484754184581,0.4176675262515346,0.8046486038037983,2.0,0.0,0.01598613092706322,0.01598613092706322,-3.0991418008798464,-14823.460773872837,-14826.559915673717
113,15,0.3552112226352802,-6.698849869268153,3.0,1.0,1.0,-14827.576339005,14827.817771148308,-0.26909680143398873,-0.555393947624907,2.0,0.0,0.01598613092706322,0.01598613092706322,-3.1106858412945226,-14822.991777997826,-14826.10246383912
114,15,0.35547157126828427,-6.68769703642014,3.0,1.0,0.817699114268816,-14827.864472334195,14828.417539762511,0.12694365148308862,0.5580674159264163,1.0,0.0,0.01598613092706322,0.01598613092706322,-3.0873975745898874,-14823.303528410535,-14826.390925985126
115,15,0.35643259046116216,-6.685086737007861,3.0,1.0,0.873931877903083,-14827.598442551101,14828.110948696965,-0.20206279502963298,0.3229390037831763,2.0,0.0,0.01598613092706322,0.01598613092706322,-3.081964962807661,-14823.044138941317,-14826.126103904126
116,15,0.3532428531137412,-6.70458189240811,3.0,1.0,0.6380489721374308,-14828.831500672963,14829.534149433111,0.7460088943826122,0.8212275559508271,2.0,0.0,0.01598613092706322,0.01598613092706322,-3.122703289731381,-14824.232413486287,-14827.355116776018
117,15,0.3568278241930907,-6.690056479024113,3.0,1.0,0.9924225564144108,-14827.198756827216,14828.242526876524,-0.9453221480689535,-0.9860946292901644,2.0,0.0,0.01598613092706322,0.01598613092706322,-3.0923139606494154,-14822.634598146795,-14825.726912107444
118,15,0.354775744474338,-6.676165285422343,3.0,1.0,0.42041192493823654,-14829.281764178713,14829.544578367657,1.0332325507733913,1.257282824597496,2.0,0.0,0.01598613092706322,0.01598613092706322,-3.063448884145016,-14824.743888560117,-14827.807337444261
119,15,0.35405229673111577,-6.70468353704578,3.0,1.0,0.8436555827204825,-14828.22358832168,14830.345108976391,-0.42861873138281226,-0.8612793127722398,1.0,0.0,0.01598613092706322,0.01598613092706322,-3.1229166888394153,-14823.625324253791,-14826.74824094263
120,15,0.36231305939291,-6.71046437175285,9.0,1.0,0.8920203683389462,-14828.754431769057,14828.834564092382,0.34430925960987224,-0.7422784987393243,3.0,0.0,0.01598613092706322,0.01598613092706322,-3.135070337512122,-14824.154206990845,-14827.289277328357
121,15,0.3602010590510578,-6.693588368834441,3.0,1.0,0.8704459664274663,-14827.160548783977,14829.5929165406,-0.974691104829617,-0.974691104829617,2.0,0.0,0.01598613092706322,0.01598613092706322,-3.099683786426299,-14822.593170784728,-14825.692854571154
122,15,0.3641442613684678,-6.665973502061087,3.0,1.0,0.3166939083757947,-14830.990247673963,14831.491185523844,1.3269271332355856,1.4116881619374908,2.0,0.0,0.01598613092706322,0.01598613092706322,-3.0423936869734014,-14826.484865252147,-14829.52725893912
123,15,0.35984573576832085,-6.672267821534056,1.0,1.0,1.0,-14828.272609627555,14830.004631427282,-1.1480218163087557,-1.1480218163087557,1.0,0.0,0.01598613092706322,0.01598613092706322,-3.055384850644532,-14823.749098831975,-14826.80448368262
124,15,0.3598848639251608,-6.699818592895873,3.0,1.0,0.9597488450384608,-14827.066525323355,14828.53354870877,-0.18871792597565218,-0.18871792597565218,1.0,0.0,0.01598613092706322,0.01598613092706322,-3.112714507485328,-14822.485732476061,-14825.598446983548
125,15,0.36211293799640815,-6.682646638175499,3.0,1.0,0.5875685465532343,-14828.320907513273,14828.680041160653,0.4805572557106643,0.6911307920217951,2.0,0.0,0.01598613092706322,0.01598613092706322,-3.076892737901263,-14823.778621612864,-14826.855514350766
126,15,0.35908611331056906,-6.678367189302892,3.0,1.0,0.3776089693680656,-14827.650968393576,14831.578063526918,-0.4199878655927023,3.057063451324211,2.0,0.0,0.01598613092706322,0.01598613092706322,-3.068011440481409,-14823.113903730558,-14826.18191517104
127,15,0.36031336782328477,-6.666066205670917,1.0,1.0,0.7012278435842725,-14829.052867083228,14829.081056696255,0.354922418246133,0.354922418246133,1.0,0.0,0.01598613092706322,0.01598613092706322,-3.0425847351769297,-14824.542724328296,-14827.585309063472
128,15,0.35929629013934306,-6.726365079887284,3.0,1.0,0.34205515987048346,-14828.493769907353,14831.72560570488,0.07624225085419312,3.1813428681616642,2.0,0.0,0.01598613092706322,0.01598613092706322,-3.1686724221566767,-14823.856301415006,-14827.024973837162
129,15,0.3596212766361059,-6.68890270191062,3.0,1.0,0.9289469798222546,-14827.118943266521,14829.311247551808,-0.5138735383425228,-0.5138735383425228,2.0,0.0,0.01598613092706322,0.01598613092706322,-3.089909132161089,-14822.560634801344,-14825.650543933505
130,15,0.36022603970420425,-6.711873840077985,3.0,1.0,0.7396962137389173,-14827.619179919882,14828.609931126686,0.3291695526786498,0.648721491359538,2.0,0.0,0.01598613092706322,0.01598613092706322,-3.138038676282528,-14823.013477335044,-14826.151516011327
131,15,0.35812451073948126,-6.669544178632709,3.0,1.0,0.8571416727463365,-14828.604804219543,14829.001437051624,0.08207644281901594,0.26575778772166814,2.0,0.0,0.01598613092706322,0.01598613092706322,-3.049758523958413,-14824.084810201835,-14827.134568725794
132,15,0.35716826169413085,-6.718928577331786,3.0,1.0,0.8061102975954205,-14827.562489155549,14828.871731691235,-0.3412936930271826,0.3959484756196616,2.0,0.0,0.01598613092706322,0.01598613092706322,-3.152925801692615,-14822.938142795638,-14826.09106859733
133,15,0.3570471065954821,-6.700596326642534,3.0,1.0,0.985052097295115,-14826.921758959128,14827.629031032504,-0.11723628663094132,-0.11723628663094132,2.0,0.0,0.01598613092706322,0.01598613092706322,-3.1143438886736603,-14822.33584369772,-14825.450187586393
134,15,0.35581861061254066,-6.713709718501689,3.0,1.0,0.820711535793934,-14827.536662381908,14827.681731288043,0.19204037346571567,0.22511150665741297,2.0,0.0,0.01598613092706322,0.01598613092706322,-3.1419080132910038,-14822.92164523789,-14826.06355325118
135,15,0.3578427846174276,-6.68723594230403,3.0,1.0,0.8576017408028415,-14827.126604375313,14828.220276584403,-0.1619107608385093,0.2860408355372783,2.0,0.0,0.01598613092706322,0.01598613092706322,-3.086437440016404,-14822.569583275648,-14825.656020715665
136,15,0.3578427846174276,-6.68723594230403,3.0,1.0,0.24655661503790374,-14827.126604375313,14829.640232107531,0.0,2.641160737774044,1.0,0.0,0.01598613092706322,0.01598613092706322,-3.086437440016404,-14822.569583275648,-14825.656020715665
137,15,0.3597346732804893,-6.692453258856513,3.0,1.0,0.9774506342573245,-14827.051169976528,14827.460369584345,-0.0022992761041678023,0.07004495747969486,2.0,0.0,0.01598613092706322,0.01598613092706322,-3.0973138463461933,-14822.485594976712,-14825.582908823058
138,15,0.3597346732804893,-6.692453258856513,1.0,1.0,0.4010428214965367,-14827.051169976528,14828.11893604821,0.0,0.9136870706024638,1.0,0.0,0.01598613092706322,0.01598613092706322,-3.0973138463461933,-14822.485594976712,-14825.582908823058
139,15,0.3550173871512287,-6.70824256492101,5.0,1.0,0.6557305200212472,-14827.692653111606,14828.134649018868,0.3372632489899843,0.9425746228153002,2.0,0.0,0.01598613092706322,0.01598613092706322,-3.1303952487199562,-14823.088137430697,-14826.218532679417
140,15,0.3597744460762551,-6.688904579646821,3.0,1.0,0.6916526561309658,-14827.149945839448,14827.957098294182,-0.32311340768501395,0.7433553919890983,2.0,0.0,0.01598613092706322,0.01598613092706322,-3.089913044862831,-14822.591820075308,-14825.681733120171
141,15,0.3603499749655949,-6.682437811801677,1.0,1.0,0.8881797883159237,-14827.577563052755,14827.642018074552,0.11858109216336743,0.11858109216336743,1.0,0.0,0.01598613092706322,0.01598613092706322,-3.0764589278312786,-14823.033590469759,-14826.11004939759
142,15,0.3585274932227646,-6.697074566750826,5.0,1.0,0.7172221911800056,-14826.828604441873,14828.121161961897,-0.21031382709952595,0.7960671371019998,2.0,0.0,0.01598613092706322,0.01598613092706322,-3.106970502331833,-14822.251895053705,-14825.358865556036
143,15,0.3566816341601253,-6.694969149190722,1.0,1.0,0.8655023000850515,-14827.074126687314,14827.076026661796,0.14444524684768112,0.14444524684768112,1.0,0.0,0.01598613092706322,0.01598613092706322,-3.1025683865060696,-14822.499531073112,-14825.602099459618
144,15,0.3598968005865624,-6.702303991146338,5.0,1.0,0.7981117887365288,-14827.111380675304,14827.809787564973,0.019509660432959208,0.5449657579210907,2.0,0.0,0.01598613092706322,0.01598613092706322,-3.117923631573427,-14822.525393223521,-14825.643316855094
145,15,0.3598968005865624,-6.702303991146338,3.0,1.0,0.7927214525402823,-14827.111380675304,14828.540051280159,0.0,0.37748823548827204,1.0,0.0,0.01598613092706322,0.01598613092706322,-3.117923631573427,-14822.525393223521,-14825.643316855094
146,15,0.359629290030461,-6.7047034179961065,3.0,1.0,0.9559236945948516,-14827.094661122766,14827.264767211032,-0.019858878760715015,0.14182732746303373,1.0,0.0,0.01598613092706322,0.01598613092706322,-3.1229584293576846,-14822.503313129411,-14825.626271558769
147,15,0.35751239974377425,-6.705098345917234,3.0,1.0,1.0,-14826.904088973986,14827.001363569092,-0.12950808044843143,-0.14981942475969845,1.0,0.0,0.01598613092706322,0.01598613092706322,-3.123787671636371,-14822.309308307887,-14825.433095979524
148,15,0.3566945235484929,-6.697896830947298,3.0,1.0,0.9367199902818076,-14827.017314383009,14827.11218076376,0.09427868637430947,0.09427868637430947,1.0,0.0,0.01598613092706322,0.01598613092706322,-3.1086909384657817,-14822.436612317164,-14825.54530325563
149,15,0.3607524453734826,-6.701565185317283,3.0,1.0,0.6895437371986465,-14827.418268565902,14827.657286152858,0.2340509149380523,0.5507971667029778,2.0,0.0,0.01598613092706322,0.01598613092706322,-3.116374529810894,-14822.834867243124,-14825.951241772935
150,15,0.3623112752180172,-6.706125923316442,3.0,1.0,0.46471670800229686,-14828.506032445574,14828.951326742383,0.6423508672305616,1.1313527094989695,2.0,0.0,0.01598613092706322,0.01598613092706322,-3.1259460383111306,-14823.91492984003,-14827.040875878341
51,16,0.35911103632695435,-6.694066425366109,1.0,1.0,0.6990420689920708,-14826.912424613787,14827.1774642222,0.0,0.35804435402133095,1.0,0.0,0.031561753281776087,0.031561753281776087,-3.1006822826484854,-14822.342719625547,-14825.443401908196
52,16,0.35942757962869065,-6.702786819878533,7.0,1.0,0.960619353412232,-14826.9956334345,14827.140133411142,0.05528536471319967,0.07993555599568936,2.0,0.0,0.014382036511427483,0.014382036511427483,-3.1189363045916068,-14822.408061464766,-14825.526997769359
53,16,0.35831794677807094,-6.6997758049859115,3.0,1.0,0.996049727427538,-14826.817348841529,14826.982541670744,-0.08245842618271126,-0.08245842618271126,2.0,0.0,0.014382036511427483,0.014382036511427483,-3.1126248827732943,-14822.234727049352,-14825.347351932125
54,16,0.357021559967732,-6.715854882870764,3.0,1.0,0.8229541139756433,-14827.377744589614,14827.59731415531,0.10572459490322217,0.24603737636789447,2.0,0.0,0.014382036511427483,0.014382036511427483,-3.1464334780320242,-14822.75970791904,-14825.906141397072
55,16,0.36274865979122406,-6.716855355449689,3.0,1.0,0.5513786947287317,-14829.60749829635,14829.819839754748,1.139323980329209,1.139323980329209,2.0,0.0,0.014382036511427483,0.014382036511427483,-3.1485456606667017,-14824.994316421264,-14828.14286208193
56,16,0.3546880887659128,-6.717277344614022,3.0,1.0,0.9747057343685167,-14828.1866670339,14829.522114636797,-0.8151709800768003,-0.8902184797752852,2.0,0.0,0.014382036511427483,0.014382036511427483,-3.1494368579641243,-14823.562692181253,-14826.712129039217
57,16,0.35635831413051017,-6.700324720478865,3.0,1.0,1.0,-14827.092491476913,14828.263004694809,-0.29930665769461484,-0.29930665769461484,1.0,0.0,0.014382036511427483,0.014382036511427483,-3.113774794903299,-14822.506285031943,-14825.620059826846
58,16,0.35634673283068236,-6.6850310238091,3.0,1.0,0.8635399945525813,-14827.63475050116,14828.007896948124,0.18605017067784502,0.18605017067784502,2.0,0.0,0.014382036511427483,0.014382036511427483,-3.0818490855554277,-14823.080455259213,-14826.162304344769
59,16,0.36242799605723686,-6.693085989771928,3.0,1.0,0.8028009541406567,-14828.277469171579,14828.681439968206,0.32617049321561353,0.3654017350909271,2.0,0.0,0.014382036511427483,0.014382036511427483,-3.098634735049827,-14823.713816919579,-14826.812451654629
60,16,0.359070303756369,-6.696209017181386,3.0,1.0,1.0,-14826.883583439945,14827.68228087919,-0.6250399358359573,-0.6250399358359573,2.0,0.0,0.014382036511427483,0.014382036511427483,-3.105160229983783,-14822.309350626163,-14825.414510856146
61,16,0.3582647281257866,-6.703052863279915,3.0,1.0,0.9938313337953173,-14826.847644792066,14826.957222397008,-0.01779336674917431,0.01867937696442823,1.0,0.0,0.014382036511427483,0.014382036511427483,-3.119494397045228,-14822.25808788377,-14825.377582280817
62,16,0.3589372563490177,-6.698962083655852,3.0,1.0,0.9823714582280324,-14826.86160422242,14826.945309419169,0.014152813817418064,0.033701932057738304,2.0,0.0,0.014382036511427483,0.014382036511427483,-3.1109207885742545,-14822.281447811834,-14825.39236860041
63,16,0.35477457906542414,-6.691610854374502,3.0,1.0,0.6977411239166398,-14828.053236750022,14828.239280986743,0.5629409357679833,0.5863111327071238,2.0,0.0,0.014382036511427483,0.014382036511427483,-3.095555864553039,-14823.4832526723,-14826.578808536853
64,16,0.36129703426916393,-6.71702656294282,3.0,1.0,0.9585021324364359,-14828.54313811519,14828.806212582127,0.1329528202477377,-0.32982204540167004,2.0,0.0,0.014382036511427483,0.014382036511427483,-3.14890721164685,-14823.927860279142,-14827.07676749079
65,16,0.3577536980830563,-6.701682183163582,3.0,1.0,0.9371145044903252,-14826.8383732895,14829.498509520163,-0.7100834359898727,-0.7100834359898727,2.0,0.0,0.014382036511427483,0.014382036511427483,-3.116619810355056,-14822.251059554585,-14825.36767936494
66,16,0.3624143501173762,-6.692646284894697,3.0,1.0,0.643115640320096,-14828.269117648646,14828.738735989584,0.6267979428248509,0.6503348267688125,2.0,0.0,0.014382036511427483,0.014382036511427483,-3.097716764957844,-14823.706367117327,-14826.804083882285
67,16,0.35299863775395235,-6.729772329584898,7.0,1.0,0.934431593730158,-14830.143196634335,14830.424984031486,0.3330578492877976,0.3330578492877976,2.0,0.0,0.014382036511427483,0.014382036511427483,-3.1759056674927457,-14825.490593006729,-14828.666498674222
68,16,0.35847739574149073,-6.706319629096548,3.0,1.0,1.0,-14826.934975186829,14829.790869680972,-0.9271099686757225,-0.9271099686757225,2.0,0.0,0.014382036511427483,0.014382036511427483,-3.126353024342162,-14822.338821630252,-14825.465174654593
69,16,0.3587989613095202,-6.696218601678318,3.0,1.0,0.9878170748717685,-14826.853167367433,14827.061578955689,-0.021478530385138583,0.02487990875124524,1.0,0.0,0.014382036511427483,0.014382036511427483,-3.1051802715849766,-14822.278581813815,-14825.3837620854
70,16,0.35787112565686646,-6.698743192830896,3.0,1.0,0.9917166586859426,-14826.823997116282,14826.93657084348,-0.00780241000757087,0.014498352327791508,2.0,0.0,0.014382036511427483,0.014382036511427483,-3.1104625006950837,-14822.24298601741,-14825.353448518106
71,16,0.35890028026400134,-6.695109069700818,3.0,1.0,0.8853821479376238,-14826.873946910699,14827.07418813069,0.012817392775104963,0.18675495279967436,2.0,0.0,0.014382036511427483,0.014382036511427483,-3.1028608020318726,-14822.301805143585,-14825.404665945616
72,16,0.35890028026400134,-6.695109069700818,1.0,1.0,0.8314311987569755,-14826.873946910699,14827.14361585008,0.0,0.18460672729997896,1.0,0.0,0.014382036511427483,0.014382036511427483,-3.1028608020318726,-14822.301805143585,-14825.404665945616
73,16,0.36029620702759996,-6.697481227662524,3.0,1.0,0.8292521974397441,-14827.17936065915,14827.882901125891,0.15176301422434335,0.28931696707331866,2.0,0.0,0.014382036511427483,0.014382036511427483,-3.1078212807610486,-14822.603960556598,-14825.711781837359
74,16,0.3590071635519613,-6.698140436602712,1.0,1.0,1.0,-14826.869084984783,14827.056790061686,-0.14388441806295305,-0.14388441806295305,1.0,0.0,0.014382036511427483,0.014382036511427483,-3.109200768183587,-14822.290734282378,-14825.399935050562
75,16,0.35911845090668154,-6.701640833333876,7.0,1.0,0.9823875548403261,-14826.913122548098,14826.94922403829,0.02124438397004269,0.03855942394693557,2.0,0.0,0.014382036511427483,0.014382036511427483,-3.1165331207959,-14822.32757579926,-14825.444108920055
76,16,0.35911845090668154,-6.701640833333876,1.0,1.0,0.11845486634540173,-14826.913122548098,14829.426791294909,0.0,2.133223265680499,1.0,0.0,0.014382036511427483,0.014382036511427483,-3.1165331207959,-14822.32757579926,-14825.444108920055
77,16,0.3576621831227813,-6.691961467501429,3.0,1.0,0.9163123654194854,-14826.958451894334,14827.157098110853,0.0017730531417328166,0.1367060055872571,2.0,0.0,0.014382036511427483,0.014382036511427483,-3.096287459504712,-14822.391357155022,-14825.487644614526
78,16,0.3561694712589527,-6.693213057512387,1.0,1.0,0.8403401597679813,-14827.292458189804,14827.360892574794,0.17394851701101288,0.17394851701101288,1.0,0.0,0.014382036511427483,0.014382036511427483,-3.0989000498663866,-14822.72088977976,-14825.819789829626
79,16,0.35902821652234795,-6.720056132990733,3.0,1.0,0.6230263760550215,-14827.810985583454,14828.854040670602,0.04108107611318701,0.8242399605260289,2.0,0.0,0.014382036511427483,0.014382036511427483,-3.1553098176193033,-14823.186551627241,-14826.34186144486
80,16,0.3579214281993114,-6.719833036916642,1.0,1.0,1.0,-14827.623088385073,14827.880774776146,-0.1061307627333008,-0.1061307627333008,1.0,0.0,0.014382036511427483,0.014382036511427483,-3.154838019753306,-14822.99776397755,-14826.152601997303
81,16,0.35814970437590143,-6.688153666781536,3.0,1.0,0.9264045137176478,-14827.055247177832,14827.797869243246,-0.11669095813340391,0.15402945887399255,2.0,0.0,0.014382036511427483,0.014382036511427483,-3.0883486238338618,-14822.496694155785,-14825.58504277962
82,16,0.3569610366195508,-6.689812310609045,3.0,1.0,0.9521126270773003,-14827.173604706099,14827.267636266291,0.08361458094441332,0.08361458094441332,2.0,0.0,0.014382036511427483,0.014382036511427483,-3.0918049270767556,-14822.610121174397,-14825.701926101474
83,16,0.3569610366195508,-6.689812310609045,3.0,1.0,0.35283179019761696,-14827.173604706099,14833.62834546924,0.0,1.4753675401079818,2.0,0.0,0.014382036511427483,0.014382036511427483,-3.0918049270767556,-14822.610121174397,-14825.701926101474
84,16,0.35989885516399894,-6.707949846262314,3.0,1.0,0.46477026912109,-14827.294789290992,14829.118584080175,0.054948765649896814,1.5351615108211263,2.0,0.0,0.014382036511427483,0.014382036511427483,-3.1297796830361606,-14822.69694828676,-14825.826727969798
85,16,0.3547989358356394,-6.729760868731272,3.0,1.0,0.7813501755123232,-14829.082624142562,14829.567503176007,0.31737571936901077,0.31737571936901077,2.0,0.0,0.014382036511427483,0.014382036511427483,-3.175881317804242,-14824.432345513495,-14827.608226831298
86,16,0.35666940162996397,-6.721459245974611,1.0,1.0,1.0,-14827.806183611272,14828.781510395049,-0.32058245151347364,-0.32058245151347364,1.0,0.0,0.014382036511427483,0.014382036511427483,-3.1582782259139868,-14823.175862876256,-14826.33414110217
87,16,0.35888553598357337,-6.695027794404083,3.0,1.0,0.9195791652546544,-14826.873486355038,14828.531630592333,-0.18347201318283624,-0.18347201318283624,1.0,0.0,0.014382036511427483,0.014382036511427483,-3.1026909449317768,-14822.301496360506,-14825.404187305438
88,16,0.35588233112176576,-6.7028616439012,7.0,1.0,0.8860734199397893,-14827.253253746756,14827.431572390346,0.17452673630214122,0.2235442595974746,2.0,0.0,0.014382036511427483,0.014382036511427483,-3.119093259505486,-14822.661131500008,-14825.780224759514
89,16,0.3556664575779427,-6.689712847520957,7.0,1.0,0.8817270588532694,-14827.655248726902,14828.068663590904,0.18395145616705122,0.2937540014663682,2.0,0.0,0.014382036511427483,0.014382036511427483,-3.0915975870799346,-14823.090350471657,-14826.181948058736
90,16,0.36087647825989966,-6.706152174393292,3.0,1.0,0.9996692601612702,-14827.624606199519,14827.681961551314,0.000992712091829162,-0.3696230749919778,2.0,0.0,0.014382036511427483,0.014382036511427483,-3.126001191006209,-14823.0317279253,-14826.157729116305
91,16,0.3555814757041875,-6.686639066649679,3.0,1.0,0.9746517668857374,-14827.873216550603,14828.107649565096,0.07909158442271291,-0.17738560875113762,2.0,0.0,0.014382036511427483,0.014382036511427483,-3.085194883785975,-14823.314613915534,-14826.39980879932
92,16,0.3527095318319244,-6.70887478508151,3.0,1.0,0.604067961418938,-14829.30548930199,14830.555750238733,0.6244781040022644,0.6718247027765756,1.0,0.0,0.014382036511427483,0.014382036511427483,-3.131725053328074,-14824.696693692818,-14827.828418746147
93,16,0.3615935714638991,-6.726029501678436,3.0,1.0,1.0,-14829.652491610364,14830.980833822587,-0.020370307871417026,-0.5259143187304289,2.0,0.0,0.014382036511427483,0.014382036511427483,-3.1679606516799326,-14825.018516366898,-14828.186477018577
94,16,0.36062312057829227,-6.716632123051065,1.0,1.0,1.0,-14828.131938929353,14829.517154937677,-0.5560262087292358,-0.5560262087292358,1.0,0.0,0.014382036511427483,0.014382036511427483,-3.148074289037536,-14823.5166815842,-14826.664755873238
95,16,0.3605056682977595,-6.7187735284397245,3.0,1.0,0.9939604686754984,-14828.250948267536,14828.72910681481,0.018284745714481687,-0.14773821110975405,2.0,0.0,0.014382036511427483,0.014382036511427483,-3.1525980778160316,-14823.631025069131,-14826.783623146946
96,16,0.3591087451195829,-6.702803408898707,3.0,1.0,1.0,-14826.931327407385,14827.965703565204,-0.48358484171876626,-0.48358484171876626,2.0,0.0,0.014382036511427483,0.014382036511427483,-3.1189711021338624,-14822.34333079446,-14825.462301896594
97,16,0.36250700420636756,-6.705891645272815,3.0,1.0,0.6322033767265397,-14828.64189809313,14828.683160948078,0.8243214360154525,0.8243214360154525,2.0,0.0,0.014382036511427483,0.014382036511427483,-3.125453857954343,-14824.05152076325,-14827.176974621205
98,16,0.3583451973144605,-6.725093108580114,3.0,1.0,0.9306523439139767,-14828.133130210985,14829.473563078935,-0.5909452504620276,-0.6702154174708994,2.0,0.0,0.014382036511427483,0.014382036511427483,-3.165975132070225,-14823.497191749642,-14826.663166881712
99,16,0.36095751264244996,-6.673766497688459,3.0,1.0,0.9844810757913289,-14828.39132898516,14828.521573547298,0.04767539701060741,-0.18557545173098333,2.0,0.0,0.014382036511427483,0.014382036511427483,-3.058483883594856,-14823.866065744052,-14826.924549627647
100,16,0.36095751264244996,-6.673766497688459,3.0,1.0,0.6082552618995357,-14828.39132898516,14829.787163893889,0.0,1.0715009540817846,1.0,0.0,0.014382036511427483,0.014382036511427483,-3.058483883594856,-14823.866065744052,-14826.924549627647
101,16,0.3608096389073808,-6.686055853435539,3.0,1.0,1.0,-14827.557149323955,14828.419862617484,-0.12338705808542727,-0.2621145648390666,2.0,0.0,0.014382036511427483,0.014382036511427483,-3.083981113698778,-14823.006210470194,-14826.090191583893
102,16,0.35465710516262067,-6.7085626159980825,3.0,1.0,0.8924898804366982,-14827.888974072803,14828.113676941657,0.19895187811016513,0.19895187811016513,2.0,0.0,0.014382036511427483,0.014382036511427483,-3.1310683905163414,-14823.283328341504,-14826.41439673202
103,16,0.3555120448198538,-6.702414333857293,1.0,1.0,1.0,-14827.403830909585,14827.980480220389,-0.16687248926609755,-0.16687248926609755,1.0,0.0,0.014382036511427483,0.014382036511427483,-3.1181550410904806,-14822.812180574127,-14825.930335615218
104,16,0.3597112009647369,-6.716941486356782,3.0,1.0,0.9826145221331185,-14827.766542540336,14828.001994228734,0.05356580469015171,-0.16486558300312026,2.0,0.0,0.014382036511427483,0.014382036511427483,-3.1487275457351083,-14823.149525249659,-14826.298252795394
105,16,0.35763730309425823,-6.728042398522232,3.0,1.0,0.9893276741830901,-14828.362695838403,14828.613038654465,-0.022756422224119888,-0.2957340355405904,2.0,0.0,0.014382036511427483,0.014382036511427483,-3.172231748579473,-14823.719625977476,-14826.891857726056
106,16,0.357577231343839,-6.735694422346211,1.0,1.0,0.8444959870533184,-14829.272754920128,14829.371681012397,0.16901529460665188,0.16901529460665188,1.0,0.0,0.014382036511427483,0.014382036511427483,-3.188505294059348,-14824.613337043756,-14827.801842337816
107,16,0.35617328489706945,-6.716217795515954,3.0,1.0,0.9163161050337271,-14827.557631985206,14830.098530137551,-0.2992513276021782,-0.2992513276021782,2.0,0.0,0.014382036511427483,0.014382036511427483,-3.147199538051325,-14822.937768870916,-14826.084968408966
108,16,0.35517024283629955,-6.686433794739418,7.0,1.0,0.7157088876360039,-14828.110897903565,14829.588903737082,0.3693645587827632,0.6644910882387194,2.0,0.0,0.014382036511427483,0.014382036511427483,-3.084767637760972,-14823.552203279225,-14826.636970916987
109,16,0.36179453478010987,-6.703103324278651,3.0,1.0,0.950193569757621,-14828.026260064062,14829.370368116064,0.00780392999513424,0.1395073549429071,2.0,0.0,0.014382036511427483,0.014382036511427483,-3.119600259573511,-14823.44088599103,-14826.560486250604
110,16,0.35927496122583275,-6.691107476671477,3.0,1.0,0.9918081642550266,-14826.99585598881,14827.700792706868,-0.5397640065730229,-0.5397640065730229,1.0,0.0,0.014382036511427483,0.014382036511427483,-3.0945057235364453,-14822.432528119567,-14825.527033843104
111,16,0.3579544975570918,-6.711137965543243,7.0,1.0,0.9108024432934939,-14827.08817976776,14827.750255599263,0.015532795008766698,0.16769252164158388,2.0,0.0,0.014382036511427483,0.014382036511427483,-3.1364886774669007,-14822.481245586114,-14825.61773426358
112,16,0.35829116157254365,-6.692692284209186,7.0,1.0,0.9309977411804807,-14826.892977804528,14827.22776445992,-0.04008941595748183,0.15223594455164857,2.0,0.0,0.014382036511427483,0.014382036511427483,-3.0978127884853746,-14822.325135092531,-14825.422947881016
113,16,0.3585710337213508,-6.703843788901934,3.0,1.0,0.5308242150150232,-14826.880867150097,14828.233635656503,0.003971960552007658,1.211779484501676,2.0,0.0,0.014382036511427483,0.014382036511427483,-3.1211539789883584,-14822.290027842299,-14825.411181821288
114,16,0.357168942108783,-6.708323429932961,3.0,1.0,0.978497829111869,-14827.022728334363,14827.108814120624,0.025183893454595818,0.04044403270017938,2.0,0.0,0.014382036511427483,0.014382036511427483,-3.1305653169625884,-14822.420743305742,-14825.551308622704
115,16,0.35875449071359455,-6.696302802116218,7.0,1.0,0.9615115911985599,-14826.848695608538,14827.090739802066,-0.035996599963254994,0.08513834492623573,2.0,0.0,0.014382036511427483,0.014382036511427483,-3.1053563423221053,-14822.273879386314,-14825.379235728637
116,16,0.3575269909571933,-6.707540429052255,7.0,1.0,0.8724339952260747,-14826.963658676863,14827.221247492567,0.019864627725837636,0.2464764117012237,2.0,0.0,0.014382036511427483,0.014382036511427483,-3.1289188526655085,-14822.363764931313,-14825.49268378398
117,16,0.35842671459342645,-6.702455798107732,3.0,1.0,0.9001217015862784,-14826.845892443705,14827.172764360468,-0.020319367715273984,0.1751317038324487,2.0,0.0,0.014382036511427483,0.014382036511427483,-3.1182420026067024,-14822.25778751817,-14825.376029520778
118,16,0.3586480762132275,-6.6843797029414125,3.0,1.0,0.9232081663033888,-14827.23031455084,14827.301741090494,0.07289106590906158,0.08601195514347637,2.0,0.0,0.014382036511427483,0.014382036511427483,-3.080494640899305,-14822.680229299898,-14825.760723940797
119,16,0.36028919815878796,-6.682594201848898,1.0,1.0,0.9092810217467842,-14827.552214764199,14827.591442408635,0.09510107774622156,0.09510107774622156,1.0,0.0,0.014382036511427483,0.014382036511427483,-3.076783804042295,-14823.007843641471,-14826.084627445514
120,16,0.3565720460972244,-6.714616872552117,3.0,1.0,0.5105331223529092,-14827.380126956565,14829.266759309623,-0.0454641062515293,1.3719695110248722,2.0,0.0,0.014382036511427483,0.014382036511427483,-3.1438211949326473,-14822.764141576963,-14825.907962771897
121,16,0.3565720460972244,-6.714616872552117,1.0,1.0,0.5012050145353486,-14827.380126956565,14828.752506344304,0.0,0.6907400509517174,1.0,0.0,0.014382036511427483,0.014382036511427483,-3.1438211949326473,-14822.764141576963,-14825.907962771897
122,16,0.3534234066406248,-6.705198967869032,3.0,1.0,0.6620247428280066,-14828.685457008307,14828.95745737548,0.7127580282394774,0.7127580282394774,2.0,0.0,0.014382036511427483,0.014382036511427483,-3.1239989755688478,-14824.085305930246,-14827.209304905815
123,16,0.3565040137499015,-6.7064143943473855,3.0,1.0,0.8909677176927507,-14827.099988420245,14829.889575236395,-0.7434611188109557,-0.7434611188109557,2.0,0.0,0.014382036511427483,0.014382036511427483,-3.126552144786412,-14822.501187005695,-14825.627739150481
124,16,0.3598969630923922,-6.699110004510049,3.0,1.0,0.5678910360067083,-14827.062704120272,14828.374060718073,0.013982837208459387,1.053702398588939,2.0,0.0,0.014382036511427483,0.014382036511427483,-3.1112305150005586,-14822.483409982722,-14825.594640497722
125,16,0.35704915113171676,-6.6958016003761855,3.0,1.0,0.9964902375235346,-14826.966132412239,14827.186989121956,-0.04720967819230282,-0.04720967819230282,2.0,0.0,0.014382036511427483,0.014382036511427483,-3.1043083886178553,-14822.390255197186,-14825.494563585804
126,16,0.356031827919852,-6.689913484005544,1.0,1.0,0.7993076998760782,-14827.481838747224,14827.55503767839,0.22400930112235073,0.22400930112235073,1.0,0.0,0.014382036511427483,0.014382036511427483,-3.092015842519016,-14822.916981780512,-14826.008997623032
127,16,0.3594946086405354,-6.727304929445153,3.0,1.0,0.9299115583452336,-14828.665648554694,14828.701695629268,0.23605824431797373,0.23605824431797373,2.0,0.0,0.014382036511427483,0.014382036511427483,-3.170666467898458,-14824.026428247776,-14827.197094715675
128,16,0.3553029129594694,-6.707747526692112,3.0,1.0,1.0,-14827.547627561422,14828.965076470544,-0.23580964760913048,-0.39732293511951866,2.0,0.0,0.014382036511427483,0.014382036511427483,-3.1293542700256682,-14822.944514009005,-14826.07386827903
129,16,0.3592669573442322,-6.681604494485818,7.0,1.0,0.8846878338853779,-14827.428230029987,14828.889078802202,-0.17252118546639394,0.35605787051645166,2.0,0.0,0.014382036511427483,0.014382036511427483,-3.074728251957889,-14822.884669846038,-14825.959398097997
130,16,0.3550970251196294,-6.712310241269733,3.0,1.0,0.8873765500355403,-14827.767699492826,14827.885599422103,0.2035759095360845,0.2035759095360845,2.0,0.0,0.014382036511427483,0.014382036511427483,-3.138958139490833,-14823.154721736639,-14826.29367987613
131,16,0.3613540437631047,-6.686168834710526,3.0,1.0,0.9972188979202746,-14827.782681231884,14828.045258818225,0.008378306432859972,-0.2893014935525571,2.0,0.0,0.014382036511427483,0.014382036511427483,-3.084216221196973,-14823.232162902832,-14826.31637912403
132,16,0.3613540437631047,-6.686168834710526,1.0,1.0,0.2909083466527342,-14827.782681231884,14829.50309901977,0.0,1.2347470213771885,1.0,0.0,0.014382036511427483,0.014382036511427483,-3.084216221196973,-14823.232162902832,-14826.31637912403
133,16,0.3592970349977924,-6.690736110261219,1.0,1.0,1.0,-14827.008997625186,14827.511605659414,-0.2854423494754883,-0.2854423494754883,1.0,0.0,0.014382036511427483,0.014382036511427483,-3.0937311454492864,-14822.446471320083,-14825.540202465532
134,16,0.3592970349977924,-6.690736110261219,3.0,1.0,0.3780250763240842,-14827.008997625186,14829.71587100381,0.0,2.4108053456511698,1.0,0.0,0.014382036511427483,0.014382036511427483,-3.0937311454492864,-14822.446471320083,-14825.540202465532
135,16,0.35490900526330926,-6.708031175951727,7.0,1.0,0.7678503247713669,-14827.74356693038,14828.42971400034,0.3225337219773792,0.47423045355935756,2.0,0.0,0.014382036511427483,0.014382036511427483,-3.1299507047600947,-14823.139358485028,-14826.269309189789
136,16,0.35490900526330926,-6.708031175951727,1.0,1.0,0.29310695095382416,-14827.74356693038,14829.792270854025,0.0,1.2272177162485605,1.0,0.0,0.014382036511427483,0.014382036511427483,-3.1299507047600947,-14823.139358485028,-14826.269309189789
137,16,0.3609455121430046,-6.70619592467422,3.0,1.0,0.9397203436863898,-14827.660910355216,14828.368453060019,0.019054506628890522,0.13443275425925094,2.0,0.0,0.014382036511427483,0.014382036511427483,-3.1260931105154697,-14823.06802341904,-14826.194116529556
138,16,0.3591015375330676,-6.713049224737118,3.0,1.0,0.97314248116527,-14827.329348450781,14827.764619252506,-0.23851960014144424,-0.3036810006979067,1.0,0.0,0.014382036511427483,0.014382036511427483,-3.140515554203433,-14822.719798560951,-14825.860314115154
139,16,0.3597320678688664,-6.6912809580376305,3.0,1.0,0.9452949345936905,-14827.074802578158,14827.998826491274,-0.0883179057182133,0.1428796786458406,1.0,0.0,0.014382036511427483,0.014382036511427483,-3.0948676098352355,-14822.511670641494,-14825.60653825133
140,16,0.35560008077495875,-6.719836417699478,7.0,1.0,0.6141573073883799,-14827.951072579901,14828.850313012847,0.19281175177457044,0.9415299027059518,2.0,0.0,0.014382036511427483,0.014382036511427483,-3.154845168974891,-14823.322843109707,-14826.477688278681
141,16,0.35761716059489773,-6.715056758838435,1.0,1.0,1.0,-14827.29138962702,14827.779897591232,-0.18307389219626202,-0.18307389219626202,1.0,0.0,0.014382036511427483,0.014382036511427483,-3.1447492083517585,-14822.675777340113,-14825.820526548465
142,16,0.3553083268966365,-6.70034992675677,3.0,1.0,0.8377927899198702,-14827.508676669406,14827.968406013411,0.23056301267570234,0.3294879204604513,2.0,0.0,0.014382036511427483,0.014382036511427483,-3.1138276062684276,-14822.921096620476,-14826.034924226744
143,16,0.35994385817933217,-6.717100743696185,3.0,1.0,0.9866305634227177,-14827.864916931108,14828.173874360175,0.04093482352254796,-0.08889481833102764,2.0,0.0,0.014382036511427483,0.014382036511427483,-3.149063873495283,-14823.247846463537,-14826.396910337033
144,16,0.364961148742859,-6.6861068039910485,3.0,1.0,0.48107743839329764,-14830.567399488638,14831.13605577578,1.2237260967267503,1.2237260967267503,2.0,0.0,0.014382036511427483,0.014382036511427483,-3.084087137277466,-14826.021278879618,-14829.105366016895
145,16,0.35258344593607566,-6.693227209726039,3.0,1.0,1.0,-14829.739506807102,14830.461114806822,-0.2108322437543393,-1.5405327151056554,2.0,0.0,0.014382036511427483,0.014382036511427483,-3.0989296003953606,-14825.163343880275,-14828.26227348067
146,16,0.3641124410463264,-6.703577333804724,3.0,1.0,0.9640296933684187,-14829.970867525048,14830.229665448504,0.11418928579951171,-1.1991974978536746,2.0,0.0,0.014382036511427483,0.014382036511427483,-3.120594812208642,-14825.387246632397,-14828.507841444605
147,16,0.35894474604518967,-6.68307303147396,3.0,1.0,0.9712956314597637,-14827.31395008109,14829.129464426282,-1.432384075338632,-1.4418207919916313,2.0,0.0,0.014382036511427483,0.014382036511427483,-3.0777786508438076,-14822.76694499101,-14825.844723641854
148,16,0.35741744601480335,-6.703735829907956,3.0,1.0,0.8947101512988455,-14826.889800755702,14828.360287499208,-0.06510754201917734,0.28330385294611915,2.0,0.0,0.014382036511427483,0.014382036511427483,-3.120927414125071,-14822.29776249605,-14825.418689910175
149,16,0.35792944087403267,-6.703553723642347,3.0,1.0,0.4819502419754563,-14826.853793272248,14828.573369206333,-0.01511152419334394,1.5116812145188305,2.0,0.0,0.014382036511427483,0.014382036511427483,-3.1205452687538684,-14822.262771522806,-14825.38331679156
150,16,0.35797183734305227,-6.708112427195583,3.0,1.0,0.8426188043358024,-14826.968164432245,14827.29778347817,0.023312608358537545,0.27754328855735366,2.0,0.0,0.014382036511427483,0.014382036511427483,-3.130121568132067,-14822.367618792608,-14825.49774036074
51,17,0.3592446919227241,-6.713096378822573,3.0,1.0,0.0009076456322380503,-14827.366312505656,14829.460846045347,0.0,9751.637956869969,1.0,1.0,0.04137204971928355,0.04137204971928355,-3.140614950423509,-14822.75683839605,-14825.897453346473
52,17,0.3566957842157823,-6.688484080862994,3.0,1.0,0.9958241670053137,-14827.311281568502,14827.535560300066,0.012606629667061497,-0.12547363311387016,2.0,0.0,0.01362999268034689,0.01362999268034689,-3.089036925494093,-14822.750235090254,-14825.839272015748
53,17,0.35617812334474175,-6.685759096659226,3.0,1.0,0.9601140109058148,-14827.65454142144,14827.79768952892,0.12744477348132932,0.12744477348132932,2.0,0.0,0.01362999268034689,0.01362999268034689,-3.083363640808524,-14823.098520273665,-14826.181883914473
54,17,0.36005205830720877,-6.701315274031408,3.0,1.0,1.0,-14827.14098118259,14827.736318343015,-0.1625455361299828,-0.1693250484258897,2.0,0.0,0.01362999268034689,0.01362999268034689,-3.115850648268736,-14822.557255435704,-14825.673106083972
55,17,0.35998183668006783,-6.686716985435358,3.0,1.0,0.8799596021720427,-14827.276619774073,14828.451916878725,-0.04585536568265525,0.31041838198143523,2.0,0.0,0.01362999268034689,0.01362999268034689,-3.085357072349253,-14822.72330227641,-14825.808659348759
56,17,0.3569436224465758,-6.695412276839639,3.0,1.0,0.884377094962673,-14826.997283238357,14828.54345442371,-0.027589719224124565,0.25705101992389245,2.0,0.0,0.01362999268034689,0.01362999268034689,-3.103494532388399,-14822.422088396323,-14825.52558292871
57,17,0.362698536215712,-6.678310208191128,3.0,1.0,0.5954618420325665,-14828.909313395481,14829.591799680004,0.536249043956559,0.6047040914145327,2.0,0.0,0.01362999268034689,0.01362999268034689,-3.0678933090346776,-14824.376724338133,-14827.444617647168
58,17,0.3561852817146558,-6.682171680306083,3.0,1.0,0.9773858509233168,-14827.909144494923,14829.23339847798,-0.23490496977501607,-0.23490496977501607,2.0,0.0,0.01362999268034689,0.01362999268034689,-3.0759061369042584,-14823.360589829956,-14826.43649596686
59,17,0.3598481900933721,-6.686272904826045,7.0,1.0,0.9506286578497354,-14827.264762212972,14827.90413374288,-0.2723630561358732,-0.358336622146453,3.0,0.0,0.01362999268034689,0.01362999268034689,-3.084432796382035,-14822.712206458156,-14825.796639254539
60,17,0.3608173543509766,-6.728266858105032,3.0,1.0,0.43876289124672585,-14829.412402492044,14832.136954702866,0.7740480529628258,1.1517265913880692,1.0,0.0,0.01362999268034689,0.01362999268034689,-3.1727082727816875,-14824.772745791945,-14827.945454064726
61,17,0.3540692514683457,-6.722174177385585,3.0,1.0,0.971558930810704,-14828.823619313755,14829.993801315328,-0.23821068128745537,-0.23821068128745537,2.0,0.0,0.01362999268034689,0.01362999268034689,-3.1597914830011335,-14824.188502090028,-14827.34829357303
62,17,0.357795195133686,-6.698794430536583,3.0,1.0,1.0,-14826.828590533467,14829.10878900548,-0.5345558883873309,-0.5345558883873309,2.0,0.0,0.01362999268034689,0.01362999268034689,-3.1105697718852943,-14822.247378209198,-14825.357947981083
63,17,0.35850959440899943,-6.704116489150143,3.0,1.0,0.9912784600756309,-14826.881382163692,14826.895058115644,0.012558781727420865,0.012558781727420865,2.0,0.0,0.01362999268034689,0.01362999268034689,-3.121726324983494,-14822.289894930806,-14825.41162125579
64,17,0.35461505339716853,-6.755569763285738,3.0,1.0,0.5039088323263176,-14832.85463302125,14833.097862468165,0.9783070017565478,0.9783070017565478,2.0,0.0,0.01362999268034689,0.01362999268034689,-3.2310477042256225,-14828.148954558777,-14831.380002263004
65,17,0.35270272737679725,-6.757424910737681,1.0,1.0,0.6775049543182672,-14834.181662019226,14834.907592038666,0.3893384136081295,0.3893384136081295,1.0,0.0,0.01362999268034689,0.01362999268034689,-3.23503873330814,-14829.469543950094,-14832.704582683402
66,17,0.35796402994410587,-6.7647009236673314,7.0,1.0,0.9872587237883182,-14834.61608485474,14834.76071990038,0.09341979453893146,-1.1804914250660659,3.0,0.0,0.01362999268034689,0.01362999268034689,-3.2507250366953953,-14829.894926096662,-14833.145651133358
67,17,0.3585304614028748,-6.7383882798200645,7.0,1.0,0.6905893343274236,-14829.803520560501,14835.618605516165,-0.9221292090915085,-1.4202616195743758,3.0,0.0,0.01362999268034689,0.01362999268034689,-3.194248251130732,-14825.13953707516,-14828.333785326291
68,17,0.35754699491476655,-6.7319069126077755,3.0,1.0,1.0,-14828.79364625901,14829.701646184565,-0.2410871123720426,-0.47365263737447094,2.0,0.0,0.01362999268034689,0.01362999268034689,-3.180443085381178,-14824.142253093723,-14827.322696179104
69,17,0.35827724268396194,-6.723090359973305,1.0,1.0,1.0,-14827.932778433693,14828.73840972873,-0.11825699387554778,-0.11825699387554778,1.0,0.0,0.01362999268034689,0.01362999268034689,-3.1617314648914534,-14823.300999886666,-14826.462731351558
70,17,0.3591146530714576,-6.720754065596576,3.0,1.0,0.9846631219532203,-14827.892898888851,14828.196039262144,0.04710275449360779,-0.20174007954847184,2.0,0.0,0.01362999268034689,0.01362999268034689,-3.1567861090343166,-14823.267094502218,-14826.423880611252
71,17,0.35746129346261185,-6.68697301290108,3.0,1.0,1.0,-14827.19884227725,14828.07536773996,-0.16936997183802305,-0.16936997183802305,2.0,0.0,0.01362999268034689,0.01362999268034689,-3.0858900382761294,-14822.641895825842,-14825.727785864117
72,17,0.361806338614663,-6.72452841415686,3.0,1.0,0.6111962949519173,-14829.6339315346,14829.833606103832,0.8827825434527767,0.8827825434527767,2.0,0.0,0.01362999268034689,0.01362999268034689,-3.1647781828580053,-14825.003393668025,-14828.168171850883
73,17,0.3541697495670671,-6.732053537424633,3.0,1.0,0.9140676362792872,-14829.618692680226,14830.927249744263,-0.3887351232478977,-0.49446672960038995,2.0,0.0,0.01362999268034689,0.01362999268034689,-3.180754928513642,-14824.962740209525,-14828.143495138038
74,17,0.35357195518212226,-6.732973471187001,1.0,1.0,0.8671616006255803,-14830.062076103093,14830.583708124394,0.142529928998556,0.142529928998556,1.0,0.0,0.01362999268034689,0.01362999268034689,-3.1827119434563094,-14825.403402509455,-14828.586114452912
75,17,0.35456453494683854,-6.725302233773019,3.0,1.0,1.0,-14828.788345685469,14830.007743826007,-0.2861585741284216,-0.5338798425036657,2.0,0.0,0.01362999268034689,0.01362999268034689,-3.166418483227029,-14824.147232247275,-14827.3136507305
76,17,0.3584150458432811,-6.69415635981625,3.0,1.0,0.9235180310272232,-14826.861053551698,14829.927225200116,-0.46077752250494086,-0.46077752250494086,1.0,0.0,0.01362999268034689,0.01362999268034689,-3.1008701504272786,-14822.29030610989,-14825.391176260317
77,17,0.36050647424373783,-6.695577921824573,3.0,1.0,0.36734236606672005,-14827.252760632433,14830.124912974567,0.15848395183274988,2.288587807197473,2.0,0.0,0.01362999268034689,0.01362999268034689,-3.103840784227177,-14822.681595702925,-14825.785436487153
78,17,0.358187052354922,-6.701210375612692,3.0,1.0,0.9975329879614927,-14826.823495567267,14827.17220953733,-0.17231802247988526,-0.17231802247988526,1.0,0.0,0.01362999268034689,0.01362999268034689,-3.115630771465439,-14822.237706482827,-14825.353337254292
79,17,0.3588001879391226,-6.714032270576775,3.0,1.0,0.9004455932430867,-14827.326580379937,14827.469693132734,0.12586009484039096,0.12586009484039096,2.0,0.0,0.01362999268034689,0.01362999268034689,-3.142588179112537,-14822.714588424473,-14825.857176603586
80,17,0.3582790019957342,-6.708461028248313,1.0,1.0,1.0,-14826.99153061401,14827.244588051499,-0.08871172051840404,-0.08871172051840404,1.0,0.0,0.01362999268034689,0.01362999268034689,-3.1308547167725296,-14822.390630984019,-14825.52148570079
81,17,0.3625733887568941,-6.683479118427665,3.0,1.0,0.647875343296081,-14828.570082798295,14829.163586846382,0.5167372326286568,0.5580710693866422,2.0,0.0,0.01362999268034689,0.01362999268034689,-3.078622542533734,-14824.02661575413,-14827.105238296665
82,17,0.3551653277846009,-6.722811390806119,3.0,1.0,1.0,-14828.323640099636,14828.814427104213,-0.2458683523873333,-0.5421388133199798,2.0,0.0,0.01362999268034689,0.01362999268034689,-3.161140669376248,-14823.688566227223,-14826.849706896599
83,17,0.35934454049186043,-6.716252640369798,3.0,1.0,1.0,-14827.599525014311,14828.725811903554,-0.11078938133687188,-0.3111589670788817,2.0,0.0,0.01362999268034689,0.01362999268034689,-3.1472730978038186,-14822.983514817357,-14826.13078791516
84,17,0.3561572839405137,-6.692691761068634,3.0,1.0,0.9217635585428262,-14827.315265458146,14828.50503614838,-0.028358071480397484,0.26749954918341246,2.0,0.0,0.01362999268034689,0.01362999268034689,-3.097811696418048,-14822.744770112424,-14825.842581808842
85,17,0.356562029191723,-6.696431473107626,1.0,1.0,1.0,-14827.076810447517,14827.329347070763,-0.0941653914633207,-0.0941653914633207,1.0,0.0,0.01362999268034689,0.01362999268034689,-3.105625418707101,-14822.499008319423,-14825.60463373813
86,17,0.35934118295289047,-6.71464224361065,3.0,1.0,0.9205899162198485,-14827.488208296953,14828.013577473197,0.08611221637329436,0.10600148069170245,2.0,0.0,0.01362999268034689,0.01362999268034689,-3.1438747141498498,-14822.875592380873,-14826.019467095022
87,17,0.3556750560008837,-6.728684626900467,3.0,1.0,0.7986044112203964,-14828.661204364344,14829.493013224044,0.14458629935506906,0.39880897899092815,2.0,0.0,0.01362999268034689,0.01362999268034689,-3.1735953235863734,-14824.01431920306,-14827.187914526645
88,17,0.3588282227960111,-6.701230767399583,3.0,1.0,0.9426969491329457,-14826.86542448017,14829.394702379996,-0.31963828372863645,-0.31963828372863645,1.0,0.0,0.01362999268034689,0.01362999268034689,-3.1156735136782134,-14822.280381598648,-14825.396055112325
89,17,0.3597704323962538,-6.72904411103991,3.0,1.0,0.6069122435021412,-14828.975509860364,14829.78909026855,0.5556628408357938,0.5556628408357938,2.0,0.0,0.01362999268034689,0.01362999268034689,-3.174358757962182,-14824.332933496107,-14827.50729225407
90,17,0.36225609649677865,-6.706686386761462,3.0,1.0,0.8727269266781322,-14828.493399264671,14830.528154634472,0.16333178563399997,-0.2789545740306494,2.0,0.0,0.01362999268034689,0.01362999268034689,-3.127123704261145,-14823.901053210626,-14827.028176914888
91,17,0.36370856196484347,-6.6922610816904085,3.0,1.0,0.7881206792158766,-14829.291956694453,14830.325597482437,0.2806105719610059,0.495871962970341,1.0,0.0,0.01362999268034689,0.01362999268034689,-3.0969127366664235,-14824.731542987109,-14827.828455723775
92,17,0.3628628047510227,-6.717290961068633,3.0,1.0,0.7620852286298724,-14829.747695983666,14831.859786123328,0.19305221413196705,0.7725870894391846,1.0,0.0,0.01362999268034689,0.01362999268034689,-3.1494656174680875,-14825.133729632253,-14828.28319524972
93,17,0.3637365456523393,-6.709698297305023,3.0,1.0,0.8126798544838009,-14829.95268688042,14831.322767690684,0.16746837998107367,0.5238497333575651,1.0,0.0,0.01362999268034689,0.01362999268034689,-3.1334578188662787,-14825.355761047456,-14828.489218866323
94,17,0.3625843909335783,-6.713607613843572,1.0,1.0,1.0,-14829.194194339698,14830.60201728011,-0.367935239974031,-0.367935239974031,1.0,0.0,0.01362999268034689,0.01362999268034689,-3.141692726795591,-14824.587670195047,-14827.729362921844
95,17,0.35274419134286666,-6.720411210235983,3.0,1.0,1.0,-14829.65962966934,14830.327327786148,-0.06396658154517354,-0.5851860426591884,2.0,0.0,0.01362999268034689,0.01362999268034689,-3.156060828535308,-14825.026542999613,-14828.182603828147
96,17,0.3535976403621206,-6.715057261780471,1.0,1.0,1.0,-14828.749716503824,14829.917386748992,-0.26262255095025466,-0.26262255095025466,1.0,0.0,0.01362999268034689,0.01362999268034689,-3.144750269502533,-14824.129037491544,-14827.273787761047
97,17,0.35487191564225845,-6.693157135898391,3.0,1.0,0.9141593517334398,-14827.925688514242,14829.708801043796,-0.1816173365132272,0.2977619640278135,1.0,0.0,0.01362999268034689,0.01362999268034689,-3.098783284702531,-14823.35260047242,-14826.451383757123
98,17,0.36251969431320913,-6.690193120693421,3.0,1.0,0.9249026626411941,-14828.360307363775,14829.723487108842,0.10836665968781745,0.10836665968781745,2.0,0.0,0.01362999268034689,0.01362999268034689,-3.092598852328287,-14823.802800138956,-14826.895398991284
99,17,0.360194820883053,-6.709077993788008,3.0,1.0,0.9002968090591507,-14827.454705847624,14829.050792834507,-0.33191630090004764,-0.33191630090004764,2.0,0.0,0.01362999268034689,0.01362999268034689,-3.1321525650653994,-14822.854851501166,-14825.987004066232
100,17,0.3607713396085191,-6.695638902925417,3.0,1.0,0.887272856594817,-14827.358110192445,14828.106019254481,-0.026773825247801142,0.18858500857822946,2.0,0.0,0.01362999268034689,0.01362999268034689,-3.1039682614514676,-14822.787137953743,-14825.891106215195
101,17,0.35645473006394046,-6.697750059797826,3.0,1.0,1.0,-14827.086964712347,14827.421974794044,-0.10016100762732094,-0.13126251803805644,2.0,0.0,0.01362999268034689,0.01362999268034689,-3.1083837973414568,-14822.506269978552,-14825.614653775894
102,17,0.35987062414992693,-6.718104166546457,3.0,1.0,0.8250153447657532,-14827.916174534852,14828.258381358884,0.22033564966841368,0.26172314150608145,2.0,0.0,0.01362999268034689,0.01362999268034689,-3.1511835363037832,-14823.296895335772,-14826.448078872076
103,17,0.35776582874011165,-6.6666636532306915,7.0,1.0,0.9175527384889681,-14829.05381108429,14829.521048577706,0.14028704621523502,-0.3198606358037068,2.0,0.0,0.01362999268034689,0.01362999268034689,-3.0438161909466324,-14824.539315988019,-14827.583132178965
104,17,0.35776582874011165,-6.6666636532306915,1.0,1.0,0.6886196404808944,-14829.05381108429,14830.282233493213,0.0,0.3730662061479961,1.0,0.0,0.01362999268034689,0.01362999268034689,-3.0438161909466324,-14824.539315988019,-14827.583132178965
105,17,0.358718794115753,-6.674117977727751,1.0,1.0,1.0,-14828.032737376017,14828.85519909624,-0.27772919019844267,-0.27772919019844267,1.0,0.0,0.01362999268034689,0.01362999268034689,-3.0592110156768806,-14823.50402264007,-14826.563233655748
106,17,0.3583429195178802,-6.671526048445802,7.0,1.0,0.9748904132296642,-14828.33942782905,14828.510347548523,0.08088152335039922,-0.18672465226518398,3.0,0.0,0.01362999268034689,0.01362999268034689,-3.0538518083613484,-14823.815609884838,-14826.869461693199
107,17,0.3583429195178802,-6.671526048445802,1.0,1.0,0.3312780570513171,-14828.33942782905,14830.523263327386,0.0,1.1047972047363146,1.0,0.0,0.01362999268034689,0.01362999268034689,-3.0538518083613484,-14823.815609884838,-14826.869461693199
108,17,0.3576516197836361,-6.70351566962365,3.0,1.0,0.5905977814085731,-14826.865832024865,14829.524270967126,-0.2808959441172192,0.974101732708732,2.0,0.0,0.01362999268034689,0.01362999268034689,-3.1204654175515474,-14822.274546237679,-14825.39501165523
109,17,0.3576516197836361,-6.70351566962365,3.0,1.0,0.4081196846644847,-14826.865832024865,14829.358448336605,0.0,1.8170413860716508,1.0,0.0,0.01362999268034689,0.01362999268034689,-3.1204654175515474,-14822.274546237679,-14825.39501165523
110,17,0.3612457711960808,-6.706788430364617,3.0,1.0,0.7248083329012961,-14827.846750537945,14828.275894152548,0.42373507117736153,0.52844297984484,2.0,0.0,0.01362999268034689,0.01362999268034689,-3.1273381557528093,-14823.252980119487,-14826.38031827524
111,17,0.3583614575201557,-6.704306028714538,3.0,1.0,1.0,-14826.875340823906,14827.435386606378,-0.42048722164145147,-0.42048722164145147,1.0,0.0,0.01362999268034689,0.01362999268034689,-3.1221241763141085,-14822.283273351735,-14825.40539752805
112,17,0.3598080401608654,-6.690838066402828,3.0,1.0,0.9178062985512847,-14827.102518454347,14827.4448787081,0.06389400109401322,0.10756710190071317,1.0,0.0,0.01362999268034689,0.01362999268034689,-3.0939437869015247,-14822.540402845572,-14825.634346632474
113,17,0.35632463934624203,-6.69895716976851,3.0,1.0,0.9151382951752725,-14827.112887774416,14827.480981774774,0.048530747457334655,0.14672851367868134,2.0,0.0,0.01362999268034689,0.01362999268034689,-3.110910499928826,-14822.529503440755,-14825.640413940684
114,17,0.3593313838991953,-6.705169127366982,3.0,1.0,0.9977558026736043,-14827.033960991992,14827.185922005443,-0.04443707955942955,-0.04443707955942955,2.0,0.0,0.01362999268034689,0.01362999268034689,-3.1239363101009032,-14822.44127150525,-14825.56520781535
115,17,0.3593313838991953,-6.705169127366982,3.0,1.0,0.25066816777787587,-14827.033960991992,14831.688697949266,0.0,2.061155027793575,2.0,0.0,0.01362999268034689,0.01362999268034689,-3.1239363101009032,-14822.44127150525,-14825.56520781535
116,17,0.3593313838991953,-6.705169127366982,3.0,1.0,0.8336258167367365,-14827.033960991992,14827.872810458319,0.0,0.1895333127285994,1.0,0.0,0.01362999268034689,0.01362999268034689,-3.1239363101009032,-14822.44127150525,-14825.56520781535
117,17,0.3562736967635018,-6.68205475464239,3.0,1.0,0.7296838208983555,-14827.881042168518,14828.601792634749,0.2584477325235639,0.4119008242378186,2.0,0.0,0.01362999268034689,0.01362999268034689,-3.0756632889618505,-14823.332841208987,-14826.40850449795
118,17,0.36071632127672365,-6.698547488513372,3.0,1.0,1.0,-14827.35086734703,14827.828468758758,-0.12683483741784585,-0.34054825044040626,2.0,0.0,0.01362999268034689,0.01362999268034689,-3.1100527985686828,-14822.773744123806,-14825.883796922375
119,17,0.361300570813636,-6.696406375060949,1.0,1.0,0.9046843652529606,-14827.607657516182,14827.820940595844,0.10016916379208851,0.10016916379208851,1.0,0.0,0.01362999268034689,0.01362999268034689,-3.1055729324486583,-14823.035718210665,-14826.141291143114
120,17,0.3560565525385195,-6.679319617282263,3.0,1.0,0.9589189772672739,-14828.21112994315,14828.332598685527,0.13152548374637263,-0.32030105351623206,2.0,0.0,0.01362999268034689,0.01362999268034689,-3.0699864648736415,-14823.668333401742,-14826.738319866616
121,17,0.3617332618268739,-6.684460617058494,3.0,1.0,1.0,-14828.034706119171,14828.897045937561,-0.0862648735383118,-0.23463161607105576,2.0,0.0,0.01362999268034689,0.01362999268034689,-3.0806628815751433,-14823.488196054954,-14826.568858936529
122,17,0.35516332781857024,-6.685422118601025,3.0,1.0,0.8708431519524079,-14828.184654917151,14829.258889670908,0.16917486309648666,0.26374654247047147,2.0,0.0,0.01362999268034689,0.01362999268034689,-3.0826625847745963,-14823.628056599751,-14826.710719184526
123,17,0.35783680312051375,-6.717273023507782,3.0,1.0,0.9696662864371989,-14827.432960814887,14828.192510669474,-0.41652601454552496,-0.512284686887142,2.0,0.0,0.01362999268034689,0.01362999268034689,-3.149427731334038,-14822.812942022983,-14825.962369754317
124,17,0.3558882394651806,-6.703665520916387,3.0,1.0,0.5849155803659662,-14827.254884444788,14829.074816835417,0.06628321322568809,1.0473215152505873,2.0,0.0,0.01362999268034689,0.01362999268034689,-3.1207798685625843,-14822.66108301799,-14825.781862886553
125,17,0.3558882394651806,-6.703665520916387,3.0,1.0,0.5411442291917051,-14827.254884444788,14828.707862560746,0.0,0.9431214387877844,1.0,0.0,0.01362999268034689,0.01362999268034689,-3.1207798685625843,-14822.66108301799,-14825.781862886553
126,17,0.35935586369256034,-6.723538749809172,3.0,1.0,0.9378150106622131,-14828.221652810678,14828.357870931073,0.1902169109434908,0.1902169109434908,2.0,0.0,0.01362999268034689,0.01362999268034689,-3.1626812192973666,-14823.590248327884,-14826.752929547181
127,17,0.359038225371154,-6.738244077824445,3.0,1.0,0.9131467083832132,-14829.931619689181,14830.132700335962,0.3018619667764142,0.3018619667764142,2.0,0.0,0.01362999268034689,0.01362999268034689,-3.1939406472216167,-14825.26856716535,-14828.462507812572
128,17,0.3550533998743124,-6.699082876601033,3.0,1.0,1.0,-14827.65525634232,14829.857659404368,-0.31867403549404116,-0.3186938525777805,2.0,0.0,0.01362999268034689,0.01362999268034689,-3.1111737111596387,-14823.070007796405,-14826.181181507565
129,17,0.35592533505574253,-6.689970088015157,7.0,1.0,0.9784944890012508,-14827.524344357962,14828.104603038471,-0.07878195655939635,-0.29740669165039435,3.0,0.0,0.01362999268034689,0.01362999268034689,-3.092133848950704,-14822.95923558565,-14826.051369434601
130,17,0.3606875043834917,-6.708440386026319,3.0,1.0,0.9838434374601549,-14827.63676863111,14827.701348022363,0.04968373528572556,-0.25697489257800044,2.0,0.0,0.01362999268034689,0.01362999268034689,-3.1308113003890963,-14823.038852090742,-14826.16966339113
131,17,0.3579357659455901,-6.706192141706776,3.0,1.0,0.9452185397325091,-14826.910043321406,14828.163498418113,-0.3161176034136588,-0.3161176034136588,2.0,0.0,0.01362999268034689,0.01362999268034689,-3.1260851624106563,-14822.31348949833,-14825.43957466074
132,17,0.36127395227604553,-6.691165125326507,3.0,1.0,0.7800149278770818,-14827.619069885024,14828.164472841221,0.27562075985952106,0.3629297962761484,1.0,0.0,0.01362999268034689,0.01362999268034689,-3.0946259766774142,-14823.058045533633,-14826.15267151031
133,17,0.3592207502544437,-6.703277765093505,3.0,1.0,1.0,-14826.96195417269,14827.699609366271,-0.2327749901360221,-0.2327749901360221,2.0,0.0,0.01362999268034689,0.01362999268034689,-3.119966239954463,-14822.373099490935,-14825.493065730889
134,17,0.3598210214803633,-6.685057653312815,3.0,1.0,0.914468910715941,-14827.314220338345,14827.832481968508,0.03903938376242877,0.16611883633231628,1.0,0.0,0.01362999268034689,0.01362999268034689,-3.0819044715719004,-14822.764159845274,-14825.846064316846
135,17,0.3590913336462814,-6.679817766800624,3.0,1.0,0.9917810690441646,-14827.539882998766,14827.595749924028,0.024965862608951284,-0.0970259634705144,2.0,0.0,0.01362999268034689,0.01362999268034689,-3.0710198254903203,-14822.999816343294,-14826.070836168785
136,17,0.3589562014555338,-6.693290353396358,3.0,1.0,0.9831110853958634,-14826.907810404546,14827.64399581112,-0.10713060071429936,-0.10713060071429936,2.0,0.0,0.01362999268034689,0.01362999268034689,-3.0990614499732367,-14822.339536559186,-14825.43859800916
137,17,0.3592246530357707,-6.707224457885142,3.0,1.0,0.42557763303807145,-14827.078744175971,14829.510184428029,0.06818405449484999,1.8713357756751066,2.0,0.0,0.01362999268034689,0.01362999268034689,-3.128254614204994,-14822.481605893785,-14825.60986050799
138,17,0.3596366905576697,-6.702977169436019,3.0,1.0,0.9095234385520743,-14827.051672564703,14827.695893674398,0.009663246401032666,0.16160884614509996,2.0,0.0,0.01362999268034689,0.01362999268034689,-3.11933560310612,-14822.463956418904,-14825.58329202201
139,17,0.3594914521976708,-6.69944469404885,3.0,1.0,1.0,-14826.961387294388,14827.089749978823,-0.03647738064501027,-0.06667198981267575,2.0,0.0,0.01362999268034689,0.01362999268034689,-3.11193139076124,-14822.380898212385,-14825.492829603147
140,17,0.35647102760833127,-6.706507299270177,3.0,1.0,0.9911820109213116,-14827.110235402468,14827.110702704711,0.026810169449163368,-0.051255079022666905,2.0,0.0,0.01362999268034689,0.01362999268034689,-3.1267473650330175,-14822.511197496206,-14825.637944861239
141,17,0.3586531302060019,-6.696100544916392,3.0,1.0,0.8024580064376089,-14826.843109963951,14827.615669260713,-0.08369875541393412,0.3916040001477086,2.0,0.0,0.01362999268034689,0.01362999268034689,-3.1049334161486906,-14822.2685921492,-14825.373525565348
142,17,0.35659403212985336,-6.710287291366,3.0,1.0,0.924610413185054,-14827.186674437717,14827.399939332716,0.08241835320040991,0.08417546429154754,2.0,0.0,0.01362999268034689,0.01362999268034689,-3.134697546882006,-14822.579840192968,-14825.71453773985
143,17,0.36046556851767975,-6.69981856690461,3.0,1.0,0.6544070971235182,-14827.264825296492,14828.430928198066,0.10068819764092041,0.735737580627756,2.0,0.0,0.01362999268034689,0.01362999268034689,-3.11271445304277,-14822.68473718812,-14825.797451641161
144,17,0.3558074841223265,-6.705354196849376,3.0,1.0,1.0,-14827.300981328059,14827.568920423193,-0.016433866792795015,-0.08344227731322462,2.0,0.0,0.01362999268034689,0.01362999268034689,-3.1243249729433695,-14822.703533225924,-14825.827858198867
145,17,0.35790493974190096,-6.674832610998615,3.0,1.0,0.8113612759229761,-14828.050173575739,14829.237025522041,0.09951828723023937,0.42362069388582313,2.0,0.0,0.01362999268034689,0.01362999268034689,-3.060689809954894,-14823.51897698918,-14826.579666799134
146,17,0.3601311148510354,-6.691563990024856,3.0,1.0,1.0,-14827.170843115373,14828.174227521562,-0.15680031103511283,-0.19654521263510105,2.0,0.0,0.01362999268034689,0.01362999268034689,-3.095458085966175,-14822.607605932915,-14825.703064018882
147,17,0.3597938475733448,-6.683619758394392,3.0,1.0,1.0,-14827.382170211175,14827.487934699278,-0.0011271578496234724,-0.10130391023994889,2.0,0.0,0.01362999268034689,0.01362999268034689,-3.0789148457226405,-14822.835066266938,-14825.91398111266
148,17,0.35690304692791547,-6.698485391007039,3.0,1.0,0.895180875803578,-14826.960562102264,14828.529698954766,-0.042879482367425226,0.27058929883423843,2.0,0.0,0.01362999268034689,0.01362999268034689,-3.109922806986433,-14822.37888840023,-14825.488811207217
149,17,0.35820720328228894,-6.710075438901353,3.0,1.0,0.8904706666051041,-14827.051418012112,14827.423406736838,-0.016800238336145412,0.2151965645425662,2.0,0.0,0.01362999268034689,0.01362999268034689,-3.1342515950755954,-14822.447032963211,-14825.581284558288
150,17,0.3571140547283797,-6.692479541997177,7.0,1.0,0.8639041679231455,-14827.036562776011,14827.564475917836,0.034902184328529984,0.27395087246986805,2.0,0.0,0.01362999268034689,0.01362999268034689,-3.0973687070462064,-14822.467706052244,-14825.56507475929
51,18,0.3604401419256805,-6.704108025062152,1.0,1.0,1.0,-14827.353480613307,14827.662026405786,-0.044221670967090176,-0.044221670967090176,1.0,0.0,0.007419278872411725,0.007419278872411725,-3.1217085593531175,-14822.764367615118,-14825.88607617447
52,18,0.36310098009497344,-6.706878790185049,3.0,1.0,0.6548062903957732,-14829.181407521995,14829.37047683385,0.8299140585604619,0.8299140585604619,2.0,0.0,0.013954737524517908,0.013954737524517908,-3.1275280616824346,-14824.589660998532,-14827.717189060215
53,18,0.3590517201061948,-6.712380405650129,3.0,1.0,0.9713375827253939,-14827.280226678657,14828.564135800907,-0.9356585244586313,-1.0369027490960434,1.0,0.0,0.013954737524517908,0.013954737524517908,-3.13910598812874,-14822.672025344897,-14825.811131333025
54,18,0.3600071195398179,-6.699444256416137,3.0,1.0,0.9645690445725568,-14827.09916143992,14827.622730450596,-0.008708719011337962,0.11237714839808177,1.0,0.0,0.013954737524517908,0.013954737524517908,-3.1119304742383007,-14822.519301267483,-14825.631231741721
55,18,0.3589351053024905,-6.705280222959225,3.0,1.0,1.0,-14826.96098312786,14827.158938600345,-0.07618604899289494,-0.07618604899289494,1.0,0.0,0.013954737524517908,0.013954737524517908,-3.1241696168981226,-14822.367575251545,-14825.491744868443
56,18,0.3599942578087776,-6.712131761532559,1.0,1.0,0.8059721764692476,-14827.543404563941,14827.583235409908,0.21570605758097372,0.21570605758097372,1.0,0.0,0.013954737524517908,0.013954737524517908,-3.1385820736150865,-14822.936877161641,-14826.075459235257
57,18,0.3553301630116314,-6.720626950228044,3.0,1.0,0.9432739877580981,-14828.102076268444,14828.465210024386,0.03374005034675065,0.14734155423866468,2.0,0.0,0.013954737524517908,0.013954737524517908,-3.156517193888959,-14823.471834215605,-14826.628351409494
58,18,0.3599349442763652,-6.6882076209978525,7.0,1.0,0.9211447836745668,-14827.209757104025,14828.371016677867,-0.20149028243940847,0.2776223656928778,2.0,0.0,0.013954737524517908,0.013954737524517908,-3.088461011030696,-14822.653278660562,-14825.741739671594
59,18,0.36319821884263903,-6.69876381273344,3.0,1.0,0.6284195631200244,-14828.936228152217,14829.167788874298,0.8480181308350438,0.8480181308350438,2.0,0.0,0.013954737524517908,0.013954737524517908,-3.110505670179045,-14824.36161909829,-14827.47212476847
60,18,0.35591245948714034,-6.697590365778029,3.0,1.0,1.0,-14827.279311307631,14828.612684813783,-0.7325756915033708,-0.7325756915033708,2.0,0.0,0.013954737524517908,0.013954737524517908,-3.108049637600751,-14822.698270561701,-14825.806320199303
61,18,0.3597427621068782,-6.684082033751807,3.0,1.0,0.9677428064802789,-14827.34799081501,14827.932638547649,-0.09780648821106297,0.10177980136177212,2.0,0.0,0.013954737524517908,0.013954737524517908,-3.0798757685908464,-14822.799863744596,-14825.879739513188
62,18,0.3570228823475362,-6.694376670299654,3.0,1.0,0.7900907655293571,-14827.002925533056,14827.931862798609,-0.02683922189680743,0.3941987667858484,2.0,0.0,0.013954737524517908,0.013954737524517908,-3.1013304002494135,-14822.429993587528,-14825.531323987778
63,18,0.3559810221766775,-6.694617189618911,1.0,1.0,0.8635466765930085,-14827.32132998668,14827.395193718672,0.14670732773993223,0.14670732773993223,1.0,0.0,0.013954737524517908,0.013954737524517908,-3.1018329236955786,-14822.746592120298,-14825.848425043994
64,18,0.35881946210066984,-6.689193259039125,3.0,1.0,0.9293483824863076,-14827.010531924812,14828.218225874529,-0.19023366951842036,0.23819989703588362,2.0,0.0,0.013954737524517908,0.013954737524517908,-3.09051461770921,-14822.450637187705,-14825.541151805413
65,18,0.3546095031414497,-6.705636681570247,3.0,1.0,0.7815257030173101,-14827.876489291215,14827.925905146038,0.3952177686642244,0.3989209276951442,2.0,0.0,0.013954737524517908,0.013954737524517908,-3.124918282736264,-14823.276933198493,-14826.401851481229
66,18,0.36241519290519864,-6.680636437040489,7.0,1.0,0.9745362612861787,-14828.599187917269,14828.654719668419,0.12989991535505396,-0.3994716295346734,2.0,0.0,0.013954737524517908,0.013954737524517908,-3.0727186128334205,-14824.061436541711,-14827.134155154545
67,18,0.3574449206508334,-6.6748652882570765,3.0,1.0,1.0,-14828.14603396285,14828.841407337186,-0.21182250688616477,-0.27886574898366234,2.0,0.0,0.013954737524517908,0.013954737524517908,-3.060757441382786,-14823.614199785367,-14826.674957226749
68,18,0.36078900659735597,-6.705068809769143,3.0,1.0,0.6866048450416081,-14827.540000936162,14829.242955104786,-0.024729740565817337,0.6921127764890116,2.0,0.0,0.013954737524517908,0.013954737524517908,-3.1237256482834512,-14822.949292641113,-14826.073018289397
69,18,0.35845103778358,-6.6869498114646,3.0,1.0,0.9550834791172506,-14827.097861895198,14827.905870561035,-0.2760534390290559,-0.2760534390290559,2.0,0.0,0.013954737524517908,0.013954737524517908,-3.0858417377292295,-14822.542187180718,-14825.628028918447
70,18,0.35947035864534566,-6.709292779234227,3.0,1.0,0.8657676412487847,-14827.22468391562,14828.050011041663,0.10476274027132604,0.2874389653607068,1.0,0.0,0.013954737524517908,0.013954737524517908,-3.132604476909095,-14822.623496001625,-14825.756100478533
71,18,0.3620025895619317,-6.681447802894672,3.0,1.0,0.7111184527518297,-14828.31640721708,14829.515386217536,0.27368195945746265,0.41650523573298415,2.0,0.0,0.013954737524517908,0.013954737524517908,-3.0744029044383083,-14823.776479344426,-14826.850882248864
72,18,0.36099601309444856,-6.710565921805194,3.0,1.0,0.783466737991211,-14827.907105331104,14830.213222219085,0.0491013465107244,0.5907319051711966,2.0,0.0,0.013954737524517908,0.013954737524517908,-3.1352841354030927,-14823.305088245595,-14826.440372381
73,18,0.3602727039230209,-6.690366209216707,3.0,1.0,0.9783186887044075,-14827.239321953411,14828.319299779194,-0.33059356331614254,-0.33059356331614254,1.0,0.0,0.013954737524517908,0.013954737524517908,-3.0929597608488906,-14822.678754875848,-14825.771714636696
74,18,0.3560271556214886,-6.687236783692678,3.0,1.0,0.8591158828870316,-14827.62700689768,14827.846133087452,0.18759891804256768,0.23329624366488133,2.0,0.0,0.013954737524517908,0.013954737524517908,-3.0864391918432506,-14823.06772071375,-14826.154159905594
75,18,0.3560271556214886,-6.687236783692678,1.0,1.0,0.16738650532143579,-14827.62700689768,14830.086551727194,0.0,1.7874497375487408,1.0,0.0,0.013954737524517908,0.013954737524517908,-3.0864391918432506,-14823.06772071375,-14826.154159905594
76,18,0.3614655758836329,-6.694091600660705,3.0,1.0,0.9864740139674826,-14827.690015505561,14827.911210598013,0.041424215503866435,-0.2148573691101774,2.0,0.0,0.013954737524517908,0.013954737524517908,-3.100734871543591,-14823.123112475409,-14826.223847346952
77,18,0.35504916029468747,-6.707162386989972,7.0,1.0,0.8586646086965801,-14827.657595196031,14828.725781983956,-0.044154438695841236,0.4613695444786572,2.0,0.0,0.013954737524517908,0.013954737524517908,-3.128124139741039,-14823.055390854297,-14826.183514994038
78,18,0.35970421201509617,-6.697927269711752,3.0,1.0,0.5694228705852107,-14827.003146628766,14829.075475046604,-0.24848794623358117,1.1582255582197831,2.0,0.0,0.013954737524517908,0.013954737524517908,-3.108754638942453,-14822.426093730604,-14825.534848369547
79,18,0.35562991171892067,-6.727493954580244,3.0,1.0,0.8275810591805746,-14828.559070017958,14828.66720839419,0.26189598219389154,0.26189598219389154,2.0,0.0,0.013954737524517908,0.013954737524517908,-3.1710676225702725,-14823.914655686009,-14827.085723308579
80,18,0.36179797264602065,-6.670889293180333,7.0,1.0,0.96119530608239,-14828.991264494693,14829.050624198971,0.15352985837125743,-0.24781449087458896,2.0,0.0,0.013954737524517908,0.013954737524517908,-3.05253624811423,-14824.472958548551,-14827.525494796666
81,18,0.35523519033531964,-6.71996215591192,7.0,1.0,0.9860471455155209,-14828.095086475818,14829.338305019997,-0.17305404346734576,-0.40769186254510714,2.0,0.0,0.013954737524517908,0.013954737524517908,-3.1551110712318264,-14823.466130538844,-14826.621241610075
82,18,0.3596005660905149,-6.681403199029426,3.0,1.0,0.4982872743633984,-14827.480737288484,14830.241342874666,-0.19762143894877227,1.4220865996412613,2.0,0.0,0.013954737524517908,0.013954737524517908,-3.0743102954260237,-14822.938002409071,-14826.012312704497
83,18,0.3587309367674097,-6.706574735870798,3.0,1.0,0.9269276789443698,-14826.970291978381,14828.334946739738,-0.0648022068762657,0.2313741746602318,1.0,0.0,0.013954737524517908,0.013954737524517908,-3.126889074338544,-14822.373914098092,-14825.50080317243
84,18,0.3587309367674097,-6.706574735870798,3.0,1.0,0.9275930939655823,-14826.970291978381,14827.81369825884,0.0,0.18663212266801565,1.0,0.0,0.013954737524517908,0.013954737524517908,-3.126889074338544,-14822.373914098092,-14825.50080317243
85,18,0.35606421705289637,-6.698166910841895,3.0,1.0,0.47470351956673845,-14827.212051212726,14828.911165619553,0.13964323337131646,1.3786591099942598,2.0,0.0,0.013954737524517908,0.013954737524517908,-3.1092561783290478,-14822.629994581208,-14825.739250759538
86,18,0.3601032650680455,-6.7184224587032295,3.0,1.0,0.7593825211931575,-14828.036226331444,14828.587239036715,0.22676035133190453,0.3958871605027525,2.0,0.0,0.013954737524517908,0.013954737524517908,-3.151856117272522,-14823.416557305602,-14826.568413422874
87,18,0.35948193739455886,-6.716356823289723,1.0,1.0,1.0,-14827.647700941392,14828.09868134597,-0.15086499263270525,-0.15086499263270525,1.0,0.0,0.013954737524517908,0.013954737524517908,-3.1474930419651588,-14823.031638595403,-14826.179131637367
88,18,0.3550523496753374,-6.7088582544171285,3.0,1.0,0.9230544125487968,-14827.688424595497,14828.44858695952,0.0673877817371249,0.18112553116952768,2.0,0.0,0.013954737524517908,0.013954737524517908,-3.13169027783002,-14823.082658153395,-14826.214348431226
89,18,0.3559477403473834,-6.6903532454114565,7.0,1.0,0.9515326364592264,-14827.496507619118,14828.462393487001,-0.03535901742907299,-0.2358102825783135,2.0,0.0,0.013954737524517908,0.013954737524517908,-3.092932728857766,-14822.930628126936,-14826.023560855794
90,18,0.35826547126264435,-6.716869435331395,3.0,1.0,0.41234978052975624,-14827.434100865637,14830.665350117893,-0.1740164292859845,2.2496105723184883,2.0,0.0,0.013954737524517908,0.013954737524517908,-3.1485753930432097,-14822.8154638776,-14825.964039270642
91,18,0.35578708414924237,-6.704371846910484,3.0,1.0,0.5197274293297466,-14827.298339023995,14829.325451359375,0.07178011156793218,1.2981203726940294,2.0,0.0,0.013954737524517908,0.013954737524517908,-3.12226233981434,-14822.702927886055,-14825.825190225869
92,18,0.3611940571516737,-6.676939307303657,3.0,1.0,0.7913020130827264,-14828.217776282258,14830.08067956652,0.11559739153562987,0.5305657537228399,2.0,0.0,0.013954737524517908,0.013954737524517908,-3.0650521792230094,-14823.68622963285,-14826.751281812074
93,18,0.36239357454144466,-6.685559300231363,3.0,1.0,0.903131655690277,-14828.379146382742,14828.949648272153,0.22591121251571167,-0.27965938301167625,2.0,0.0,0.013954737524517908,0.013954737524517908,-3.0829479665356256,-14823.831139906955,-14826.91408787349
94,18,0.36239357454144466,-6.685559300231363,3.0,1.0,0.31232917384828074,-14828.379146382742,14832.965836285513,0.0,2.1750851091255754,2.0,0.0,0.013954737524517908,0.013954737524517908,-3.0829479665356256,-14823.831139906955,-14826.91408787349
95,18,0.35845012794127085,-6.722199232153671,3.0,1.0,0.95789917829257,-14827.877988765262,14828.68589901528,-0.3345113212690194,-0.3774777521721262,2.0,0.0,0.013954737524517908,0.013954737524517908,-3.159844524359046,-14823.248310144081,-14826.408154668441
96,18,0.35631021257089845,-6.693055784833786,3.0,1.0,0.9073482241442218,-14827.24659669871,14828.968766643859,-0.07098297983975499,0.32566826882793976,2.0,0.0,0.013954737524517908,0.013954737524517908,-3.0985716701382953,-14822.675533119163,-14825.774104789301
97,18,0.3607684789134502,-6.6992202049678005,3.0,1.0,0.9606713335732747,-14827.38189001818,14827.743495294668,0.0668746106330218,0.0668746106330218,2.0,0.0,0.013954737524517908,0.013954737524517908,-3.1114612741991334,-14822.803421312534,-14825.914882586732
98,18,0.36145032945010847,-6.713679174345742,3.0,1.0,0.8097931663137875,-14828.37650076977,14828.838472655903,0.3921820907671645,0.3921820907671645,2.0,0.0,0.013954737524517908,0.013954737524517908,-3.1418436101971756,-14823.768470697529,-14826.910314307726
99,18,0.35983118571055894,-6.704214180041086,1.0,1.0,1.0,-14827.13903784768,14828.018711191771,-0.5030020189806237,-0.5030020189806237,1.0,0.0,0.013954737524517908,0.013954737524517908,-3.1219313776896485,-14822.548962818813,-14825.670894196503
100,18,0.35823347379458553,-6.68619118765626,3.0,1.0,0.46107269024990777,-14827.144120784646,14829.449640911249,-0.06264765599189559,1.7468772304018785,2.0,0.0,0.013954737524517908,0.013954737524517908,-3.084262737896668,-14822.589756995258,-14825.674019733155
101,18,0.3577870431863531,-6.706307074778316,3.0,1.0,0.9469694871546358,-14826.915979330415,14827.712348957346,-0.0431991528821527,0.12377503758398234,1.0,0.0,0.013954737524517908,0.013954737524517908,-3.1263266459222057,-14822.31900004162,-14825.445326687543
102,18,0.3580167308557002,-6.699844025829493,3.0,1.0,0.9865328803182535,-14826.817597682331,14826.942992777918,-0.017020276241964893,0.025860404999548336,2.0,0.0,0.013954737524517908,0.013954737524517908,-3.1127677808626344,-14822.234461305876,-14825.347229086738
103,18,0.3601722806180494,-6.67335493048888,3.0,1.0,0.7439876074794443,-14828.220483808767,14828.512945575092,0.2681306952927116,0.36790140709854313,2.0,0.0,0.013954737524517908,0.013954737524517908,-3.057632601897571,-14823.695122074805,-14826.752754676703
104,18,0.3642374063526158,-6.671575722951852,1.0,1.0,0.4176248748687306,-14830.552374700912,14830.655635717856,0.8731716779311682,0.8731716779311682,1.0,0.0,0.013954737524517908,0.013954737524517908,-3.0539544548019175,-14826.035540771662,-14829.089495226464
105,18,0.3541753112042906,-6.707072457280235,3.0,1.0,1.0,-14828.156709673114,14831.023701570239,-0.6075588058592984,-0.6075588058592984,2.0,0.0,0.013954737524517908,0.013954737524517908,-3.12793511223621,-14823.553584110232,-14826.681519222468
106,18,0.3583980702634154,-6.686683803078652,3.0,1.0,0.9890701639294813,-14827.111962503659,14827.811113934744,-0.4793031639219407,-0.48413732259905373,2.0,0.0,0.013954737524517908,0.013954737524517908,-3.085288002271388,-14822.556776304442,-14825.642064306714
107,18,0.3577994406557792,-6.717378842486119,7.0,1.0,0.9581356084879548,-14827.439100172613,14827.587836983314,0.06267363627557643,0.10224112907235394,2.0,0.0,0.013954737524517908,0.013954737524517908,-3.1496512374972756,-14822.818811637573,-14825.968462875071
108,18,0.35864806997486254,-6.688347387453493,3.0,1.0,0.9113746221191299,-14827.036508226214,14827.699524358719,-0.08080602903100953,0.18013162689385354,2.0,0.0,0.013954737524517908,0.013954737524517908,-3.088752159557284,-14822.478165448947,-14825.566917608505
109,18,0.3583809717293383,-6.6995969579383035,3.0,1.0,0.9342447758901008,-14826.818673773974,14827.646162723819,-0.03503173786702973,0.14186945227083925,2.0,0.0,0.013954737524517908,0.013954737524517908,-3.1122502847355666,-14822.236504232334,-14825.34875451707
110,18,0.35754937172060625,-6.6963502667632415,3.0,1.0,0.82645689082555,-14826.873284306523,14827.225884064606,0.023046178574077203,0.3014383419522346,2.0,0.0,0.013954737524517908,0.013954737524517908,-3.1054555983200554,-14822.296881576225,-14825.402337174544
111,18,0.3559969696821685,-6.711347041879779,3.0,1.0,0.8774122409676576,-14827.383060739307,14827.719057875232,0.13633269261299574,0.14369444503427076,2.0,0.0,0.013954737524517908,0.013954737524517908,-3.1369290073515703,-14822.773246824234,-14825.910175831585
112,18,0.3582393266420611,-6.719961944683367,3.0,1.0,0.8652533663897253,-14827.660476280063,14828.493795235547,0.012411036999765201,0.3595349714432814,2.0,0.0,0.013954737524517908,0.013954737524517908,-3.1551106245274014,-14823.03527182205,-14826.190382446577
113,18,0.3582393266420611,-6.719961944683367,3.0,1.0,0.8972967307646428,-14827.660476280063,14828.513899042926,0.0,0.29854780594723707,1.0,0.0,0.013954737524517908,0.013954737524517908,-3.1551106245274014,-14823.03527182205,-14826.190382446577
114,18,0.356484384109517,-6.704200771951313,3.0,1.0,0.9631198300816687,-14827.070104166753,14827.930045294679,-0.07877561594796134,0.11725374922752962,2.0,0.0,0.013954737524517908,0.013954737524517908,-3.121903233609226,-14822.475927104595,-14825.597830338203
115,18,0.36046692513578427,-6.7136946221144,3.0,1.0,0.30887735975064595,-14827.840495198294,14831.071713250469,0.27952440849003324,2.717348665686586,2.0,0.0,0.013954737524517908,0.013954737524517908,-3.141876182075558,-14823.231247003137,-14826.373123185213
116,18,0.3643314410475772,-6.683244963619503,3.0,1.0,0.46864082371220595,-14829.99504082445,14831.487570349836,0.7707703096621117,1.012929892694956,2.0,0.0,0.013954737524517908,0.013954737524517908,-3.0781359239185933,-14825.45413564201,-14828.53227156593
117,18,0.35912528512701913,-6.728542188961548,3.0,1.0,0.9031401994589258,-14828.682405337913,14830.58161138556,-0.7759912490600982,-0.7759912490600982,2.0,0.0,0.013954737524517908,0.013954737524517908,-3.1732928647104277,-14824.040107211687,-14827.213400076398
118,18,0.3580322994743748,-6.688987084581162,3.0,1.0,1.0,-14827.02805902014,14829.165649427734,-0.41714267134193506,-0.41714267134193506,2.0,0.0,0.013954737524517908,0.013954737524517908,-3.0900849666356947,-14822.467624691582,-14825.557709658218
119,18,0.35788742620902597,-6.7187425334417235,7.0,1.0,0.9488977479709815,-14827.538831159141,14827.606703578596,0.09280412745647482,0.09280412745647482,2.0,0.0,0.013954737524517908,0.013954737524517908,-3.152532567165002,-14822.915770155934,-14826.068302723099
120,18,0.3605409989065356,-6.725564064240947,1.0,1.0,0.5852112471584204,-14828.94106041365,14828.982841744793,0.5357823906797421,0.5357823906797421,1.0,0.0,0.013954737524517908,0.013954737524517908,-3.166973632670767,-14824.306804409254,-14827.473778041925
121,18,0.3605649234969677,-6.720151863642099,1.0,1.0,1.0,-14828.403767644917,14829.265844543836,-0.12630643301599775,-0.12630643301599775,1.0,0.0,0.013954737524517908,0.013954737524517908,-3.1555122816107533,-14823.781001932359,-14826.936514213969
122,18,0.35375420797025114,-6.69941229055843,3.0,1.0,0.7485882707459736,-14828.490227571841,14830.045648818781,0.21256480559713964,0.5348333864603774,2.0,0.0,0.013954737524517908,0.013954737524517908,-3.111863529482275,-14823.90263574304,-14827.014499272522
123,18,0.35815057320369564,-6.6934063493630145,3.0,1.0,0.9731182229293873,-14826.879614257416,14827.899002079615,-0.7301143963650247,-0.7301143963650247,2.0,0.0,0.013954737524517908,0.013954737524517908,-3.0993036702180827,-14822.31010726123,-14825.409410931448
124,18,0.35592979409366055,-6.709736613410799,3.0,1.0,0.8810471445766052,-14827.351122106435,14827.531148544824,0.15419696062417643,0.15419696062417643,2.0,0.0,0.013954737524517908,0.013954737524517908,-3.133538456922063,-14822.744614330895,-14825.878152787818
125,18,0.35644212971893297,-6.70495959400614,1.0,1.0,1.0,-14827.091115924777,14827.362861529313,-0.06649688879588211,-0.06649688879588211,1.0,0.0,0.013954737524517908,0.013954737524517908,-3.123496312217067,-14822.495292905794,-14825.618789218011
126,18,0.3586998184514246,-6.699281426620438,3.0,1.0,0.6767470497056859,-14826.837249056769,14827.93118657237,-0.08941779303859221,0.7114995991596516,2.0,0.0,0.013954737524517908,0.013954737524517908,-3.1115894772760457,-14822.256132549188,-14825.367722026464
127,18,0.35705632734516596,-6.701670792822844,3.0,1.0,0.8693709439098575,-14826.922525059173,14827.176201391365,0.032506804303920944,0.21586841633506992,2.0,0.0,0.013954737524517908,0.013954737524517908,-3.1165959304339164,-14822.33436923934,-14825.450965169774
128,18,0.3573465202690057,-6.692802704202393,7.0,1.0,0.980318471897034,-14826.980843635993,14827.143043932272,0.01806679676519707,0.039921702360516065,2.0,0.0,0.013954737524517908,0.013954737524517908,-3.0980432987575663,-14822.411601402491,-14825.50964470125
129,18,0.3571337674936578,-6.6940102521407265,3.0,1.0,0.9156865760256592,-14826.988323126625,14827.630060861162,0.009654797146140481,0.14059778196315165,2.0,0.0,0.013954737524517908,0.013954737524517908,-3.1005649441869463,-14822.41629470099,-14825.516859645177
130,18,0.3570500391690985,-6.738601779919984,3.0,1.0,0.624515201898768,-14829.65076845529,14830.043958760114,0.43041682901275635,0.5101220618616935,2.0,0.0,0.013954737524517908,0.013954737524517908,-3.1947037161980614,-14824.984497018622,-14828.17920073482
131,18,0.35793403054611367,-6.734395137451194,1.0,1.0,1.0,-14829.138643106962,14829.869535222137,-0.04719326189842832,-0.04719326189842832,1.0,0.0,0.013954737524517908,0.013954737524517908,-3.185737980171199,-14824.4824343206,-14827.668172300771
132,18,0.35826835149848574,-6.6841944657336425,7.0,1.0,0.7550639403541509,-14827.253324682013,14829.722402465253,-0.3898642461463169,0.7432820162557618,2.0,0.0,0.013954737524517908,0.013954737524517908,-3.0801095110904275,-14822.703157127069,-14825.78326663816
133,18,0.35734262946838846,-6.67544909176903,1.0,1.0,0.7781189821215039,-14828.112896671399,14828.126384800617,0.25087583317872486,0.25087583317872486,1.0,0.0,0.013954737524517908,0.013954737524517908,-3.061965907065434,-14823.579726995755,-14826.64169290282
134,18,0.3608365338248875,-6.682021873571454,3.0,1.0,0.9202127773442464,-14827.75548852867,14829.191873204663,-0.09998422224452952,0.273597287659868,2.0,0.0,0.013954737524517908,0.013954737524517908,-3.0755949993136045,-14823.212968249556,-14826.28856324887
135,18,0.358720031336867,-6.65674797366192,3.0,1.0,0.6964340151015594,-14830.426135710857,14831.954080284446,0.5006369368893502,0.7274124169707648,2.0,0.0,0.013954737524517908,0.013954737524517908,-3.0234242426429945,-14825.933209267641,-14828.956633510285
136,18,0.3559152050532802,-6.665519463676463,3.0,1.0,0.941678678949836,-14829.968607231218,14831.402279646483,0.19232821257173782,-0.6702446581202821,2.0,0.0,0.013954737524517908,0.013954737524517908,-3.0414581062401713,-14825.454161468051,-14828.49561957429
137,18,0.3570961025263474,-6.743434146075881,3.0,1.0,0.9740707403923169,-14830.369505646137,14831.126425196595,-0.25183287820982514,-0.899222013869803,2.0,0.0,0.013954737524517908,0.013954737524517908,-3.2050249147098318,-14825.692970367229,-14828.897995281939
138,18,0.35993975015271684,-6.662405308037325,7.0,1.0,0.8966374249265799,-14829.495007292247,14830.708436038254,-0.19238454694277607,-0.636351843320881,3.0,0.0,0.013954737524517908,0.013954737524517908,-3.0350467069011366,-14824.991948996447,-14828.026995703349
139,18,0.3582166855563328,-6.6887252662605015,3.0,1.0,0.7485100795201721,-14827.026990730283,14830.523214634577,-0.4335342468421004,0.7542702994651336,2.0,0.0,0.013954737524517908,0.013954737524517908,-3.0895394194691583,-14822.467329553343,-14825.556868972812
140,18,0.359757453001273,-6.713570626561627,3.0,1.0,0.891195763368006,-14827.547291570554,14827.55146870313,0.20577303768732236,0.20577303768732236,2.0,0.0,0.013954737524517908,0.013954737524517908,-3.141614742110014,-14822.937443417446,-14826.079058159556
141,18,0.35817999064009115,-6.6873087683875445,3.0,1.0,0.9333384758563991,-14827.091999491216,14828.370689817097,-0.21197865529393312,0.2231242670386564,1.0,0.0,0.013954737524517908,0.013954737524517908,-3.0865890713628756,-14822.535243394226,-14825.62183246559
142,18,0.35686824549372836,-6.6863325495135255,3.0,1.0,0.9337731268268614,-14827.376413439979,14827.434974996717,0.13217117064959893,0.13217117064959893,2.0,0.0,0.013954737524517908,0.013954737524517908,-3.0845569248820595,-14822.820062219718,-14825.9046191446
143,18,0.3597027980704757,-6.7070947145805615,7.0,1.0,0.9188689915171506,-14827.19739276002,14828.01832030257,-0.02858009882402257,0.2427067834432819,2.0,0.0,0.013954737524517908,0.013954737524517908,-3.1279818951540124,-14822.601110883052,-14825.729092778205
144,18,0.3550833290658687,-6.71296747757702,3.0,1.0,0.8757998136407196,-14827.798397240293,14828.199154451328,0.15726344888207677,0.2156170721136732,2.0,0.0,0.013954737524517908,0.013954737524517908,-3.1403432444194843,-14823.184017045702,-14826.324360290122
145,18,0.3607611278872704,-6.695610326212204,7.0,1.0,1.0,-14827.35382981954,14827.731009538213,-0.08187161391106201,-0.2862593026875402,2.0,0.0,0.013954737524517908,0.013954737524517908,-3.103908523134778,-14822.78290498845,-14825.886813511584
146,18,0.35885353325649405,-6.705734215858078,7.0,1.0,0.9978757518063459,-14826.961535847957,14827.4412420039,-0.1777315524432197,-0.1777315524432197,2.0,0.0,0.013954737524517908,0.013954737524517908,-3.125123154996492,-14822.367074382957,-14825.492197537953
147,18,0.35885353325649405,-6.705734215858078,1.0,1.0,0.25189283392157125,-14826.961535847957,14828.655328135366,0.0,1.3787515441363212,1.0,0.0,0.013954737524517908,0.013954737524517908,-3.125123154996492,-14822.367074382957,-14825.492197537953
148,18,0.3578223783410205,-6.696829718065448,3.0,1.0,0.8689837441038293,-14826.840313744835,14827.245209124936,-0.03886150060498039,0.23726804670877755,2.0,0.0,0.013954737524517908,0.013954737524517908,-3.1064583322697072,-14822.263246502667,-14825.369704834937
149,18,0.3578223783410205,-6.696829718065448,3.0,1.0,0.48105673254683334,-14826.840313744835,14828.958077628844,0.0,1.2477473958188057,2.0,0.0,0.013954737524517908,0.013954737524517908,-3.1064583322697072,-14822.263246502667,-14825.369704834937
150,18,0.3546953695611036,-6.703769443354685,3.0,1.0,0.7327711382556119,-14827.818915607393,14828.047196979049,0.41486397563312494,0.47591722718425444,2.0,0.0,0.013954737524517908,0.013954737524517908,-3.1209979547144826,-14823.223388902441,-14826.344386857156
51,19,0.3587229997303906,-6.678982575779844,1.0,1.0,0.0006798305570246147,-14827.597171919833,14828.263529676104,0.0,7.293666971690982,1.0,0.0,0.026915823592622103,0.026915823592622103,-3.0692874472315634,-14823.058385918086,-14826.127673365318
52,19,0.35884499814693643,-6.706449227435128,3.0,1.0,0.8807698910805465,-14826.982235920395,14829.018955387719,-0.05466677968433942,0.2904264546232298,1.0,0.0,0.012426620099137602,0.012426620099137602,-3.1266253382169618,-14822.386261799684,-14825.5128871379
53,19,0.35946381742678934,-6.69917684259526,3.0,1.0,0.9817064417892952,-14826.953260578517,14827.155411768512,0.006300905473835883,0.04982025167555548,1.0,0.0,0.012426620099137602,0.012426620099137602,-3.1113704721622395,-14822.373298684428,-14825.48466915659
54,19,0.3590424713121402,-6.685658646522926,3.0,1.0,0.9238113442911597,-14827.176894460668,14827.536284425436,0.003973741502704797,0.1711819948432094,2.0,0.0,0.012426620099137602,0.012426620099137602,-3.0831546504139764,-14822.6246331351,-14825.707787785514
55,19,0.3552820884395532,-6.698834059217825,3.0,1.0,0.8060798082074302,-14827.540827840498,14828.396612973269,0.2030042489659536,0.35138421017109067,1.0,0.0,0.012426620099137602,0.012426620099137602,-3.1106527402383386,-14822.956389506267,-14826.067042246506
56,19,0.3601394942419745,-6.707014193220032,3.0,1.0,1.0,-14827.340817402666,14827.514040383072,-0.0829356606118381,-0.21670399335562252,2.0,0.0,0.012426620099137602,0.012426620099137602,-3.1278126485730846,-14822.745235829378,-14825.87304847795
57,19,0.36202436040422525,-6.741170777676429,3.0,1.0,0.3748839158288771,-14832.192488991892,14833.77219648444,1.214423722396532,1.214423722396532,2.0,0.0,0.012426620099137602,0.012426620099137602,-3.2001877970511385,-14827.526802240536,-14830.726990037587
58,19,0.35667630052473226,-6.743447120520005,7.0,1.0,1.0,-14830.375599356805,14832.307257100409,-0.8681725534497673,-1.1101067311992665,3.0,0.0,0.012426620099137602,0.012426620099137602,-3.205052657580273,-14825.69851280871,-14828.903565466291
59,19,0.35854307476654707,-6.7491693895763545,1.0,1.0,0.7641376876741717,-14831.580538495462,14831.83178885374,0.2690072865843831,0.2690072865843831,1.0,0.0,0.012426620099137602,0.012426620099137602,-3.217304825698227,-14826.89351395224,-14830.11081877794
60,19,0.3574652835084699,-6.715440070332912,3.0,1.0,0.8965821357928435,-14827.318435562713,14832.011913944201,-0.7067447280351189,-0.7067447280351189,2.0,0.0,0.012426620099137602,0.012426620099137602,-3.145558025591025,-14822.701826076267,-14825.847384101859
61,19,0.3574439873116098,-6.711620690164371,3.0,1.0,0.8878581459367174,-14827.120969892776,14828.726335654046,-0.028669032890320523,0.195565197884207,2.0,0.0,0.012426620099137602,0.012426620099137602,-3.1375053964769246,-14822.512386601597,-14825.649891998073
62,19,0.3603800001100993,-6.681749873042944,5.0,1.0,0.9294279583727392,-14827.625330213039,14827.72622131764,0.09838454175951483,0.137823177887185,2.0,0.0,0.012426620099137602,0.012426620099137602,-3.0750301315490876,-14823.082822803972,-14826.157852935521
63,19,0.35444045589400297,-6.699399147400715,3.0,1.0,0.6353801122201015,-14828.010612442024,14829.201473946849,0.28018060340218653,0.6857721482410852,2.0,0.0,0.012426620099137602,0.012426620099137602,-3.1118360046143723,-14823.423923695827,-14826.535759700442
64,19,0.35751044886551203,-6.713975460703802,3.0,1.0,0.9711958841352465,-14827.233694779317,14828.230090321429,-0.3593033733213815,-0.3593033733213815,1.0,0.0,0.012426620099137602,0.012426620099137602,-3.142468376539075,-14822.620230987928,-14825.762699364468
65,19,0.35723440119475175,-6.676633022696016,7.0,1.0,0.8548882246355586,-14828.024956663328,14828.312841225697,0.20024763380206423,0.2873856074002106,2.0,0.0,0.012426620099137602,0.012426620099137602,-3.0644176751356955,-14823.489200697233,-14826.553618372369
66,19,0.36096511998728126,-6.719831507906672,3.0,1.0,0.8539173723293717,-14828.59228472949,14828.94815221357,0.2615493393896031,0.2615493393896031,2.0,0.0,0.012426620099137602,0.012426620099137602,-3.1548347864138937,-14823.97067975644,-14827.125514542853
67,19,0.3592418925582182,-6.687547434271299,3.0,1.0,0.9397760955750826,-14827.110689684892,14830.155951384559,-0.5059909397514275,-0.5059909397514275,1.0,0.0,0.012426620099137602,0.012426620099137602,-3.087086035288446,-14822.554741066871,-14825.64182710216
68,19,0.35408087463676113,-6.700897768569239,3.0,1.0,0.6314053432754744,-14828.227179385627,14829.268102583434,0.4463659912617004,0.9007378475071164,2.0,0.0,0.012426620099137602,0.012426620099137602,-3.114975583400384,-14823.636892893737,-14826.751868477138
69,19,0.3568038267248183,-6.723066828033585,3.0,1.0,0.9414565673280993,-14827.918260214497,14829.346311444446,-0.3259305177034548,-0.3259305177034548,2.0,0.0,0.012426620099137602,0.012426620099137602,-3.1616816263984626,-14823.284703924246,-14826.446385550644
70,19,0.35737094625379817,-6.719114793242864,1.0,1.0,1.0,-14827.56413158029,14827.89156542116,-0.04812101570678351,-0.04812101570678351,1.0,0.0,0.012426620099137602,0.012426620099137602,-3.1533194344754403,-14822.939643553773,-14826.092962988248
71,19,0.35822922288299325,-6.720383996549659,1.0,1.0,0.9629604699206111,-14827.693298974156,14827.78390683661,0.03774291691479448,0.03774291691479448,1.0,0.0,0.012426620099137602,0.012426620099137602,-3.1560032653998666,-14823.067189414623,-14826.223192680023
72,19,0.3596749147939596,-6.6987198842714815,7.0,1.0,0.9479227374921589,-14826.999617330419,14828.375936531997,-0.07998886365203361,0.20785483978579578,3.0,0.0,0.012426620099137602,0.012426620099137602,-3.1104137027959107,-14822.420869671712,-14825.531283374508
73,19,0.35759974655205806,-6.6810502591344205,3.0,1.0,0.9072804566794052,-14827.554527354201,14828.196659308574,0.08060992484388407,0.14190644558038912,2.0,0.0,0.012426620099137602,0.012426620099137602,-3.073577572247678,-14823.010065115706,-14826.083642687954
74,19,0.35596467074071564,-6.67898388815246,1.0,1.0,0.7736733446542575,-14828.286043729042,14828.3798908422,0.25660552980480134,0.25660552980480134,1.0,0.0,0.012426620099137602,0.012426620099137602,-3.069290168847015,-14823.743828072364,-14826.81311824121
75,19,0.35872445089728655,-6.701028405153878,3.0,1.0,0.9239124807487077,-14826.851720998422,14828.687004214918,-0.3920099773476977,-0.3920099773476977,2.0,0.0,0.012426620099137602,0.012426620099137602,-3.115249370627066,-14822.266974855704,-14825.38222422633
76,19,0.35871648326424216,-6.70840971220447,7.0,1.0,0.9811928104635851,-14827.033407236499,14827.051685689223,0.036658278138929745,0.036658278138929745,3.0,0.0,0.012426620099137602,0.012426620099137602,-3.1307467855241224,-14822.43315389221,-14825.563900677735
77,19,0.35749659917013427,-6.707814851157478,3.0,1.0,0.9871848965293216,-14826.974097592021,14827.189007884435,-0.024950468077804544,0.03920383612421574,2.0,0.0,0.012426620099137602,0.012426620099137602,-3.129495827187314,-14822.373589166024,-14825.50308499321
78,19,0.3564815436211952,-6.677073383273607,3.0,1.0,0.6761445672021745,-14828.24040407974,14829.028799088726,0.33709152351548255,0.5750891511106602,2.0,0.0,0.012426620099137602,0.012426620099137602,-3.0653299626656443,-14823.70279673444,-14826.768126697107
79,19,0.35468190913272096,-6.7032969686058435,3.0,1.0,0.8799822475370268,-14827.826745562048,14830.08616775404,-0.002852250723663019,0.3379966853590304,2.0,0.0,0.012426620099137602,0.012426620099137602,-3.1200065311736336,-14823.232193189464,-14826.352199720637
80,19,0.35468190913272096,-6.7032969686058435,1.0,1.0,0.5735279745445555,-14827.826745562048,14829.330976019877,0.0,0.5559485649719136,1.0,0.0,0.012426620099137602,0.012426620099137602,-3.1200065311736336,-14823.232193189464,-14826.352199720637
81,19,0.3540431734106283,-6.714172637991781,3.0,1.0,0.968823340612477,-14828.415948628317,14828.851813441357,0.09819731956304167,-0.25444007107944344,2.0,0.0,0.012426620099137602,0.012426620099137602,-3.142884204483461,-14823.797705399997,-14826.940589604481
82,19,0.36101678266750825,-6.721459983567964,7.0,1.0,0.9709270041798571,-14828.7786090961,14828.915576577527,0.12851376915932633,-0.38168436912201287,3.0,0.0,0.012426620099137602,0.012426620099137602,-3.158279786875003,-14824.153621387975,-14827.31190117485
83,19,0.35729820842522003,-6.722788456159069,3.0,1.0,1.0,-14827.856905169177,14828.729272872091,-0.4093609910851228,-0.43946268198669713,2.0,0.0,0.012426620099137602,0.012426620099137602,-3.161092102285636,-14823.22455409969,-14826.385646201976
84,19,0.3590454326107845,-6.689286272366022,7.0,1.0,0.9987376908311175,-14827.024118430014,14827.90314777639,-0.11975360814176383,-0.12443420788258663,3.0,0.0,0.012426620099137602,0.012426620099137602,-3.090708463954305,-14822.46430691851,-14825.555015382464
85,19,0.3599215043248943,-6.689988640137261,3.0,1.0,0.8776730213327752,-14827.151592906142,14827.668765166927,0.04400172240821121,0.26123660397752246,2.0,0.0,0.012426620099137602,0.012426620099137602,-3.0921725265851405,-14822.591386604052,-14825.683559130637
86,19,0.3583711006703534,-6.709973527950058,7.0,1.0,1.0,-14827.058934309234,14827.133071546463,-0.0321519748740684,-0.05691263108928979,3.0,0.0,0.012426620099137602,0.012426620099137602,-3.1340370873718046,-14822.454965805591,-14825.589002892963
87,19,0.3592517805015461,-6.682857771963501,3.0,1.0,0.9738163214768045,-14827.348271025301,14827.460640589134,0.030559556178559433,0.04966693575261161,2.0,0.0,0.012426620099137602,0.012426620099137602,-3.077331385662837,-14822.802089149247,-14825.87942053491
88,19,0.3577825149696702,-6.701187803402405,3.0,1.0,0.9532143649226296,-14826.83312178851,14827.95720058367,-0.06945229210032267,0.10732096751780773,1.0,0.0,0.012426620099137602,0.012426620099137602,-3.115583459460262,-14822.24688008085,-14825.36246354031
89,19,0.3601128845840872,-6.712523537659162,3.0,1.0,0.7657001136126945,-14827.61280083789,14828.254023464491,0.2280917099215003,0.425893572588393,2.0,0.0,0.012426620099137602,0.012426620099137602,-3.1394076076043205,-14823.00559200154,-14826.144999609145
90,19,0.3589067059960234,-6.680164557589802,3.0,1.0,0.7921977769132096,-14827.507665761745,14828.768068908972,-0.13706568922680162,0.4535702024695638,2.0,0.0,0.012426620099137602,0.012426620099137602,-3.0717393542940634,-14822.966653323123,-14826.038392677418
91,19,0.3597443575656959,-6.705459386475039,3.0,1.0,0.9235921145260192,-14827.151074025163,14828.1447425522,0.019230546296967077,0.23594620347648743,2.0,0.0,0.012426620099137602,0.012426620099137602,-3.124545896045724,-14822.558278770379,-14825.682824666424
92,19,0.3634353706703708,-6.689447719159447,3.0,1.0,0.7083014981000644,-14829.066286980382,14829.818767701112,0.6136177466760273,0.6136177466760273,2.0,0.0,0.012426620099137602,0.012426620099137602,-3.0910449508461095,-14824.511418906866,-14827.602463857713
93,19,0.3631911214902645,-6.67860036389057,7.0,1.0,0.9306164143037698,-14829.233956699365,14830.622693394376,-0.10149935212029959,-0.6147948998550419,3.0,0.0,0.012426620099137602,0.012426620099137602,-3.0684948845230267,-14824.701350034886,-14827.769844919409
94,19,0.36472681393873846,-6.6703954025289995,1.0,1.0,0.6455478248571934,-14831.09262000548,14831.446437023753,0.43765598180834786,0.43765598180834786,1.0,0.0,0.012426620099137602,0.012426620099137602,-3.051516130722894,-14826.578797055827,-14829.63031318655
95,19,0.35446177046062527,-6.714323735816819,3.0,1.0,1.0,-14828.170720695309,14830.62775565803,-0.6790246547152492,-0.7932176642680133,2.0,0.0,0.012426620099137602,0.012426620099137602,-3.1432028815822357,-14823.552692188414,-14826.695895069995
96,19,0.3635745249914686,-6.684973250277882,3.0,1.0,0.8253744099423521,-14829.267884343453,14829.406524331818,0.3820145057161426,0.3820145057161426,2.0,0.0,0.012426620099137602,0.012426620099137602,-3.0817289263192755,-14824.72249648127,-14827.80422540759
97,19,0.3595525503739351,-6.685500127797845,7.0,1.0,0.6182429278423486,-14827.244364272981,14833.961480640848,-0.6527184552996914,1.3692369740692811,3.0,0.0,0.012426620099137602,0.012426620099137602,-3.082824866599761,-14822.693056263288,-14825.775881129888
98,19,0.35735725760324527,-6.711615641193442,3.0,1.0,0.98577702483734,-14827.126948664503,14827.525007087263,-0.022051682255550986,-0.04619167404962354,2.0,0.0,0.012426620099137602,0.012426620099137602,-3.137494761082311,-14822.518268307675,-14825.655763068757
99,19,0.361992665102055,-6.702407117669296,3.0,1.0,0.5902539930145291,-14828.131255602679,14829.645576482882,0.4289387192311551,1.0128361638708157,2.0,0.0,0.012426620099137602,0.012426620099137602,-3.11813990700847,-14823.547578867161,-14826.66571877417
100,19,0.3600783427040394,-6.718612760206119,7.0,1.0,0.9665832368734227,-14828.041598223033,14829.15527765902,-0.15355671290490136,-0.46656712539879663,2.0,0.0,0.012426620099137602,0.012426620099137602,-3.1522582904633345,-14823.421496759389,-14826.573755049852
101,19,0.3600783427040394,-6.718612760206119,1.0,1.0,0.6574199923636075,-14828.041598223033,14829.318598702383,0.0,0.41943220695247874,1.0,0.0,0.012426620099137602,0.012426620099137602,-3.1522582904633345,-14823.421496759389,-14826.573755049852
102,19,0.3540068370345962,-6.7020970793784835,3.0,1.0,0.9070766237780528,-14828.265236666326,14828.775714154153,0.1821142841145047,0.1821142841145047,2.0,0.0,0.012426620099137602,0.012426620099137602,-3.1174897313166143,-14823.672341523732,-14826.789831255048
103,19,0.35929210964193203,-6.696571302687936,3.0,1.0,0.9165895886527795,-14826.915909098807,14828.342896557566,-0.47217603343960945,-0.47217603343960945,2.0,0.0,0.012426620099137602,0.012426620099137602,-3.1059178486713517,-14822.34119006947,-14825.447107918142
104,19,0.35927277074472785,-6.703513982030558,7.0,1.0,0.9821454684823941,-14826.977752409997,14827.181949987576,0.023536008586233947,0.055683396336462465,3.0,0.0,0.012426620099137602,0.012426620099137602,-3.1204618763996286,-14822.388465709671,-14825.508927586072
105,19,0.35927277074472785,-6.703513982030558,3.0,1.0,0.27488331720955106,-14826.977752409997,14830.330561251314,0.0,1.8225040127563261,1.0,0.0,0.012426620099137602,0.012426620099137602,-3.1204618763996286,-14822.388465709671,-14825.508927586072
106,19,0.35927277074472785,-6.703513982030558,3.0,1.0,0.5353727621824877,-14826.977752409997,14828.570293530178,0.0,0.8447776683369739,1.0,0.0,0.012426620099137602,0.012426620099137602,-3.1204618763996286,-14822.388465709671,-14825.508927586072
107,19,0.3576612226430396,-6.7186646495079625,7.0,1.0,0.8552691416256637,-14827.526960598414,14828.042239139173,0.050200867855892284,0.2948204951953812,3.0,0.0,0.012426620099137602,0.012426620099137602,-3.1523679568692478,-14822.903784171584,-14826.056152128453
108,19,0.3570072675101582,-6.715006361646551,3.0,1.0,1.0,-14827.331107060685,14827.53629482466,-0.02626585864345543,-0.08454550132591976,2.0,0.0,0.012426620099137602,0.012426620099137602,-3.14464287726323,-14822.714843185871,-14825.859486063135
109,19,0.3558624462418566,-6.715264810830504,1.0,1.0,0.9252098734777886,-14827.59657862719,14827.641209306918,0.07773467695915315,0.07773467695915315,1.0,0.0,0.012426620099137602,0.012426620099137602,-3.1451881960990957,-14822.97833643844,-14826.123524634539
110,19,0.3587096050711972,-6.715464176831422,3.0,1.0,1.0,-14827.40088416291,14827.893340066837,-0.03886148764831887,-0.11538047071553592,2.0,0.0,0.012426620099137602,0.012426620099137602,-3.1456088970994096,-14822.785760258017,-14825.931369155116
111,19,0.35810399171874496,-6.714421201536177,1.0,1.0,1.0,-14827.265234374436,14827.410975911478,-0.04254263087568688,-0.04254263087568688,1.0,0.0,0.012426620099137602,0.012426620099137602,-3.1434084564999885,-14822.65156509355,-14825.794973550052
112,19,0.36198698336767604,-6.683218634178778,7.0,1.0,0.5540909126085475,-14828.223907455638,14830.506734471524,0.28048628202668624,1.3508461011278996,2.0,0.0,0.012426620099137602,0.012426620099137602,-3.078081209718534,-14823.680282626969,-14826.758363836687
113,19,0.355719766354914,-6.689659538645631,3.0,1.0,1.0,-14827.632635971691,14828.257350823462,-0.0840764740769373,-0.26511502950961585,2.0,0.0,0.012426620099137602,0.012426620099137602,-3.091486463875998,-14823.067915974427,-14826.159402438303
114,19,0.35977517510538787,-6.694165860045077,3.0,1.0,0.9560373523247838,-14827.035464724046,14827.70281591511,-0.21258851481979946,-0.21258851481979946,2.0,0.0,0.012426620099137602,0.012426620099137602,-3.100889996319073,-14822.46636289609,-14825.56725289241
115,19,0.3579665674412526,-6.7016036703565085,3.0,1.0,0.9426492105112744,-14826.82851569363,14827.178368144749,-0.06101480302277196,0.09773490772749938,2.0,0.0,0.012426620099137602,0.012426620099137602,-3.1164552103952246,-14822.241629898246,-14825.35808510864
116,19,0.35473428766830173,-6.719610353305898,3.0,1.0,0.5920857130341525,-14828.296764144845,14829.130529485437,0.3144765541255765,0.6716397406871693,2.0,0.0,0.012426620099137602,0.012426620099137602,-3.15436714378815,-14823.66791765594,-14826.822284799728
117,19,0.356434505381447,-6.705081092050232,3.0,1.0,1.0,-14827.094918417466,14828.370321748695,-0.24102501386369113,-0.24102501386369113,2.0,0.0,0.012426620099137602,0.012426620099137602,-3.123751439904034,-14822.49883072755,-14825.622582167454
118,19,0.3548383122417052,-6.708629507827403,1.0,1.0,0.8104221186985221,-14827.792093360622,14827.822311565355,0.21020003286321298,0.21020003286321298,1.0,0.0,0.012426620099137602,0.012426620099137602,-3.131209092521023,-14823.186536901461,-14826.317745993982
119,19,0.3519836853807985,-6.702040229450521,1.0,1.0,0.43675828949864975,-14830.038358814803,14830.239611256535,0.8283753501855244,0.8283753501855244,1.0,0.0,0.012426620099137602,0.012426620099137602,-3.1173705227897393,-14825.44297843314,-14828.56034895593
120,19,0.36086995245120995,-6.672744923871373,7.0,1.0,0.7842010991024296,-14828.456531704358,14833.592635795452,-0.8403429762729502,-1.1545015556821454,2.0,0.0,0.012426620099137602,0.012426620099137602,-3.056371181571234,-14823.933275566696,-14826.989646748269
121,19,0.3564927086127794,-6.666045713383287,3.0,1.0,0.7799556194087027,-14829.592751688515,14830.041653103865,0.3682137876021443,0.3682137876021443,2.0,0.0,0.012426620099137602,0.012426620099137602,-3.0425425029128865,-14825.077945772382,-14828.120488275295
122,19,0.3614173206290269,-6.674080672109193,3.0,1.0,0.9941116306123892,-14828.535329370652,14829.866296942757,-0.32518314104709134,-0.32518314104709134,2.0,0.0,0.012426620099137602,0.012426620099137602,-3.0591338329956006,-14824.009969440278,-14827.069103273274
123,19,0.35398695433037464,-6.715228045506104,3.0,1.0,0.9206450966874034,-14828.493761974423,14829.12942376528,0.1336630485184287,-0.31378077707631746,2.0,0.0,0.012426620099137602,0.012426620099137602,-3.145110618461543,-14823.873220556392,-14827.018331174853
124,19,0.3626822783154132,-6.710069407122226,3.0,1.0,0.9082033828197456,-14829.020241904069,14829.712024908173,0.3221214950171998,-0.44249746981040516,2.0,0.0,0.012426620099137602,0.012426620099137602,-3.1342388987702177,-14824.421287941359,-14827.55552684013
125,19,0.3562313033537734,-6.715318167974659,3.0,1.0,0.9187397181082116,-14827.49391118828,14829.289716685598,-0.654601517602714,-0.654601517602714,2.0,0.0,0.012426620099137602,0.012426620099137602,-3.1453007861456657,-14822.876019587451,-14826.021320373597
126,19,0.3590806317632372,-6.704420317539093,3.0,1.0,1.0,-14826.962568988281,14827.446551930429,-0.07411341002989502,-0.08069617964429199,2.0,0.0,0.012426620099137602,0.012426620099137602,-3.1223640906131216,-14822.37114496241,-14825.493509053023
127,19,0.36017622912540503,-6.681511179960979,7.0,1.0,0.8143376189951747,-14827.586225556182,14828.36505816668,0.07417891246768704,0.34382629915671714,3.0,0.0,0.012426620099137602,0.012426620099137602,-3.074534494830833,-14823.043966720836,-14826.118501215666
128,19,0.35825526468380237,-6.688808722365918,3.0,1.0,0.9958170755228718,-14827.021778018672,14827.676080305167,-0.09788791384380602,-0.11630302755656885,2.0,0.0,0.012426620099137602,0.012426620099137602,-3.0897133083440393,-14822.461990530604,-14825.551703838948
129,19,0.3559515572752836,-6.69390478636978,3.0,1.0,0.7405406991644169,-14827.355079319845,14828.504538352303,0.15535914521024097,0.5384339259107946,2.0,0.0,0.012426620099137602,0.012426620099137602,-3.1003446486204993,-14822.78179270468,-14825.882137353301
130,19,0.3581733253213588,-6.710405802035474,7.0,1.0,0.9612661129262234,-14827.06377968896,14827.66320741795,-0.14725540427207306,0.15920220527550555,3.0,0.0,0.012426620099137602,0.012426620099137602,-3.1349470327418754,-14822.458657406538,-14825.59360443928
131,19,0.3573475754610634,-6.707990446389294,3.0,1.0,0.9408386442615972,-14826.992320168378,14827.800929038782,-0.012979178680325276,0.09376250540299225,2.0,0.0,0.012426620099137602,0.012426620099137602,-3.1298650569815645,-14822.39125748757,-14825.521122544553
132,19,0.35649677680072933,-6.707836571232145,3.0,1.0,0.9825125510692665,-14827.134297546841,14827.150292011771,0.04595449235966953,0.04595449235966953,2.0,0.0,0.012426620099137602,0.012426620099137602,-3.1295414970223203,-14822.532497726315,-14825.662039223338
133,19,0.36349239767529873,-6.694624063710737,3.0,1.0,0.5634884502682679,-14829.115587590031,14830.053503545818,0.7113018084928626,1.1765140620209422,2.0,0.0,0.012426620099137602,0.012426620099137602,-3.1018472867697744,-14824.549984489695,-14827.651831776464
134,19,0.3557282222462138,-6.675460970623123,3.0,1.0,1.0,-14828.767050248971,14829.58094258456,-0.2564754357754282,-0.5123691538974526,2.0,0.0,0.012426620099137602,0.012426620099137602,-3.0619904996770417,-14824.231836862198,-14827.293827361875
135,19,0.3605889600435968,-6.676745968436541,3.0,1.0,0.9668890254537845,-14828.027388261666,14829.033612750261,-0.33294363090863044,-0.33294363090863044,2.0,0.0,0.012426620099137602,0.012426620099137602,-3.064651644418127,-14823.49551225666,-14826.560163901078
136,19,0.35630764889363836,-6.721905554303825,7.0,1.0,0.9899312443529994,-14827.905574271257,14828.414741914423,-0.032231754152235226,-0.16887400996711222,3.0,0.0,0.012426620099137602,0.012426620099137602,-3.159222842944045,-14823.273856306585,-14826.433079149529
137,19,0.35823215602571296,-6.706222757305529,3.0,1.0,1.0,-14826.916283120543,14827.825975338825,-0.14447473658765375,-0.14447473658765375,2.0,0.0,0.012426620099137602,0.012426620099137602,-3.1261494869244815,-14822.320030956946,-14825.44618044387
138,19,0.35823215602571296,-6.706222757305529,3.0,1.0,0.715896208082199,-14826.916283120543,14827.873444613804,0.0,0.5113920762087218,1.0,0.0,0.012426620099137602,0.012426620099137602,-3.1261494869244815,-14822.320030956946,-14825.44618044387
139,19,0.36030693122425345,-6.699602671659763,3.0,1.0,0.899144852333068,-14827.202053651263,14827.41177069952,0.1211533803052589,0.12633890295910533,1.0,0.0,0.012426620099137602,0.012426620099137602,-3.1122622517230822,-14822.622225577794,-14825.734487829517
140,19,0.3617918140794825,-6.708249709690127,3.0,1.0,0.8590336069253804,-14828.252543112903,14828.409082791573,0.36693238776024373,0.36693238776024373,2.0,0.0,0.012426620099137602,0.012426620099137602,-3.1304102747120632,-14823.65635576773,-14826.786766042442
141,19,0.3603637794057126,-6.693437876239888,3.0,1.0,0.41297356891866405,-14827.215341198927,14833.323064110125,-0.37568089577689534,2.994720874916311,2.0,0.0,0.012426620099137602,0.012426620099137602,-3.0993695062794604,-14822.648474763702,-14825.747844269981
142,19,0.3593745121528078,-6.681605689018416,3.0,1.0,0.8557825979085001,-14827.438878543957,14828.320577684104,-0.02676149103353964,0.39289166309754364,2.0,0.0,0.012426620099137602,0.012426620099137602,-3.074730732327072,-14822.895447331572,-14825.970178063899
143,19,0.35702886872433237,-6.704403839368475,3.0,1.0,0.9883351104996919,-14826.95387731532,14827.52921173113,-0.0555233016020793,-0.0555233016020793,2.0,0.0,0.012426620099137602,0.012426620099137602,-3.1223294989470505,-14822.359953727995,-14825.482283226942
144,19,0.35771564317893817,-6.694906065913408,3.0,1.0,0.9870220916164628,-14826.878429745038,14827.162025048308,-0.017189364525620476,0.031948969004588434,2.0,0.0,0.012426620099137602,0.012426620099137602,-3.1024365571282915,-14822.305252136957,-14825.407688694086
145,19,0.35894143056237815,-6.687007029478442,3.0,1.0,0.9748593946538792,-14827.106331439767,14827.190290573082,0.024421786880338914,0.04766210295747442,2.0,0.0,0.012426620099137602,0.012426620099137602,-3.0859608546616077,-14822.551140080977,-14825.637100935639
146,19,0.3585633269744681,-6.705646322393831,7.0,1.0,0.9854065618247135,-14826.92357135618,14827.195586390326,-0.016070083664089907,0.039716527693599346,3.0,0.0,0.012426620099137602,0.012426620099137602,-3.124938533009666,-14822.328938016079,-14825.453876549089
147,19,0.35641475274099443,-6.707308670596549,3.0,1.0,0.9500269835762793,-14827.142234119001,14827.230108301426,0.05570886452005652,0.05570886452005652,2.0,0.0,0.012426620099137602,0.012426620099137602,-3.1284316374406456,-14822.541441504745,-14825.669873142186
148,19,0.35567518122989483,-6.718209264547831,3.0,1.0,0.6506225098106525,-14827.822039773007,14829.243515254204,0.1042030061398691,0.8280610068813985,2.0,0.0,0.012426620099137602,0.012426620099137602,-3.1514056069649694,-14823.197344486074,-14826.348750093039
149,19,0.3633634146943143,-6.684736202467478,3.0,1.0,0.7092218834859958,-14829.102242644312,14829.740457017846,0.4879132391179155,0.6659999893763597,2.0,0.0,0.012426620099137602,0.012426620099137602,-3.0812359416526465,-14824.557098603605,-14827.638334545258
150,19,0.36229544954793946,-6.688156007206641,1.0,1.0,1.0,-14828.246702780769,14829.159654716952,-0.24776123381525395,-0.24776123381525395,1.0,0.0,0.012426620099137602,0.012426620099137602,-3.088353498903431,-14823.693173850843,-14826.781527349747
51,20,0.35889748920588443,-6.703068264545737,1.0,1.0,1.0,-14826.902995001728,14827.605434302128,-0.5259630185191781,-0.5259630185191781,1.0,0.0,0.013735803054281442,0.013735803054281442,-3.119526707212605,-14822.314183906246,-14825.433710613459
52,20,0.3626974489049425,-6.7014617616816246,3.0,1.0,0.6260928432969154,-14828.607786769317,14828.673647616892,0.6538493648695294,0.6538493648695294,1.0,0.0,0.012804784959266955,0.012804784959266955,-3.116157718366512,-14824.026932010913,-14827.14308972928
53,20,0.3574718578789294,-6.710409473284739,3.0,1.0,0.9665799514471313,-14827.067669806083,14828.56767740903,-0.6464878256083466,-0.6464878256083466,1.0,0.0,0.012804784959266955,0.012804784959266955,-3.1349547615933218,-14822.461671743118,-14825.596626504712
54,20,0.3601916893134865,-6.679500363868162,3.0,1.0,0.890108537476729,-14827.72036895443,14828.03790765842,0.11493348276417237,0.1618432088962436,2.0,0.0,0.012804784959266955,0.012804784959266955,-3.070361376636657,-14823.18230199682,-14826.252663373456
55,20,0.3595179361509074,-6.675436998002595,1.0,1.0,0.9819381949503682,-14827.930267551104,14828.033974771071,0.01822691054076131,0.01822691054076131,1.0,0.0,0.012804784959266955,0.012804784959266955,-3.061940869669021,-14823.39980130891,-14826.461742178579
56,20,0.3572568729098143,-6.70239663700384,3.0,1.0,0.9049447282538474,-14826.894770566165,14829.156846695316,-0.1366556697194028,0.27434093074771226,1.0,0.0,0.012804784959266955,0.012804784959266955,-3.11811792662473,-14822.305342289692,-14825.423460216316
57,20,0.36036629760529904,-6.690626349242822,3.0,1.0,0.9383135962176613,-14827.262956399378,14827.322069272566,0.10077638805887545,0.10077638805887545,2.0,0.0,0.012804784959266955,0.012804784959266955,-3.093502237633245,-14822.70196028378,-14825.795462521413
58,20,0.36011671018744745,-6.700358867071392,3.0,1.0,0.9655906620897041,-14827.14639014567,14827.533632307155,0.0019292769356979989,0.10680666822554485,1.0,0.0,0.012804784959266955,0.012804784959266955,-3.113846337874464,-14822.564747223763,-14825.678593561637
59,20,0.3568744574526596,-6.675980320831101,7.0,1.0,0.9475837940225501,-14828.202633544852,14828.224092052053,0.20778082909600926,0.20778082909600926,3.0,0.0,0.012804784959266955,0.012804784959266955,-3.063065840488936,-14823.667781156733,-14826.730846997223
60,20,0.35918478093537937,-6.682657947253791,7.0,1.0,0.7991885142674818,-14827.354465630879,14829.604478706582,-0.25626584335077496,0.7249089486322191,3.0,0.0,0.012804784959266955,0.012804784959266955,-3.0769162323090575,-14822.808616952376,-14825.885533184684
61,20,0.3584052078502653,-6.730521811422999,3.0,1.0,0.8387292950754905,-14828.73370337033,14828.971855346952,0.25573410838296695,0.25573410838296695,2.0,0.0,0.012804784959266955,0.012804784959266955,-3.1774982990740765,-14824.086315664665,-14827.263813963738
62,20,0.35825115356943243,-6.7258224656546215,1.0,1.0,1.0,-14828.191929091288,14828.74067762354,-0.09634214537436492,-0.09634214537436492,1.0,0.0,0.012804784959266955,0.012804784959266955,-3.1675215788320994,-14823.554328263419,-14826.721849842252
63,20,0.35960937991523767,-6.681375863621706,3.0,1.0,0.8003272462337422,-14827.48378817874,14829.338557021818,-0.14840039976479602,0.4054636842938635,2.0,0.0,0.012804784959266955,0.012804784959266955,-3.0742535411237015,-14822.941120800264,-14826.015374341388
64,20,0.3595834334196209,-6.707888596606476,3.0,1.0,0.9092886638391735,-14827.194554486865,14828.137271711132,0.026076978740093182,0.2563271825747506,2.0,0.0,0.012804784959266955,0.012804784959266955,-3.129650890381426,-14822.59645812049,-14825.726109010871
65,20,0.3589226134126101,-6.694468175469806,3.0,1.0,0.993756684513511,-14826.884693701688,14827.410360597416,-0.10955920177002554,-0.10955920177002554,1.0,0.0,0.012804784959266955,0.012804784959266955,-3.101521577630842,-14822.313918547357,-14825.415440124989
66,20,0.3596382367704127,-6.718572152312059,3.0,1.0,0.7425316029392982,-14827.86952641899,14828.830533752394,0.26797096245172725,0.3225732150640397,1.0,0.0,0.012804784959266955,0.012804784959266955,-3.15217246883568,-14823.248975292236,-14826.401147761071
67,20,0.3596926200338994,-6.681631184333765,7.0,1.0,0.9210352459090995,-14827.480459705757,14828.292165933413,-0.16449481430208834,0.28207078053492296,2.0,0.0,0.012804784959266955,0.012804784959266955,-3.0747836720300286,-14822.937363651505,-14826.012147323534
68,20,0.358395619893901,-6.70288589336856,3.0,1.0,0.9437926556065334,-14826.850705825502,14828.198935891724,-0.0923241603468341,0.1441713680196699,1.0,0.0,0.012804784959266955,0.012804784959266955,-3.119144127700043,-14822.261660482962,-14825.380804610662
69,20,0.35848088497560643,-6.708478466904801,3.0,1.0,0.929822742022227,-14827.008380201849,14827.397737051704,0.031557925256493036,0.09461331234888348,2.0,0.0,0.012804784959266955,0.012804784959266955,-3.130891395491077,-14822.407692568557,-14825.538583964048
70,20,0.3581220674193545,-6.682831782675683,3.0,1.0,0.9696265044807416,-14827.351067274956,14827.4587110257,0.05506647506263107,0.05506647506263107,2.0,0.0,0.012804784959266955,0.012804784959266955,-3.077277388379889,-14822.803551376785,-14825.880828765165
71,20,0.35660288803912377,-6.681639278835813,7.0,1.0,0.5624212619409257,-14827.78609413908,14831.105388991002,0.11358316277255653,1.0397414124945499,3.0,0.0,0.012804784959266955,0.012804784959266955,-3.0748004799805932,-14823.239168031432,-14826.313968511413
72,20,0.35737938001518166,-6.682424045156179,1.0,1.0,1.0,-14827.498889271965,14827.8123108414,-0.10916564780563931,-0.10916564780563931,1.0,0.0,0.012804784959266955,0.012804784959266955,-3.076430330919031,-14822.95130082426,-14826.027731155178
73,20,0.3576267301699788,-6.7201836115944555,7.0,1.0,0.936636871099585,-14827.640371674797,14828.354695634118,-0.023167464849393582,-0.1550776331077941,2.0,0.0,0.012804784959266955,0.012804784959266955,-3.155579428452257,-14823.013941029598,-14826.16952045805
74,20,0.3628247554914223,-6.670159421842591,3.0,1.0,0.6771840504682795,-14829.61789661118,14830.326561176435,0.4459834523822792,0.4459834523822792,2.0,0.0,0.012804784959266955,0.012804784959266955,-3.051028805302149,-14825.102321925222,-14828.153350730525
75,20,0.36108163075677174,-6.673789169253836,1.0,1.0,1.0,-14828.431971714966,14829.411066506365,-0.3146874024423596,-0.3146874024423596,1.0,0.0,0.012804784959266955,0.012804784959266955,-3.058530782168375,-14823.906811130139,-14826.965341912306
76,20,0.35826567106142343,-6.709625157150985,7.0,1.0,0.9513610835440282,-14827.036176554426,14828.881847930421,-0.24977631937144906,0.251349819403913,3.0,0.0,0.012804784959266955,0.012804784959266955,-3.1333038960307804,-14822.43281130974,-14825.566115205771
77,20,0.35490167367736164,-6.734523392500912,7.0,1.0,0.7610230131894833,-14829.552910302089,14829.882364020374,0.4056016580307187,0.4079321668941702,3.0,0.0,0.012804784959266955,0.012804784959266955,-3.186011072247889,-14824.89263219652,-14828.078643268767
78,20,0.35943346157285416,-6.716353494558054,3.0,1.0,1.0,-14827.63273128429,14829.733126185221,-0.24372325337026268,-0.42138657471696206,2.0,0.0,0.012804784959266955,0.012804784959266955,-3.1474860143968804,-14823.016616787003,-14826.1641028014
79,20,0.35550396346115876,-6.704049574126716,3.0,1.0,1.0,-14827.41187897308,14827.79944296464,-0.0019449041628831765,-0.11506954917604162,2.0,0.0,0.012804784959266955,0.012804784959266955,-3.121585876181258,-14822.816787609785,-14825.938373485966
80,20,0.3572515652678679,-6.684307999634541,3.0,1.0,0.8228550840219327,-14827.399697945828,14828.57803890534,-0.0553955209961714,0.39122775241230556,2.0,0.0,0.012804784959266955,0.012804784959266955,-3.0803455572719427,-14822.848035439705,-14825.928380996977
81,20,0.35430753598252446,-6.727282884445587,7.0,1.0,0.8552816590304635,-14829.087604054532,14829.262306905814,0.3219484688961529,0.33301462306189933,3.0,0.0,0.012804784959266955,0.012804784959266955,-3.17061968568195,-14824.44196242113,-14827.61258210681
82,20,0.3604647937532088,-6.735865188936794,3.0,1.0,0.7135656790459765,-14830.228814274864,14831.047870446671,0.3316835302848631,0.41876902845797304,2.0,0.0,0.012804784959266955,0.012804784959266955,-3.1888691309999593,-14825.57257055064,-14828.761439681639
83,20,0.35689777105263115,-6.72842562716096,3.0,1.0,1.0,-14828.413184746345,14829.793169394708,-0.5678092073922016,-0.5989822242427181,2.0,0.0,0.012804784959266955,0.012804784959266955,-3.1730453674397703,-14823.768381905196,-14826.941427272635
84,20,0.3569472464553447,-6.680539166636307,3.0,1.0,0.6768911565254513,-14827.759481642423,14833.034677231966,-0.10906770633664564,0.744262580137729,1.0,0.0,0.012804784959266955,0.012804784959266955,-3.0725167361230805,-14823.215269113873,-14826.287785849996
85,20,0.35517894561813607,-6.680995371857356,1.0,1.0,0.7258956271083822,-14828.530609562858,14828.757702756144,0.32034903880594356,0.32034903880594356,1.0,0.0,0.012804784959266955,0.012804784959266955,-3.073463634349257,-14823.983229948419,-14827.056693582768
86,20,0.3595291621611848,-6.711951552678426,7.0,1.0,1.0,-14827.377605523823,14828.164135168174,-0.4004834141705942,-0.5326991182027996,2.0,0.0,0.012804784959266955,0.012804784959266955,-3.13820239672147,-14822.77089145167,-14825.909093848391
87,20,0.35524383916424,-6.712879317997985,3.0,1.0,0.8638371566471257,-14827.72288709536,14829.223704210124,0.07603125752757478,0.19676189801066357,2.0,0.0,0.012804784959266955,0.012804784959266955,-3.140157425783624,-14823.108895736288,-14826.249053162072
88,20,0.3624673949829756,-6.6811878830507005,3.0,1.0,0.9272658312364762,-14828.603687930481,14829.110441117862,0.2461595314234728,0.2461595314234728,2.0,0.0,0.012804784959266955,0.012804784959266955,-3.0738632724632433,-14824.064854046279,-14827.138717318741
89,20,0.36219628833865736,-6.686268082437239,3.0,1.0,1.0,-14828.233809778445,14828.902342953563,-0.05567529661493609,-0.38700936522582197,2.0,0.0,0.012804784959266955,0.012804784959266955,-3.084422760507208,-14823.684093331858,-14826.768516092365
90,20,0.35743846820709335,-6.701418117695407,3.0,1.0,0.7880673706614413,-14826.86458621379,14829.165250457529,-0.4083387045029667,0.6470695412335772,2.0,0.0,0.012804784959266955,0.012804784959266955,-3.1160662287982723,-14822.277435238955,-14825.393501467754
91,20,0.3615671114071082,-6.704203286180887,3.0,1.0,0.48679788419525866,-14827.925556210295,14829.603844596795,0.39946205409978575,1.2807301663506223,2.0,0.0,0.012804784959266955,0.012804784959266955,-3.1219085110571623,-14823.337601374717,-14826.459509885774
92,20,0.3626684776042432,-6.694418578062683,3.0,1.0,0.9483945423514828,-14828.45100657961,14829.024693727279,0.16820136510978045,-0.2754413602160639,2.0,0.0,0.012804784959266955,0.012804784959266955,-3.1014179550978067,-14823.884857162186,-14826.986275117284
93,20,0.3555186600677168,-6.680602637798817,3.0,1.0,1.0,-14828.36875396926,14828.747440421295,-0.09855050949045108,-0.5639514412214339,2.0,0.0,0.012804784959266955,0.012804784959266955,-3.0726484642192133,-14823.822618553762,-14826.895267017982
94,20,0.358016888798937,-6.685289337098555,1.0,1.0,1.0,-14827.210514996723,14827.975755406456,-0.4151247610407154,-0.4151247610407154,1.0,0.0,0.012804784959266955,0.012804784959266955,-3.0823863746129323,-14822.657760221653,-14825.740146596267
95,20,0.36163212721396076,-6.7029998377421025,7.0,1.0,0.7595531561718639,-14827.922184629151,14828.783877609478,0.35273981586760783,0.595947838452048,3.0,0.0,0.012804784959266955,0.012804784959266955,-3.1193831570938513,-14823.336833106334,-14826.456216263428
96,20,0.35888123573258485,-6.6999656504472025,3.0,1.0,1.0,-14826.85991091701,14827.518296483226,-0.40488830556569155,-0.40488830556569155,1.0,0.0,0.012804784959266955,0.012804784959266955,-3.113022552163905,-14822.277584040377,-14825.390606592542
97,20,0.36082865429703526,-6.702420154290052,1.0,1.0,0.7913887680936023,-14827.474429317586,14827.475022154491,0.23396594258338155,0.23396594258338155,1.0,0.0,0.012804784959266955,0.012804784959266955,-3.118167247975961,-14822.889327280536,-14826.007494528512
98,20,0.357309328626233,-6.693264327587536,3.0,1.0,0.9607056334400123,-14826.97428475546,14827.729855746657,-0.19817893577783252,-0.19817893577783252,2.0,0.0,0.012804784959266955,0.012804784959266955,-3.0990071052956343,-14822.404032503084,-14825.503039608378
99,20,0.35752935724902907,-6.697609880643451,3.0,1.0,0.9542524651844472,-14826.861044586192,14827.21860535774,-0.033813642328823335,0.08565198892029002,2.0,0.0,0.012804784959266955,0.012804784959266955,-3.108090471089382,-14822.28198215759,-14825.39007262868
100,20,0.3593705124247295,-6.707013499752323,3.0,1.0,0.906389074428244,-14827.104487667188,14827.212042649955,0.07419781823409721,0.13412100737696164,2.0,0.0,0.012804784959266955,0.012804784959266955,-3.1278111910123765,-14822.507971109817,-14825.63578230083
101,20,0.3584954204385719,-6.703908752311282,1.0,1.0,1.0,-14826.875922022116,14827.029796897554,-0.07647548791646841,-0.07647548791646841,1.0,0.0,0.012804784959266955,0.012804784959266955,-3.1212903180908342,-14822.284853354653,-14825.406143672744
102,20,0.3611534977154838,-6.669120007469923,3.0,1.0,0.6148862752974923,-14828.914984782188,14829.675215466184,0.34552716932557814,0.6186550808397442,2.0,0.0,0.012804784959266955,0.012804784959266955,-3.0488829660021155,-14824.399558537614,-14827.448441503617
103,20,0.3577381900378611,-6.678959380446988,3.0,1.0,0.9723440185819312,-14827.696777537778,14829.524401007799,-0.17887165072897915,-0.2929698911830201,2.0,0.0,0.012804784959266955,0.012804784959266955,-3.0692393447319124,-14823.15682506544,-14826.226064410172
104,20,0.35696087498996965,-6.7158036902260125,3.0,1.0,0.8305230048383421,-14827.382099233744,14828.719589386867,-0.08277340234963049,0.305791384751501,2.0,0.0,0.012804784959266955,0.012804784959266955,-3.146325427810497,-14822.76409499987,-14825.91042042768
105,20,0.36096910020172257,-6.695551093003534,3.0,1.0,0.8638722062444119,-14827.444520434376,14828.17301737697,0.13954837795245112,0.3259162054364424,2.0,0.0,0.012804784959266955,0.012804784959266955,-3.1037847014120254,-14822.873970344359,-14825.977755045771
106,20,0.3627349394285624,-6.705369751962108,3.0,1.0,0.685806099532317,-14828.795845708702,14829.07703879582,0.5327163364290755,0.5327163364290755,1.0,0.0,0.012804784959266955,0.012804784959266955,-3.1243576416633974,-14824.206835558876,-14827.33119320054
107,20,0.36414994199326206,-6.700134639209647,3.0,1.0,0.8895703523537889,-14829.864201230546,14830.594514227065,0.4024032148990955,-0.5926435693745589,2.0,0.0,0.012804784959266955,0.012804784959266955,-3.11337656333562,-14825.28784259831,-14828.401219161646
108,20,0.3623604655232128,-6.7147323024749515,3.0,1.0,0.8653768672477953,-14829.103387886145,14830.866242460688,-0.3391579488888965,-0.9131970470207307,1.0,0.0,0.012804784959266955,0.012804784959266955,-3.144064694862934,-14824.49422524151,-14827.638289936373
109,20,0.35579866416303735,-6.721866304291354,3.0,1.0,0.9145601939788374,-14828.03135900285,14829.638130791,-0.6054031552594097,-0.6054031552594097,2.0,0.0,0.012804784959266955,0.012804784959266955,-3.159139761824724,-14823.399085014358,-14826.558224776183
110,20,0.3559399751400485,-6.703557397293919,3.0,1.0,0.9826078388368272,-14827.235258798313,14828.482924308464,-0.07473574518553505,-0.1486773252781859,2.0,0.0,0.012804784959266955,0.012804784959266955,-3.120552977490597,-14822.641749298402,-14825.762302275893
111,20,0.3586430821738369,-6.693204015617438,7.0,1.0,0.8863325943330684,-14826.886575525521,14828.40167239733,-0.1420911518525827,0.2744528274761251,3.0,0.0,0.012804784959266955,0.012804784959266955,-3.098881170042971,-14822.318097607424,-14825.416978777466
112,20,0.3573249376632713,-6.699991655996861,3.0,1.0,0.9813490151485768,-14826.87605203157,14827.047549979989,0.010800988498886,0.027098762953755795,2.0,0.0,0.012804784959266955,0.012804784959266955,-3.113077028809525,-14822.291749252357,-14825.404826281167
113,20,0.3598624226488993,-6.716979111100675,3.0,1.0,0.7446077564559909,-14827.824312258517,14828.33916353206,0.25498528636853734,0.4495294063963229,2.0,0.0,0.012804784959266955,0.012804784959266955,-3.1488070012972558,-14823.20739961622,-14826.356206617516
114,20,0.36133135542764866,-6.701959939701352,3.0,1.0,0.5897284879733502,-14827.716984398856,14830.692825780114,0.07684882841203944,0.9986482217445882,2.0,0.0,0.012804784959266955,0.012804784959266955,-3.1172021688431313,-14823.133452858243,-14826.250655027086
115,20,0.3551375403414193,-6.712264147829293,3.0,1.0,1.0,-14827.747395724626,14828.067531110846,-0.09181214699674456,-0.20417694550269516,2.0,0.0,0.012804784959266955,0.012804784959266955,-3.1388610152184993,-14823.134566356683,-14826.273427371902
116,20,0.3551375403414193,-6.712264147829293,1.0,1.0,0.28033674449472573,-14827.747395724626,14830.189212167637,0.0,1.2717637395180645,1.0,0.0,0.012804784959266955,0.012804784959266955,-3.1388610152184993,-14823.134566356683,-14826.273427371902
117,20,0.3587077654058601,-6.7030789539299995,3.0,1.0,0.970573577667924,-14826.879503895869,14828.209165245355,-0.23690467053711473,-0.23690467053711473,2.0,0.0,0.012804784959266955,0.012804784959266955,-3.1195491325084412,-14822.290437495678,-14825.409986628187
118,20,0.3583339521758332,-6.709446522619347,3.0,1.0,0.8534641497694017,-14827.03374328521,14827.465547651409,0.02188208605548425,0.27315201156125113,2.0,0.0,0.012804784959266955,0.012804784959266955,-3.132927983657802,-14822.430838116106,-14825.563766099764
119,20,0.35684056427226973,-6.689736947217726,3.0,1.0,0.9446654958102375,-14827.209228654108,14827.29316123114,0.08206847943074536,0.09125204893825867,2.0,0.0,0.012804784959266955,0.012804784959266955,-3.0916478242163787,-14822.645752004808,-14825.737399829024
120,20,0.35993739590477597,-6.714805685022194,7.0,1.0,0.9720089086262799,-14827.693974305135,14827.707408351289,0.13126472607291362,0.13126472607291362,3.0,0.0,0.012804784959266955,0.012804784959266955,-3.1442195025971067,-14823.081740351105,-14826.225959853702
121,20,0.3598421041572068,-6.709723455053379,1.0,1.0,1.0,-14827.358014173458,14827.752633221531,-0.08026683520074585,-0.08026683520074585,1.0,0.0,0.012804784959266955,0.012804784959266955,-3.1335107643713687,-14822.756373044976,-14825.889883809348
122,20,0.35558683350860126,-6.709132490345407,3.0,1.0,0.9971061032481305,-14827.459022113506,14827.607269879134,0.008719595676666358,-0.14808939963222656,2.0,0.0,0.012804784959266955,0.012804784959266955,-3.132267222282947,-14822.85335389335,-14825.985621115633
123,20,0.3552648088235791,-6.697032567147994,5.0,1.0,0.9329566043093684,-14827.584507817743,14828.10662536957,0.10736330402141903,0.24499856231159356,2.0,0.0,0.012804784959266955,0.012804784959266955,-3.1068826440606636,-14823.003817743645,-14826.110700387706
124,20,0.3572377819416152,-6.6966024872470085,1.0,1.0,1.0,-14826.916187036915,14827.3500679458,-0.25382129132776754,-0.25382129132776754,1.0,0.0,0.012804784959266955,0.012804784959266955,-3.1059830685792584,-14822.338869881296,-14825.444852949875
125,20,0.35569022246487336,-6.699645199454295,3.0,1.0,0.9222577920704192,-14827.34179863245,14827.392844837785,0.15860625702953257,0.15860625702953257,2.0,0.0,0.012804784959266955,0.012804784959266955,-3.112351324221801,-14822.756176572157,-14825.868527896379
126,20,0.35627244009578257,-6.687956776520602,3.0,1.0,0.7184162109942545,-14827.48605283113,14829.07945070434,0.026803561739143333,0.5331142295999598,2.0,0.0,0.012804784959266955,0.012804784959266955,-3.0879385240556942,-14822.925575061421,-14826.013513585476
127,20,0.3599289228910199,-6.703170983300078,3.0,1.0,1.0,-14827.141557285728,14827.409970521925,-0.09812796798360068,-0.20478097626255476,2.0,0.0,0.012804784959266955,0.012804784959266955,-3.1197422059655393,-14822.553790325512,-14825.673532531477
128,20,0.3558452983462978,-6.710624287598726,3.0,1.0,0.9910458414755577,-14827.40772003334,14827.450802268686,0.027229866160269012,-0.096170809429168,2.0,0.0,0.012804784959266955,0.012804784959266955,-3.1354070201991964,-14822.79923745359,-14825.93464447379
129,20,0.35865821845297,-6.696674735156568,3.0,1.0,0.8980553002525031,-14826.838717725193,14827.622616074284,-0.14353181409933313,0.19283977787563344,2.0,0.0,0.012804784959266955,0.012804784959266955,-3.1061341728008904,-14822.263005407067,-14825.369139579867
130,20,0.3528578760696445,-6.708153336057362,3.0,1.0,0.49813624158251674,-14829.167527640147,14830.082061461824,0.8188588834054826,1.2279474830284016,2.0,0.0,0.012804784959266955,0.012804784959266955,-3.1302075979423094,-14824.560440779158,-14827.6906483771
131,20,0.3541369174359287,-6.689147583109373,3.0,1.0,0.8798981355803076,-14828.622311582489,14830.386937712394,-0.14693698792871146,-0.4601329388005979,1.0,0.0,0.012804784959266955,0.012804784959266955,-3.0904194290608706,-14824.056652741061,-14827.147072170123
132,20,0.3515144857984754,-6.703789133156864,7.0,1.0,0.7433732491891968,-14830.518773907208,14831.559852085824,0.6800991214277019,1.0552963125355745,2.0,0.0,0.012804784959266955,0.012804784959266955,-3.121039275912557,-14825.919114661223,-14829.040153937136
133,20,0.3612051023506707,-6.7255285949643815,3.0,1.0,1.0,-14829.329452658598,14831.188382840322,-0.637136246476075,-1.2730349559151364,2.0,0.0,0.012804784959266955,0.012804784959266955,-3.166898424462906,-14824.696073052633,-14827.862971477096
134,20,0.3548817938173537,-6.717321795591747,3.0,1.0,0.9825196062337124,-14828.093442122738,14829.956728135214,-0.42118048779775563,-0.42118048779775563,2.0,0.0,0.012804784959266955,0.012804784959266955,-3.1495307441803306,-14823.469619144862,-14826.619149889042
135,20,0.35660976626047547,-6.694716625462364,3.0,1.0,0.9448775220085167,-14827.100907528647,14828.902554010321,-0.2070890202630835,-0.2070890202630835,1.0,0.0,0.012804784959266955,0.012804784959266955,-3.102040694564479,-14822.526749803877,-14825.628790498442
136,20,0.3585789084900778,-6.689135232898792,7.0,1.0,0.999074654652363,-14827.004326402215,14827.187227471435,-0.0762906864983961,-0.08537340698239859,3.0,0.0,0.012804784959266955,0.012804784959266955,-3.0903936915774333,-14822.444257066129,-14825.534650757705
137,20,0.3580661332507899,-6.70116339372628,3.0,1.0,0.9793347477592395,-14826.823128569928,14827.232462873912,-0.026546227225480834,0.04364911989432585,1.0,0.0,0.012804784959266955,0.012804784959266955,-3.1155322966469847,-14822.237288701497,-14825.352820998145
138,20,0.35918648662074354,-6.676758802005904,7.0,1.0,0.8692211764682536,-14827.789060344705,14828.372946051799,0.1420983665411768,0.25514813373774814,3.0,0.0,0.012804784959266955,0.012804784959266955,-3.0646782302119715,-14823.255451755309,-14826.32012998552
139,20,0.3598870232340508,-6.67766794023993,3.0,1.0,0.9415182247283883,-14827.79304436091,14828.743007637202,0.004847535245062318,0.18706421050592326,2.0,0.0,0.012804784959266955,0.012804784959266955,-3.0665620038941306,-14823.258406643869,-14826.324968647763
140,20,0.3566082268215936,-6.694385808779675,7.0,1.0,0.9060213551344768,-14827.110016761144,14828.206598211123,-0.04559109565161634,0.21768516772681323,3.0,0.0,0.012804784959266955,0.012804784959266955,-3.1013494924628855,-14822.536548314289,-14825.637897806751
141,20,0.3585142126759027,-6.685143038480497,3.0,1.0,0.7499901888514495,-14827.188879415104,14828.33143024482,-0.05037825691942999,0.6054870871466846,2.0,0.0,0.012804784959266955,0.012804784959266955,-3.082082066757371,-14822.637042122908,-14825.719124189665
142,20,0.3577671028454353,-6.680808441724985,1.0,1.0,0.9144685724891316,-14827.542656541185,14827.554254219349,0.08941217752726516,0.08941217752726516,1.0,0.0,0.012804784959266955,0.012804784959266955,-3.0730756175439216,-14822.998903595726,-14826.07197921327
143,20,0.3568136695155827,-6.688315417752979,3.0,1.0,1.0,-14827.28439625064,14827.703228507151,-0.007250878765262314,-0.133429157329374,2.0,0.0,0.012804784959266955,0.012804784959266955,-3.0886855615170674,-14822.723848307834,-14825.812533869352
144,20,0.3570823481050529,-6.6912420524079455,1.0,1.0,1.0,-14827.086371573654,14827.28697472849,-0.05821361850939866,-0.05821361850939866,1.0,0.0,0.012804784959266955,0.012804784959266955,-3.0947864491388803,-14822.520057636135,-14825.614844085274
145,20,0.3568786439933935,-6.691025084880913,3.0,1.0,0.9926898571975361,-14827.145048983139,14827.223652239256,0.022174474879648187,-0.06851757351614651,2.0,0.0,0.012804784959266955,0.012804784959266955,-3.0943338628222645,-14822.57893379405,-14825.673267656872
146,20,0.35670495547700404,-6.690795785637328,1.0,1.0,0.9785703015242011,-14827.202993676974,14827.30347561262,0.0216626485089364,0.0216626485089364,1.0,0.0,0.012804784959266955,0.012804784959266955,-3.093855604160793,-14822.637139974855,-14825.730995579015
147,20,0.358587452978536,-6.708486761138032,3.0,1.0,1.0,-14827.020061096073,14827.182969212876,-0.08291168793402903,-0.1283349893437844,2.0,0.0,0.012804784959266955,0.012804784959266955,-3.130908840854912,-14822.419487117904,-14825.550395958759
148,20,0.3603177405364541,-6.693780743206906,7.0,1.0,0.9308321615927004,-14827.196254001674,14827.665055599047,0.07285887988109607,0.13743366293601866,3.0,0.0,0.012804784959266955,0.012804784959266955,-3.1000855630676174,-14822.628615718902,-14825.72870128197
149,20,0.36088005427771086,-6.695388269218198,3.0,1.0,0.9726917475498126,-14827.404830343034,14827.516981104116,0.08547592805007298,-0.10840477641795587,2.0,0.0,0.012804784959266955,0.012804784959266955,-3.1034443509357446,-14822.834513222886,-14825.937957573822
150,20,0.3585278821504383,-6.694470942308826,3.0,1.0,0.941111533488208,-14826.85816496751,14827.828479616535,-0.20099398612728692,-0.20099398612728692,2.0,0.0,0.012804784959266955,0.012804784959266955,-3.1015273583858693,-14822.286899201774,-14825.38842656016
51,21,0.3584192406343597,-6.703933577424793,3.0,1.0,0.49414555561845425,-14826.871068203907,14828.551710690615,-0.042714256092949654,1.4457209986067028,2.0,0.0,0.014854539363485858,0.014854539363485858,-3.1213424198221156,-14822.27985365817,-14825.401196077992
52,21,0.36036655668032275,-6.708081750185125,3.0,1.0,0.8691484372884122,-14827.476866771081,14827.47693314204,0.24029856848392228,0.24029856848392228,2.0,0.0,0.013388499882108398,0.013388499882108398,-3.1300570566214803,-14822.879316150378,-14826.009373207
53,21,0.35917946473481177,-6.707123558718039,1.0,1.0,1.0,-14827.065377244035,14827.365778297084,-0.17250500501540955,-0.17250500501540955,1.0,0.0,0.013388499882108398,0.013388499882108398,-3.128042523770075,-14822.468395769183,-14825.596438292952
54,21,0.3568347134404419,-6.701880633777699,3.0,1.0,1.0,-14826.967482992863,14827.076431184769,-0.025921367798218853,-0.05297509629417618,2.0,0.0,0.013388499882108398,0.013388499882108398,-3.117035884139722,-14822.378610984273,-14825.495646868412
55,21,0.3612963315628535,-6.671164586257098,3.0,1.0,0.6879573996362088,-14828.755216816842,14830.469790796216,0.3127993084217451,0.6774039233841904,2.0,0.0,0.013388499882108398,0.013388499882108398,-3.05310496417612,-14824.235740383518,-14827.288845347693
56,21,0.3581016461115839,-6.664716546788303,3.0,1.0,0.9598244945058519,-14829.253550722577,14829.63720780926,0.12843186475583934,-0.15627901910193032,2.0,0.0,0.013388499882108398,0.013388499882108398,-3.039804139347371,-14824.74348286293,-14827.783287002278
57,21,0.35916205978585375,-6.6676569017852225,1.0,1.0,1.0,-14828.750123119658,14829.372133430714,-0.16015092785892193,-0.16015092785892193,1.0,0.0,0.013388499882108398,0.013388499882108398,-3.0458642596244916,-14824.235298610292,-14827.281162869916
58,21,0.36075087954375357,-6.723519921401819,3.0,1.0,0.7749201548215741,-14828.834958071437,14830.044084098829,0.3266889198603167,0.5050881616698462,2.0,0.0,0.013388499882108398,0.013388499882108398,-3.1626413339683794,-14824.205288053523,-14827.367929387492
59,21,0.35858247983009167,-6.713295185164234,1.0,1.0,1.0,-14827.24863177653,14828.323057728197,-0.5267841823751951,-0.5267841823751951,1.0,0.0,0.013388499882108398,0.013388499882108398,-3.141034039280379,-14822.637926484524,-14825.778960523803
60,21,0.351856286741188,-6.687023510349018,3.0,1.0,0.4520716873657469,-14830.929418488498,14831.537127223868,1.5873886737826979,1.8854797416552174,2.0,0.0,0.013388499882108398,0.013388499882108398,-3.0859951652809947,-14826.365248032664,-14829.451243197944
61,21,0.36051831580089816,-6.701972661006572,3.0,1.0,1.0,-14827.327114379446,14830.179409140283,-1.486911043046348,-1.486911043046348,2.0,0.0,0.013388499882108398,0.013388499882108398,-3.1172288428264863,-14822.742575720544,-14825.85980456337
62,21,0.3586726915615777,-6.700897163458247,1.0,1.0,1.0,-14826.845417906761,14827.129413933864,-0.20126264195459953,-0.20126264195459953,1.0,0.0,0.013388499882108398,0.013388499882108398,-3.114974315252771,-14822.260883231678,-14825.375857546931
63,21,0.35660839733568866,-6.740399940459953,3.0,1.0,0.605008717032633,-14829.923198216511,14830.307183758548,0.4980080028781231,0.5640451997260243,2.0,0.0,0.013388499882108398,0.013388499882108398,-3.198541585395656,-14825.252537889855,-14828.451079475251
64,21,0.35630150962411755,-6.72839859405987,3.0,1.0,1.0,-14828.486741839426,14829.73880229129,-0.208820681724319,-0.49073276941453514,2.0,0.0,0.013388499882108398,0.013388499882108398,-3.1729879696261833,-14823.841251055212,-14827.014239024838
65,21,0.35563492243489403,-6.724611113457993,1.0,1.0,0.9931202948581647,-14828.299704196543,14828.69238991187,0.006903479415996117,0.006903479415996117,1.0,0.0,0.013388499882108398,0.013388499882108398,-3.1649534557219114,-14823.661410344857,-14826.82636380058
66,21,0.35563492243489403,-6.724611113457993,1.0,1.0,0.9615407687051498,-14828.299704196543,14828.62367196641,0.0,0.03921831370280415,1.0,0.0,0.013388499882108398,0.013388499882108398,-3.1649534557219114,-14823.661410344857,-14826.82636380058
67,21,0.35950769242831615,-6.712813699994167,3.0,1.0,0.976295046166633,-14827.421286504406,14828.716488655617,-0.095499071323502,-0.1996098324216291,2.0,0.0,0.013388499882108398,0.013388499882108398,-3.1400191242706135,-14822.812729507908,-14825.952748632179
68,21,0.35950769242831615,-6.712813699994167,1.0,1.0,0.547134385422785,-14827.421286504406,14828.377651388244,0.0,0.6030608295441198,1.0,0.0,0.013388499882108398,0.013388499882108398,-3.1400191242706135,-14822.812729507908,-14825.952748632179
69,21,0.35950769242831615,-6.712813699994167,1.0,1.0,0.4353174077032585,-14827.421286504406,14828.932600727829,0.0,0.8316798410942283,1.0,0.0,0.013388499882108398,0.013388499882108398,-3.1400191242706135,-14822.812729507908,-14825.952748632179
70,21,0.35374475616354545,-6.719842713774871,3.0,1.0,0.6706405590326119,-14828.880722545646,14829.893637745166,0.405216934863347,0.6789727759114612,2.0,0.0,0.013388499882108398,0.013388499882108398,-3.1548584830927378,-14824.250123669914,-14827.404982153006
71,21,0.3589318144392097,-6.7171792523239215,3.0,1.0,0.8199206154292282,-14827.56283168435,14830.183779530264,-0.41509222530839907,0.6948569077503635,2.0,0.0,0.013388499882108398,0.013388499882108398,-3.1492296813470464,-14822.944359708557,-14826.093589389904
72,21,0.3563486229298302,-6.672915547677339,3.0,1.0,0.667479462264247,-14828.748823364615,14829.809641623136,0.3487274929884734,0.4797903388953273,2.0,0.0,0.013388499882108398,0.013388499882108398,-3.056723973598372,-14824.21965560219,-14827.27637957579
73,21,0.3545234365369638,-6.703201533986816,3.0,1.0,0.8675634894648526,-14827.92092067134,14830.569812596857,-0.09332033436476195,0.5063515334604745,1.0,0.0,0.013388499882108398,0.013388499882108398,-3.1198063017973454,-14823.326367168951,-14826.44617347075
74,21,0.3538408946367305,-6.6997665214040625,1.0,1.0,0.802665303938575,-14828.418072511568,14828.842248989054,0.21981745897392102,0.21981745897392102,1.0,0.0,0.013388499882108398,0.013388499882108398,-3.112605437373681,-14823.82984964474,-14826.942455082115
75,21,0.3608103855427391,-6.730987821476188,3.0,1.0,0.942930297661686,-14829.753402353674,14829.89054706873,0.187787395730993,-0.5070003210712457,2.0,0.0,0.013388499882108398,0.013388499882108398,-3.178488842880775,-14825.107956671965,-14828.286445514846
76,21,0.3563563823484811,-6.70550745120659,3.0,1.0,0.9933178698010399,-14827.1229249568,14829.657095503042,-0.7487542347262206,-0.7487542347262206,2.0,0.0,0.013388499882108398,0.013388499882108398,-3.124646847037435,-14822.52584404011,-14825.650490887148
77,21,0.3601497539640157,-6.693963487153756,3.0,1.0,0.9949343279219341,-14827.140664002964,14827.227589128997,0.015313674297431135,-0.08752404500773991,2.0,0.0,0.013388499882108398,0.013388499882108398,-3.1004672607019503,-14822.57244027089,-14825.67290753159
78,21,0.3587594074586487,-6.68329386368553,3.0,1.0,0.7807518713871929,-14827.295159503243,14829.871240639519,-0.04521318347360648,0.5150525229855702,2.0,0.0,0.013388499882108398,0.013388499882108398,-3.0782375431080378,-14822.747468117659,-14825.825705660767
79,21,0.35691876720803445,-6.692663460809714,3.0,1.0,0.5988469311936581,-14827.076343022009,14828.863220419995,0.019989547015939024,1.0249034388871223,2.0,0.0,0.013388499882108398,0.013388499882108398,-3.0977526194174256,-14822.506859107983,-14825.604611727402
80,21,0.35560673865916587,-6.7018698547218145,7.0,1.0,0.9275329851169543,-14827.363383258666,14827.635745843218,0.11864873592094227,0.19480456694509485,2.0,0.0,0.013388499882108398,0.013388499882108398,-3.117013283638726,-14822.772994064619,-14825.890007348258
81,21,0.35386907646757815,-6.703449640358456,1.0,1.0,0.6770608121917381,-14828.353800580062,14828.506708131637,0.3899941841191321,0.3899941841191321,1.0,0.0,0.013388499882108398,0.013388499882108398,-3.1203268675210714,-14823.75789231007,-14826.878219177592
82,21,0.36151438213457027,-6.6951731767198295,3.0,1.0,1.0,-14827.715955425887,14828.396277443811,-0.2559659629041562,-0.5039002664125292,2.0,0.0,0.013388499882108398,0.013388499882108398,-3.1029947838384784,-14823.146851059837,-14826.249845843675
83,21,0.35651794754672583,-6.71367968492091,3.0,1.0,0.5143622966563309,-14827.344536375002,14829.719792848831,-0.23474252738742507,1.3952312904602877,2.0,0.0,0.013388499882108398,0.013388499882108398,-3.141844686749637,-14822.730459848755,-14825.872304535505
84,21,0.35651794754672583,-6.71367968492091,1.0,1.0,0.32075115246612834,-14827.344536375002,14829.056097023653,0.0,1.137089682457372,1.0,0.0,0.013388499882108398,0.013388499882108398,-3.141844686749637,-14822.730459848755,-14825.872304535505
85,21,0.35651794754672583,-6.71367968492091,3.0,1.0,0.49562495803261203,-14827.344536375002,14830.286804885582,0.0,0.9590867358565447,1.0,0.0,0.013388499882108398,0.013388499882108398,-3.141844686749637,-14822.730459848755,-14825.872304535505
86,21,0.361506752191661,-6.7115623770147055,3.0,1.0,0.7113512380233306,-14828.266275126947,14828.65249549515,0.459383545552555,0.5627762983895082,2.0,0.0,0.013388499882108398,0.013388499882108398,-3.1373825644136235,-14823.662773824588,-14826.800156389001
87,21,0.3577820576390793,-6.7092875280313,3.0,1.0,1.0,-14827.011096774799,14827.796701304022,-0.5328895333459513,-0.5328895333459513,2.0,0.0,0.013388499882108398,0.013388499882108398,-3.1325934277481626,-14822.407844532727,-14825.540437960475
88,21,0.35681845980885446,-6.70991744819198,1.0,1.0,0.9667209838991201,-14827.129165419188,14827.147596034987,0.03384536301382468,0.03384536301382468,1.0,0.0,0.013388499882108398,0.013388499882108398,-3.1339190520820566,-14822.523389963144,-14825.657309015225
89,21,0.35526827615159645,-6.70894310755176,1.0,1.0,0.8304779855389913,-14827.589007971392,14827.633218901543,0.18575385775875475,0.18575385775875475,1.0,0.0,0.013388499882108398,0.013388499882108398,-3.1318687859569407,-14822.983336137266,-14826.115204923222
90,21,0.35590662923121363,-6.711388340721338,1.0,1.0,1.0,-14827.41359281724,14827.669528747878,-0.0945438052949612,-0.0945438052949612,1.0,0.0,0.013388499882108398,0.013388499882108398,-3.137015990868634,-14822.803578388679,-14825.940594379548
91,21,0.3590915257899515,-6.705241611169182,3.0,1.0,1.0,-14826.986791127796,14827.442309652886,-0.09755075288921944,-0.12602009719921625,2.0,0.0,0.013388499882108398,0.013388499882108398,-3.1240885286357423,-14822.393656004464,-14825.5177445331
92,21,0.3590203044565639,-6.678532291401279,3.0,1.0,0.8000554844251621,-14827.63535922544,14828.083267528164,0.08071717839266057,0.32641069145756774,2.0,0.0,0.013388499882108398,0.013388499882108398,-3.068353743286376,-14823.097871649652,-14826.166225392939
93,21,0.3566065937153176,-6.669865344604398,3.0,1.0,0.8196590644532145,-14829.013543037496,14829.046911632018,0.44600883353996323,0.44600883353996323,2.0,0.0,0.013388499882108398,0.013388499882108398,-3.0504215822114817,-14824.491000459602,-14827.541422041813
94,21,0.3627261544049952,-6.703307615700084,3.0,1.0,0.8434297509581201,-14828.697797129225,14830.670273315094,0.19481505099247443,0.34629698417666077,2.0,0.0,0.013388499882108398,0.013388499882108398,-3.120028870183898,-14824.11310531715,-14827.233134187334
95,21,0.35953670186277636,-6.7185731118284435,3.0,1.0,0.7989417155330975,-14827.83538572595,14830.899703082045,-0.5213547779403598,0.8301981614440592,2.0,0.0,0.013388499882108398,0.013388499882108398,-3.152174496679954,-14823.21470875247,-14826.36688324915
96,21,0.3568109864915813,-6.699989035668647,3.0,1.0,0.9247582169756362,-14826.97214624377,14827.955765287064,-0.21637975178964552,-0.21637975178964552,2.0,0.0,0.013388499882108398,0.013388499882108398,-3.113071539693157,-14822.387208974811,-14825.500280514505
97,21,0.35785675501624925,-6.713288803852811,3.0,1.0,0.8770645987019973,-14827.192416668719,14827.628782593689,-0.00047173191342153586,0.2556116371197277,2.0,0.0,0.013388499882108398,0.013388499882108398,-3.1410205866986023,-14822.580829706561,-14825.72185029326
98,21,0.35727271081541845,-6.715593512497936,3.0,1.0,0.7676991875123309,-14827.338604748327,14829.903263627713,0.022816099331976147,0.425551091957459,2.0,0.0,0.013388499882108398,0.013388499882108398,-3.1458818417431123,-14822.721432246319,-14825.867314088062
99,21,0.35727271081541845,-6.715593512497936,3.0,1.0,0.24367209631829465,-14827.338604748327,14832.617854413755,0.0,3.5186342002671154,2.0,0.0,0.013388499882108398,0.013388499882108398,-3.1458818417431123,-14822.721432246319,-14825.867314088062
100,21,0.35880679371814017,-6.662255083400057,3.0,1.0,0.6038912523094829,-14829.514205852425,14830.47523733712,0.3836744105483376,0.6577828529680119,2.0,0.0,0.013388499882108398,0.013388499882108398,-3.0347376707848714,-14825.010072513596,-14828.044810184381
101,21,0.35574398604041335,-6.733903953443007,7.0,1.0,1.0,-14829.209447060382,14829.470758561065,-0.08715838402895315,-0.42671190097462386,3.0,0.0,0.013388499882108398,0.013388499882108398,-3.184692259556073,-14824.551551758985,-14827.73624401854
102,21,0.3587224860028182,-6.691853359092173,7.0,1.0,0.8254490403421497,-14826.922317178098,14831.715743845665,-0.4284673659421969,0.570866962087166,2.0,0.0,0.013388499882108398,0.013388499882108398,-3.096061865662533,-14822.356756126917,-14825.45281799258
103,21,0.3565207583427728,-6.685300675021251,7.0,1.0,0.7161011495820545,-14827.55237678889,14829.201413143326,0.22232597141010046,0.517468202229793,3.0,0.0,0.013388499882108398,0.013388499882108398,-3.08240995890734,-14822.997738506367,-14826.080148465275
104,21,0.36151751737483157,-6.686978424920084,3.0,1.0,0.9751662853974016,-14827.835132372747,14828.13463063064,0.0774223828502727,-0.14154720501574047,2.0,0.0,0.013388499882108398,0.013388499882108398,-3.0859013050472357,-14823.283125247526,-14826.369026552573
105,21,0.36151751737483157,-6.686978424920084,3.0,1.0,0.18191140893316982,-14827.835132372747,14833.058637047294,0.0,2.584519343170541,1.0,0.0,0.013388499882108398,0.013388499882108398,-3.0859013050472357,-14823.283125247526,-14826.369026552573
106,21,0.3576892866077828,-6.680545813401405,3.0,1.0,0.9842212257103871,-14827.576626259322,14828.039068174645,-0.1420559338894236,-0.1420559338894236,2.0,0.0,0.013388499882108398,0.013388499882108398,-3.072530530635277,-14823.033322029622,-14826.105852560257
107,21,0.35442372762479185,-6.683384111797251,3.0,1.0,0.7290061924173266,-14828.827199110046,14829.124881097496,0.5957360099309881,0.5957360099309881,2.0,0.0,0.013388499882108398,0.013388499882108398,-3.078425093918233,-14824.273899989645,-14827.352325083562
108,21,0.36117491591559264,-6.70719682384831,3.0,1.0,1.0,-14827.826366172249,14828.844495595748,-0.36392024566339387,-0.6212056336844398,2.0,0.0,0.013388499882108398,0.013388499882108398,-3.1281965263416414,-14823.231652143628,-14826.35984866997
109,21,0.3591382233397498,-6.703480212428243,1.0,1.0,1.0,-14826.950662497371,14827.486686480817,-0.35815482089310535,-0.35815482089310535,1.0,0.0,0.013388499882108398,0.013388499882108398,-3.1203910167343083,-14822.36128205692,-14825.481673073655
110,21,0.3591382233397498,-6.703480212428243,1.0,1.0,0.9361783822410157,-14826.950662497371,14827.091008049114,0.0,0.06594924134515168,1.0,0.0,0.013388499882108398,0.013388499882108398,-3.1203910167343083,-14822.36128205692,-14825.481673073655
111,21,0.35865533126313265,-6.697545732872901,3.0,1.0,1.0,-14826.83385691534,14826.957113049975,-0.04517018330261635,-0.04517018330261635,1.0,0.0,0.013388499882108398,0.013388499882108398,-3.1079562478054266,-14822.256318973987,-14825.364275221793
112,21,0.35664360215867363,-6.735227093903446,3.0,1.0,0.7113543024520269,-14829.21888494619,14829.356235661855,0.38751615110777493,0.38751615110777493,2.0,0.0,0.013388499882108398,0.013388499882108398,-3.1875097486836346,-14824.55930045355,-14827.746810202234
113,21,0.3641402887451572,-6.716112809881662,3.0,1.0,0.4915927485455009,-14830.905266200327,14833.304337226888,1.2891914898718824,1.6130202546883083,2.0,0.0,0.013388499882108398,0.013388499882108398,-3.14697791389001,-14826.29529488972,-14829.44227280361
114,21,0.35849418172171715,-6.69732802727214,3.0,1.0,1.0,-14826.825653485625,14829.552537942045,-1.6528060093169188,-1.6528060093169188,2.0,0.0,0.013388499882108398,0.013388499882108398,-3.1075007496278384,-14822.24837286225,-14825.355873611878
115,21,0.3579606871949557,-6.7071087567077186,3.0,1.0,0.9680657259572462,-14826.935913072095,14827.091259034749,0.018410586586469435,0.04609910667932127,1.0,0.0,0.013388499882108398,0.013388499882108398,-3.1280114107441084,-14822.337463808166,-14825.46547521891
116,21,0.3583779877763494,-6.697699157352876,3.0,1.0,0.9911995891631499,-14826.819915452646,14826.952905810058,-0.019572953331589815,-0.019572953331589815,2.0,0.0,0.013388499882108398,0.013388499882108398,-3.108277281205155,-14822.241715238948,-14825.349992520154
117,21,0.35836392453545635,-6.71834293974558,3.0,1.0,0.6948056074146898,-14827.550646077163,14828.186778777905,0.14814579766971292,0.5429799588837341,2.0,0.0,0.013388499882108398,0.013388499882108398,-3.151688076816177,-14822.929017743745,-14826.080705820561
118,21,0.35516686597283453,-6.718604318367893,3.0,1.0,0.830704736118955,-14828.038294926053,14829.00601912402,0.14582148914269055,0.4154811812113621,2.0,0.0,0.013388499882108398,0.013388499882108398,-3.152240449158656,-14823.412123219354,-14826.564363668513
119,21,0.36138297545486453,-6.671308503774226,7.0,1.0,0.9459399110729491,-14828.774356960861,14829.363849508418,0.08830493228379055,-0.2876623992524401,2.0,0.0,0.013388499882108398,0.013388499882108398,-3.0534023073167322,-14824.254687304516,-14827.308089611832
120,21,0.3606763814992306,-6.676921421210624,1.0,1.0,1.0,-14828.039551533619,14828.720635697458,-0.15099341435234237,-0.15099341435234237,1.0,0.0,0.013388499882108398,0.013388499882108398,-3.065015123527718,-14823.507417729672,-14826.5724328532
121,21,0.36115026452756316,-6.676897808383506,1.0,1.0,0.944774301434319,-14828.203931479013,14828.424072059966,0.056809214474924374,0.056809214474924374,1.0,0.0,0.013388499882108398,0.013388499882108398,-3.064966203902753,-14823.67241810507,-14826.737384308974
122,21,0.3556973387100221,-6.700395494372513,7.0,1.0,0.9834800014419605,-14827.332060205137,14828.367566003879,-0.08614901849796297,-0.26829776303929975,2.0,0.0,0.013388499882108398,0.013388499882108398,-3.113923079651971,-14822.744875351258,-14825.85879843091
123,21,0.3555478966997583,-6.695659731614975,7.0,1.0,0.9410754288779909,-14827.480276052542,14827.720102340489,0.06686265494863619,-0.20256186703045387,2.0,0.0,0.013388499882108398,0.013388499882108398,-3.1040118033923205,-14822.902814165433,-14826.006825968825
124,21,0.36181145490429784,-6.674124850339921,3.0,1.0,0.9542937902013998,-14828.707217177187,14828.949907297043,0.14611448346659017,0.14611448346659017,2.0,0.0,0.013388499882108398,0.013388499882108398,-3.0592252347762696,-14824.182238382695,-14827.24146361747
125,21,0.3566707852654053,-6.730665547314891,7.0,1.0,0.996673717954187,-14828.674328494144,14829.075629622599,-0.1262502534827945,-0.39972832029707206,2.0,0.0,0.013388499882108398,0.013388499882108398,-3.1778037987155456,-14824.024483914902,-14827.202287713617
126,21,0.3580228791453907,-6.690781534023694,3.0,1.0,1.0,-14826.961117202443,14828.587912696634,-0.2718079486003262,-0.2718079486003262,2.0,0.0,0.013388499882108398,0.013388499882108398,-3.0938258807321155,-14822.39693032209,-14825.490756202822
127,21,0.3587387497975395,-6.691484040816797,3.0,1.0,1.0,-14826.933066970265,14826.97221076365,-0.011793814495831612,-0.02549687123246258,2.0,0.0,0.013388499882108398,0.013388499882108398,-3.0952912836297806,-14822.36829647631,-14825.46358775994
128,21,0.36210456554780296,-6.712718172564198,7.0,1.0,0.6019755839279971,-14828.753520950293,14829.360975727406,0.7565758715718403,0.8360082305352989,2.0,0.0,0.013388499882108398,0.013388499882108398,-3.1398177910651746,-14824.148300000552,-14827.288117791617
129,21,0.3592964315306039,-6.710076805598293,1.0,1.0,1.0,-14827.216842158348,14828.179859214883,-0.6410382599897275,-0.6410382599897275,1.0,0.0,0.013388499882108398,0.013388499882108398,-3.1342544718440966,-14822.613791789154,-14825.748046260998
130,21,0.3574682373121919,-6.706816002254392,3.0,1.0,1.0,-14826.947863516236,14827.144509476635,-0.09892312036026851,-0.09892312036026851,2.0,0.0,0.013388499882108398,0.013388499882108398,-3.1273961017194964,-14822.349419619697,-14825.476815721417
131,21,0.3563359892742136,-6.68607077149383,7.0,1.0,0.855162471559399,-14827.57196725923,14827.726404734594,0.23639666078997834,0.28439132835956116,2.0,0.0,0.013388499882108398,0.013388499882108398,-3.0840121565837357,-14823.015495488024,-14826.099507644607
132,21,0.3555177609895753,-6.689150968473704,7.0,1.0,0.9665206608717203,-14827.757968071573,14828.250565796932,0.1059909750274528,-0.21621933951792016,3.0,0.0,0.013388499882108398,0.013388499882108398,-3.090426484089346,-14823.194053502322,-14826.284479986412
133,21,0.3611100236671327,-6.684621125637195,3.0,1.0,0.9755866751817873,-14827.734711300795,14828.477383758842,-0.12285163747037586,-0.19831652147695422,2.0,0.0,0.013388499882108398,0.013388499882108398,-3.0809966384084433,-14823.187119049562,-14826.26811568797
134,21,0.3589716751137537,-6.67342983819969,7.0,1.0,0.9826087714735543,-14828.09613228865,14828.495688039282,-0.027114652017189655,-0.18529672670047148,3.0,0.0,0.013388499882108398,0.013388499882108398,-3.0577875276878945,-14823.569151333502,-14826.62693886119
135,21,0.35565737040958373,-6.701011894571228,3.0,1.0,0.8615669063177261,-14827.344987519786,14829.63171914749,-0.005185267855267739,0.3963231563957379,1.0,0.0,0.013388499882108398,0.013388499882108398,-3.1152147669230144,-14822.756460637785,-14825.87167540471
136,21,0.35918536931479483,-6.695717511581063,3.0,1.0,0.771658218007635,-14826.903743112529,14828.095529836506,-0.18664656641522015,0.5430664700907073,2.0,0.0,0.013388499882108398,0.013388499882108398,-3.1041325934766366,-14822.33067879278,-14825.434811386256
137,21,0.355238809593893,-6.724484273596038,3.0,1.0,0.6665273045640673,-14828.426478741869,14829.951699959714,0.3040688056989893,0.48728186549305974,1.0,0.0,0.013388499882108398,0.013388499882108398,-3.1646846341714245,-14823.78795381693,-14826.952638451103
138,21,0.362369622937868,-6.701049526841329,3.0,1.0,0.39805027277210575,-14828.349515532023,14831.993844525994,0.2830161815836618,1.8975092343134747,2.0,0.0,0.013388499882108398,0.013388499882108398,-3.1152936389123744,-14823.76913485305,-14826.884428491961
139,21,0.35404726437412093,-6.701874719301344,3.0,1.0,1.0,-14828.239110593551,14828.347644279589,-0.06670772326287988,-0.6148917197770061,2.0,0.0,0.013388499882108398,0.013388499882108398,-3.117023483212846,-14823.646733308216,-14826.76375679143
140,21,0.3608208479542843,-6.716921385492409,3.0,1.0,1.0,-14828.258303179235,14828.570188988717,-0.07592054846281826,-0.4134094280198042,2.0,0.0,0.013388499882108398,0.013388499882108398,-3.1486850975086353,-14823.642673871082,-14826.79135896859
141,21,0.3596214221303882,-6.70832777999786,3.0,1.0,1.0,-14827.224019958998,14828.008413360081,-0.3529702837786317,-0.4272456256694568,2.0,0.0,0.013388499882108398,0.013388499882108398,-3.1305744658251524,-14822.62504633753,-14825.755620803357
142,21,0.3596214221303882,-6.70832777999786,3.0,1.0,0.7216806398464214,-14827.224019958998,14828.07220390818,0.0,0.45724839928516303,1.0,0.0,0.013388499882108398,0.013388499882108398,-3.1305744658251524,-14822.62504633753,-14825.755620803357
143,21,0.3602872065319229,-6.716249566449297,3.0,1.0,0.9178040663134287,-14827.942830495494,14828.056794507163,0.2237316005212051,0.2237316005212051,2.0,0.0,0.013388499882108398,0.013388499882108398,-3.147266608508907,-14823.327974153748,-14826.475240762256
144,21,0.3547078810380899,-6.688704809590495,7.0,1.0,0.8932539188198179,-14828.251443230138,14828.842335022844,0.20676315725904715,0.39028745304312906,2.0,0.0,0.013388499882108398,0.013388499882108398,-3.089496797079678,-14823.687433567395,-14826.776930364475
145,21,0.3635638366143154,-6.660538957592281,3.0,1.0,0.8535404579425417,-14831.191968582745,14831.963190833852,0.3716137636329222,0.3716137636329222,2.0,0.0,0.013388499882108398,0.013388499882108398,-3.031208926847531,-14826.697088115812,-14829.72829704266
146,21,0.36050392088855265,-6.712993154287281,7.0,1.0,0.9868317559543865,-14827.811029001352,14830.96233014263,-0.6010376769390859,-0.8466608986236679,3.0,0.0,0.013388499882108398,0.013388499882108398,-3.140397366049476,-14823.203304400078,-14826.343701766127
147,21,0.3600929419704547,-6.709641778325894,7.0,1.0,1.0,-14827.443500949576,14828.060378728856,-0.130088450257972,-0.3337517326181114,3.0,0.0,0.013388499882108398,0.013388499882108398,-3.133338874683077,-14822.842336631178,-14825.97567550586
148,21,0.35687161535040623,-6.6984816316820055,3.0,1.0,0.9740935591334147,-14826.967684476173,14827.508067488146,-0.1649556603279052,-0.1649556603279052,2.0,0.0,0.013388499882108398,0.013388499882108398,-3.109914937541246,-14822.385979446293,-14825.495894383834
149,21,0.36032320198378714,-6.688263581580963,3.0,1.0,0.9772010694009134,-14827.313609432827,14827.321215657455,0.0708482972222555,0.0708482972222555,2.0,0.0,0.013388499882108398,0.013388499882108398,-3.088577580585994,-14822.757485751947,-14825.846063332532
150,21,0.3622528233909565,-6.673974514347877,3.0,1.0,0.8441295528746648,-14828.947025496047,14829.111251444985,0.3754908423215966,0.3754908423215966,2.0,0.0,0.013388499882108398,0.013388499882108398,-3.0589142077247646,-14824.422885035468,-14827.481799243193
51,22,0.36076120512804993,-6.694437044918978,15.0,1.0,0.9995205118871747,-14827.356880440728,14827.729813540247,-0.0027068675681221066,-0.022677494951494737,3.0,0.0,0.004498177375122202,0.004498177375122202,-3.1014565371181395,-14822.788407688926,-14825.889864226045
52,22,0.35799750656827545,-6.674017488106917,3.0,1.0,0.8873656834400055,-14828.11808421298,14828.65011112394,0.07108740881812992,0.18200934467859042,2.0,0.0,0.013469523140679434,0.013469523140679434,-3.059003112946845,-14823.588688751084,-14826.647691864031
53,22,0.35719682288392457,-6.668886262393577,1.0,1.0,0.7881078644612963,-14828.918919127906,14829.075191925438,0.23812031465786276,0.23812031465786276,1.0,0.0,0.013469523140679434,0.013469523140679434,-3.048400555211899,-14824.399133545661,-14827.447534100873
54,22,0.35784447211902853,-6.6730365672727165,3.0,1.0,1.0,-14828.25052385524,14828.927635569204,-0.2002056727942545,-0.43263803782247123,2.0,0.0,0.013469523140679434,0.013469523140679434,-3.056974218628259,-14823.722968064849,-14826.779942283478
55,22,0.35760172282423974,-6.740813585728514,7.0,1.0,0.8294138684847269,-14829.99940502598,14830.771548728175,0.29656243365570845,0.379003220674349,2.0,0.0,0.013469523140679434,0.013469523140679434,-3.199424898632089,-14825.329097911184,-14828.528522809816
56,22,0.3596682367535093,-6.664001259349132,3.0,1.0,0.8374421177212855,-14829.247547034594,14832.051549282029,-0.20486103578150505,0.6578751018350886,2.0,0.0,0.013469523140679434,0.013469523140679434,-3.0383312275231615,-14824.740873713195,-14827.779204940718
57,22,0.35761784226842414,-6.6997137014808175,3.0,1.0,0.9624299213939923,-14826.841444443355,14829.323745915568,-0.3994981704709062,-0.3994981704709062,2.0,0.0,0.013469523140679434,0.013469523140679434,-3.1124948023509873,-14822.258087407436,-14825.370582209787
58,22,0.3608742290257395,-6.680703790420865,3.0,1.0,0.6819097109296278,-14827.844929478257,14828.443861331301,0.22636584139945626,0.5518706292787101,2.0,0.0,0.013469523140679434,0.013469523140679434,-3.072858404769524,-14823.305191276797,-14826.378049681567
59,22,0.35786002875747913,-6.718080313794394,7.0,1.0,0.9862477156446908,-14827.489808724316,14827.85751135171,-0.11902629511860141,-0.2012162732789875,3.0,0.0,0.013469523140679434,0.013469523140679434,-3.151133137297896,-14822.868113261546,-14826.019246398844
60,22,0.3569330821916543,-6.714455851460722,3.0,1.0,0.7413804660730409,-14827.31094974279,14830.722800957656,-0.03501130589575041,0.5028016625637974,2.0,0.0,0.013469523140679434,0.013469523140679434,-3.143481542488834,-14822.69575475177,-14825.83923629426
61,22,0.3541361143933714,-6.713823017239814,1.0,1.0,0.6673054822164621,-14828.34439140369,14828.389504059474,0.4045073435863742,0.4045073435863742,1.0,0.0,0.013469523140679434,0.013469523140679434,-3.142146914577626,-14823.727004052502,-14826.869150967079
62,22,0.3538909884293538,-6.698670019872895,3.0,1.0,0.8170036856638075,-14828.404378117395,14829.431571497818,0.16484880135067215,0.5058560876768752,1.0,0.0,0.013469523140679434,0.013469523140679434,-3.110309310442524,-14823.818515410516,-14826.928824720959
63,22,0.3601347431659089,-6.709214582947285,3.0,1.0,0.8652275162097872,-14827.438102523663,14829.344561244452,-0.4419607317995542,0.5180171718620841,2.0,0.0,0.013469523140679434,0.013469523140679434,-3.132439945392363,-14822.837887886293,-14825.970327831685
64,22,0.3581346521720575,-6.694340824254341,3.0,1.0,0.9808345566496571,-14826.860592215819,14827.511849086106,-0.2262646389190195,-0.2262646389190195,1.0,0.0,0.013469523140679434,0.013469523140679434,-3.1012555111015776,-14822.289113728928,-14825.390369240029
65,22,0.35737531394706445,-6.715606283180415,3.0,1.0,0.9366335863344366,-14827.332689750881,14827.385566435132,0.07643435967293044,0.07643435967293044,2.0,0.0,0.013469523140679434,0.013469523140679434,-3.145908793370858,-14822.715617790505,-14825.861526583876
66,22,0.3573124839152019,-6.695572274648495,3.0,1.0,0.81499210964695,-14826.920448719005,14827.815755013045,-0.042525796156041906,0.332418970989238,2.0,0.0,0.013469523140679434,0.013469523140679434,-3.1038289793425635,-14822.345378513723,-14825.449207493066
67,22,0.358875330984327,-6.690922220988887,3.0,1.0,0.8801794961344168,-14826.957652270175,14827.29961101573,-0.01673647772622644,0.1999448216301971,2.0,0.0,0.013469523140679434,0.013469523140679434,-3.0941193089596544,-14822.394221393428,-14825.488340702388
68,22,0.35569512503326495,-6.70466841815679,3.0,1.0,0.8454376920261825,-14827.336987491237,14827.881013337816,0.1656379548530822,0.2744995855628076,1.0,0.0,0.013469523140679434,0.013469523140679434,-3.122884946644419,-14822.740837982628,-14825.863722929273
69,22,0.3548242411039211,-6.702444641027098,1.0,1.0,0.8346147456014675,-14827.747780719978,14827.925651894933,0.180785043114156,0.180785043114156,1.0,0.0,0.013469523140679434,0.013469523140679434,-3.1182186030842547,-14823.15519690441,-14826.273415507494
70,22,0.3567787423585228,-6.686429309556237,3.0,1.0,0.9428611354183111,-14827.397529612539,14828.326278646617,-0.18488914261070022,-0.22165609779403894,1.0,0.0,0.013469523140679434,0.013469523140679434,-3.0847583029224968,-14822.840865339125,-14825.925623642048
71,22,0.3574621516821865,-6.711258439315986,7.0,1.0,0.9383055399586387,-14827.103841489747,14827.666204839357,-0.13928721570664493,0.203484000350727,3.0,0.0,0.013469523140679434,0.013469523140679434,-3.136742398607545,-14822.496043743207,-14825.632786141814
72,22,0.35514060700552413,-6.7264831677767205,3.0,1.0,0.4505795088586666,-14828.634789475374,14830.52673800595,0.30733769985454273,1.4307459500523692,2.0,0.0,0.013469523140679434,0.013469523140679434,-3.168922916557156,-14823.991902085658,-14827.160825002215
73,22,0.36118456732281945,-6.674860626715871,3.0,1.0,0.9713763702999766,-14828.377776116758,14829.454311652378,-0.051782653132249834,-0.3612406621705304,2.0,0.0,0.013469523140679434,0.013469523140679434,-3.0607477934246488,-14823.850522434777,-14826.911270228202
74,22,0.360729907121813,-6.683460017847589,7.0,1.0,0.8653858298502539,-14827.64262551429,14828.957994793844,-0.13678294827877835,0.4378652142440842,3.0,0.0,0.013469523140679434,0.013469523140679434,-3.0785828458099638,-14823.09698865474,-14826.17557150055
75,22,0.35354012596736456,-6.709600915936747,3.0,1.0,0.7681689731427407,-14828.635954892612,14828.778580273705,0.4628808969973761,0.4628808969973761,2.0,0.0,0.013469523140679434,0.013469523140679434,-3.1332528817807894,-14824.026699572103,-14827.159952453883
76,22,0.359971121336348,-6.70013082589511,3.0,1.0,1.0,-14827.096351866494,14828.561493762829,-0.5555377061991749,-0.5555377061991749,2.0,0.0,0.013469523140679434,0.013469523140679434,-3.1133685745844866,-14822.515009841914,-14825.628378416499
77,22,0.3586415415692342,-6.6838253546027,3.0,1.0,0.9009547130391679,-14827.26258499717,14828.494083711275,-0.05142461140167143,0.2924273215649009,2.0,0.0,0.013469523140679434,0.013469523140679434,-3.079342188208787,-14822.713644167348,-14825.792986355556
78,22,0.35775862667860514,-6.708348611558696,3.0,1.0,0.8962088299079388,-14826.978086886134,14828.276073862939,-0.03809892544450122,0.17292980620004528,1.0,0.0,0.013469523140679434,0.013469523140679434,-3.1306182780974976,-14822.376780785862,-14825.50739906396
79,22,0.3586524185180915,-6.703001051731004,15.0,1.0,0.9474469226611667,-14826.87235081406,14827.494125790967,-0.008720047737369896,0.11575725696820882,3.0,0.0,0.013469523140679434,0.013469523140679434,-3.1193857038365027,-14822.283379836961,-14825.402765540797
80,22,0.3586524185180915,-6.703001051731004,1.0,1.0,0.8768159908577581,-14826.87235081406,14827.109361509396,0.0,0.13145812520633626,1.0,0.0,0.013469523140679434,0.013469523140679434,-3.1193857038365027,-14822.283379836961,-14825.402765540797
81,22,0.3567905312461227,-6.6792985150448825,3.0,1.0,0.7555578359257874,-14827.916150492329,14828.662279749078,0.29142594676159206,0.3141934301256697,2.0,0.0,0.013469523140679434,0.013469523140679434,-3.0699426959026317,-14823.374316539906,-14826.444259235808
82,22,0.35788064388629753,-6.686718115715575,1.0,1.0,1.0,-14827.14823318388,14827.693397211717,-0.23922225793830876,-0.23922225793830876,1.0,0.0,0.013469523140679434,0.013469523140679434,-3.0853594250810596,-14822.592336934042,-14825.677696359122
83,22,0.35821923020995716,-6.699575375621235,3.0,1.0,0.9949781841812536,-14826.815174620351,14827.261933041049,-0.07377624514629133,-0.07377624514629133,2.0,0.0,0.013469523140679434,0.013469523140679434,-3.1122050823857954,-14822.23285091916,-14825.345056001544
84,22,0.3609390905909319,-6.70114726298245,3.0,1.0,0.8031343348134069,-14827.495239346423,14827.611808296793,0.28608382592392445,0.35779907420874224,2.0,0.0,0.013469523140679434,0.013469523140679434,-3.115498486847581,-14822.912939291307,-14826.028437778155
85,22,0.3597183809689156,-6.68974797212824,3.0,1.0,0.9170363255243933,-14827.111953954432,14828.299855292595,-0.22136838014012028,0.2862045291258255,2.0,0.0,0.013469523140679434,0.013469523140679434,-3.0916708064391547,-14822.552002149561,-14825.643672956001
86,22,0.3631555037003255,-6.694378663326975,1.0,1.0,0.4790279085288528,-14828.828483055375,14828.884843230744,0.7359964191164181,0.7359964191164181,1.0,0.0,0.013469523140679434,0.013469523140679434,-3.101334564097002,-14824.262994567629,-14827.364329131726
87,22,0.3561929171120425,-6.708679877641959,7.0,1.0,0.9318040764389267,-14827.238401238385,14829.228764630096,-0.6930668786990282,-0.6930668786990282,2.0,0.0,0.013469523140679434,0.013469523140679434,-3.1313150446455484,-14822.634447242344,-14825.76576228699
88,22,0.35356195278047653,-6.710485818390713,3.0,1.0,0.7666337691713557,-14828.637171906768,14828.676879024706,0.5351380458560016,0.5351380458560016,2.0,0.0,0.013469523140679434,0.013469523140679434,-3.1351154892240984,-14824.026081950606,-14827.16119743983
89,22,0.3568853191990421,-6.688168906479835,3.0,1.0,0.9173371033974003,-14827.271396281965,14828.994320778676,-0.5147336231275403,-0.5147336231275403,2.0,0.0,0.013469523140679434,0.013469523140679434,-3.088380367989795,-14822.711242912505,-14825.799623280494
90,22,0.3574473006536823,-6.729605211199256,7.0,1.0,0.7655029009588332,-14828.525192760135,14829.209807360952,0.14266830758788274,0.5167771861106303,2.0,0.0,0.013469523140679434,0.013469523140679434,-3.175550621376654,-14823.878568357039,-14827.054118978414
91,22,0.3594266880067974,-6.679458664355586,3.0,1.0,0.8539869310720819,-14827.592657981753,14829.322469904615,-0.17947646081302082,0.3836107132356119,2.0,0.0,0.013469523140679434,0.013469523140679434,-3.0702748789487417,-14823.053746348902,-14826.12402122785
92,22,0.35589289752807024,-6.711811654927173,7.0,1.0,0.7492662494011524,-14827.433794760023,14828.831337204276,0.0369808492851007,0.5492394339344173,2.0,0.0,0.013469523140679434,0.013469523140679434,-3.137907672531579,-14822.822871385937,-14825.960779058469
93,22,0.35882506441335066,-6.722453974512629,3.0,1.0,0.953355211948951,-14827.973351398214,14828.369239698044,0.09368960358551703,-0.12940435158088803,2.0,0.0,0.013469523140679434,0.013469523140679434,-3.1603838537790825,-14823.343594300559,-14826.503978154338
94,22,0.3578511510234748,-6.719269177803134,3.0,1.0,1.0,-14827.576384724665,14827.925604825554,-0.12092732386190619,-0.22357283193014155,2.0,0.0,0.013469523140679434,0.013469523140679434,-3.1536458068013626,-14822.95216560938,-14826.105811416182
95,22,0.3576813389784918,-6.717163630304609,3.0,1.0,1.0,-14827.422878187514,14827.608027059148,-0.029961019652546383,-0.11858433046472783,2.0,0.0,0.013469523140679434,0.013469523140679434,-3.1491966876226467,-14822.802897954632,-14825.952094642254
96,22,0.35689059511184035,-6.720892143063174,1.0,1.0,0.9534625053141459,-14827.733399543855,14827.765182159921,0.0476551779302099,0.0476551779302099,1.0,0.0,0.013469523140679434,0.013469523140679434,-3.157078233029482,-14823.10455488874,-14826.261633121769
97,22,0.35752111546898657,-6.714378370447316,3.0,1.0,0.9711108350029809,-14827.25533025471,14828.127667500792,-0.07788013248136849,-0.14109059691509174,2.0,0.0,0.013469523140679434,0.013469523140679434,-3.1433181158995636,-14822.64102995717,-14825.78434807307
98,22,0.3537523222986807,-6.708058263381585,3.0,1.0,0.7239157347755754,-14828.457107207805,14828.618927009393,0.5416575069721148,0.5416575069721148,2.0,0.0,0.013469523140679434,0.013469523140679434,-3.1300076662265264,-14823.85136882967,-14826.981376495896
99,22,0.357771778711647,-6.697180553356105,3.0,1.0,0.9403216073020756,-14826.840663177296,14828.484543275112,-0.6119253723136353,-0.6119253723136353,2.0,0.0,0.013469523140679434,0.013469523140679434,-3.1071922217923,-14822.262799416418,-14825.36999163821
100,22,0.3555581860189685,-6.7049575202281275,3.0,1.0,0.8542430190203193,-14827.395828579753,14827.528973857286,0.20268396409665002,0.20268396409665002,1.0,0.0,0.013469523140679434,0.013469523140679434,-3.1234919577221123,-14822.798899511105,-14825.922391468826
101,22,0.3608366599914081,-6.701805586172871,7.0,1.0,0.9845090897063666,-14827.462411938912,14827.612011439503,0.05937180341788917,-0.1930271727123909,2.0,0.0,0.013469523140679434,0.013469523140679434,-3.11687853385867,-14822.87860827751,-14825.99548681137
102,22,0.35592019020614424,-6.691421533732112,3.0,1.0,1.0,-14827.460738342896,14827.491949287833,-0.014573977978216135,-0.26420271809729456,2.0,0.0,0.013469523140679434,0.013469523140679434,-3.0951608761865446,-14822.892596076326,-14825.987756952512
103,22,0.3619972366009591,-6.6474184294341825,3.0,1.0,0.33360786305863116,-14832.544238977951,14834.655460891967,0.707500163349323,1.5818398227165744,2.0,0.0,0.013469523140679434,0.013469523140679434,-3.004327477133996,-14828.074380135631,-14831.078707612765
104,22,0.355204314035958,-6.713322831364604,7.0,1.0,0.9480752351152967,-14827.75770053592,14832.781013998492,-0.6947119938085962,-1.0282246685128484,2.0,0.0,0.013469523140679434,0.013469523140679434,-3.141092321308667,-14823.142724313731,-14826.28381663504
105,22,0.36100093998214866,-6.708316590804771,3.0,1.0,0.9171403448037322,-14827.787197516078,14828.56340408234,0.11872283714546938,0.14691526445494674,2.0,0.0,0.013469523140679434,0.013469523140679434,-3.1305509332513366,-14823.189919570377,-14826.320470503628
106,22,0.3534739450926492,-6.713648521903263,3.0,1.0,0.9188314621593309,-14828.78832849023,14829.042194991946,0.2790601661672554,-0.33771439464908326,2.0,0.0,0.013469523140679434,0.013469523140679434,-3.141778979716479,-14824.170462228512,-14827.312241208228
107,22,0.3610386015358702,-6.710226351890353,3.0,1.0,1.0,-14827.91032396841,14828.793498656296,-0.23988893907153397,-0.6447474377473554,2.0,0.0,0.013469523140679434,0.013469523140679434,-3.1345692640062386,-14823.309073071781,-14826.443642335787
108,22,0.35712260470788076,-6.6919661485328366,3.0,1.0,1.0,-14827.051610689334,14827.567813455185,-0.3457285098866123,-0.4124314664659323,2.0,0.0,0.013469523140679434,0.013469523140679434,-3.096297227851198,-14822.483836086889,-14825.58013331474
109,22,0.36041030448167155,-6.676180616134975,3.0,1.0,0.8853685466958222,-14828.024302230602,14828.302396417741,0.14120004077267367,0.16976942306791898,2.0,0.0,0.013469523140679434,0.013469523140679434,-3.0634806340932625,-14823.49338102567,-14826.556861659763
110,22,0.3596601530448974,-6.676173104962217,1.0,1.0,1.0,-14827.881688272115,14828.145667286444,-0.042530995298875496,-0.042530995298875496,1.0,0.0,0.013469523140679434,0.013469523140679434,-3.0634650784043482,-14823.349871248294,-14826.4133363267
111,22,0.356228795459705,-6.685850025573963,3.0,1.0,0.9052832506005025,-14827.628053740551,14828.404394866711,0.09843198780072271,0.21122433729942713,2.0,0.0,0.013469523140679434,0.013469523140679434,-3.0835528306342175,-14823.071906950774,-14826.155459781408
112,22,0.35581911379441233,-6.677651251352839,1.0,1.0,0.7716540761478556,-14828.488310122546,14828.711155474459,0.25921891727011825,0.25921891727011825,1.0,0.0,0.013469523140679434,0.013469523140679434,-3.0665274163523732,-14823.948674208497,-14827.01520162485
113,22,0.3575523767582592,-6.677132664044295,1.0,1.0,1.0,-14827.897080633018,14828.483007471792,-0.2883391755294724,-0.2883391755294724,1.0,0.0,0.013469523140679434,0.013469523140679434,-3.0654527884410765,-14823.360684439629,-14826.42613722807
114,22,0.35987956279655603,-6.667779220282737,3.0,1.0,0.9676324706773946,-14828.776314318024,14828.944525114672,0.09059813060048327,-0.21723260518228926,2.0,0.0,0.013469523140679434,0.013469523140679434,-3.0461165473816196,-14824.262112982147,-14827.308229529528
115,22,0.3621585127594886,-6.66830918442432,1.0,1.0,0.8080384772898518,-14829.426085131978,14829.710154922774,0.21314560118662484,0.21314560118662484,1.0,0.0,0.013469523140679434,0.013469523140679434,-3.0472097966388962,-14824.913536573784,-14827.960746370423
116,22,0.36362389154095437,-6.707606063773017,3.0,1.0,0.5374649433727129,-14829.705162873397,14833.378680388414,0.7342730551808927,1.1961848638165975,2.0,0.0,0.013469523140679434,0.013469523140679434,-3.1290568433033097,-14825.112505294637,-14828.24156213794
117,22,0.35341425860631626,-6.7131424331922185,3.0,1.0,0.870254683514848,-14828.81651356994,14830.810651115667,-0.5063141752871161,-0.5063141752871161,2.0,0.0,0.013469523140679434,0.013469523140679434,-3.1407120306960823,-14824.199637700669,-14827.340349731365
118,22,0.3596214782419137,-6.726114462582626,3.0,1.0,0.837137178273062,-14828.581278515374,14830.33356891289,-0.2524713610255276,0.28251926448501763,2.0,0.0,0.013469523140679434,0.013469523140679434,-3.1681408454142312,-14823.944738582724,-14827.11287942814
119,22,0.35940575256861323,-6.737099157155907,1.0,1.0,0.7937392655286609,-14829.897839688769,14830.144654408194,0.2310002526101016,0.2310002526101016,1.0,0.0,0.013469523140679434,0.013469523140679434,-3.191499102257003,-14825.237678265968,-14828.429177368225
120,22,0.3533063761668314,-6.755000239435928,3.0,1.0,0.7379852496729754,-14833.3608368033,14835.532198860765,0.46883448308653897,-0.5682041887812375,2.0,0.0,0.013469523140679434,0.013469523140679434,-3.2298231625584375,-14828.654711333296,-14831.884534495855
121,22,0.3596052121184262,-6.6391203265761405,7.0,1.0,0.9719326604803885,-14834.10602767169,14834.500250196139,0.1444751092021761,-0.9950548012729996,3.0,0.0,0.013469523140679434,0.013469523140679434,-2.987415120403746,-14829.650193632267,-14832.637608752671
122,22,0.3586626267208071,-6.690801405002551,3.0,1.0,0.6313844135088151,-14826.949434666923,14835.373276641925,-1.2814597652759403,-1.2814597652759403,2.0,0.0,0.013469523140679434,0.013469523140679434,-3.0938673240685444,-14822.38599461492,-14825.47986193899
123,22,0.36010962386083706,-6.688974194837295,3.0,1.0,0.646723836314703,-14827.22966862029,14828.317458309737,0.0868894552859274,0.7817501704921597,2.0,0.0,0.013469523140679434,0.013469523140679434,-3.090058106852679,-14822.671805325694,-14825.761863432546
124,22,0.3561922508261699,-6.696777106676629,3.0,1.0,0.95133856091755,-14827.189404081917,14827.594703861672,0.04845292765639897,0.09984426579831052,2.0,0.0,0.013469523140679434,0.013469523140679434,-3.1063482885407674,-14822.61041600632,-14825.71676429486
125,22,0.35851393463173176,-6.681440879420101,3.0,1.0,0.9573631355799023,-14827.419421308248,14827.969439112496,-0.046240661597039434,0.13686332966426562,2.0,0.0,0.013469523140679434,0.013469523140679434,-3.074388529406992,-14822.875277211295,-14825.949665740702
126,22,0.3587372372113679,-6.713534872316164,3.0,1.0,0.9983973200140387,-14827.286085507722,14827.495690302221,0.004819635765670682,-0.1074011917316966,2.0,0.0,0.013469523140679434,0.013469523140679434,-3.1415393584823104,-14822.675065081268,-14825.816604439751
127,22,0.3591086417394851,-6.698604526439531,3.0,1.0,0.4680560430160005,-14826.884506172473,14829.52476025594,-0.08633751128400036,1.674974213288806,2.0,0.0,0.013469523140679434,0.013469523140679434,-3.1101722020953497,-14822.305308333012,-14825.415480535108
128,22,0.3591086417394851,-6.698604526439531,3.0,1.0,0.7269324716062813,-14826.884506172473,14828.071243739447,0.0,0.47352829949704756,2.0,0.0,0.013469523140679434,0.013469523140679434,-3.1101722020953497,-14822.305308333012,-14825.415480535108
129,22,0.3584232745056757,-6.678732313362823,3.0,1.0,0.9419456534421066,-14827.62983537501,14827.660157524775,0.12470197826769436,0.12470197826769436,2.0,0.0,0.013469523140679434,0.013469523140679434,-3.0687684812460847,-14823.091199734989,-14826.159968216234
130,22,0.35926979372031026,-6.716228377835484,7.0,1.0,0.8144912265167026,-14827.577048839077,14828.66780114895,0.05779092858392687,0.40639807066327194,2.0,0.0,0.013469523140679434,0.013469523140679434,-3.147221877887665,-14822.96099849729,-14826.108220375178
131,22,0.35774096506203196,-6.690009845983579,7.0,1.0,0.8699045078796596,-14827.0167466475,14827.943076536754,-0.15659073023380188,0.34123787463431654,2.0,0.0,0.013469523140679434,0.013469523140679434,-3.092216737149724,-14822.453820219134,-14825.546036956284
132,22,0.3560733163352089,-6.6986663188625375,3.0,1.0,0.91201632691689,-14827.202003682085,14827.46609739408,0.10924067526684667,0.11810384535237972,1.0,0.0,0.013469523140679434,0.013469523140679434,-3.110301562384804,-14822.618913090528,-14825.729214652913
133,22,0.3583989272620649,-6.692744234139765,3.0,1.0,0.9777174295194987,-14826.89097545361,14827.24631448141,-0.14792392472736537,-0.14792392472736537,2.0,0.0,0.013469523140679434,0.013469523140679434,-3.0979212364628563,-14822.323157075672,-14825.421078312136
134,22,0.35981622150729264,-6.6883357054147075,3.0,1.0,0.8077271469890102,-14827.178090101228,14827.664939195478,0.07200384393581771,0.3584355129241885,2.0,0.0,0.013469523140679434,0.013469523140679434,-3.088727823868655,-14822.621200413714,-14825.709928237582
135,22,0.3556870112368121,-6.696206835805398,3.0,1.0,0.8587580100370138,-14827.402817154707,14828.181071610537,0.16190362646375434,0.3057998866934213,2.0,0.0,0.013469523140679434,0.013469523140679434,-3.105155668644267,-14822.824386705763,-14825.929542374406
136,22,0.35578001728156883,-6.699721125768823,7.0,1.0,0.9728050657732735,-14827.303618027247,14827.575423995111,-0.04527180615514226,-0.24242166451585945,2.0,0.0,0.013469523140679434,0.013469523140679434,-3.112510352872847,-14822.717949983129,-14825.830460336001
137,22,0.35578001728156883,-6.699721125768823,3.0,1.0,0.2984508351747684,-14827.303618027247,14830.410500160375,0.0,1.967752362945248,1.0,0.0,0.013469523140679434,0.013469523140679434,-3.112510352872847,-14822.717949983129,-14825.830460336001
138,22,0.3617169762301892,-6.674870103030007,3.0,1.0,0.9382278485085287,-14828.601815942953,14828.639139395864,0.2049555288431293,0.2049555288431293,2.0,0.0,0.013469523140679434,0.013469523140679434,-3.0607674065063297,-14824.075181846802,-14827.135949253308
139,22,0.3570915212343154,-6.705462894494405,3.0,1.0,0.7147479442314674,-14826.961846488057,14829.20560996319,-0.37127018493083597,0.6640176920791419,2.0,0.0,0.013469523140679434,0.013469523140679434,-3.124553263907066,-14822.365777156483,-14825.49033042039
140,22,0.35843675655693163,-6.734142711628659,3.0,1.0,0.5664953132311001,-14829.192324965019,14829.838693664975,0.4330241830939485,0.6793981417795294,2.0,0.0,0.013469523140679434,0.013469523140679434,-3.1852005406708632,-14824.537273865597,-14827.722474406268
141,22,0.35798200754695375,-6.69543497024547,3.0,1.0,0.7455220826849954,-14826.84838963053,14829.808908386933,-0.4724865582993516,0.5845172615427146,2.0,0.0,0.013469523140679434,0.013469523140679434,-3.103541967357947,-14822.274436161022,-14825.37797812838
142,22,0.35798200754695375,-6.69543497024547,3.0,1.0,0.4149646762360897,-14826.84838963053,14831.773990376536,0.0,1.1725110219013004,2.0,0.0,0.013469523140679434,0.013469523140679434,-3.103541967357947,-14822.274436161022,-14825.37797812838
143,22,0.35456593047921087,-6.720028773204434,3.0,1.0,0.6547493530624067,-14828.407662043814,14829.443424521192,0.4055168433988001,0.4462783314247645,1.0,0.0,0.013469523140679434,0.013469523140679434,-3.1552519551660256,-14823.77771690742,-14826.932968862586
144,22,0.3556532642673214,-6.732795985818256,3.0,1.0,1.0,-14829.104762098963,14829.418368275343,-0.024048673611105187,-0.40911334043084935,2.0,0.0,0.013469523140679434,0.013469523140679434,-3.182334305256147,-14824.44911050593,-14827.631444811186
145,22,0.35854560550862946,-6.737622563784083,7.0,1.0,0.8787841665593056,-14829.696242189992,14830.240426406988,0.1732068473193067,0.49532522098706977,3.0,0.0,0.013469523140679434,0.013469523140679434,-3.192615104988564,-14825.03391048055,-14828.226525585538
146,22,0.35632971401596664,-6.66112625426285,3.0,1.0,0.7664960859135593,-14830.452402087725,14832.853482944649,0.3007182344681496,0.44322617591205926,2.0,0.0,0.013469523140679434,0.013469523140679434,-3.032416210542576,-14825.947518401126,-14828.979934611669
147,22,0.3593920944323231,-6.669164827054035,1.0,1.0,1.0,-14828.57157688025,14829.960255579335,-0.6597961024035612,-0.6597961024035612,1.0,0.0,0.013469523140679434,0.013469523140679434,-3.048975472379141,-14824.053922405421,-14827.1028978778
148,22,0.35927716132649284,-6.7025469699579086,3.0,1.0,0.944440808236581,-14826.958267452595,14828.716161962346,-0.24982709106552647,-0.24982709106552647,2.0,0.0,0.013469523140679434,0.013469523140679434,-3.1184332201724603,-14822.37101477665,-14825.489447996822
149,22,0.3585983794119627,-6.679018865316955,3.0,1.0,0.8842167315154512,-14827.597545187626,14827.80745077706,0.08490775655627658,0.15427297838323284,2.0,0.0,0.013469523140679434,0.013469523140679434,-3.06936270558171,-14823.058530779928,-14826.12789348551
150,22,0.36027440424002144,-6.690269678341971,7.0,1.0,0.8483195020784736,-14827.242165264788,14828.330667444361,-0.01878143682006339,0.35544858388129796,3.0,0.0,0.013469523140679434,0.013469523140679434,-3.0927584797118763,-14822.681801529996,-14825.774560009708
51,23,0.35714710707112024,-6.697358361482016,3.0,1.0,0.9705693531959617,-14826.922451229615,14827.06778945255,-0.09367698536880198,-0.09367698536880198,2.0,0.0,0.015968808078149682,0.015968808078149682,-3.1075642140429727,-14822.34344013482,-14825.451004348863
52,23,0.35436737622818393,-6.691775191166784,1.0,1.0,0.5457982072100115,-14828.312740889945,14828.337541530012,0.6055059554146283,0.6055059554146283,1.0,0.0,0.01379969723742563,0.01379969723742563,-3.0958987570230603,-14823.741896384083,-14826.837795141106
53,23,0.3533977241552223,-6.701221222836976,7.0,1.0,0.8588686225579382,-14828.73664997434,14829.522017903946,0.171094094936052,0.6246678277038882,2.0,0.0,0.01379969723742563,0.01379969723742563,-3.1156535077423153,-14824.144811413638,-14827.26046492138
54,23,0.36294579964584195,-6.713283448403829,3.0,1.0,0.9129822065681935,-14829.47650701492,14829.896714879642,0.3025295937895862,-0.6779098976185196,2.0,0.0,0.01379969723742563,0.01379969723742563,-3.1410092967912364,-14824.871095409862,-14828.012104706653
55,23,0.3612920832792821,-6.703112175762073,3.0,1.0,1.0,-14827.72973143113,14829.156020435219,-0.7327203179920616,-0.9263461237733281,2.0,0.0,0.01379969723742563,0.01379969723742563,-3.119618829433081,-14823.143736025428,-14826.26335485486
56,23,0.36263858016805667,-6.706654411727886,3.0,1.0,0.8126106892721191,-14828.783401596962,14829.14597824885,0.46368828100639803,0.46368828100639803,2.0,0.0,0.01379969723742563,0.01379969723742563,-3.1270565087212656,-14824.191578094382,-14827.318634603103
57,23,0.3599949527313817,-6.699585563442353,1.0,1.0,1.0,-14827.096960210838,14828.145892055241,-0.7444353515693365,-0.7444353515693365,1.0,0.0,0.01379969723742563,0.01379969723742563,-3.1122264198631124,-14822.51678930685,-14825.629015726714
58,23,0.36297547462435575,-6.708993329391345,1.0,1.0,0.3982144396733623,-14829.197938901418,14829.326385869337,0.9207646256454609,0.9207646256454609,1.0,0.0,0.01379969723742563,0.01379969723742563,-3.131974442564247,-14824.60159732606,-14827.733571768624
59,23,0.3589121751449866,-6.703440015028906,3.0,1.0,1.0,-14826.91255017611,14828.197750342037,-1.0059179134877922,-1.0359772563588194,2.0,0.0,0.01379969723742563,0.01379969723742563,-3.120306670936158,-14822.322977128078,-14825.443283799015
60,23,0.3625338229021085,-6.703448684649214,3.0,1.0,0.6652912111581991,-14828.554168719624,14828.594268723677,0.7342836334846652,0.7342836334846652,2.0,0.0,0.01379969723742563,0.01379969723742563,-3.12032486217646,-14823.968952294075,-14827.089277156252
61,23,0.3540163557028946,-6.69934294410986,3.0,1.0,1.0,-14828.298745335815,14828.519503983358,-0.12316884917527204,-0.7518897656882473,2.0,0.0,0.01379969723742563,0.01379969723742563,-3.111718303634342,-14823.71163377387,-14826.823352077505
62,23,0.3552258908280051,-6.681223749027894,3.0,1.0,0.7539094907836456,-14828.481982005842,14830.449436792234,-0.001661058580793906,0.5453294170492882,2.0,0.0,0.01379969723742563,0.01379969723742563,-3.0739377315098038,-14823.93418765279,-14827.0081253843
63,23,0.36095148446320335,-6.723064229195096,3.0,1.0,0.9702640563637764,-14828.902832321144,14829.125065146985,0.09344054266512103,-0.6050485625564761,2.0,0.0,0.01379969723742563,0.01379969723742563,-3.1616761223305296,-14824.274369573735,-14827.436045696066
64,23,0.3544959797939715,-6.6939717949819,3.0,1.0,1.0,-14828.12914054732,14828.782534580803,-0.13522341692987538,-0.6353738988873374,2.0,0.0,0.01379969723742563,0.01379969723742563,-3.100484614072236,-14823.553873819012,-14826.654358433085
65,23,0.35577650922600673,-6.710818067543818,3.0,1.0,0.9444533128271155,-14827.438151926079,14828.393940595468,-0.38697217740082124,-0.4681738549807051,1.0,0.0,0.01379969723742563,0.01379969723742563,-3.1358150337547337,-14822.829174786266,-14825.96498982002
66,23,0.35948315999731983,-6.715124436165099,3.0,1.0,0.9860155352126565,-14827.561405657363,14827.948076644336,0.04285885330318706,-0.1106602963154728,2.0,0.0,0.01379969723742563,0.01379969723742563,-3.144892002124683,-14822.947945843447,-14826.092837845572
67,23,0.35706339319946345,-6.677799951707203,7.0,1.0,0.9827170754342068,-14827.963914517204,14828.152420417806,0.07965331806553877,-0.22339477826608345,2.0,0.0,0.01379969723742563,0.01379969723742563,-3.0668356060771034,-14823.425527820807,-14826.492363426885
68,23,0.36013025368721224,-6.698621954900249,3.0,1.0,1.0,-14827.13057785556,14827.915152157366,-0.17782282517509884,-0.26412963413167745,2.0,0.0,0.01379969723742563,0.01379969723742563,-3.110208687585394,-14822.552589026072,-14825.662797713658
69,23,0.36116210379099006,-6.707364789602862,3.0,1.0,0.8514893524586523,-14827.827257399227,14828.024566921993,0.29817621753500134,0.29817621753500134,2.0,0.0,0.01379969723742563,0.01379969723742563,-3.1285496089382057,-14823.232174869481,-14826.36072447842
70,23,0.35845585448486705,-6.723024945096009,3.0,1.0,0.9666129175928803,-14827.953594003859,14828.698824231104,-0.19785264202255348,-0.3454796339847235,2.0,0.0,0.01379969723742563,0.01379969723742563,-3.1615929235427016,-14823.322174033065,-14826.483766956608
71,23,0.36002145429762633,-6.666999842088149,3.0,1.0,0.917332023974213,-14828.889738560292,14829.304027594968,0.0998351449961774,-0.24856590473245888,2.0,0.0,0.01379969723742563,0.01379969723742563,-3.0445092985915148,-14824.377316982134,-14827.421826280726
72,23,0.3567876463772268,-6.715986343705238,3.0,1.0,0.991360224660403,-14827.417075111576,14828.989473111089,-0.2441945339760423,-0.2441945339760423,2.0,0.0,0.01379969723742563,0.01379969723742563,-3.1467109590445617,-14822.798469295474,-14825.945180254519
73,23,0.3585957341944676,-6.69327551671842,3.0,1.0,0.96445906425074,-14826.883053604151,14827.492323946692,-0.09932801879949693,-0.09932801879949693,2.0,0.0,0.01379969723742563,0.01379969723742563,-3.099030469316881,-14822.31436818026,-14825.413398649576
74,23,0.35479632415125484,-6.7079406327381905,3.0,1.0,0.7806304032786345,-14827.801305758781,14827.920831893025,0.35873318560334155,0.3588211527621752,2.0,0.0,0.01379969723742563,0.01379969723742563,-3.1297603090674793,-14823.19714482525,-14826.326905134318
75,23,0.35408517067834133,-6.712622750875794,1.0,1.0,0.8500660503035958,-14828.334990274816,14828.645649317792,0.1624412262772239,0.1624412262772239,1.0,0.0,0.01379969723742563,0.01379969723742563,-3.139616689830552,-14823.720068158289,-14826.85968484812
76,23,0.35472799981091435,-6.694811855625635,3.0,1.0,0.7682129259707938,-14827.950491492049,14830.232308066394,-0.05490178808577184,0.502919372100223,2.0,0.0,0.01379969723742563,0.01379969723742563,-3.1022396869474638,-14823.37376447884,-14826.476004165786
77,23,0.3540648683974195,-6.699040989971664,1.0,1.0,0.8750358628818646,-14828.27050364972,14828.782076312622,0.13349040731372952,0.13349040731372952,1.0,0.0,0.01379969723742563,0.01379969723742563,-3.11108600509208,-14823.684086310335,-14826.795172315427
78,23,0.35936262782812156,-6.670956605533417,3.0,1.0,0.8808709337623242,-14828.366369693782,14830.453996103888,-0.3489736725696275,0.44221291141730035,2.0,0.0,0.01379969723742563,0.01379969723742563,-3.0526752987936208,-14823.84497939587,-14826.897654694663
79,23,0.35903753523994886,-6.672574441539712,1.0,1.0,1.0,-14828.18430375163,14828.542937603452,-0.029520286896513426,-0.029520286896513426,1.0,0.0,0.01379969723742563,0.01379969723742563,-3.05601871114115,-14823.659172318423,-14826.715191029563
80,23,0.35814532323441595,-6.693500445370219,7.0,1.0,0.983499672543641,-14826.877677489247,14828.29907205207,-0.23834631417230412,-0.23881427570631786,2.0,0.0,0.01379969723742563,0.01379969723742563,-3.0995001693301862,-14822.307967514696,-14825.407467684026
81,23,0.3579635549471444,-6.712919700581816,7.0,1.0,0.962669052134218,-14827.175447688158,14827.208410277308,0.05506442985279136,0.06882490855969081,2.0,0.0,0.01379969723742563,0.01379969723742563,-3.1402425413397146,-14822.564770838322,-14825.705013379662
82,23,0.3606023272820674,-6.674754873773238,7.0,1.0,0.3731697902234226,-14828.195719188237,14830.772832366238,0.20592771680639999,2.108029923723734,2.0,0.0,0.01379969723742563,0.01379969723742563,-3.0605289231620447,-14823.667982068604,-14826.728510991767
83,23,0.3578584905697707,-6.722027244762155,3.0,1.0,0.6628288719129317,-14827.798428549382,14832.277058957852,-0.001455166067898972,0.7643661163056095,1.0,0.0,0.01379969723742563,0.01379969723742563,-3.1594804368454636,-14823.168383884167,-14826.327864321012
84,23,0.36280657450883513,-6.671348318542709,3.0,1.0,0.7502867514939617,-14829.497622749972,14829.890378988375,0.4701868649935932,0.4701868649935932,2.0,0.0,0.01379969723742563,0.01379969723742563,-3.0534845709281164,-14824.979570720907,-14828.033055291835
85,23,0.35176120657198656,-6.717197780783887,7.0,1.0,0.39614008324518285,-14830.417696584514,14835.265850437248,0.6853960727676167,3.544492857385194,2.0,0.0,0.01379969723742563,0.01379969723742563,-3.1492688137941305,-14825.79012890457,-14828.939397718363
86,23,0.3604196493196099,-6.733414028123013,3.0,1.0,0.8977749274678825,-14829.854327950248,14831.607612414064,-0.49369699668022804,-0.49369699668022804,2.0,0.0,0.01379969723742563,0.01379969723742563,-3.18364945899728,-14825.203249237626,-14828.386898696623
87,23,0.36028848584505296,-6.733165625872594,1.0,1.0,1.0,-14829.749416202252,14830.598773902313,-0.04207267608944676,-0.04207267608944676,1.0,0.0,0.01379969723742563,0.01379969723742563,-3.183120829289293,-14825.098707190708,-14828.281828019997
88,23,0.35948492562801604,-6.727726787076729,1.0,1.0,1.0,-14828.70980657419,14829.750518591021,-0.3215069038924412,-0.3215069038924412,1.0,0.0,0.01379969723742563,0.01379969723742563,-3.1715617956171482,-14824.069679121776,-14827.241240917394
89,23,0.3558962373131104,-6.6805687172163175,7.0,1.0,0.9585763808459112,-14828.175495519092,14829.20602757847,-0.02646692159032682,-0.49754714148002677,2.0,0.0,0.01379969723742563,0.01379969723742563,-3.072578064916813,-14823.629905951666,-14826.702484016583
90,23,0.35433679911259236,-6.705917038520534,3.0,1.0,0.8470157117383735,-14828.043077849785,14829.355970317001,0.004815864875126863,0.3217370201818994,2.0,0.0,0.01379969723742563,0.01379969723742563,-3.1255072024171553,-14823.442585967126,-14826.568093169544
91,23,0.35755701728450695,-6.690303825268956,3.0,1.0,0.9876967944510809,-14827.030909647663,14828.201339141979,-0.42525650382049207,-0.42525650382049207,1.0,0.0,0.01379969723742563,0.01379969723742563,-3.0928296800350057,-14822.467142317964,-14825.559971998
92,23,0.3563869330005189,-6.7183473679386125,3.0,1.0,0.8848162062019015,-14827.635622684114,14828.104149639466,0.10794471430381236,0.20683261953672627,2.0,0.0,0.01379969723742563,0.01379969723742563,-3.1516974343628466,-14823.011529440746,-14826.16322687511
93,23,0.36118912489201066,-6.669958814619124,7.0,1.0,0.8856282286301206,-14828.838340110928,14829.175177406096,0.22913851212615555,0.24374742840154795,3.0,0.0,0.01379969723742563,0.01379969723742563,-3.0506145736666848,-14824.321225132586,-14827.371839706253
94,23,0.3603906911167103,-6.676208454870385,3.0,1.0,1.0,-14828.017067976887,14828.746116754952,-0.17485246014621225,-0.3568207205280487,2.0,0.0,0.01379969723742563,0.01379969723742563,-3.063538288792157,-14823.486065361301,-14826.549603650094
95,23,0.35889139228774486,-6.691800265051273,3.0,1.0,0.5865610262537823,-14826.93501830939,14829.455929663232,-0.21928830329670745,1.1357467337293201,2.0,0.0,0.01379969723742563,0.01379969723742563,-3.095951076630284,-14822.369775366444,-14825.465726443073
96,23,0.3574128200081933,-6.698096424982351,3.0,1.0,0.9008480975830037,-14826.871931728723,14827.16435717915,0.0024248867593996692,0.16235917077392514,2.0,0.0,0.01379969723742563,0.01379969723742563,-3.109108654140002,-14822.291706485164,-14825.400815139305
97,23,0.3577566636046769,-6.693791942389331,3.0,1.0,0.9934013534589786,-14826.897823582673,14826.945466977772,0.00045994267384230625,0.019525490462910966,1.0,0.0,0.01379969723742563,0.01379969723742563,-3.1001089538609734,-14822.327024376069,-14825.42713332993
98,23,0.35724322019132504,-6.698398241388403,3.0,1.0,0.45613822337754883,-14826.895291933188,14829.095060903092,0.011285689839496627,1.7077201230840728,2.0,0.0,0.01379969723742563,0.01379969723742563,-3.109740379162158,-14822.314224229138,-14825.4239646083
99,23,0.35680628240705997,-6.708362589792207,3.0,1.0,0.9624626320998338,-14827.081412067431,14827.230261854862,0.030640485869298573,0.07050736967903504,1.0,0.0,0.01379969723742563,0.01379969723742563,-3.130647676914341,-14822.47889279114,-14825.609540468055
100,23,0.35817983687293614,-6.689870360332613,3.0,1.0,0.942335785229142,-14826.983940630107,14827.70385801616,-0.03499692568766477,0.09230257843410072,1.0,0.0,0.01379969723742563,0.01379969723742563,-3.0919259416607123,-14822.421847473097,-14825.513773414757
101,23,0.36023002937398935,-6.689705372502842,3.0,1.0,0.6294173880454107,-14827.24312123357,14828.347023684451,0.09123652783273428,0.8238182588775089,2.0,0.0,0.01379969723742563,0.01379969723742563,-3.0915820051137164,-14822.68388015922,-14825.775462164334
102,23,0.35670047996730114,-6.686004337323096,3.0,1.0,0.8757435236611006,-14827.44741647298,14828.02005922692,0.08959795285591099,0.25594835996525944,2.0,0.0,0.01379969723742563,0.01379969723742563,-3.0838739158857083,-14822.891538869386,-14825.975412785272
103,23,0.35952376813772546,-6.700247099181068,3.0,1.0,0.9156964111612482,-14826.976677841074,14827.739139821046,-0.14522601928365475,0.20151500487736485,2.0,0.0,0.01379969723742563,0.01379969723742563,-3.113612169301779,-14822.394547415139,-14825.50815958444
104,23,0.35988847684714015,-6.708322813370072,3.0,1.0,0.9127583891672167,-14827.307656931238,14827.434647336253,0.11944081160436326,0.11944081160436326,1.0,0.0,0.01379969723742563,0.01379969723742563,-3.130564020236537,-14822.709018966056,-14825.839582986293
105,23,0.35822160079595045,-6.700935047373231,3.0,1.0,0.9790286447009375,-14826.821744902274,14827.493545839214,-0.18871770587975334,-0.18871770587975334,2.0,0.0,0.01379969723742563,0.01379969723742563,-3.1150537103130103,-14822.23657549706,-14825.351629207373
106,23,0.35538925199227384,-6.6716181096985965,3.0,1.0,0.509685374555787,-14829.42329681912,14830.192224001923,0.8431077567493048,0.8738670734182961,2.0,0.0,0.01379969723742563,0.01379969723742563,-3.054042043908402,-14824.895604533669,-14827.949646577577
107,23,0.3561437529758616,-6.740308350584043,3.0,1.0,0.8957747047642471,-14829.961975014156,14831.20962949417,-0.247644250814119,-0.7000791617683717,2.0,0.0,0.01379969723742563,0.01379969723742563,-3.1983460241617587,-14825.290928364151,-14828.489274388312
108,23,0.35849879457889006,-6.707500453475847,3.0,1.0,0.9667192590992576,-14826.97473579506,14829.957234227706,-0.5016938746484811,-0.5016938746484811,2.0,0.0,0.01379969723742563,0.01379969723742563,-3.128834810002242,-14822.376126787845,-14825.504961597848
109,23,0.3584753324856682,-6.6928741808779755,3.0,1.0,0.9707283409756204,-14826.888613863479,14827.29377875931,-0.029979388516949257,0.06549920582438062,1.0,0.0,0.01379969723742563,0.01379969723742563,-3.0981925183442645,-14822.320618273456,-14825.4188107918
110,23,0.3596388596404468,-6.689962857075804,7.0,1.0,0.7179438149513808,-14827.089432969977,14827.927966606248,0.05603756557866291,0.6523035981135763,3.0,0.0,0.01379969723742563,0.01379969723742563,-3.0921187739151925,-14822.52893629739,-14825.621055071306
111,23,0.35630308556334617,-6.686334271151734,3.0,1.0,0.8620957583765697,-14827.568387354793,14827.676998005445,0.20965176143181452,0.22086204024344624,2.0,0.0,0.01379969723742563,0.01379969723742563,-3.0845605078921854,-14823.011326007092,-14826.095886514984
112,23,0.35630308556334617,-6.686334271151734,3.0,1.0,0.7568616425035306,-14827.568387354793,14828.745623191373,0.0,0.5707749248413165,1.0,0.0,0.01379969723742563,0.01379969723742563,-3.0845605078921854,-14823.011326007092,-14826.095886514984
113,23,0.3541750808852659,-6.70041740544191,3.0,1.0,0.7776839476173252,-14828.169246534406,14828.88148693296,0.30598593130162044,0.5164164511534182,1.0,0.0,0.01379969723742563,0.01379969723742563,-3.113968988519153,-14823.580086801572,-14826.69405579009
114,23,0.3621109347916441,-6.689035077292093,7.0,1.0,1.0,-14828.113364827064,14828.491776923598,-0.10278781690976757,-0.4572928567449708,2.0,0.0,0.01379969723742563,0.01379969723742563,-3.0901849758093936,-14823.557784297112,-14826.647969272923
115,23,0.3559807739119095,-6.697772288998754,3.0,1.0,1.0,-14827.249537719934,14828.709003564987,-0.2845469135991152,-0.2845469135991152,2.0,0.0,0.01379969723742563,0.01379969723742563,-3.1084303139669984,-14822.668202151364,-14825.776632465331
116,23,0.35479123498580734,-6.711016617314008,3.0,1.0,0.7238794908643249,-14827.876314122183,14829.163274835115,0.1852660589356674,0.4207210779095476,2.0,0.0,0.01379969723742563,0.01379969723742563,-3.1362331293687222,-14823.265673911996,-14826.401907041365
117,23,0.35479123498580734,-6.711016617314008,1.0,1.0,0.35299498518003586,-14827.876314122183,14829.642929643165,0.0,1.0413014284386009,1.0,0.0,0.01379969723742563,0.01379969723742563,-3.1362331293687222,-14823.265673911996,-14826.401907041365
118,23,0.3617115794586758,-6.699032175851318,7.0,1.0,0.9231363827800788,-14827.867752724871,14828.517656401029,0.09444054177765793,0.3221137976452155,2.0,0.0,0.01379969723742563,0.01379969723742563,-3.1110675495016697,-14823.290812020843,-14826.401879570345
119,23,0.35501048004761576,-6.681570452088156,3.0,1.0,0.9329800406508003,-14828.584143392643,14828.839500643386,0.2244692772601411,-0.36676613729650853,2.0,0.0,0.01379969723742563,0.01379969723742563,-3.074657565734883,-14824.035356647773,-14827.110014213507
120,23,0.3569632720887319,-6.687375716457525,3.0,1.0,1.0,-14827.29134366318,14828.149528353588,-0.5256483791890787,-0.640592787098285,2.0,0.0,0.01379969723742563,0.01379969723742563,-3.086728468763421,-14822.732939375857,-14825.81966784462
121,23,0.35628384803550206,-6.700373202288522,3.0,1.0,0.9700178538055312,-14827.115573884968,14827.631715990407,-0.029627807616634527,0.09425182250379294,1.0,0.0,0.01379969723742563,0.01379969723742563,-3.113876372961885,-14822.529172564266,-14825.643048937227
122,23,0.3578676880646619,-6.7063849989064765,3.0,1.0,0.9663516159777347,-14826.916036874061,14827.504511841458,-0.10872907241719076,-0.10872907241719076,2.0,0.0,0.01379969723742563,0.01379969723742563,-3.1264903782184956,-14822.318993645365,-14825.445484023585
123,23,0.3578676880646619,-6.7063849989064765,3.0,1.0,0.5366467565747083,-14826.916036874061,14828.65185971559,0.0,1.042772436654559,1.0,0.0,0.01379969723742563,0.01379969723742563,-3.1264903782184956,-14822.318993645365,-14825.445484023585
124,23,0.3580291171585752,-6.702623647101459,3.0,1.0,0.9975761791112827,-14826.838609106937,14826.93944806416,-0.013517432853404898,-0.015174015888987924,2.0,0.0,0.01379969723742563,0.01379969723742563,-3.1185940439728954,-14822.249661769769,-14825.368255813743
125,23,0.3598723480700893,-6.6920402775159245,7.0,1.0,0.9263333772076793,-14827.09175391409,14827.309948339729,0.08254447229592188,0.11552775757809286,2.0,0.0,0.01379969723742563,0.01379969723742563,-3.096451922661367,-14822.527208425943,-14825.623660348605
126,23,0.3608840720458124,-6.707714831731251,7.0,1.0,0.8477354222287526,-14827.69771830232,14828.141341884642,0.29146265209237754,0.30788565882176044,2.0,0.0,0.01379969723742563,0.01379969723742563,-3.1292855268762882,-14823.101564852992,-14826.230850379869
127,23,0.3608840720458124,-6.707714831731251,1.0,1.0,0.7074627418899491,-14827.69771830232,14828.491933445997,0.0,0.3460703124910651,1.0,0.0,0.01379969723742563,0.01379969723742563,-3.1292855268762882,-14823.101564852992,-14826.230850379869
128,23,0.3579814750398054,-6.697889172784362,3.0,1.0,0.9909070476164407,-14826.822307421624,14827.452260235797,-0.3693879686506989,-0.3693879686506989,2.0,0.0,0.01379969723742563,0.01379969723742563,-3.1086749120534782,-14822.24322034932,-14825.351895261374
129,23,0.3577962420947738,-6.6920309103024005,3.0,1.0,0.9766512058977176,-14826.940855310228,14826.96985233495,0.032005490549636306,0.032005490549636306,2.0,0.0,0.01379969723742563,0.01379969723742563,-3.096432374547495,-14822.373781679174,-14825.470214053723
130,23,0.358336015310758,-6.716059321822352,7.0,1.0,0.9393203280988291,-14827.387227575371,14827.457558025499,0.0885433095463668,0.13122919096895203,2.0,0.0,0.01379969723742563,0.01379969723742563,-3.14686500509623,-14822.770387927105,-14825.9172529322
131,23,0.359021307972222,-6.723404385933443,1.0,1.0,0.8273648809794995,-14828.110611716702,14828.139781143585,0.18950947088887915,0.18950947088887915,1.0,0.0,0.01379969723742563,0.01379969723742563,-3.1623965961137355,-14823.479082517635,-14826.641479113749
132,23,0.3581983815960861,-6.677281129318012,3.0,1.0,0.770069206863894,-14827.774386632433,14829.247993969877,-0.1284039614674839,0.48516149821080035,2.0,0.0,0.01379969723742563,0.01379969723742563,-3.0657604139384804,-14823.238481882327,-14826.304242296264
133,23,0.35595665848551555,-6.702294094057158,3.0,1.0,0.8898657385971803,-14827.224439287342,14828.859025498448,-0.026047463616123423,0.30476670397365524,1.0,0.0,0.01379969723742563,0.01379969723742563,-3.117902876102111,-14822.633600855217,-14825.751503731319
134,23,0.35582383738869766,-6.717582610912886,3.0,1.0,0.9589442829973427,-14827.73619584306,14828.08336798132,0.04275143708582618,0.08481379915974685,2.0,0.0,0.01379969723742563,0.01379969723742563,-3.1500816596929986,-14823.113011628111,-14826.263093287804
135,23,0.3596644556368051,-6.7099859766904855,3.0,1.0,0.9445555549889596,-14827.313937403798,14828.199356870327,-0.031631594902137294,0.13036870153518976,2.0,0.0,0.01379969723742563,0.01379969723742563,-3.134063289599746,-14822.711527412395,-14825.845590701994
136,23,0.3555433783583057,-6.698593893421898,3.0,1.0,0.8682661441099454,-14827.41998401877,14827.842507101783,0.08910481615566823,0.21146682091421098,2.0,0.0,0.01379969723742563,0.01379969723742563,-3.1101499426276256,-14822.836378295347,-14825.946528237975
137,23,0.35606489115388723,-6.693098255231485,3.0,1.0,0.9120841805242215,-14827.336608876907,14827.992489918423,-0.04135164585932216,0.1681605053381645,2.0,0.0,0.01379969723742563,0.01379969723742563,-3.098660344371896,-14822.7651489257,-14825.863809270073
138,23,0.3608882646912737,-6.686038514667634,3.0,1.0,0.9997049215659318,-14827.587866173242,14827.865239966068,0.0008856273543642601,-0.017685673887172015,2.0,0.0,0.01379969723742563,0.01379969723742563,-3.0839450338554695,-14823.037058274484,-14826.121003308339
139,23,0.3570475390640896,-6.711506622623263,3.0,1.0,0.49171489453739864,-14827.154985962536,14829.648224858913,-0.15253579339150747,1.507834345631636,2.0,0.0,0.01379969723742563,0.01379969723742563,-3.1372651253531503,-14822.546150003056,-14825.68341512841
140,23,0.3570475390640896,-6.711506622623263,1.0,1.0,0.813146837104024,-14827.154985962536,14827.516744118127,0.0,0.20684357429854572,1.0,0.0,0.01379969723742563,0.01379969723742563,-3.1372651253531503,-14822.546150003056,-14825.68341512841
141,23,0.3570475390640896,-6.711506622623263,3.0,1.0,0.6620496962968869,-14827.154985962536,14830.624339653297,0.0,0.5872147526588378,1.0,0.0,0.01379969723742563,0.01379969723742563,-3.1372651253531503,-14822.546150003056,-14825.68341512841
142,23,0.35830404001662935,-6.684980035013685,3.0,1.0,0.6490459868799305,-14827.205552110034,14828.371888686535,0.009461233194087981,0.767466098695877,2.0,0.0,0.01379969723742563,0.01379969723742563,-3.0817430372566044,-14822.653795023507,-14825.735538060764
143,23,0.358326549328193,-6.708488065484371,3.0,1.0,1.0,-14826.995722124091,14827.240100090716,-0.03619435485234135,-0.0735322037453443,2.0,0.0,0.01379969723742563,0.01379969723742563,-3.1309115843090365,-14822.394824231898,-14825.525735816207
144,23,0.358326549328193,-6.708488065484371,3.0,1.0,0.7101946081668123,-14826.995722124091,14827.71634734126,0.0,0.5458708891874267,1.0,0.0,0.01379969723742563,0.01379969723742563,-3.1309115843090365,-14822.394824231898,-14825.525735816207
145,23,0.35868636184113584,-6.6818600673161965,7.0,1.0,0.7403651325394447,-14827.386830109454,14829.282846170905,0.052922390819730936,0.5162683465514419,3.0,0.0,0.01379969723742563,0.01379969723742563,-3.0752589648099433,-14822.842027581777,-14825.917286546586
146,23,0.35868636184113584,-6.6818600673161965,3.0,1.0,0.4249663983105496,-14827.386830109454,14830.514936579912,0.0,1.8691411703275662,1.0,0.0,0.01379969723742563,0.01379969723742563,-3.0752589648099433,-14822.842027581777,-14825.917286546586
147,23,0.35874696905606107,-6.707489383563952,7.0,1.0,0.9147854706684269,-14827.003329638179,14827.695055224865,-0.05090184383880114,0.19821767078065022,2.0,0.0,0.01379969723742563,0.01379969723742563,-3.128811537452679,-14822.405048984268,-14825.53386052172
148,23,0.35614403027214947,-6.727634871616961,3.0,1.0,0.8446269648863151,-14828.441593081216,14828.6994831494,0.2358456388956256,0.23613410883444885,2.0,0.0,0.01379969723742563,0.01379969723742563,-3.171366704075502,-14823.797526099224,-14826.9688928033
149,23,0.35562216852375195,-6.727140236966267,1.0,1.0,0.9608652804980697,-14828.52815837138,14828.808290986808,0.039921066625538515,0.039921066625538515,1.0,0.0,0.01379969723742563,0.01379969723742563,-3.1703169818288353,-14823.88448492337,-14827.054801905198
150,23,0.3574659416501746,-6.726665432119987,1.0,1.0,1.0,-14828.21534127712,14828.637206185605,-0.08212393139729102,-0.08212393139729102,1.0,0.0,0.01379969723742563,0.01379969723742563,-3.169309572884789,-14823.574981060225,-14826.744290633109
51,24,0.35441946247212597,-6.708253733490783,3.0,1.0,0.6431132208181577,-14828.020957951745,14828.626033746796,0.3136302104649076,0.6389749848767678,2.0,0.0,0.012814795873284816,0.012814795873284816,-3.1304187370929264,-14823.415659760762,-14826.546078497855
52,24,0.3607163454822072,-6.727291064100791,3.0,1.0,0.9259589380138465,-14829.236203985136,14829.43796099399,0.25118710404785816,-0.3294519812679937,2.0,0.0,0.012662847906467963,0.012662847906467963,-3.1706370438655807,-14824.598496545856,-14827.769133589722
53,24,0.3582142679557049,-6.7194127180727765,1.0,1.0,1.0,-14827.614519486413,14828.747355432075,-0.49704590705187,-0.49704590705187,1.0,0.0,0.012662847906467963,0.012662847906467963,-3.153949275442604,-14822.990445471485,-14826.144394746927
54,24,0.35575042625483616,-6.702022444823274,3.0,1.0,0.9441814943315062,-14827.30353772876,14828.112234338996,0.037170073575907736,0.1403750663084793,2.0,0.0,0.012662847906467963,0.012662847906467963,-3.1173332308957766,-14822.713009562958,-14825.830342793854
55,24,0.3561283261144211,-6.68687052978906,3.0,1.0,0.9084135976003086,-14827.606033293834,14828.207960997808,0.07975556512610638,0.2207728922894603,1.0,0.0,0.012662847906467963,0.012662847906467963,-3.0856766938952083,-14823.047636616582,-14826.133313310478
56,24,0.3537612704707507,-6.684125058872136,1.0,1.0,0.5400109305020974,-14829.28162195935,14829.407117478593,0.6161658979581262,0.6161658979581262,1.0,0.0,0.012662847906467963,0.012662847906467963,-3.0799652149488317,-14824.725937480745,-14827.805902695694
57,24,0.35869505314414857,-6.696114211741983,3.0,1.0,0.8434498249868172,-14826.845790413634,14829.899414195947,-0.8735690639769018,-0.8735690639769018,2.0,0.0,0.012662847906467963,0.012662847906467963,-3.1049619926226186,-14822.27129553634,-14825.376257528964
58,24,0.35964636910444425,-6.676443655550499,3.0,1.0,0.8868655561127877,-14827.856817526848,14827.948685873489,0.15217301308439346,0.15217301308439346,2.0,0.0,0.012662847906467963,0.012662847906467963,-3.064025426061221,-14823.324423355478,-14826.38844878154
59,24,0.3582830091893506,-6.671288627399055,7.0,1.0,0.8293359117056102,-14828.374002932118,14829.12893930634,0.10581548365371418,0.3735163261080743,3.0,0.0,0.012662847906467963,0.012662847906467963,-3.0533612401739085,-14823.850601718756,-14826.90396295893
60,24,0.3602634701601526,-6.6767360368920485,7.0,1.0,1.0,-14827.943536842566,14828.418241687652,-0.08316777163599909,-0.23966321460102336,3.0,0.0,0.012662847906467963,0.012662847906467963,-3.0646310705203916,-14823.411287258876,-14826.475918329395
61,24,0.35597811519398215,-6.712576338883347,7.0,1.0,1.0,-14827.436709802309,14827.98979581124,-0.047309664187196176,-0.1828598876218166,3.0,0.0,0.012662847906467963,0.012662847906467963,-3.1395188798350637,-14822.824282327443,-14825.963801207277
62,24,0.358252560165323,-6.688795247778943,7.0,1.0,0.8180551472580575,-14827.022445321376,14828.163691663907,-0.10268241698213387,0.3869171823589568,2.0,0.0,0.012662847906467963,0.012662847906467963,-3.0896852322661386,-14822.46268257453,-14825.552367806797
63,24,0.35647726850877265,-6.720300721039635,3.0,1.0,0.9133456663759901,-14827.75158719616,14827.916902146708,0.11703886693248933,0.12099648919138417,2.0,0.0,0.012662847906467963,0.012662847906467963,-3.1558271233583883,-14823.123477340894,-14826.279304464253
64,24,0.3576400747109643,-6.716592568382021,1.0,1.0,1.0,-14827.385498724427,14827.714260048713,-0.05920992812025361,-0.05920992812025361,1.0,0.0,0.012662847906467963,0.012662847906467963,-3.147990771641702,-14822.766673275473,-14825.914664047115
65,24,0.3591245266246364,-6.697535182857297,7.0,1.0,0.9627963930277117,-14826.88602913571,14827.724032834842,-0.061106472110623145,0.10985891049131169,3.0,0.0,0.012662847906467963,0.012662847906467963,-3.1079341732664085,-14822.309088772387,-14825.417022945652
66,24,0.3599294286132901,-6.698044783841672,1.0,1.0,0.9361380000187565,-14827.064677991402,14827.075614071273,0.0659923774546769,0.0659923774546769,1.0,0.0,0.012662847906467963,0.012662847906467963,-3.109000574375067,-14822.487653277733,-14825.596653852108
67,24,0.3554155238397847,-6.6905910191369085,3.0,1.0,0.8696826606547571,-14827.736827563234,14828.00641345008,0.24080820665403735,0.24080820665403735,2.0,0.0,0.012662847906467963,0.012662847906467963,-3.093428558870227,-14823.169781927263,-14826.263210486133
68,24,0.3588814656834165,-6.729977533955667,3.0,1.0,0.9370467358478027,-14828.779654359876,14829.198367027246,0.05134159748740785,0.14944466041743,2.0,0.0,0.012662847906467963,0.012662847906467963,-3.1763416661931747,-14824.134008651286,-14827.310350317479
69,24,0.3556918692534827,-6.717724811076044,7.0,1.0,1.0,-14827.787383956324,14829.175426712656,-0.17871311220187636,-0.35945910171176365,3.0,0.0,0.012662847906467963,0.012662847906467963,-3.1503820551949238,-14823.163733238987,-14826.314115294183
70,24,0.3555391312685558,-6.6856491111906475,3.0,1.0,0.6430625693321169,-14827.960372848733,14829.986401194948,0.17543195610051043,0.8447817805008526,2.0,0.0,0.012662847906467963,0.012662847906467963,-3.083134812310665,-14823.403776900372,-14826.486911712682
71,24,0.35763559219920077,-6.710825197918708,3.0,1.0,0.9242739479626185,-14827.076681972914,14828.212616381536,-0.34073829784756526,-0.34073829784756526,2.0,0.0,0.012662847906467963,0.012662847906467963,-3.1358300478389363,-14822.470011692272,-14825.605841740111
72,24,0.35629277446483154,-6.697795586425208,3.0,1.0,0.7466670676543904,-14827.137641785957,14827.946026625617,0.08305252252466744,0.4181132357225579,2.0,0.0,0.012662847906467963,0.012662847906467963,-3.108479066481975,-14822.556648958558,-14825.66512802504
73,24,0.35912500670244074,-6.713518921446257,3.0,1.0,0.980743422305545,-14827.36260734756,14827.702818713627,0.013957330806078971,-0.04517045168358891,2.0,0.0,0.012662847906467963,0.012662847906467963,-3.141505728358696,-14822.752096016846,-14825.893601745205
74,24,0.3579597244244853,-6.712299233156197,1.0,1.0,1.0,-14827.143659777039,14827.325476347332,-0.07967188135444303,-0.07967188135444303,1.0,0.0,0.012662847906467963,0.012662847906467963,-3.1389349439144585,-14822.534285789889,-14825.673220733803
75,24,0.36041667000452227,-6.7157990187149155,3.0,1.0,0.8538829370341513,-14827.967577565563,14828.001152053297,0.292240083359502,0.292240083359502,2.0,0.0,0.012662847906467963,0.012662847906467963,-3.1463155679735717,-14823.353829135913,-14826.500144703887
76,24,0.3590659508302525,-6.728750183950409,3.0,1.0,0.99381635582509,-14828.688435409707,14829.13298395878,0.018725159148743842,-0.3269069731559284,2.0,0.0,0.012662847906467963,0.012662847906467963,-3.1737345370774928,-14824.045622957547,-14827.219357494623
77,24,0.3558907191809732,-6.719760154556015,7.0,1.0,0.9808562569404479,-14827.854121462173,14828.725736617414,-0.17963794473325834,-0.3423773095892102,3.0,0.0,0.012662847906467963,0.012662847906467963,-3.15468390078872,-14823.226419120976,-14826.381103021764
78,24,0.3601391681902131,-6.682391180109207,7.0,1.0,0.7465896732881113,-14827.525310940153,14831.397211644611,-0.11768776814824378,0.6062385951136093,3.0,0.0,0.012662847906467963,0.012662847906467963,-3.076362062413431,-14822.98117955724,-14826.057541619653
79,24,0.36012360223823814,-6.674742915157025,3.0,1.0,0.8097980555144452,-14828.08264727417,14829.185119833963,0.07412576820570393,0.47361591560365923,2.0,0.0,0.012662847906467963,0.012662847906467963,-3.060504173864548,-14823.554354883618,-14826.614859057483
80,24,0.3596215349136442,-6.675827558564496,1.0,1.0,1.0,-14827.906924584122,14828.17198844102,-0.033234569054911844,-0.033234569054911844,1.0,0.0,0.012662847906467963,0.012662847906467963,-3.0627495105071834,-14823.37577605547,-14826.438525565978
81,24,0.36221846904456695,-6.676626412391088,3.0,1.0,0.8994796900198562,-14828.72784393572,14828.858121064959,0.26529954223042296,0.26529954223042296,2.0,0.0,0.012662847906467963,0.012662847906467963,-3.0644039821565454,-14824.19817272777,-14827.262576709927
82,24,0.3613642842387324,-6.7088865742902195,7.0,1.0,0.9569357945338103,-14828.019791357525,14829.632019209179,0.004117488986594253,0.3528827356185502,3.0,0.0,0.012662847906467963,0.012662847906467963,-3.131749854410149,-14823.421751699238,-14826.553501553648
83,24,0.3569857081822909,-6.692253670796902,3.0,1.0,0.986009874403203,-14827.073376197473,14827.788089997704,-0.34583617476164363,-0.4189019731966255,2.0,0.0,0.012662847906467963,0.012662847906467963,-3.0968972694855172,-14822.504831068665,-14825.601728338152
84,24,0.3569857081822909,-6.692253670796902,3.0,1.0,0.558553657423794,-14827.073376197473,14830.07052777665,0.0,0.6455816505349503,1.0,0.0,0.012662847906467963,0.012662847906467963,-3.0968972694855172,-14822.504831068665,-14825.601728338152
85,24,0.3619099339252189,-6.713102875711983,3.0,1.0,0.6962565165051596,-14828.641263207579,14828.908265164797,0.5496966336104379,0.670124868676794,2.0,0.0,0.012662847906467963,0.012662847906467963,-3.140628645407974,-14824.034998826543,-14827.17562747195
86,24,0.3544472502335979,-6.710627627720138,3.0,1.0,1.0,-14828.055800994427,14828.791014482687,-0.2618944522419042,-0.3836715743309469,2.0,0.0,0.012662847906467963,0.012662847906467963,-3.1354140526771004,-14823.4455428444,-14826.580956897076
87,24,0.3544472502335979,-6.710627627720138,1.0,1.0,0.530483587534444,-14828.055800994427,14829.470084315102,0.0,0.6339662591362867,1.0,0.0,0.012662847906467963,0.012662847906467963,-3.1354140526771004,-14823.4455428444,-14826.580956897076
88,24,0.3603147800229235,-6.702555732831139,3.0,1.0,1.0,-14827.260679616715,14827.897814910844,-0.20616991415590746,-0.34846564312829287,2.0,0.0,0.012662847906467963,0.012662847906467963,-3.118451599257729,-14822.674671709414,-14825.793123308671
89,24,0.3604713748822654,-6.706073886882558,1.0,1.0,0.9447818515310705,-14827.435548557436,14827.596025809884,0.056801223077854957,0.056801223077854957,1.0,0.0,0.012662847906467963,0.012662847906467963,-3.125836713420706,-14822.842345217423,-14825.968181930844
90,24,0.35748031382714035,-6.7234739857475505,3.0,1.0,0.9423865180421621,-14827.913531601718,14828.769678158196,-0.06238298796961317,0.1897576713381568,2.0,0.0,0.012662847906467963,0.012662847906467963,-3.162544027242355,-14823.27995476717,-14826.442498794411
91,24,0.35933467900361915,-6.705728463847414,3.0,1.0,0.8480960749469597,-14827.051893941534,14829.513736591929,-0.08518966112205817,0.37232352587489004,2.0,0.0,0.012662847906467963,0.012662847906467963,-3.125111072546336,-14822.458033719164,-14825.58314479171
92,24,0.36076237098461594,-6.707732711887399,1.0,1.0,0.8059486629241962,-14827.638608796688,14827.671226161734,0.2157352321464714,0.2157352321464714,1.0,0.0,0.012662847906467963,0.012662847906467963,-3.1293231208627117,-14823.042270868973,-14826.171593989835
93,24,0.3609054314827374,-6.694266034952089,3.0,1.0,0.9518514091183441,-14827.41889298024,14828.125094007626,-0.09148037485101668,-0.19778280920581892,1.0,0.0,0.012662847906467963,0.012662847906467963,-3.1010992662839767,-14822.850951555332,-14825.952050821616
94,24,0.36205335908439673,-6.700609366874637,3.0,1.0,0.8285307706176139,-14828.118435686143,14828.341652060071,0.28225800063410134,0.28225800063410134,1.0,0.0,0.012662847906467963,0.012662847906467963,-3.1143712136019133,-14823.538600161244,-14826.652971374846
95,24,0.3573164605558058,-6.689557087661464,3.0,1.0,0.946362194119764,-14827.103568603154,14828.27558173698,-0.4070344573647162,-0.4184940570812614,2.0,0.0,0.012662847906467963,0.012662847906467963,-3.0912729111384336,-14822.541059407784,-14825.632332318923
96,24,0.3555430868594021,-6.6886558209907445,1.0,1.0,0.7762685866630146,-14827.772230606035,14827.819405033222,0.25325670184975024,0.25325670184975024,1.0,0.0,0.012662847906467963,0.012662847906467963,-3.089394728835878,-14823.209379728853,-14826.298774457688
97,24,0.3622175163767561,-6.711643004371468,3.0,1.0,0.8397178624343312,-14828.761377227316,14828.773119618178,0.36260232726999675,0.36260232726999675,2.0,0.0,0.012662847906467963,0.012662847906467963,-3.137552400498677,-14824.15855646465,-14827.296108865148
98,24,0.35748296685023373,-6.684922361988326,3.0,1.0,0.6471989710166794,-14827.311152959139,14829.98516435021,-0.5760639863383403,0.9447284549387405,2.0,0.0,0.012662847906467963,0.012662847906467963,-3.0816230899935286,-14822.758500354164,-14825.840123444157
99,24,0.357809285095705,-6.713076209745749,7.0,1.0,0.9699860742401624,-14827.180752818107,14827.907139509205,-0.050859997789302724,0.13297397170390468,3.0,0.0,0.012662847906467963,0.012662847906467963,-3.1405724357015825,-14822.569555268989,-14825.71012770469
100,24,0.35743640053007225,-6.71251776736586,3.0,1.0,0.9842826912130792,-14827.16308799512,14827.466962468035,-0.004145750161114847,-0.05535487975248543,2.0,0.0,0.012662847906467963,0.012662847906467963,-3.1393954475740387,-14822.552605234649,-14825.692000682222
101,24,0.3548228802110991,-6.711525170154745,3.0,1.0,0.8629043292528401,-14827.875388523455,14827.925853241064,0.24842024834288168,0.24842024834288168,2.0,0.0,0.012662847906467963,0.012662847906467963,-3.137304192866526,-14823.263717392032,-14826.4010215849
102,24,0.36348107447440897,-6.68466492408158,3.0,1.0,0.8519148007986859,-14829.19946328958,14829.880705733209,0.43545749267650535,0.43545749267650535,2.0,0.0,0.012662847906467963,0.012662847906467963,-3.081087716083927,-14824.654606397726,-14827.73569411381
103,24,0.35485596159818183,-6.715117844760999,7.0,1.0,0.9954120541579138,-14827.996793696828,14828.89801453551,-0.4384332316349173,-0.7153581018301338,2.0,0.0,0.012662847906467963,0.012662847906467963,-3.144878094585311,-14823.377590616657,-14826.522468711242
104,24,0.35895320829765964,-6.709708700367134,3.0,1.0,0.9998316456263527,-14827.12603644643,14828.105736647605,-0.21829202359367628,-0.24096880311117275,2.0,0.0,0.012662847906467963,0.012662847906467963,-3.1334797124570475,-14822.523340669231,-14825.656820381688
105,24,0.3576571738964717,-6.709776879882105,7.0,1.0,0.6610577052230925,-14827.033192960407,14828.990600990748,-0.06354583330175956,0.740575579166034,3.0,0.0,0.012662847906467963,0.012662847906467963,-3.1336232011964182,-14822.428756272237,-14825.562379473433
106,24,0.36039478542267267,-6.686078859788858,7.0,1.0,0.9300620376924847,-14827.414926120418,14827.540525280321,0.09808070371218491,0.14362399989840924,2.0,0.0,0.012662847906467963,0.012662847906467963,-3.0840289875543063,-14822.863437765469,-14825.947466753023
107,24,0.36039478542267267,-6.686078859788858,3.0,1.0,0.7272145620647915,-14827.414926120418,14829.226388348166,0.0,0.36241897105537646,1.0,0.0,0.012662847906467963,0.012662847906467963,-3.0840289875543063,-14822.863437765469,-14825.947466753023
108,24,0.35839647194561475,-6.692221620691625,3.0,1.0,0.9524640613729042,-14826.904153708796,14827.666244454465,-0.11890676357506891,0.1538598406532401,2.0,0.0,0.012662847906467963,0.012662847906467963,-3.096830378753713,-14822.337423164603,-14825.434253543357
109,24,0.35614634741502704,-6.709410096489353,3.0,1.0,0.9059937321319801,-14827.273045860906,14827.430402251002,0.09958541820014943,0.1359730897947884,2.0,0.0,0.012662847906467963,0.012662847906467963,-3.1328513336778516,-14822.667497156628,-14825.800348490306
110,24,0.35438903244510617,-6.7102113836668975,1.0,1.0,0.7608313828517729,-14828.079608804821,14828.116857667424,0.27334351879653696,0.27334351879653696,1.0,0.0,0.012662847906467963,0.012662847906467963,-3.134537755167185,-14823.470152868085,-14826.604690623253
111,24,0.35183123976174935,-6.7087595169720045,1.0,1.0,0.47009676837587755,-14830.155138492994,14830.362091836107,0.7548167153090617,0.7548167153090617,1.0,0.0,0.012662847906467963,0.012662847906467963,-3.131482569919347,-14825.54544808816,-14828.676930658079
112,24,0.35823895438077097,-6.685316552467902,3.0,1.0,1.0,-14827.190609446474,14830.968606347433,-1.0715723599678313,-1.0715723599678313,2.0,0.0,0.012662847906467963,0.012662847906467963,-3.082442986194253,-14822.638072167714,-14825.72051515391
113,24,0.35754047765120534,-6.717185095629786,3.0,1.0,0.7830229173523359,-14827.425443648926,14829.649119090394,0.056514727608373505,0.3567669445874344,2.0,0.0,0.012662847906467963,0.012662847906467963,-3.1492420224790805,-14822.805243462957,-14825.954485485436
114,24,0.36012659306841416,-6.6827748336169,7.0,1.0,0.9606534823088807,-14827.5005908496,14828.080029651797,0.029190247578299022,0.1273662153434998,3.0,0.0,0.012662847906467963,0.012662847906467963,-3.077159069129087,-14822.955647194674,-14826.032806263804
115,24,0.35899490309372223,-6.682414805130345,3.0,1.0,0.9501818803328641,-14827.357153935998,14828.094676412036,-0.042039503232444986,0.1618772048605024,2.0,0.0,0.012662847906467963,0.012662847906467963,-3.076411137082397,-14822.81157784021,-14825.887988977292
116,24,0.3582110988702999,-6.674139774476171,7.0,1.0,0.8206988755232156,-14828.074034133866,14828.958038195527,0.14146502989206056,0.43234882375509187,3.0,0.0,0.012662847906467963,0.012662847906467963,-3.0592561122489395,-14823.5446493731,-14826.603905485348
117,24,0.3582110988702999,-6.674139774476171,1.0,1.0,0.5411086545588993,-14828.074034133866,14829.375474119932,0.0,0.6141351800815755,1.0,0.0,0.012662847906467963,0.012662847906467963,-3.0592561122489395,-14823.5446493731,-14826.603905485348
118,24,0.3571112316499193,-6.7351401865888425,3.0,1.0,0.9488669383754075,-14829.185036313174,14829.236046476175,0.14210160958464257,-0.20786705608952616,2.0,0.0,0.012662847906467963,0.012662847906467963,-3.1873246349342557,-14824.52622014748,-14827.713544782415
119,24,0.35621000299815697,-6.6758575231095705,3.0,1.0,0.8916186985044737,-14828.482710333685,14829.983193843827,0.06130003765429137,0.30881705666433845,2.0,0.0,0.012662847906467963,0.012662847906467963,-3.0628115572622945,-14823.947281252766,-14827.010092810027
120,24,0.35352705734397644,-6.649884178870491,3.0,1.0,0.555784726479279,-14834.939960950636,14835.274069070745,1.819348204835478,1.819348204835478,2.0,0.0,0.012662847906467963,0.012662847906467963,-3.0093661895492163,-14830.45457557211,-14833.46394176166
121,24,0.3584357975631692,-6.694991685168888,3.0,1.0,1.0,-14826.84747478282,14834.912924233335,-2.1718082354382204,-2.1718082354382204,2.0,0.0,0.012662847906467963,0.012662847906467963,-3.1026154824238095,-14822.27500756093,-14825.377623043352
122,24,0.3573078683484704,-6.676940295085552,3.0,1.0,0.6818207752229034,-14827.975249492501,14829.617353607648,0.24851342228066642,0.4839050338941888,2.0,0.0,0.012662847906467963,0.012662847906467963,-3.065054225679525,-14823.438948304987,-14826.504002530666
123,24,0.3573078683484704,-6.676940295085552,1.0,1.0,0.830516986132939,-14827.975249492501,14828.473271607307,0.0,0.1857068972385605,1.0,0.0,0.012662847906467963,0.012662847906467963,-3.065054225679525,-14823.438948304987,-14826.504002530666
124,24,0.3535500363669142,-6.681034845002556,3.0,1.0,0.7012306623373368,-14829.743763248698,14830.188159861233,0.7569633994207834,0.7569633994207834,2.0,0.0,0.012662847906467963,0.012662847906467963,-3.073545574477294,-14825.194227936612,-14828.26777351109
125,24,0.35905297247819035,-6.709939301290281,3.0,1.0,0.9075543755805165,-14827.1558851517,14829.430885550997,-0.9349776357521478,-0.9349776357521478,2.0,0.0,0.012662847906467963,0.012662847906467963,-3.1339650475696548,-14822.552826292553,-14825.686791340122
126,24,0.35811937918805864,-6.7065237622924805,1.0,1.0,1.0,-14826.92090646273,14827.086898399311,-0.06960480394627666,-0.06960480394627666,1.0,0.0,0.012662847906467963,0.012662847906467963,-3.1267819595282966,-14822.32388267498,-14825.450664634509
127,24,0.3578849119176425,-6.700890620987255,3.0,1.0,1.0,-14826.826163593236,14826.913161060638,-0.014761411781364586,-0.014761411781364586,2.0,0.0,0.012662847906467963,0.012662847906467963,-3.1149606040412148,-14822.240671443406,-14825.355632047447
128,24,0.3573353516858779,-6.711981542404559,3.0,1.0,0.9579087500642265,-14827.145140639468,14827.185577537604,0.04631732163579727,0.05092534177128982,2.0,0.0,0.012662847906467963,0.012662847906467963,-3.1382655789673723,-14822.535662249766,-14825.673927828733
129,24,0.35792772750075086,-6.698440024730352,3.0,1.0,0.9847817203063,-14826.822075675254,14827.351883273452,-0.04852051041962113,-0.04852051041962113,2.0,0.0,0.012662847906467963,0.012662847906467963,-3.109827842098698,-14822.241769234062,-14825.351597076162
130,24,0.36123961985992165,-6.688511662549469,3.0,1.0,0.7786648936093442,-14827.657782351638,14828.245079790875,0.2325130578065,0.36166996927568107,2.0,0.0,0.012662847906467963,0.012662847906467963,-3.0890943871851437,-14823.102248303645,-14826.19134269083
131,24,0.3568692080891876,-6.684520737751264,3.0,1.0,1.0,-14827.488677669855,14827.877837813649,-0.05854020185142872,-0.2325277031177393,2.0,0.0,0.012662847906467963,0.012662847906467963,-3.080787891763578,-14822.936096683317,-14826.016884575081
132,24,0.35728755533325246,-6.7119018752929644,7.0,1.0,0.9971278540820437,-14827.14560379344,14827.530167076726,-0.1279240646654216,-0.13221156072540907,3.0,0.0,0.012662847906467963,0.012662847906467963,-3.1380977385653557,-14822.536233846886,-14825.674331585451
133,24,0.35910984037681026,-6.660131719324726,3.0,1.0,0.7089894606720121,-14829.821217501227,14830.366181135043,0.41295230553805595,0.41295230553805595,2.0,0.0,0.012662847906467963,0.012662847906467963,-3.0303719849512993,-14825.321821346452,-14828.352193331402
134,24,0.3566643475942257,-6.7034040440053175,3.0,1.0,0.8105846082334773,-14827.016499454887,14830.579409406655,-0.406779676763108,-0.406779676763108,2.0,0.0,0.012662847906467963,0.012662847906467963,-3.1202311946696004,-14822.424219436947,-14825.544450631616
135,24,0.3579129108594193,-6.697016591074816,3.0,1.0,0.9739746090072373,-14826.832418786375,14827.148618377487,-0.057097747674561106,0.0698263060166937,2.0,0.0,0.012662847906467963,0.012662847906467963,-3.1068492244418007,-14822.255072642376,-14825.361921866817
136,24,0.35890895294835645,-6.678581812914344,3.0,1.0,0.8118669267443507,-14827.628858174357,14828.759858988074,0.11574472893880738,0.33015945499755617,2.0,0.0,0.012662847906467963,0.012662847906467963,-3.068456420541159,-14823.091131425135,-14826.159587845676
137,24,0.3626887760125717,-6.692315111380082,3.0,1.0,0.7212241135006076,-14828.463456641037,14829.098961283422,0.43901465342241863,0.5370594194373552,2.0,0.0,0.012662847906467963,0.012662847906467963,-3.0970255029994425,-14823.901723794179,-14826.998749297178
138,24,0.36095801061926747,-6.691345736799529,3.0,1.0,1.0,-14827.47232880522,14828.215415725528,-0.36378521748520143,-0.554689536062142,2.0,0.0,0.012662847906467963,0.012662847906467963,-3.0950027476063764,-14822.910547300442,-14826.005550048048
139,24,0.35676564670955113,-6.704103577160723,7.0,1.0,1.0,-14827.00096792078,14827.354375390181,-0.1474424089101376,-0.18478904411676922,2.0,0.0,0.012662847906467963,0.012662847906467963,-3.1216992234943945,-14822.407346380152,-14825.529045603647
140,24,0.3573502719584773,-6.713747088538393,3.0,1.0,0.9147141130792251,-14827.230424644491,14827.634938108808,0.006400728858352522,0.20211038148954685,2.0,0.0,0.012662847906467963,0.012662847906467963,-3.1419868101889863,-14822.617243560419,-14825.759230370608
141,24,0.3600626100610574,-6.700351365660795,3.0,1.0,0.773527786869181,-14827.12843817985,14828.019272231686,0.05372185394662665,0.38328190127867856,2.0,0.0,0.012662847906467963,0.012662847906467963,-3.1138306210320255,-14822.546745277366,-14825.660575898399
142,24,0.35766307001108033,-6.684821656168111,3.0,1.0,1.0,-14827.284956632695,14827.433253414483,-0.01598405777804146,-0.0914265229494049,2.0,0.0,0.012662847906467963,0.012662847906467963,-3.081413651915633,-14822.732736799931,-14825.814150451846
143,24,0.3614638618374002,-6.717778663368927,3.0,1.0,0.7102864708692783,-14828.714022687544,14829.054677155647,0.5097954899792967,0.6344236326422106,2.0,0.0,0.012662847906467963,0.012662847906467963,-3.1504958225553596,-14824.097356648774,-14827.24785247133
144,24,0.35951297481311156,-6.727802738678683,3.0,1.0,1.0,-14828.728751171073,14829.459368246607,-0.20307375966694963,-0.608658540299075,2.0,0.0,0.012662847906467963,0.012662847906467963,-3.1717230100755627,-14824.08849673463,-14827.260219744705
145,24,0.35498810328981534,-6.72348904149588,3.0,1.0,1.0,-14828.448929050486,14829.634629497306,-0.09638678176452231,-0.42899594312984846,2.0,0.0,0.012662847906467963,0.012662847906467963,-3.162575920004588,-14823.812195610708,-14826.974771530713
146,24,0.36022690925660056,-6.6789496076663015,3.0,1.0,1.0,-14827.767322113206,14829.127934008535,-0.1644284224275907,-0.2118633620102628,2.0,0.0,0.012662847906467963,0.012662847906467963,-3.0692190780926794,-14823.230440181307,-14826.299659259399
147,24,0.35757581008975614,-6.7117765221678924,3.0,1.0,1.0,-14827.121130334503,14827.745155083978,-0.10941737429493514,-0.10941737429493514,2.0,0.0,0.012662847906467963,0.012662847906467963,-3.137833661021116,-14822.512382328816,-14825.650215989837
148,24,0.3605419062468447,-6.700465664227662,3.0,1.0,0.6849457149047812,-14827.30577960765,14828.55588912964,0.13453711112742894,0.6985289139738597,2.0,0.0,0.012662847906467963,0.012662847906467963,-3.1140701037702683,-14822.72442822984,-14825.838498333611
149,24,0.35836685745816355,-6.688986030264835,3.0,1.0,0.792970755701449,-14827.01100420422,14827.98849305667,-0.14884277731653128,0.38978902298549656,2.0,0.0,0.012662847906467963,0.012662847906467963,-3.0900827696340722,-14822.450984791136,-14825.541067560769
150,24,0.3582280845627793,-6.696446623562724,7.0,1.0,0.9676913202556222,-14826.827786782362,14827.326888630318,-0.02709484920524119,0.07481569199808291,3.0,0.0,0.012662847906467963,0.012662847906467963,-3.105657102382097,-14822.252021981927,-14825.357679084309
51,25,0.3565504805506732,-6.687080900612507,7.0,1.0,0.9594187983987277,-14827.43394106985,14828.618264856574,0.029493225125406752,0.07079904730198905,2.0,0.0,0.005834025526775956,0.005834025526775956,-3.0861146450386463,-14822.875635274204,-14825.961749919243
52,25,0.35701128951002004,-6.707977156264899,3.0,1.0,0.965655496179885,-14827.034810333507,14827.945027404145,-0.16801727899292018,-0.16801727899292018,1.0,0.0,0.014012869250973732,0.014012869250973732,-3.129837110327038,-14822.433357236298,-14825.563194346625
53,25,0.3570866036563008,-6.6850089466286375,7.0,1.0,0.8589029532063545,-14827.396147570678,14828.214387896885,0.11957320145666017,0.25228844876619405,2.0,0.0,0.014012869250973732,0.014012869250973732,-3.081803168336075,-14822.84282221231,-14825.924625380645
54,25,0.3568598330901959,-6.714207219969852,3.0,1.0,0.8781506781383724,-14827.30854423389,14828.806159381647,-0.06247551171873056,0.2857803117749427,1.0,0.0,0.014012869250973732,0.014012869250973732,-3.142957138557965,-14822.69378230711,-14825.836739445667
55,25,0.3603489332281622,-6.711926837642546,3.0,1.0,0.8542286757016727,-14827.674333664569,14827.919509883062,0.23923311718681362,0.2543057335587946,2.0,0.0,0.014012869250973732,0.014012869250973732,-3.1381503278498175,-14823.068668419248,-14826.206818747098
56,25,0.35418019855217425,-6.720654227997407,3.0,1.0,0.9407430782745361,-14828.659004774636,14829.018852168683,0.19573604832294222,-0.3099280789210752,2.0,0.0,0.014012869250973732,0.014012869250973732,-3.15657489920271,-14824.027245656289,-14827.183820555492
57,25,0.3585888142344571,-6.6709974821852285,7.0,1.0,0.752902620151291,-14828.37458132012,14829.835721400834,-0.20629718991040136,0.7345696310276253,3.0,0.0,0.014012869250973732,0.014012869250973732,-3.0527597420612604,-14823.85215811462,-14826.90491785668
58,25,0.3597024966512015,-6.672134607161252,3.0,1.0,1.0,-14828.26833362189,14828.604061157203,-0.05096888142907119,-0.2997277831964311,2.0,0.0,0.014012869250973732,0.014012869250973732,-3.0551094924025226,-14823.744923780454,-14826.800033272857
59,25,0.35685069653591633,-6.714069924036914,7.0,1.0,0.9516418938407263,-14827.302889575678,14828.564037047847,-0.15977683737037296,0.22474967271409696,2.0,0.0,0.014012869250973732,0.014012869250973732,-3.14266758577587,-14822.68840580477,-14825.831073390547
60,25,0.35682078598735434,-6.721145257530604,1.0,1.0,0.930376790538937,-14827.761177991108,14827.78003680065,0.0721656237692514,0.0721656237692514,1.0,0.0,0.014012869250973732,0.014012869250973732,-3.157613784899344,-14823.131710704765,-14826.289324489664
61,25,0.35668970435941455,-6.701996942931981,3.0,1.0,0.9591764154737651,-14827.00120499494,14828.032416383998,-0.09857328690486611,0.13064499494248594,1.0,0.0,0.014012869250973732,0.014012869250973732,-3.117279757522588,-14822.411908090522,-14825.529187848044
62,25,0.35818721618942917,-6.68815119753661,3.0,1.0,0.9719031022621665,-14827.053075340458,14827.344424496017,-0.02394917097808502,0.08805631534414715,2.0,0.0,0.014012869250973732,0.014012869250973732,-3.088343480440518,-14822.494573749174,-14825.582917229614
63,25,0.3568100014698415,-6.7023862597265405,3.0,1.0,0.9670516544836115,-14826.975428466494,14827.317624961282,0.011181019732248387,0.09181521562459238,2.0,0.0,0.014012869250973732,0.014012869250973732,-3.1180961631781314,-14822.385465344885,-14825.503561508063
64,25,0.3568100014698415,-6.7023862597265405,1.0,1.0,0.7193380606120507,-14826.975428466494,14827.418718179646,0.0,0.3294238501039217,1.0,0.0,0.014012869250973732,0.014012869250973732,-3.1180961631781314,-14822.385465344885,-14825.503561508063
65,25,0.3589191555242149,-6.68739695850358,3.0,1.0,0.5398986758310786,-14827.087801598675,14828.62559141343,-0.018439689458318753,1.1966634843647626,2.0,0.0,0.014012869250973732,0.014012869250973732,-3.086772699294808,-14822.531771082413,-14825.618543781708
66,25,0.3577892693713703,-6.716465803942408,7.0,1.0,0.8107782006630279,-14827.378296454135,14828.76580723883,0.07666977351800597,0.36654433192234137,2.0,0.0,0.014012869250973732,0.014012869250973732,-3.1477231264012238,-14822.759923440502,-14825.907646566904
67,25,0.3624291116167489,-6.690132025215305,3.0,1.0,0.7230175650255778,-14828.29959632838,14828.66469205325,0.49453459108008246,0.5812516252390196,2.0,0.0,0.014012869250973732,0.014012869250973732,-3.0924714687215356,-14823.74210867102,-14826.83458013974
68,25,0.3574244738174653,-6.71162934056047,7.0,1.0,0.9436679042608843,-14827.122639415793,14828.907582397762,-0.5392328040925349,-0.5392328040925349,2.0,0.0,0.014012869250973732,0.014012869250973732,-3.1375236181455635,-14822.51401367779,-14825.651537295935
69,25,0.3538663141266336,-6.684984531553312,3.0,1.0,0.5831410438351831,-14829.125016438973,14829.332892525119,0.9415223926880572,1.0233484295367816,2.0,0.0,0.014012869250973732,0.014012869250973732,-3.0817523892141163,-14824.567679116342,-14827.649431505557
70,25,0.3522236923306659,-6.693588003057319,3.0,1.0,0.839393938964904,-14830.0879379629,14831.248763079118,0.47723681928437145,0.47723681928437145,2.0,0.0,0.014012869250973732,0.014012869250973732,-3.0996830225307725,-14825.510556278283,-14828.610239300813
71,25,0.3573237168847264,-6.701948662498334,3.0,1.0,0.9406757233168889,-14826.882159615074,14828.97767949167,-1.4598683696731314,-1.4598683696731314,2.0,0.0,0.014012869250973732,0.014012869250973732,-3.117178522982981,-14822.293753824768,-14825.410932347751
72,25,0.3582604118608024,-6.72782595676492,3.0,1.0,0.5338650743114508,-14828.40295660554,14829.235199284853,0.31358243784598017,0.8373845014393737,2.0,0.0,0.014012869250973732,0.014012869250973732,-3.1717722938107595,-14823.761116478616,-14826.932888772426
73,25,0.3579013799702843,-6.717983823069927,1.0,1.0,1.0,-14827.484720563563,14828.219973240288,-0.19406111159878492,-0.19406111159878492,1.0,0.0,0.014012869250973732,0.014012869250973732,-3.1509292657241614,-14822.863280119027,-14826.014209384752
74,25,0.3604569900069727,-6.699991939413182,3.0,1.0,0.8899526774191725,-14827.264089709553,14828.245805976509,0.0758505991052516,0.2845660759940074,1.0,0.0,0.014012869250973732,0.014012869250973732,-3.1130776225161587,-14822.683628046596,-14825.796705669112
75,25,0.3566003517626533,-6.673948641462358,3.0,1.0,0.6948339825811906,-14828.52253229404,14829.04566310489,0.30062487771465385,0.43761892125257873,2.0,0.0,0.014012869250973732,0.014012869250973732,-3.05886068212192,-14823.991542813897,-14827.05040349602
76,25,0.36298835078312275,-6.684237416104324,3.0,1.0,0.580985724789894,-14828.830988675325,14831.351772272094,0.20332171705376823,1.1425584208973305,2.0,0.0,0.014012869250973732,0.014012869250973732,-3.080198806876265,-14824.286437995757,-14827.366636802633
77,25,0.3538491646073533,-6.704809326399392,3.0,1.0,1.0,-14828.365519110414,14829.562629473176,-0.06712825212525786,-0.25623035389435245,2.0,0.0,0.014012869250973732,0.014012869250973732,-3.1231807931782263,-14823.766731460772,-14826.88991225395
78,25,0.3556291149048084,-6.693241868277202,3.0,1.0,1.0,-14827.51914040857,14828.533778374225,-0.3427723833519849,-0.3427723833519849,1.0,0.0,0.014012869250973732,0.014012869250973732,-3.0989602083935113,-14822.946832486801,-14826.045792695195
79,25,0.3564886725775872,-6.707326298503796,3.0,1.0,0.9685860259454171,-14827.123756879637,14827.6995860246,-0.21709930631550378,-0.22821322768140817,1.0,0.0,0.014012869250973732,0.014012869250973732,-3.1284686938982436,-14822.523019722861,-14825.65148841676
80,25,0.3586935933012648,-6.722994583391174,3.0,1.0,0.8681993258615495,-14827.99489735511,14828.392619569757,0.18082462722668424,0.24546262814692454,2.0,0.0,0.014012869250973732,0.014012869250973732,-3.1615286223225394,-14823.363834054599,-14826.52536267692
81,25,0.3558277835967527,-6.704207363892928,3.0,1.0,0.9375057624798191,-14827.281446141427,14828.41460367811,-0.08233686969651899,0.14731200045389414,2.0,0.0,0.014012869250973732,0.014012869250973732,-3.1219170703180232,-14822.686431480139,-14825.808348550458
82,25,0.35795821794412075,-6.706707343422453,3.0,1.0,0.3545532383689544,-14826.92413249476,14831.614217987411,-0.181179907400292,3.580470401355342,2.0,0.0,0.014012869250973732,0.014012869250973732,-3.1271677452433218,-14822.326523844144,-14825.453691589388
83,25,0.35329142585736734,-6.682985905562054,3.0,1.0,0.5025291206417813,-14829.793338760921,14829.91070371911,1.2744486033279827,1.3183333949837106,2.0,0.0,0.014012869250973732,0.014012869250973732,-3.077597615459006,-14825.239419639503,-14828.317017254962
84,25,0.35329142585736734,-6.682985905562054,1.0,1.0,0.20755993287091853,-14829.793338760921,14833.006254037085,0.0,1.572335147902777,1.0,0.0,0.014012869250973732,0.014012869250973732,-3.077597615459006,-14825.239419639503,-14828.317017254962
85,25,0.36159252862200775,-6.71954250021081,7.0,1.0,0.7526249324551822,-14828.961036821647,14831.443692229725,-0.4774179207979614,1.236111016036375,2.0,0.0,0.014012869250973732,0.014012869250973732,-3.1542236747804417,-14824.340797304563,-14827.495020979344
86,25,0.35668426186563174,-6.713732514052792,3.0,1.0,1.0,-14827.314110949765,14828.35294922817,-0.7259090311963519,-0.728461442862681,2.0,0.0,0.014012869250973732,0.014012869250973732,-3.141956078871488,-14822.700130925641,-14825.842087004512
87,25,0.35854748189865926,-6.675085554013897,3.0,1.0,0.7148290646575749,-14827.946998972491,14830.346642465278,0.07673438740857819,0.5010459552340762,1.0,0.0,0.014012869250973732,0.014012869250973732,-3.061213348599377,-14823.416071327545,-14826.477284676144
88,25,0.3559587453790167,-6.724652393860891,7.0,1.0,0.989650698359666,-14828.21119911158,14828.271460642267,0.04892351709713694,-0.19549544857909495,2.0,0.0,0.014012869250973732,0.014012869250973732,-3.165040947949353,-14823.573225230059,-14826.738266178008
89,25,0.3593331568050322,-6.67481489792659,7.0,1.0,0.964691408938774,-14827.972134203714,14828.368064634364,-0.050667417477598065,-0.24807104008141323,3.0,0.0,0.014012869250973732,0.014012869250973732,-3.06065315003217,-14823.442730043653,-14826.503383193685
90,25,0.3583578411117759,-6.675232801837738,3.0,1.0,0.9922719938202476,-14827.948315238458,14828.210886177354,0.023456995282685966,-0.20509671334002633,2.0,0.0,0.014012869250973732,0.014012869250973732,-3.061518149973814,-14823.416849337258,-14826.478367487232
91,25,0.3580008063579269,-6.712004352788711,3.0,1.0,0.871101059667982,-14827.130334654163,14828.333920242,-0.16500091504167358,0.25876054384207237,2.0,0.0,0.014012869250973732,0.014012869250973732,-3.1383136364039053,-14822.52163274627,-14825.659946382673
92,25,0.35833019910221686,-6.697057892785431,3.0,1.0,0.9783632183711859,-14826.822760191308,14827.341940585811,-0.062273168776300736,-0.062273168776300736,1.0,0.0,0.014012869250973732,0.014012869250973732,-3.1069356221295905,-14822.245842758937,-14825.352778381066
93,25,0.3607374676001177,-6.716175118824322,3.0,1.0,0.6791057663019834,-14828.15454438389,14828.49221756472,0.5123457499776123,0.5428284128283849,2.0,0.0,0.014012869250973732,0.014012869250973732,-3.1471094464341225,-14823.540390055523,-14826.687499501957
94,25,0.3636286946214883,-6.690251747259443,3.0,1.0,0.6502813331244691,-14829.224974928464,14830.994786708461,0.4873932823356881,0.8013437091158266,2.0,0.0,0.014012869250973732,0.014012869250973732,-3.0927210917815615,-14824.668658762484,-14827.761379854266
95,25,0.3567055987462914,-6.702713167735346,3.0,1.0,1.0,-14827.001209311838,14828.729364916942,-0.9171745795028983,-0.9171745795028983,2.0,0.0,0.014012869250973732,0.014012869250973732,-3.118781813343255,-14822.410430203938,-14825.529212017282
96,25,0.3594391524927556,-6.6826861219735765,3.0,1.0,0.6165772273559591,-14827.379213647897,14828.479932643513,0.02659891299845185,0.8404615274721436,2.0,0.0,0.014012869250973732,0.014012869250973732,-3.0769747653414967,-14822.833617348331,-14825.910592113672
97,25,0.3597325260842442,-6.732465582733423,3.0,1.0,0.6654177020817574,-14829.389449913502,14829.919983962587,0.5734721996141161,0.5734721996141161,2.0,0.0,0.014012869250973732,0.014012869250973732,-3.1816313857116123,-14824.73955475907,-14827.92118614478
98,25,0.35907361461510134,-6.727844868990893,7.0,1.0,0.9377893634434809,-14828.587696328592,14831.083209500599,-0.2724543236854515,-0.6283393921967217,3.0,0.0,0.014012869250973732,0.014012869250973732,-3.1718124381351953,-14823.94681536153,-14827.118627799666
99,25,0.35740404027020917,-6.693772787084245,3.0,1.0,0.9558886557189625,-14826.944635085867,14829.806003792755,-0.40395387783064507,-0.40395387783064507,2.0,0.0,0.014012869250973732,0.014012869250973732,-3.100068945857483,-14822.373438648607,-14825.473507594465
100,25,0.35909385550898065,-6.7015284819943055,7.0,1.0,1.0,-14826.907329398344,14826.937491303444,-0.008159041479302687,-0.046514320538335596,2.0,0.0,0.014012869250973732,0.014012869250973732,-3.1162975858217123,-14822.321988070584,-14825.438285656406
101,25,0.3609343034031422,-6.728419092998197,3.0,1.0,0.3960317299199789,-14829.501832488413,14832.396487766075,0.8354013018124533,1.155986642172138,2.0,0.0,0.014012869250973732,0.014012869250973732,-3.1730314937644786,-14824.86199365409,-14828.035025147856
102,25,0.3578937260804658,-6.664698387442531,3.0,1.0,0.9996452217971677,-14829.301149781215,14830.175201411019,-0.3491803477736539,-0.8223988653808192,2.0,0.0,0.014012869250973732,0.014012869250973732,-3.039766739497753,-14824.79086239725,-14827.830629136748
103,25,0.3625623201573496,-6.676901329744519,3.0,1.0,0.6990526171755009,-14828.912187182428,14832.383628985139,0.026177115949394647,1.131580968549315,2.0,0.0,0.014012869250973732,0.014012869250973732,-3.064973499209831,-14824.382356017593,-14827.447329516803
104,25,0.35480968690247894,-6.707199263629969,7.0,1.0,0.9951019993492417,-14827.782123598714,14828.779801016466,-0.23727580824197503,-0.5025480880194664,2.0,0.0,0.014012869250973732,0.014012869250973732,-3.1282016548306544,-14823.179538270753,-14826.307739925584
105,25,0.35435302118618767,-6.705181265233876,1.0,1.0,0.8805549070274669,-14828.028450664979,14828.41572521188,0.12720299407192215,0.12720299407192215,1.0,0.0,0.014012869250973732,0.014012869250973732,-3.123961799682197,-14823.429524840534,-14826.553486640216
106,25,0.35706714666866346,-6.71992440821823,3.0,1.0,0.9736385202310105,-14827.642766247975,14828.272330399937,-0.35729042621642293,-0.46249060467016534,2.0,0.0,0.014012869250973732,0.014012869250973732,-3.155031243424772,-14823.016188588203,-14826.171219831627
107,25,0.35985503803020924,-6.701013541610448,3.0,1.0,0.936846566851291,-14827.074503274529,14828.221863143408,-0.02856645667088742,0.21005495621284354,1.0,0.0,0.014012869250973732,0.014012869250973732,-3.115218218857863,-14822.491170429708,-14825.606388648566
108,25,0.3530637747993025,-6.710165131583285,3.0,1.0,0.5729021858799518,-14829.01997953143,14829.969700901056,0.7760847990066395,0.8169565365242306,2.0,0.0,0.014012869250973732,0.014012869250973732,-3.134440393695329,-14824.408925005167,-14827.543365398862
109,25,0.3616118197297019,-6.688344179617007,7.0,1.0,0.8905149234834433,-14827.845370657287,14830.439690321113,-0.4994143276308023,-0.4994143276308023,2.0,0.0,0.014012869250973732,0.014012869250973732,-3.088745477070597,-14823.290632468892,-14826.379377945963
110,25,0.3591853845948613,-6.696424493092842,3.0,1.0,0.8057031453304374,-14826.898993434153,14830.164126771302,-0.32168354049099435,0.4155738093195396,2.0,0.0,0.014012869250973732,0.014012869250973732,-3.105610821696758,-14822.32445090488,-14825.430061726576
111,25,0.36045536700769143,-6.698981541755407,3.0,1.0,0.9066311140690289,-14827.249906609539,14827.281098941006,0.16397877049894305,0.16397877049894305,2.0,0.0,0.014012869250973732,0.014012869250973732,-3.110961529974755,-14822.67155907424,-14825.782520604216
112,25,0.35488713006077205,-6.7270203254806,3.0,1.0,0.8813878585408803,-14828.786408105645,14828.952496120011,0.24818943198806664,0.24818943198806664,2.0,0.0,0.014012869250973732,0.014012869250973732,-3.1700625404368634,-14824.142060096314,-14827.312122636751
113,25,0.3597656834491229,-6.694203984964965,3.0,1.0,0.9590359791877447,-14827.03273111111,14828.889088764794,-0.3556272796704434,-0.3556272796704434,2.0,0.0,0.014012869250973732,0.014012869250973732,-3.100969639838547,-14822.463538082497,-14825.564507722334
114,25,0.3597656834491229,-6.694203984964965,1.0,1.0,0.31372475283852697,-14827.03273111111,14828.49155659435,0.0,1.159239260814502,1.0,0.0,0.014012869250973732,0.014012869250973732,-3.100969639838547,-14822.463538082497,-14825.564507722334
115,25,0.3584087629695964,-6.682809445175315,3.0,1.0,0.7069769138244165,-14827.331703001837,14828.174444636861,0.029181722740759142,0.5926255601989396,2.0,0.0,0.014012869250973732,0.014012869250973732,-3.0772309788626915,-14822.784586994527,-14825.86181797339
116,25,0.355274973469462,-6.711428265723618,7.0,1.0,0.9055031025952669,-14827.657017917107,14827.793576477854,0.16840558745934686,0.2131996438747592,2.0,0.0,0.014012869250973732,0.014012869250973732,-3.1371000824302677,-14823.046123249955,-14826.183223332386
117,25,0.35690276117468034,-6.690909835789771,3.0,1.0,0.9616375765937178,-14827.143211149705,14828.279534919815,-0.15384618277857953,-0.15384618277857953,1.0,0.0,0.014012869250973732,0.014012869250973732,-3.0940934765820907,-14822.577366421769,-14825.67145989835
118,25,0.3588886478495689,-6.701467638208013,3.0,1.0,1.0,-14826.875942923853,14827.177622569227,-0.09996101228171028,-0.09996101228171028,2.0,0.0,0.014012869250973732,0.014012869250973732,-3.1161700372965404,-14822.290477653984,-14825.40664769128
119,25,0.357438435248603,-6.712662027614148,3.0,1.0,0.8647405489550555,-14827.169943701036,14828.174448738557,0.0408273964876571,0.25819130803938606,2.0,0.0,0.014012869250973732,0.014012869250973732,-3.139699464464868,-14822.559159449618,-14825.698858914084
120,25,0.358511885164974,-6.68556515440897,3.0,1.0,0.8873634918335881,-14827.166243591371,14827.613072657943,0.0012241052882018266,0.23175000944502244,2.0,0.0,0.014012869250973732,0.014012869250973732,-3.082960145520127,-14822.613525356595,-14825.696485502116
121,25,0.35761642009087596,-6.727701774542581,7.0,1.0,0.7476947385335789,-14828.325833394081,14828.797882758678,0.2298645201644831,0.5634993432449846,2.0,0.0,0.014012869250973732,0.014012869250973732,-3.171508705410496,-14823.683460692197,-14826.854969397607
122,25,0.3575453843231451,-6.70013055142057,3.0,1.0,1.0,-14826.848751692922,14828.160008512417,-0.271532404494792,-0.271532404494792,2.0,0.0,0.014012869250973732,0.014012869250973732,-3.1133679995711665,-14822.264431615815,-14825.377799615386
123,25,0.35682151658367384,-6.7073619696165245,3.0,1.0,0.8997130649191196,-14827.05122538963,14827.588531699492,0.052410193677133066,0.1402716151005734,2.0,0.0,0.014012869250973732,0.014012869250973732,-3.12854368078212,-14822.450829119003,-14825.579372799786
124,25,0.35682151658367384,-6.7073619696165245,1.0,1.0,0.8186871883814726,-14827.05122538963,14827.360613575956,0.0,0.20005321145617927,1.0,0.0,0.014012869250973732,0.014012869250973732,-3.12854368078212,-14822.450829119003,-14825.579372799786
125,25,0.35682151658367384,-6.7073619696165245,3.0,1.0,0.7677697972828619,-14827.05122538963,14827.65434671722,0.0,0.45962649141802103,1.0,0.0,0.014012869250973732,0.014012869250973732,-3.12854368078212,-14822.450829119003,-14825.579372799786
126,25,0.35946431156545844,-6.67849426005548,3.0,1.0,0.7951067791787815,-14827.66928914572,14829.032606453844,0.07890731659790617,0.3317499656805012,1.0,0.0,0.014012869250973732,0.014012869250973732,-3.068274891258371,-14823.132423435745,-14826.200698327004
127,25,0.35899530840863103,-6.688707508842914,3.0,1.0,0.9148367442984244,-14827.040565063304,14828.16219854399,-0.11782458388370287,0.2608567473544099,2.0,0.0,0.014012869250973732,0.014012869250973732,-3.089502421069195,-14822.481898180242,-14825.571400601311
128,25,0.35758484903065374,-6.700111802965153,3.0,1.0,0.9546895163571003,-14826.844734419152,14827.13093919624,-0.029496714911147137,0.0709297999037517,2.0,0.0,0.014012869250973732,0.014012869250973732,-3.113328722475906,-14822.260502559931,-14825.373831282408
129,25,0.35707312142152453,-6.721035314782796,3.0,1.0,0.7065405399169585,-14827.726642024887,14828.256720315043,0.14504177207345492,0.5014012891606399,2.0,0.0,0.014012869250973732,0.014012869250973732,-3.1573811548293893,-14823.097721893417,-14826.255103048246
130,25,0.35713024159492723,-6.718143929804008,1.0,1.0,1.0,-14827.511275643876,14827.754756335618,-0.03621735891829303,-0.03621735891829303,1.0,0.0,0.014012869250973732,0.014012869250973732,-3.1512675542324,-14822.888540220018,-14826.03980777425
131,25,0.3537521960986603,-6.690152099564019,3.0,1.0,0.590549158153712,-14828.860278708411,14830.12763649469,0.7658854091041576,1.1012102406621125,2.0,0.0,0.014012869250973732,0.014012869250973732,-3.0925133231740416,-14824.292034511862,-14827.384547835036
132,25,0.35618710863185693,-6.709101199915434,3.0,1.0,0.929184354951058,-14827.251946847107,14828.767029171135,-0.7779538880986365,-0.7779538880986365,2.0,0.0,0.014012869250973732,0.014012869250973732,-3.1322013888873417,-14822.647099221615,-14825.779300610502
133,25,0.35819804986223386,-6.69299589622613,3.0,1.0,1.0,-14826.887677725757,14827.254029111093,-0.11838780212565325,-0.11838780212565325,2.0,0.0,0.014012869250973732,0.014012869250973732,-3.098446631370158,-14822.31908634898,-14825.41753298035
134,25,0.3611643429211544,-6.710632202759773,3.0,1.0,0.740832746074962,-14828.003791953133,14828.03695315315,0.48911893049989885,0.48911893049989885,2.0,0.0,0.014012869250973732,0.014012869250973732,-3.1354236852388118,-14823.40183804185,-14826.537261727088
135,25,0.3540605083029733,-6.7082390427807645,3.0,1.0,0.9793358083772322,-14828.247271766042,14828.437180671588,0.06399741408858972,-0.5028346764011076,2.0,0.0,0.014012869250973732,0.014012869250973732,-3.130387841410294,-14823.641547025896,-14826.771934867307
136,25,0.3531087790780988,-6.698547677116492,3.0,1.0,0.7187123168425429,-14829.038005090559,14829.767850268827,0.42698047416888585,0.6858525347361137,1.0,0.0,0.014012869250973732,0.014012869250973732,-3.1100531933861926,-14824.45139565666,-14827.561448850047
137,25,0.36281182069673973,-6.711154145682588,3.0,1.0,0.9803148112154875,-14829.201918868232,14829.247576596816,0.06087119146286568,-0.9641270220799925,2.0,0.0,0.014012869250973732,0.014012869250973732,-3.1365227524499297,-14824.600834884248,-14827.737357636697
138,25,0.3626343661825188,-6.6864734306417155,3.0,1.0,0.9889942560869889,-14828.511916576343,14830.428237549184,-0.44758128785178997,-0.44758128785178997,1.0,0.0,0.014012869250973732,0.014012869250973732,-3.0848501313075256,-14823.962294442354,-14827.04714457366
139,25,0.3560018267411738,-6.676666936403154,3.0,1.0,0.9639642854122217,-14828.496733678943,14829.301620572362,-0.05167188564519165,0.11440926994328038,2.0,0.0,0.014012869250973732,0.014012869250973732,-3.064487926694756,-14823.959366945965,-14827.02385487266
140,25,0.3549334281720336,-6.707665718671719,3.0,1.0,0.8881722984828176,-14827.7244483988,14830.033363049604,-0.19560119620291516,0.26042170581604296,1.0,0.0,0.014012869250973732,0.014012869250973732,-3.129182265681979,-14823.121039344374,-14826.250221610057
141,25,0.3620571656231629,-6.6862990506692,3.0,1.0,0.9602775869471506,-14828.149522293439,14828.421108923416,0.12688749984954484,-0.16589555462269345,2.0,0.0,0.014012869250973732,0.014012869250973732,-3.0844872089091147,-14823.59957532005,-14826.684062528959
142,25,0.3607171237365927,-6.682532659761695,1.0,1.0,1.0,-14827.686039116055,14828.157358096036,-0.2530626194075012,-0.2530626194075012,1.0,0.0,0.014012869250973732,0.014012869250973732,-3.076655956926067,-14823.142313703853,-14826.218969660778
143,25,0.3607171237365927,-6.682532659761695,1.0,1.0,0.5907566317974182,-14827.686039116055,14828.510123219232,0.0,0.5263511369139451,1.0,0.0,0.014012869250973732,0.014012869250973732,-3.076655956926067,-14823.142313703853,-14826.218969660778
144,25,0.35612342073074,-6.7133606359097024,3.0,1.0,0.9861097926189079,-14827.427342119248,14827.99819086294,-0.06607004432771646,-0.0759552569288644,2.0,0.0,0.014012869250973732,0.014012869250973732,-3.141172019775016,-14822.813443960364,-14825.95461598014
145,25,0.35595695798357646,-6.721007417330824,7.0,1.0,0.7192527167990728,-14827.922841074513,14828.817510865383,0.060147225858599995,0.7614263588438916,3.0,0.0,0.014012869250973732,0.014012869250973732,-3.1573221279727144,-14823.292583766879,-14826.449905894851
146,25,0.3585865774755391,-6.716100656366565,3.0,1.0,0.9817176397326955,-14827.423091635319,14828.425570087853,-0.08460571230170899,-0.23170517631297116,2.0,0.0,0.014012869250973732,0.014012869250973732,-3.1469522585908147,-14822.806473162838,-14825.953425421429
147,25,0.35798302983422703,-6.701566365255313,3.0,1.0,1.0,-14826.827794552695,14827.442474358853,-0.142809055516409,-0.142809055516409,2.0,0.0,0.014012869250973732,0.014012869250973732,-3.116377003427776,-14822.241007310504,-14825.357384313931
148,25,0.3601006037667998,-6.693930142917062,3.0,1.0,0.9097028732769324,-14827.126158240559,14827.25293240519,0.11580892972051515,0.1369469837136421,1.0,0.0,0.014012869250973732,0.014012869250973732,-3.1003976120396315,-14822.557944488484,-14825.658342100523
149,25,0.3601006037667998,-6.693930142917062,3.0,1.0,0.36400984324279095,-14827.126158240559,14829.686953092,0.0,1.8611862352408934,1.0,0.0,0.014012869250973732,0.014012869250973732,-3.1003976120396315,-14822.557944488484,-14825.658342100523
150,25,0.3564161957672115,-6.696306322209914,3.0,1.0,0.9885752209365631,-14827.123642344255,14827.28773506384,0.022491722631457378,0.022491722631457378,2.0,0.0,0.014012869250973732,0.014012869250973732,-3.1053637033110397,-14822.545919470678,-14825.65128317399
51,26,0.36114383752770673,-6.699167658454086,7.0,1.0,0.9998348001783928,-14827.557777354685,14828.194596093794,-0.006904004574607825,-0.03515097003764822,3.0,0.0,0.00501299282247309,0.00501299282247309,-3.111351240551661,-14822.979871208236,-14826.091222448787
52,26,0.3590286131014327,-6.699323583023253,3.0,1.0,1.0,-14826.875546993195,14827.352651370646,-0.21595219278424338,-0.21595219278424338,1.0,0.0,0.011735647348093825,0.011735647348093825,-3.111677758361628,-14822.294745582114,-14825.406423340475
53,26,0.3590286131014327,-6.699323583023253,3.0,1.0,0.30407229236573335,-14826.875546993195,14830.655295369179,0.0,1.4700789652342792,2.0,0.0,0.011735647348093825,0.011735647348093825,-3.111677758361628,-14822.294745582114,-14825.406423340475
54,26,0.3590286131014327,-6.699323583023253,3.0,1.0,0.7492473654298794,-14826.875546993195,14827.955997946965,0.0,0.45190522551456525,1.0,0.0,0.011735647348093825,0.011735647348093825,-3.111677758361628,-14822.294745582114,-14825.406423340475
55,26,0.3589667940421273,-6.694443174545596,3.0,1.0,0.9579092568470058,-14826.88966437025,14827.085615063339,-0.005151820694663911,0.08333891764414147,2.0,0.0,0.011735647348093825,0.011735647348093825,-3.1014693435626777,-14822.318995616175,-14825.420464959738
56,26,0.3595278377379001,-6.6893573713001,3.0,1.0,0.9851175357509389,-14827.087019186607,14827.117782784728,0.0316491367884737,0.0316491367884737,2.0,0.0,0.011735647348093825,0.011735647348093825,-3.0908566449140706,-14822.52764925037,-14825.618505895285
57,26,0.35703029629320676,-6.715792714481968,3.0,1.0,0.8178099426021591,-14827.37310304931,14829.494532431507,0.03850615802548418,0.2978257100076007,1.0,0.0,0.011735647348093825,0.011735647348093825,-3.146302262097617,-14822.755208477025,-14825.901510739122
58,26,0.35858078968304147,-6.700025062464923,3.0,1.0,0.9628040775638191,-14826.83120313385,14827.894367887015,-0.0681713663325354,0.08603940341708949,1.0,0.0,0.011735647348093825,0.011735647348093825,-3.1131470099540546,-14822.24838279276,-14825.361529802714
59,26,0.36160744268552886,-6.707771825292974,3.0,1.0,0.7224293650989783,-14828.108837483818,14828.210082822623,0.39927561783770216,0.39927561783770216,1.0,0.0,0.011735647348093825,0.011735647348093825,-3.129405360008463,-14823.513434164524,-14826.642839524533
60,26,0.35807880244332585,-6.675387686603945,7.0,1.0,0.7915370965675851,-14827.96698838776,14830.241648362786,-0.2403046744693711,0.7228211528945394,3.0,0.0,0.011735647348093825,0.011735647348093825,-3.0618387831327496,-14823.434857678314,-14826.496696461447
61,26,0.3587223747957132,-6.732390337407653,7.0,1.0,0.8946294587110818,-14829.033675881206,14830.057384694395,0.18821830677552498,0.2944431928863196,3.0,0.0,0.011735647348093825,0.011735647348093825,-3.1814713195074042,-14824.382705239588,-14827.564176559095
62,26,0.3593687852709124,-6.711055283817897,3.0,1.0,1.0,-14827.28431699572,14829.547770095789,-0.2352376081762486,-0.2352376081762486,2.0,0.0,0.011735647348093825,0.011735647348093825,-3.136314555835499,-14822.679294963484,-14825.815609519319
63,26,0.3615259782003691,-6.705197788350865,7.0,1.0,0.8864263702219315,-14827.939983862549,14828.214105768768,0.24840240370758693,0.24840240370758693,2.0,0.0,0.011735647348093825,0.011735647348093825,-3.123996498547443,-14823.349891695643,-14826.47388819419
64,26,0.35587039612977656,-6.7117985533792925,3.0,1.0,0.8853679541514028,-14827.44075344377,14829.04494407372,-0.23213763540479704,0.42143617565852765,2.0,0.0,0.011735647348093825,0.011735647348093825,-3.1378800723533327,-14822.829829376307,-14825.967709448661
65,26,0.36125346526604135,-6.702491739960894,7.0,1.0,0.9201943158213793,-14827.689777019372,14828.09196054694,0.15436716896874714,0.20657296510580636,2.0,0.0,0.011735647348093825,0.011735647348093825,-3.118317383584119,-14823.105036626066,-14826.22335400965
66,26,0.35727722924792116,-6.707442274528815,3.0,1.0,0.9677169465921573,-14826.983779055361,14827.886837235257,-0.25509941190466634,-0.25509941190466634,1.0,0.0,0.011735647348093825,0.011735647348093825,-3.128712500333362,-14822.383781511578,-14825.512494011911
67,26,0.3540371004173306,-6.691322322552129,3.0,1.0,0.627955315835185,-14828.573721210285,14829.161486219147,0.5246047495420498,0.5246047495420498,1.0,0.0,0.011735647348093825,0.011735647348093825,-3.0949539016500243,-14824.0034005329,-14827.098354434549
68,26,0.35720770430448007,-6.715164245387576,7.0,1.0,0.9627816006627423,-14827.318989386968,14830.592314144691,-0.46897008055202605,-0.46897008055202605,3.0,0.0,0.011735647348093825,0.011735647348093825,-3.144975998555231,-14822.702641896072,-14825.847617894628
69,26,0.3571878036243529,-6.712600410292157,1.0,1.0,1.0,-14827.187417886435,14827.318737931646,-0.014701974383569905,-0.014701974383569905,1.0,0.0,0.011735647348093825,0.011735647348093825,-3.1395696083598152,-14822.576452031652,-14825.716021640012
70,26,0.3600308057217922,-6.70512417751611,7.0,1.0,0.8994006798099731,-14827.231977597945,14827.873238608148,0.08140162749259616,0.2384949804727512,3.0,0.0,0.011735647348093825,0.011735647348093825,-3.1238419164719025,-14822.640234764003,-14825.764076680474
71,26,0.3592096002616325,-6.713056775504968,3.0,1.0,0.7559886795004346,-14827.355265617452,14828.847985074077,-0.010897652171479422,0.6801272890279506,2.0,0.0,0.011735647348093825,0.011735647348093825,-3.140531470337218,-14822.745832065968,-14825.886363536305
72,26,0.355621644671286,-6.707532278803139,3.0,1.0,0.9552638246845726,-14827.408315382587,14828.189169964238,0.033219957618712215,0.107066738719368,2.0,0.0,0.011735647348093825,0.011735647348093825,-3.1289017178575076,-14822.806056538446,-14825.934958256303
73,26,0.3589615365910961,-6.680675876965182,3.0,1.0,0.8142770919643182,-14827.472376904712,14828.944598720202,-0.06157512746176508,0.48375227634824114,2.0,0.0,0.011735647348093825,0.011735647348093825,-3.0728004698438194,-14822.930370579677,-14826.00317104952
74,26,0.3618791691007417,-6.689950477946874,3.0,1.0,0.8064052001024481,-14827.959050676147,14829.041862583636,0.2217774138716777,0.47559182603981753,2.0,0.0,0.011735647348093825,0.011735647348093825,-3.0920929660745466,-14823.401285176737,-14826.493378142812
75,26,0.3573314200275566,-6.670368236723512,3.0,1.0,0.9905663432487932,-14828.688183627306,14829.106920549697,0.02870916264873813,-0.10637560604118335,2.0,0.0,0.011735647348093825,0.011735647348093825,-3.0514600275853634,-14824.165505903937,-14827.216965931522
76,26,0.3581780795103267,-6.670410419071144,1.0,1.0,1.0,-14828.491465642874,14828.87352828477,-0.07899958704365417,-0.07899958704365417,1.0,0.0,0.011735647348093825,0.011735647348093825,-3.051547143377145,-14823.969749115853,-14827.02129625923
77,26,0.3585572998496507,-6.66045969077558,7.0,1.0,0.9055446839645065,-14829.823861583856,14830.657680926972,0.18385057503655844,0.3024547799868742,3.0,0.0,0.011735647348093825,0.011735647348093825,-3.0310460074494743,-14825.323113356326,-14828.354159363775
78,26,0.35751484081055274,-6.689589096066257,3.0,1.0,0.9283855369270326,-14827.066223489343,14830.272677030358,-0.38860182727694337,-0.38860182727694337,2.0,0.0,0.011735647348093825,0.011735647348093825,-3.0913396295503976,-14822.503893893821,-14825.595233523372
79,26,0.355084071659446,-6.701286093939018,3.0,1.0,0.8306630694994119,-14827.613780530359,14828.173221262587,0.19120656295854133,0.22184400521655334,1.0,0.0,0.011735647348093825,0.011735647348093825,-3.115789482987142,-14823.023955037064,-14826.139744520051
80,26,0.3558510418554655,-6.699244567383382,3.0,1.0,1.0,-14827.279933684355,14827.623528911496,-0.09905426418481511,-0.2392227466807526,2.0,0.0,0.011735647348093825,0.011735647348093825,-3.111512290612709,-14822.695353058138,-14825.80686534875
81,26,0.35713520954182476,-6.693717339610807,3.0,1.0,0.8171145707632651,-14826.99570773851,14828.361655308323,-0.0956569182453677,0.5227413928678288,2.0,0.0,0.011735647348093825,0.011735647348093825,-3.099953139657448,-14822.424292912077,-14825.524246051735
82,26,0.35882914443530617,-6.6900879610529405,7.0,1.0,0.9237250440314902,-14826.980239771168,14827.615962210404,-0.029581754477476352,0.17457524801466207,3.0,0.0,0.011735647348093825,0.011735647348093825,-3.092379597595354,-14822.418491936764,-14825.51087153436
83,26,0.3604506398591527,-6.680665891062794,3.0,1.0,0.7468118256677677,-14827.71106604125,14829.480838923022,0.11170102741743904,0.39865733754959365,2.0,0.0,0.011735647348093825,0.011735647348093825,-3.0727797440964415,-14823.17089456877,-14826.243674312866
84,26,0.3613836659453436,-6.682481485768724,1.0,1.0,0.9149174904704086,-14827.953274997215,14828.090025882535,0.08892139212184702,0.08892139212184702,1.0,0.0,0.011735647348093825,0.011735647348093825,-3.0765496513028245,-14823.41045882634,-14826.487008477643
85,26,0.3582509364394517,-6.671042179211293,3.0,1.0,0.9784145334608048,-14828.406702876693,14829.070935019423,0.013935644641605904,-0.21760879074463446,2.0,0.0,0.011735647348093825,0.011735647348093825,-3.052852079396675,-14823.883771280518,-14826.936623359914
86,26,0.3581343427516931,-6.69659425888572,3.0,1.0,0.9542415178598119,-14826.827675618657,14829.329067572793,-0.22682863213049131,-0.22682863213049131,2.0,0.0,0.011735647348093825,0.011735647348093825,-3.105965859552527,-14822.251486401401,-14825.357452260954
87,26,0.3604057046618761,-6.701315523594053,3.0,1.0,0.8714218168686303,-14827.267738789156,14827.577168088685,0.14211917414650088,0.2357888875521894,2.0,0.0,0.011735647348093825,0.011735647348093825,-3.1158511713882784,-14822.68444147592,-14825.800292647307
88,26,0.35811072010999956,-6.703055396364048,3.0,1.0,1.0,-14826.844616982498,14827.215031355769,-0.14095956468372606,-0.14095956468372606,2.0,0.0,0.011735647348093825,0.011735647348093825,-3.11949971116176,-14822.254864753595,-14825.374364464757
89,26,0.3599566195303179,-6.711596780039755,3.0,1.0,0.8212359834182296,-14827.498273281923,14827.96118643298,0.1741882892911235,0.34395715201389976,2.0,0.0,0.011735647348093825,0.011735647348093825,-3.137455031268719,-14822.892827171616,-14826.030282202884
90,26,0.35478853889940276,-6.682179132256262,3.0,1.0,0.7552900991749268,-14828.675509913128,14829.250159460773,0.35562991617189255,0.5706846296434378,2.0,0.0,0.011735647348093825,0.011735647348093825,-3.075921614643681,-14824.125177797177,-14827.20109941182
91,26,0.3584316538002258,-6.68190044777599,3.0,1.0,1.0,-14827.391186675295,14828.470374098459,-0.4500915470362088,-0.4500915470362088,2.0,0.0,0.011735647348093825,0.011735647348093825,-3.075342823317491,-14822.84598701058,-14825.921329833898
92,26,0.35996540068000465,-6.703978253803557,7.0,1.0,0.8896583326093462,-14827.174834802965,14828.159824023453,0.035830698448990006,0.2884181156896375,3.0,0.0,0.011735647348093825,0.011735647348093825,-3.1214361859683177,-14822.585418212973,-14825.70685439894
93,26,0.359137498233965,-6.690708029593483,3.0,1.0,0.984433014996663,-14826.98889054694,14827.561132998862,-0.08825284066369932,-0.08825284066369932,1.0,0.0,0.011735647348093825,0.011735647348093825,-3.093672581759787,-14822.426227653901,-14825.51990023566
94,26,0.35562661237920423,-6.704384537653577,3.0,1.0,0.8105602434737241,-14827.362304197895,14828.074954130727,0.12908320417227515,0.40506575417748536,2.0,0.0,0.011735647348093825,0.011735647348093825,-3.122288980323846,-14822.76666435094,-14825.888953331263
95,26,0.3582544388937405,-6.70758362708666,3.0,1.0,0.8846612402130658,-14826.959234333006,14828.276990282471,-0.1333444052233972,0.3433520716625935,2.0,0.0,0.011735647348093825,0.011735647348093825,-3.129009671860635,-14822.360149463175,-14825.489159135035
96,26,0.35792871225567197,-6.7049847223941255,3.0,1.0,0.9691308458543748,-14826.880994207877,14827.269524087398,-0.013646018258441472,0.05113559384699329,2.0,0.0,0.011735647348093825,0.011735647348093825,-3.1235490768557175,-14822.286967749476,-14825.410516826332
97,26,0.35867041502169694,-6.7283160427299435,3.0,1.0,0.6408055894665303,-14828.535285643806,14830.353711604404,0.2536888115500915,0.5888797619390971,2.0,0.0,0.011735647348093825,0.011735647348093825,-3.17281269770472,-14823.892909788852,-14827.065722486557
98,26,0.35890519995477754,-6.709154335405111,3.0,1.0,1.0,-14827.093121631251,14828.877531053171,-0.21164275231240026,-0.21164275231240026,2.0,0.0,0.011735647348093825,0.011735647348093825,-3.132313183703703,-14822.491533516193,-14825.623846699897
99,26,0.35898844869866464,-6.704705589562614,3.0,1.0,0.9021082021598897,-14826.954063861089,14827.588018026872,-0.02262653967954975,0.2341519013461948,2.0,0.0,0.011735647348093825,0.011735647348093825,-3.1229629886360915,-14822.36192800364,-14825.484890992277
100,26,0.36201770302770575,-6.682746472035904,3.0,1.0,0.7255103380839655,-14828.262177089035,14829.613206866143,0.2823864893962309,0.432307822009534,1.0,0.0,0.011735647348093825,0.011735647348093825,-3.0771001453787856,-14823.71957003498,-14826.79667018036
101,26,0.3549583672304231,-6.693129849168021,7.0,1.0,0.9916456945060534,-14827.875758452381,14828.508877219938,0.01053669603970775,-0.3071163997028634,2.0,0.0,0.011735647348093825,0.011735647348093825,-3.0987263107378964,-14823.302836952511,-14826.401563263249
102,26,0.35691122746304516,-6.705323882330738,7.0,1.0,1.0,-14826.990079908062,14827.903701101422,-0.2954686769080581,-0.3115630679330934,2.0,0.0,0.011735647348093825,0.011735647348093825,-3.124261307335515,-14822.394077905694,-14825.51833921303
103,26,0.3554640594694874,-6.691676861220661,3.0,1.0,0.8164451413373003,-14827.66204492308,14828.082606533719,0.22182815524138277,0.22182815524138277,1.0,0.0,0.011735647348093825,0.011735647348093825,-3.09569358609971,-14823.092795510416,-14826.188489096516
104,26,0.35558136765750803,-6.7055438785330015,3.0,1.0,0.9652318883046195,-14827.392585389709,14828.188847185813,-0.1019587713162764,-0.134286103397244,1.0,0.0,0.011735647348093825,0.011735647348093825,-3.124723357372044,-14822.79445414486,-14825.919177502232
105,26,0.3588635463813597,-6.710239339006195,3.0,1.0,1.0,-14827.134395840209,14827.46379519621,-0.09328146559346351,-0.09328146559346351,2.0,0.0,0.011735647348093825,0.011735647348093825,-3.1345966026988523,-14822.53047321256,-14825.665069815259
106,26,0.3539752062164178,-6.714392000025756,3.0,1.0,0.8228995427015274,-14828.46792402371,14828.794117958936,0.33871822764012904,0.33871822764012904,2.0,0.0,0.011735647348093825,0.011735647348093825,-3.143346863610843,-14823.849131357394,-14826.992478221006
107,26,0.354638634724995,-6.707477274028847,3.0,1.0,1.0,-14827.880720893543,14828.61769120327,-0.10952503748740128,-0.36421343338406587,2.0,0.0,0.011735647348093825,0.011735647348093825,-3.1287860794178735,-14823.277334012992,-14826.40612009241
108,26,0.3600643043646487,-6.724325295488561,3.0,1.0,0.9454219166160027,-14828.573628769545,14829.810481677805,0.08650558221961546,0.08650558221961546,2.0,0.0,0.011735647348093825,0.011735647348093825,-3.1643477222656475,-14823.941420823785,-14827.105768546051
109,26,0.356727086376993,-6.729103080496692,3.0,1.0,0.9985860028517989,-14828.499442310427,14829.124994973094,-0.16897017410337867,-0.23783825634563982,2.0,0.0,0.011735647348093825,0.011735647348093825,-3.1744840033925152,-14823.852987846742,-14827.027471850133
110,26,0.362504101025283,-6.697183576454926,3.0,1.0,0.5902228411459897,-14828.359676382319,14832.977481695438,0.2734204847165529,0.8658706749574776,1.0,0.0,0.011735647348093825,0.011735647348093825,-3.107198546150945,-14823.787550909638,-14826.894749455789
111,26,0.362504101025283,-6.697183576454926,1.0,1.0,0.26290295386794144,-14828.359676382319,14831.282106245157,0.0,1.3359703116002493,1.0,0.0,0.011735647348093825,0.011735647348093825,-3.107198546150945,-14823.787550909638,-14826.894749455789
112,26,0.3632631511212861,-6.695272693172123,1.0,1.0,0.8449001118816156,-14828.92636611803,14829.322858436388,0.16853686940339685,0.16853686940339685,1.0,0.0,0.011735647348093825,0.011735647348093825,-3.103202778473162,-14824.359136747576,-14827.46233952605
113,26,0.35669279226590517,-6.701299585970472,3.0,1.0,0.8965551006476667,-14826.998720300478,14829.334148173284,-0.595087598403552,-0.595087598403552,2.0,0.0,0.011735647348093825,0.011735647348093825,-3.115817763939921,-14822.41088924669,-14825.52670701063
114,26,0.35727248630332736,-6.689027085826473,7.0,1.0,0.9936812680450477,-14827.135820134765,14827.290771651222,0.018706619732256513,-0.05016550262917008,3.0,0.0,0.011735647348093825,0.011735647348093825,-3.0901683227066896,-14822.574360872697,-14825.664529195405
115,26,0.35817550828665107,-6.708315182161462,7.0,1.0,0.9902149502680767,-14826.980665643781,14827.294655778222,-0.0485995044655283,-0.05081865520514839,2.0,0.0,0.011735647348093825,0.011735647348093825,-3.1305479706692165,-14822.379945116949,-14825.510493087619
116,26,0.3596320879280171,-6.690424517569264,7.0,1.0,0.9930877421947365,-14827.075186367632,14827.0954828099,0.024316940865901415,0.024316940865901415,3.0,0.0,0.011735647348093825,0.011735647348093825,-3.0930813468936953,-14822.513718867467,-14825.60680021436
117,26,0.3592611480494393,-6.697872561774605,7.0,1.0,0.9464161671391176,-14826.908299393319,14828.078626933671,-0.018814784640198923,0.13376488290123234,3.0,0.0,0.011735647348093825,0.011735647348093825,-3.1086401500159324,-14822.330820207924,-14825.43946035794
118,26,0.358966442639086,-6.673452716274817,3.0,1.0,0.9092125290337877,-14828.093833532941,14828.132588326598,0.1432068794947554,0.1432068794947554,2.0,0.0,0.011735647348093825,0.011735647348093825,-3.0578348457493045,-14823.566798845932,-14826.624633691681
119,26,0.3575589793293612,-6.712994859238181,3.0,1.0,1.0,-14827.180571408777,14828.022880587212,-0.12387347427466011,-0.1375269943364401,2.0,0.0,0.011735647348093825,0.011735647348093825,-3.1404009597855977,-14822.569235232633,-14825.70963619242
120,26,0.3589753089218132,-6.708758631790995,3.0,1.0,0.8632279861090862,-14827.088951567464,14828.310522014452,0.015534703041339526,0.27682599425679655,2.0,0.0,0.011735647348093825,0.011735647348093825,-3.1314807078624116,-14822.488281886186,-14825.619762594048
121,26,0.3553450606179439,-6.6827136581561595,7.0,1.0,0.7956680996163625,-14828.285874985382,14828.704732418848,0.3433272940965253,0.47495816292030213,2.0,0.0,0.011735647348093825,0.011735647348093825,-3.07703197257875,-14823.73513696991,-14826.812168942488
122,26,0.36037487593073375,-6.711909509422776,3.0,1.0,1.0,-14827.684586655812,14828.349901514393,-0.16247738243691856,-0.3676572730855696,2.0,0.0,0.011735647348093825,0.011735647348093825,-3.1381138216576905,-14823.078989348967,-14826.217103170626
123,26,0.36037487593073375,-6.711909509422776,1.0,1.0,0.779448435387742,-14827.684586655812,14828.343471969829,0.0,0.24916874355403706,1.0,0.0,0.011735647348093825,0.011735647348093825,-3.1381138216576905,-14823.078989348967,-14826.217103170626
124,26,0.3595141007230553,-6.672127882283804,7.0,1.0,0.8874772288656689,-14828.25082055479,14829.501686702368,-0.0610750874329824,0.37513661998127645,3.0,0.0,0.011735647348093825,0.011735647348093825,-3.055095592342713,-14823.72719490994,-14826.782290502282
125,26,0.36013120899359496,-6.6775453841416095,3.0,1.0,1.0,-14827.850070782499,14828.27237378191,-0.04647043487238989,-0.1657430401446618,2.0,0.0,0.011735647348093825,0.011735647348093825,-3.0663080141655903,-14823.315983786126,-14826.382291800292
126,26,0.36049082452269043,-6.670192527865054,1.0,1.0,0.9035653220624705,-14828.609198329088,14828.62622698547,0.10140687265629822,0.10140687265629822,1.0,0.0,0.011735647348093825,0.011735647348093825,-3.0510971694301814,-14824.090758074817,-14827.141855244246
127,26,0.35781807155508216,-6.720287695277582,7.0,1.0,0.9370183268811879,-14827.653479492208,14829.115122352869,-0.11459026719239773,0.2339839793075953,3.0,0.0,0.011735647348093825,0.011735647348093825,-3.155799572256163,-14823.027065680393,-14826.18286525265
128,26,0.35909294836237543,-6.70603818093212,3.0,1.0,0.9349576296843093,-14827.011132832027,14827.985897092089,-0.06152992313946015,0.14925965890142834,2.0,0.0,0.011735647348093825,0.011735647348093825,-3.125761699294746,-14822.416326279994,-14825.54208797929
129,26,0.35724143513533946,-6.7013669275085235,3.0,1.0,0.9947691881839288,-14826.890611824952,14827.104145206898,-0.029334331629797816,-0.029334331629797816,2.0,0.0,0.011735647348093825,0.011735647348093825,-3.1159589227851123,-14822.303323357699,-14825.419282280483
130,26,0.3596034841224764,-6.707573623167278,3.0,1.0,0.9605783379294919,-14827.18738973346,14827.230390127623,0.0808691565416666,0.0808691565416666,2.0,0.0,0.011735647348093825,0.011735647348093825,-3.1289886395361024,-14822.589980067962,-14825.718968707497
131,26,0.3577853262238383,-6.69173161280331,3.0,1.0,0.9703028174838364,-14826.951233674163,14827.355320787488,-0.07436063194472808,0.09331287804343447,2.0,0.0,0.011735647348093825,0.011735647348093825,-3.0958078271412544,-14822.384771078803,-14825.480578905945
132,26,0.3602932770212529,-6.7026387037380015,7.0,1.0,0.9212436162862178,-14827.254606442699,14827.437273221132,0.11238747893185064,0.16931320504409086,2.0,0.0,0.011735647348093825,0.011735647348093825,-3.1186256246806763,-14822.668398444224,-14825.787024068904
133,26,0.36016035989125195,-6.714334995614618,7.0,1.0,0.9669633514995459,-14827.74981367782,14827.8398594361,0.1004104813982849,0.10659944325379911,3.0,0.0,0.011735647348093825,0.011735647348093825,-3.1432266302881255,-14823.138843448607,-14826.282070078894
134,26,0.36104892989195647,-6.685219521468943,3.0,1.0,0.861866739586354,-14827.684410284859,14830.225110826905,-0.07955008270801045,0.3473429121677327,1.0,0.0,0.011735647348093825,0.011735647348093825,-3.0822411522218394,-14823.135499942533,-14826.217741094755
135,26,0.36252822450039524,-6.682169177200235,1.0,1.0,0.7923161737138076,-14828.59599949901,14828.649608209154,0.2327947575959115,0.2327947575959115,1.0,0.0,0.011735647348093825,0.011735647348093825,-3.0759009379528046,-14824.055200337374,-14827.131101275327
136,26,0.3651921299027046,-6.699986475165812,5.0,1.0,0.6371531538845959,-14831.007455503704,14832.029321398742,0.9287200499511528,0.9287200499511528,2.0,0.0,0.011735647348093825,0.011735647348093825,-3.1130661759068308,-14826.432624754554,-14829.545690930461
137,26,0.3622523653428095,-6.699324302496071,1.0,1.0,1.0,-14828.222067703548,14830.277290098053,-0.8903143594689027,-0.8903143594689027,1.0,0.0,0.011735647348093825,0.011735647348093825,-3.1116792650483314,-14823.64516163943,-14826.756840904478
138,26,0.35551515581319815,-6.698263324527952,3.0,1.0,1.0,-14827.43825150874,14827.993561209223,-0.2469672597489989,-0.4124884720567934,2.0,0.0,0.011735647348093825,0.011735647348093825,-3.1094579765059955,-14822.855302161479,-14825.964760137986
139,26,0.35551515581319815,-6.698263324527952,1.0,1.0,0.7061295619697868,-14827.43825150874,14828.295948528672,0.0,0.3479565427878697,1.0,0.0,0.011735647348093825,0.011735647348093825,-3.1094579765059955,-14822.855302161479,-14825.964760137986
140,26,0.35723874613543,-6.706263635989424,7.0,1.0,0.9499829486327555,-14826.95821313202,14828.844928069955,-0.1700479842038476,-0.1700479842038476,3.0,0.0,0.011735647348093825,0.011735647348093825,-3.1262353760239243,-14822.360644867898,-14825.486880243921
141,26,0.3566825177749369,-6.705475985453246,1.0,1.0,0.9729001245613744,-14827.039875935101,14827.058859422723,0.02747384896974836,0.02747384896974836,1.0,0.0,0.011735647348093825,0.011735647348093825,-3.124580758838155,-14822.443269052357,-14825.567849811196
142,26,0.3587268489784919,-6.704001040538857,3.0,1.0,0.9922067874925365,-14826.900274158937,14827.203203348723,-0.030626673553342698,-0.030626673553342698,2.0,0.0,0.011735647348093825,0.011735647348093825,-3.1214840112118214,-14822.30929632108,-14825.430780332292
143,26,0.35737053728704576,-6.691215018720325,7.0,1.0,0.9842054163431379,-14827.02826302302,14827.055204500251,0.03062211267206294,0.0350961191325041,2.0,0.0,0.011735647348093825,0.011735647348093825,-3.0947300552891006,-14822.46236386771,-14825.557093922998
144,26,0.35641508040778813,-6.705689540285146,3.0,1.0,0.8507711357480013,-14827.109740808199,14827.855403653219,0.020107387183088576,0.3035697098730452,2.0,0.0,0.011735647348093825,0.011735647348093825,-3.125029312092931,-14822.512350929503,-14825.637380241596
145,26,0.35671777991029535,-6.713382878682811,3.0,1.0,0.8958517170950957,-14827.291092867757,14827.859685894107,-0.002608866851005587,0.2336454539636179,2.0,0.0,0.011735647348093825,0.011735647348093825,-3.141218912024234,-14822.677891873886,-14825.81911078591
146,26,0.3577722815644513,-6.71315910204804,3.0,1.0,0.9902150943244755,-14827.184971753217,14827.517219306985,-0.02173533628229052,-0.06607020360752358,2.0,0.0,0.011735647348093825,0.011735647348093825,-3.140747168320473,-14822.57355366834,-14825.71430083666
147,26,0.3558621644420621,-6.7104665983802585,3.0,1.0,0.943717365546125,-14827.396776448199,14827.516465030378,0.07683759704195836,0.07683759704195836,2.0,0.0,0.011735647348093825,0.011735647348093825,-3.1350750252203388,-14822.788647075931,-14825.923722101152
148,26,0.35854250120105885,-6.717004768263992,3.0,1.0,1.0,-14827.478562559705,14827.765264072732,-0.017198884504978196,-0.042922286736938986,2.0,0.0,0.011735647348093825,0.011735647348093825,-3.148861184652888,-14822.859980951978,-14826.00884213663
149,26,0.3548311686600161,-6.673116287057388,3.0,1.0,0.47052158259400806,-14829.604400678772,14831.985264131255,0.6203841710630513,1.5382307887848583,2.0,0.0,0.011735647348093825,0.011735647348093825,-3.057139071668526,-14825.07290518081,-14828.130044252479
150,26,0.3559056557562701,-6.673339985427176,1.0,1.0,1.0,-14828.914768766499,14829.780085656961,-0.23234189938011696,-0.23234189938011696,1.0,0.0,0.011735647348093825,0.011735647348093825,-3.057601692860625,-14824.38416741213,-14827.441769104991
