iteration,chain,B_CB,log_h_CB,n_steps,is_accept,acceptance_rate,log_density,hamiltonian_energy,hamiltonian_energy_error,max_hamiltonian_energy_error,tree_depth,numerical_error,step_size,nom_step_size,logprior,loglikelihood,logjoint
51,1,0.3550123462964215,-6.697792876912161,1.0,1.0,0.95449668674957,-14827.701559185356,14827.77854929393,0.04657110701191414,0.04657110701191414,1.0,0.0,0.009008072773992525,0.009008072773992525,-3.1084733964898215,-14823.11895897314,-14826.22743236963
52,1,0.3569676664526325,-6.707079057714199,3.0,1.0,0.9839304391051803,-14827.017772661211,14827.480932119572,-0.3963372406997223,-0.3963372406997223,2.0,0.0,0.014956519974081414,0.014956519974081414,-3.127948985725133,-14822.418153333469,-14825.546102319193
53,1,0.3605876027655871,-6.676479315266813,3.0,1.0,0.39004676760694174,-14828.048071597794,14829.655617679311,0.20815040661909734,1.7257089637587342,2.0,0.0,0.014956519974081414,0.014956519974081414,-3.064099287721362,-14823.516746308116,-14826.580845595838
54,1,0.357113403565649,-6.695030749256941,3.0,1.0,0.9858642582519251,-14826.968380546514,14828.14642035167,-0.2229536056820507,-0.2229536056820507,2.0,0.0,0.014956519974081414,0.014956519974081414,-3.1026971201578704,-14822.394194599105,-14825.496891719262
55,1,0.357113403565649,-6.695030749256941,3.0,1.0,0.6608858048992801,-14826.968380546514,14829.033007756243,0.0,0.6129723305239168,2.0,0.0,0.014956519974081414,0.014956519974081414,-3.1026971201578704,-14822.394194599105,-14825.496891719262
56,1,0.35819641832594223,-6.722126613595002,3.0,1.0,0.8522515553488237,-14827.836486779725,14827.99073085439,0.17213073951279512,0.17697722870434518,2.0,0.0,0.014956519974081414,0.014956519974081414,-3.1596907913977796,-14823.20664923018,-14826.366340021577
57,1,0.36593086516286544,-6.682489311251805,7.0,1.0,0.5060875832632474,-14831.750324689006,14831.760930211014,2.0011105641497124,2.0011105641497124,2.0,0.0,0.014956519974081414,0.014956519974081414,-3.076565907297874,-14827.212850640282,-14830.289416547581
58,1,0.3628512225209229,-6.683563372729055,1.0,1.0,1.0,-14828.756448537935,14831.04400380899,-1.4577995196323172,-1.4577995196323172,1.0,0.0,0.014956519974081414,0.014956519974081414,-3.078797652550303,-14824.21313641028,-14827.29193406283
59,1,0.35875316026678183,-6.7223139052546586,3.0,1.0,1.0,-14827.944808106979,14828.532073745711,-0.48996574115153635,-0.6919745761806553,2.0,0.0,0.014956519974081414,0.014956519974081414,-3.16008729721961,-14823.315259296118,-14826.475346593337
60,1,0.3578074040188525,-6.7212163068590725,1.0,1.0,1.0,-14827.727811629647,14828.026930856078,-0.10547435031367058,-0.10547435031367058,1.0,0.0,0.014956519974081414,0.014956519974081414,-3.157764126031237,-14823.09942006213,-14826.257184188162
61,1,0.35796729639807867,-6.686725093458321,3.0,1.0,0.890868547670264,-14827.13835044395,14829.01598610816,-0.14964986321137985,0.329896629187715,1.0,0.0,0.014956519974081414,0.014956519974081414,-3.085373949611372,-14822.582546810341,-14825.667920759952
62,1,0.3583621887652689,-6.710301137120438,3.0,1.0,0.9276620115932585,-14827.07249067045,14827.847836730152,-0.0066649671589402715,0.17829810812872893,1.0,0.0,0.014956519974081414,0.014956519974081414,-3.134726693912363,-14822.467821581551,-14825.602548275463
63,1,0.35756293151046564,-6.702484988112819,3.0,1.0,0.6621047344634371,-14826.860071166504,14827.772259035437,-0.04852955852766172,0.7168381057672377,2.0,0.0,0.014956519974081414,0.014956519974081414,-3.118303222810417,-14822.270837628665,-14825.389140851476
64,1,0.35756293151046564,-6.702484988112819,3.0,1.0,0.44698709503606837,-14826.860071166504,14828.526251723182,0.0,1.7815900561745366,1.0,0.0,0.014956519974081414,0.014956519974081414,-3.118303222810417,-14822.270837628665,-14825.389140851476
65,1,0.3625326396274325,-6.710698540979775,3.0,1.0,0.4546354621521192,-14828.94091421339,14830.316284790031,1.0574919257705915,1.306940522419609,2.0,0.0,0.014956519974081414,0.014956519974081414,-3.1355633600416652,-14824.340457882283,-14827.476021242324
66,1,0.3565340961901004,-6.695287211613568,3.0,1.0,0.9725434131827062,-14827.109394586641,14828.536437932624,-0.9177142581538646,-0.9177142581538646,2.0,0.0,0.014956519974081414,0.014956519974081414,-3.103233123609418,-14822.533949821936,-14825.637182945546
67,1,0.3577606257373255,-6.691783572484901,3.0,1.0,0.9977658823818344,-14826.952297181719,14827.10251650807,-0.10424051818881708,-0.10508527541423973,1.0,0.0,0.014956519974081414,0.014956519974081414,-3.0959162455585165,-14822.385695589066,-14825.481611834624
68,1,0.35777595452105093,-6.692806075941929,3.0,1.0,1.0,-14826.92072298016,14826.974101908205,-0.00941358979071083,-0.016059402321843663,2.0,0.0,0.014956519974081414,0.014956519974081414,-3.0980503377163497,-14822.352006272917,-14825.450056610633
69,1,0.35813244285614404,-6.7041156908838,7.0,1.0,0.9853499996610532,-14826.86323235095,14827.052685612352,-0.023653858284887974,0.03690372308483347,2.0,0.0,0.014956519974081414,0.014956519974081414,-3.121724649465624,-14822.271281998743,-14825.393006648208
70,1,0.35867555857067723,-6.694858076401821,7.0,1.0,0.9821126650484882,-14826.859165310383,14826.991972661725,-0.0005643796466756612,0.03316234786689165,2.0,0.0,0.014956519974081414,0.014956519974081414,-3.102336272875565,-14822.28727220059,-14825.389608473466
71,1,0.35867555857067723,-6.694858076401821,3.0,1.0,0.37097678079818647,-14826.859165310383,14829.516599863338,0.0,2.8371115332738555,1.0,0.0,0.014956519974081414,0.014956519974081414,-3.102336272875565,-14822.28727220059,-14825.389608473466
72,1,0.3596509970622901,-6.6922103832783835,1.0,1.0,0.9354656324417946,-14827.037360042495,14827.041205408006,0.0667108710440516,0.0667108710440516,1.0,0.0,0.014956519974081414,0.014956519974081414,-3.0968069257574244,-14822.472190012208,-14825.568996937965
73,1,0.3560454908813374,-6.711267308749452,3.0,1.0,0.5242720522958969,-14827.365121878689,14828.381957442973,0.10653284824184084,1.138327794134966,2.0,0.0,0.014956519974081414,0.014956519974081414,-3.1367610784565145,-14822.755536833925,-14825.892297912382
74,1,0.35823111181690465,-6.712108283982294,3.0,1.0,1.0,-14827.147732428793,14827.329905861574,-0.09569184867723379,-0.1553810278292076,2.0,0.0,0.014956519974081414,0.014956519974081414,-3.1385326075943882,-14822.53909585671,-14825.677628464304
75,1,0.35823111181690465,-6.712108283982294,1.0,1.0,0.3203364602930638,-14827.147732428793,14828.638870279981,0.0,1.1383833971467539,1.0,0.0,0.014956519974081414,0.014956519974081414,-3.1385326075943882,-14822.53909585671,-14825.677628464304
76,1,0.35923018609208174,-6.656772734317014,3.0,1.0,0.29140099400484765,-14830.373047401301,14831.742831424424,0.7535348518558749,1.7058797528570722,2.0,0.0,0.014956519974081414,0.014956519974081414,-3.0234750413595393,-14825.880695459638,-14828.904170500999
77,1,0.3586168758733354,-6.710969058558819,3.0,1.0,1.0,-14827.131347379414,14829.911582780589,-0.7105459309677826,-0.7105459309677826,2.0,0.0,0.014956519974081414,0.014956519974081414,-3.1361329790647465,-14822.525585438803,-14825.661718417869
78,1,0.36452130803370264,-6.704355029561085,3.0,1.0,0.4174311828581286,-14830.445634032605,14830.821090479645,1.8055959827015613,1.8055959827015613,1.0,0.0,0.014956519974081414,0.014956519974081414,-3.12222703694796,-14825.860860006198,-14828.983087043145
79,1,0.3596248039347093,-6.693451599106553,11.0,1.0,0.9885687916691204,-14827.010309593794,14828.797764451425,-1.820819761365783,-1.862942525136532,3.0,0.0,0.014956519974081414,0.014956519974081414,-3.099398163392694,-14822.442516397547,-14825.54191456094
80,1,0.35830675382859795,-6.688769620206163,3.0,1.0,1.0,-14827.021402712562,14827.074074816137,-0.02630389946170908,-0.06778479968488682,2.0,0.0,0.014956519974081414,0.014956519974081414,-3.0896318343416067,-14822.461760173837,-14825.55139200818
81,1,0.358798799825106,-6.69270569824442,3.0,1.0,0.8954266028012136,-14826.906448574393,14827.325297426749,-0.027355037560482742,0.21362658260659373,2.0,0.0,0.014956519974081414,0.014956519974081414,-3.097840790670319,-14822.339202303467,-14825.437043094136
82,1,0.3576967002380497,-6.702894383229018,7.0,1.0,0.9999884958546987,-14826.854382983383,14826.905276768757,-0.010417167608466116,-0.018050196311378386,2.0,0.0,0.014956519974081414,0.014956519974081414,-3.119161937049719,-14822.264456531315,-14825.383618468364
83,1,0.3516994461121384,-6.6939941034446155,3.0,1.0,0.42119936861941837,-14830.640630658452,14830.678309059365,1.9624207914966973,2.014800323671807,2.0,0.0,0.014956519974081414,0.014956519974081414,-3.1005312122738835,-14826.061720259355,-14829.16225147163
84,1,0.35618778610571994,-6.685420155519378,3.0,1.0,0.8877817223605048,-14827.67259890159,14831.114867144226,-1.590517477998219,-1.590517477998219,2.0,0.0,0.014956519974081414,0.014956519974081414,-3.082658501072134,-14823.117295013644,-14826.199953514717
85,1,0.35618778610571994,-6.685420155519378,1.0,1.0,0.6648552886336537,-14827.67259890159,14828.418437460265,0.0,0.4081858730842214,1.0,0.0,0.014956519974081414,0.014956519974081414,-3.082658501072134,-14823.117295013644,-14826.199953514717
86,1,0.3545620114066511,-6.686445293390722,1.0,1.0,0.6356990120989806,-14828.495171607387,14828.913484535202,0.45303007907750725,0.45303007907750725,1.0,0.0,0.014956519974081414,0.014956519974081414,-3.0847915695515904,-14823.935681875366,-14827.020473444918
87,1,0.35792967739311843,-6.702697060692418,3.0,1.0,0.9864785079489481,-14826.841318394974,14827.858361609971,-0.8140464381012862,-0.8140464381012862,1.0,0.0,0.014956519974081414,0.014956519974081414,-3.1187480282581235,-14822.252094178455,-14825.370842206714
88,1,0.3604118025372678,-6.6549691773424895,3.0,1.0,0.43446510724210424,-14830.736364874065,14831.529415935842,0.855283570870597,1.0973897215535544,2.0,0.0,0.014956519974081414,0.014956519974081414,-3.0197764856834275,-14826.249149631845,-14829.26892611753
89,1,0.3638247338163557,-6.693849719385258,3.0,1.0,0.6632847316462521,-14829.407169626431,14832.797405719699,0.48052120265310805,0.9904938568161015,2.0,0.0,0.014956519974081414,0.014956519974081414,-3.100229629820777,-14824.843575790956,-14827.943805420777
90,1,0.3601648940516497,-6.708439449967348,3.0,1.0,1.0,-14827.41262261768,14828.726821119297,-0.9975265867433336,-0.9975265867433336,2.0,0.0,0.014956519974081414,0.014956519974081414,-3.130809331604596,-14822.814075189928,-14825.944884521532
91,1,0.35831852423561816,-6.699021271885539,3.0,1.0,0.9749429912791964,-14826.815894422729,14827.691605546277,-0.2792033639179863,-0.2792033639179863,2.0,0.0,0.014956519974081414,0.014956519974081414,-3.1110447181616343,-14822.234853506829,-14825.34589822499
92,1,0.35891731733562926,-6.699699888732393,5.0,1.0,0.9856017977844873,-14826.86263875803,14826.863620302556,0.024273805851407815,0.024511425828677602,2.0,0.0,0.014956519974081414,0.014956519974081414,-3.1124658710437405,-14822.280912815873,-14825.393378686917
93,1,0.3556872189817528,-6.713990968047548,7.0,1.0,0.3079430279014514,-14827.59439841764,14832.32689323962,0.2566878578873002,5.245532602948515,2.0,0.0,0.014956519974081414,0.014956519974081414,-3.1425010786276024,-14822.978622820348,-14826.121123898976
94,1,0.3592898446293097,-6.705953135597503,3.0,1.0,0.708343035849793,-14827.048982783037,14828.324099212723,-0.14796109533199342,0.667942866904923,2.0,0.0,0.014956519974081414,0.014956519974081414,-3.1255830338894834,-14822.454595799532,-14825.580178833421
95,1,0.3554296730463068,-6.724839026151252,3.0,1.0,0.7866986584586163,-14828.386480760491,14828.736901115924,0.28110147576080635,0.28110147576080635,2.0,0.0,0.014956519974081414,0.014956519974081414,-3.165436529183993,-14823.747445012601,-14826.912881541784
96,1,0.360569238756969,-6.670402918248483,3.0,1.0,0.47645694186639104,-14828.605790291358,14830.688314555073,-0.005473985420394456,1.761334643668306,2.0,0.0,0.014956519974081414,0.014956519974081414,-3.051531652404534,-14824.08701042741,-14827.138542079816
97,1,0.3545555028190294,-6.661458821978099,3.0,1.0,0.5285527283541013,-14831.579596638185,14831.909949638815,1.4680033028198523,1.4680033028198523,2.0,0.0,0.014956519974081414,0.014956519974081414,-3.0331000104554957,-14827.071790192329,-14830.104890202785
98,1,0.3556260764566741,-6.6909745982496664,3.0,1.0,1.0,-14827.613777956152,14830.93810290814,-1.4384841168630373,-1.4384841168630373,2.0,0.0,0.014956519974081414,0.014956519974081414,-3.094228556309601,-14823.046197857924,-14826.140426414233
99,1,0.35788696838019124,-6.68951494293002,1.0,1.0,1.0,-14827.019762156871,14827.38706089058,-0.33668005142862967,-0.33668005142862967,1.0,0.0,0.014956519974081414,0.014956519974081414,-3.0911850661003277,-14822.45804808848,-14825.54923315458
100,1,0.3572936779778833,-6.712569070464323,3.0,1.0,0.9070206469913241,-14827.175966528534,14827.879087927982,0.026946966579998843,0.21276859802492254,1.0,0.0,0.014956519974081414,0.014956519974081414,-3.1395035623505056,-14822.565198368206,-14825.704701930556
101,1,0.3618623212000127,-6.680118406569295,3.0,1.0,0.6722852063398674,-14828.313146978735,14829.77003947816,0.37221418416447705,0.4895165789985185,2.0,0.0,0.014956519974081414,0.014956519974081414,-3.071643592251225,-14823.775810697382,-14826.847454289633
102,1,0.35451309211691917,-6.7081098685460985,3.0,1.0,0.5019069096109546,-14827.963053145293,14829.998521931282,0.02425305879296502,1.4200527541088377,2.0,0.0,0.014956519974081414,0.014956519974081414,-3.1301161874432593,-14823.358176604343,-14826.488292791786
103,1,0.3611841979638184,-6.702908300482539,3.0,1.0,1.0,-14827.665271348817,14827.946743659411,-0.06765552703836875,-0.4912654041272617,2.0,0.0,0.014956519974081414,0.014956519974081414,-3.119191131706034,-14823.079573884115,-14826.19876501582
104,1,0.3578628581864705,-6.702157652666432,3.0,1.0,0.980895670179792,-14826.837234053732,14827.488940435145,-0.4359666132422717,-0.4359666132422717,2.0,0.0,0.014956519974081414,0.014956519974081414,-3.1176167509076955,-14822.249058477586,-14825.366675228493
105,1,0.35709726323123886,-6.69296952570653,7.0,1.0,0.9386065507416418,-14827.025041271476,14827.112458235833,0.0888698181242944,0.11020909463331918,2.0,0.0,0.014956519974081414,0.014956519974081414,-3.098391574669047,-14822.455140777593,-14825.553532352262
106,1,0.35935203863052934,-6.7132219057316,3.0,1.0,0.851333003145487,-14827.401797258668,14828.056648222302,0.12069277187401894,0.2018727518225205,2.0,0.0,0.014956519974081414,0.014956519974081414,-3.1408795597614554,-14822.792189761769,-14825.93306932153
107,1,0.3595142023641652,-6.69638213321436,3.0,1.0,0.9761313791778107,-14826.959491755697,14827.612180580029,-0.1485567263989651,-0.1485567263989651,1.0,0.0,0.014956519974081414,0.014956519974081414,-3.1055222373156153,-14822.385439589898,-14825.490961827214
108,1,0.35463188735187456,-6.7155729854690085,3.0,1.0,0.5619878048805621,-14828.131822986088,14830.106404090222,0.4372819305754092,0.6720090966209682,2.0,0.0,0.014956519974081414,0.014956519974081414,-3.1458385212331197,-14823.51137509262,-14826.657213613853
109,1,0.3566059151241726,-6.71351934699814,1.0,1.0,1.0,-14827.318776305405,14827.861028356278,-0.34587052003007557,-0.34587052003007557,1.0,0.0,0.014956519974081414,0.014956519974081414,-3.141506625570562,-14822.705147835944,-14825.846654461515
110,1,0.3568348002642645,-6.708618217694553,1.0,1.0,1.0,-14827.08368924438,14827.30993416555,-0.04675539644631499,-0.04675539644631499,1.0,0.0,0.014956519974081414,0.014956519974081414,-3.1311853442495665,-14822.480667884001,-14825.61185322825
111,1,0.3568348002642645,-6.708618217694553,1.0,1.0,0.4327465244813579,-14827.08368924438,14828.21203932926,0.0,0.8376031161969877,1.0,0.0,0.014956519974081414,0.014956519974081414,-3.1311853442495665,-14822.480667884001,-14825.61185322825
112,1,0.35760885684839216,-6.690916614532375,3.0,1.0,0.9566184545955307,-14827.000542707578,14827.530374345415,-0.015381099376099883,0.11466215815926262,1.0,0.0,0.014956519974081414,0.014956519974081414,-3.0941076152972906,-14822.435561720195,-14825.529669335492
113,1,0.35820062887045223,-6.712331589889655,3.0,1.0,0.9153239675664553,-14827.156923010383,14827.708532332785,0.02698961896021501,0.13941200886802108,1.0,0.0,0.014956519974081414,0.014956519974081414,-3.1390031242508782,-14822.547778322254,-14825.686781446506
114,1,0.35780968394434376,-6.690508541733644,3.0,1.0,0.9407228946697939,-14826.990034472134,14827.698021032364,-0.03807743715151446,0.12509298912846134,1.0,0.0,0.014956519974081414,0.014956519974081414,-3.0932565621764563,-14822.426153290158,-14825.519409852335
115,1,0.35780968394434376,-6.690508541733644,3.0,1.0,0.5703709820849606,-14826.990034472134,14828.12452780884,0.0,0.9629487509646424,1.0,0.0,0.014956519974081414,0.014956519974081414,-3.0932565621764563,-14822.426153290158,-14825.519409852335
116,1,0.3568816243835567,-6.691203887583151,1.0,1.0,0.9146850677320922,-14827.137343065033,14827.20951854471,0.08917546122393105,0.08917546122393105,1.0,0.0,0.014956519974081414,0.014956519974081414,-3.094706835299866,-14822.570858620433,-14825.665565455733
117,1,0.3593970286141066,-6.710604321504607,3.0,1.0,0.9889512193423026,-14827.268542859987,14827.333374703368,0.03370813104447734,-0.08401337762734329,2.0,0.0,0.014956519974081414,0.014956519974081414,-3.1353649827037624,-14822.664504901612,-14825.799869884315
118,1,0.3568273127425825,-6.680749259681058,3.0,1.0,0.7987976765025776,-14827.78044517058,14828.78426636859,0.15516581717747613,0.334742455781452,2.0,0.0,0.014956519974081414,0.014956519974081414,-3.0729527787807496,-14823.2356470339,-14826.30859981268
119,1,0.3568273127425825,-6.680749259681058,1.0,1.0,0.41267093191573434,-14827.78044517058,14829.016332521296,0.0,0.8851047786374693,1.0,0.0,0.014956519974081414,0.014956519974081414,-3.0729527787807496,-14823.2356470339,-14826.30859981268
120,1,0.3575880230256876,-6.687198413710243,1.0,1.0,1.0,-14827.164867447183,14827.62220661142,-0.23300099499283533,-0.23300099499283533,1.0,0.0,0.014956519974081414,0.014956519974081414,-3.086359303720596,-14822.607608942144,-14825.693968245865
121,1,0.354877570955321,-6.688773909268961,3.0,1.0,0.7133195159023679,-14828.139801091369,14828.323968763792,0.5453909330826718,0.5792054699759319,2.0,0.0,0.014956519974081414,0.014956519974081414,-3.0896407710396248,-14823.575862733067,-14826.665503504106
122,1,0.3575265862960801,-6.690016443353147,1.0,1.0,1.0,-14827.04692718158,14827.66807179729,-0.5761937716160901,-0.5761937716160901,1.0,0.0,0.014956519974081414,0.014956519974081414,-3.0922304916292136,-14822.48372129508,-14825.57595178671
123,1,0.35890183621460764,-6.711993733017387,3.0,1.0,0.7111560520633736,-14827.229033524993,14827.777419426387,0.04937564648753323,0.5711549739808106,2.0,0.0,0.014956519974081414,0.014956519974081414,-3.1382912623632246,-14822.621463205862,-14825.759754468225
124,1,0.3582871695605367,-6.685883498949909,3.0,1.0,0.923540466811207,-14827.157167579902,14828.074170805607,-0.07121110041407519,0.1373445302615437,1.0,0.0,0.014956519974081414,0.014956519974081414,-3.083622478572946,-14822.603510256835,-14825.687132735407
125,1,0.3546468396805001,-6.676838732980437,1.0,1.0,0.36134619665843504,-14829.298623426612,14829.337189894717,1.0179187866760913,1.0179187866760913,1.0,0.0,0.014956519974081414,0.014956519974081414,-3.0648438175033625,-14824.759189229992,-14827.824033047495
126,1,0.35860647482653457,-6.687209325626677,1.0,1.0,1.0,-14827.084970858448,14828.26847585779,-1.0416503656506393,-1.0416503656506393,1.0,0.0,0.014956519974081414,0.014956519974081414,-3.086382022698164,-14822.528947087014,-14825.615329109713
127,1,0.35490449295069987,-6.701813297859492,3.0,1.0,0.7369325453089214,-14827.706358338997,14828.453345856362,0.38444215689196426,0.5805347205750877,2.0,0.0,0.014956519974081414,0.014956519974081414,-3.1168947024835694,-14823.115200176666,-14826.23209487915
128,1,0.35493531346154505,-6.701014767212752,1.0,1.0,1.0,-14827.695332581396,14828.1427940803,-0.0008375646721106023,-0.0008375646721106023,1.0,0.0,0.014956519974081414,0.014956519974081414,-3.1152207875290596,-14823.105887394147,-14826.221108181677
129,1,0.3604403284402887,-6.723922362635961,3.0,1.0,0.655424584742161,-14828.711171453871,14829.59012085099,0.24220722253085114,0.5345949533766543,2.0,0.0,0.014956519974081414,0.014956519974081414,-3.163493926229717,-14824.080273314641,-14827.24376724087
130,1,0.35821412737196656,-6.703135119596585,3.0,1.0,1.0,-14826.847497564513,14828.224841290848,-0.696412471941585,-0.696412471941585,2.0,0.0,0.014956519974081414,0.014956519974081414,-3.1196669645301185,-14822.25770568709,-14825.377372651621
131,1,0.35812855749144307,-6.698536088832119,7.0,1.0,0.9119498069607292,-14826.8156004084,14826.99969261807,-0.0075003293222835055,0.17028674574794422,2.0,0.0,0.014956519974081414,0.014956519974081414,-3.1100289347996695,-14822.235340975038,-14825.345369909837
132,1,0.3589124569890699,-6.686337594671886,3.0,1.0,0.9313719387444079,-14827.135437099758,14827.249956027847,0.0657262662116409,0.08818229527605581,1.0,0.0,0.014956519974081414,0.014956519974081414,-3.0845674246884838,-14822.581603643614,-14825.666171068302
133,1,0.3589124569890699,-6.686337594671886,3.0,1.0,0.398031783942362,-14827.135437099758,14829.371590007931,0.0,2.3372710795556486,1.0,0.0,0.014956519974081414,0.014956519974081414,-3.0845674246884838,-14822.581603643614,-14825.666171068302
134,1,0.3571495968279232,-6.700813633289904,3.0,1.0,0.6978966881969962,-14826.903686265083,14830.100980699604,-0.0027198591851629317,0.7663587640090554,2.0,0.0,0.014956519974081414,0.014956519974081414,-3.1147992623141865,-14822.31744322024,-14825.432242482553
135,1,0.3653423666336257,-6.684159030721091,3.0,1.0,0.3495428760738856,-14831.022617193054,14831.566819736026,1.8840083141385549,1.9010641827699146,2.0,0.0,0.014956519974081414,0.014956519974081414,-3.0800358414667994,-14826.480991391783,-14829.56102723325
136,1,0.35921191935736674,-6.718594944046624,3.0,1.0,1.0,-14827.739490040867,14829.632725426434,-1.6072200877224532,-1.6163523727373104,2.0,0.0,0.014956519974081414,0.014956519974081414,-3.152220637192058,-14823.118370159491,-14826.270590796683
137,1,0.360072657997064,-6.701826378143062,3.0,1.0,0.9869345314671012,-14827.15777010759,14828.023565057498,-0.11360306832648348,-0.11360306832648348,1.0,0.0,0.014956519974081414,0.014956519974081414,-3.116922127255565,-14822.572997903013,-14825.689920030269
138,1,0.360072657997064,-6.701826378143062,3.0,1.0,0.4056570698409321,-14827.15777010759,14829.849322257867,0.0,1.6615970839466172,2.0,0.0,0.014956519974081414,0.014956519974081414,-3.116922127255565,-14822.572997903013,-14825.689920030269
139,1,0.3606096245729118,-6.702365537468887,1.0,1.0,0.8930441311904551,-14827.375039074448,14827.55694565906,0.11311928030045237,0.11311928030045237,1.0,0.0,0.014956519974081414,0.014956519974081414,-3.118052704341002,-14822.789786997002,-14825.907839701344
140,1,0.3590715960029346,-6.7049067037685,3.0,1.0,0.9739000172264484,-14826.97377624654,14827.635478159631,-0.22251495275850175,-0.22251495275850175,2.0,0.0,0.014956519974081414,0.014956519974081414,-3.1233852552549712,-14822.381319990138,-14825.504705245392
141,1,0.3588969674345435,-6.707280192898194,3.0,1.0,0.9964033922491247,-14827.018422920246,14827.07867858231,0.0054850317937962245,0.0054850317937962245,2.0,0.0,0.014956519974081414,0.014956519974081414,-3.12837177378047,-14822.420766118243,-14825.549137892023
142,1,0.35668010758417495,-6.70900232242059,3.0,1.0,0.9704513398106135,-14827.125723543812,14827.364994093537,0.015966404591381433,0.07559284994204063,2.0,0.0,0.014956519974081414,0.014956519974081414,-3.131993362347739,-14822.521701046788,-14825.653694409135
143,1,0.35577636864687806,-6.716028131808924,1.0,1.0,0.8628349205174995,-14827.664060477131,14827.711670798068,0.14753189180737536,0.14753189180737536,1.0,0.0,0.014956519974081414,0.014956519974081414,-3.146799166922147,-14823.044099027233,-14826.190898194154
144,1,0.35987160788962735,-6.699362784423767,3.0,1.0,1.0,-14827.057761559425,14827.68730701978,-0.11180582536871952,-0.11180582536871952,2.0,0.0,0.014956519974081414,0.014956519974081414,-3.111759852876056,-14822.477907240576,-14825.589667093453
145,1,0.3601883922654792,-6.7025062063551415,7.0,1.0,0.9396697499967273,-14827.2128937548,14827.3510211082,0.0804882710781385,0.10869233705852821,2.0,0.0,0.014956519974081414,0.014956519974081414,-3.1183477243692215,-14822.626836448992,-14825.74518417336
146,1,0.3592569962329769,-6.699717461495827,1.0,1.0,1.0,-14826.915743463027,14827.119458248348,-0.15338330137637968,-0.15338330137637968,1.0,0.0,0.014956519974081414,0.014956519974081414,-3.112502677873113,-14822.334396672877,-14825.44689935075
147,1,0.3598889214321194,-6.692946780768672,3.0,1.0,0.9509287747314511,-14827.08021163503,14827.1704236394,0.051785576697511715,0.06028975631306821,2.0,0.0,0.014956519974081414,0.014956519974081414,-3.098344088061472,-14822.513794142822,-14825.612138230883
148,1,0.360633512474352,-6.700332622016692,3.0,1.0,0.8835794643227608,-14827.341402715116,14827.537717666473,0.1694232377976732,0.21494370954133046,1.0,0.0,0.014956519974081414,0.014956519974081414,-3.1137913498773235,-14822.760440871914,-14825.874232221791
149,1,0.3582915854850149,-6.663676473893808,3.0,1.0,0.6844991031067252,-14829.370139056637,14830.34958133531,0.3185127625165478,0.6517282213189901,1.0,0.0,0.014956519974081414,0.014956519974081414,-3.037662601878361,-14824.862447053796,-14827.900109655675
150,1,0.35921683423998313,-6.704352953198022,3.0,1.0,0.5841767704847123,-14826.986797431444,14830.267096056645,-0.5823108474105538,1.1547845356781181,2.0,0.0,0.014956519974081414,0.014956519974081414,-3.1222226782802442,-14822.3956815212,-14825.517904199482
51,2,0.36201342332979364,-6.693132283153656,3.0,1.0,0.5924447573793987,-14828.007040798308,14829.872271678561,-0.13161043935178895,0.9574286714050686,2.0,0.0,0.014548034937945804,0.014548034937945804,-3.098731392804686,-14823.442797383119,-14826.541528775924
52,2,0.35389472702836255,-6.705711692313357,3.0,1.0,0.9622944588753409,-14828.335574915198,14828.4572834384,0.12004178600909654,-0.39442153717391193,2.0,0.0,0.01315654048874544,0.01315654048874544,-3.125075843102281,-14823.734950453525,-14826.860026296627
53,2,0.359995652066349,-6.697171167963601,7.0,1.0,0.8127405080208282,-14827.081128357995,14829.09131304103,-0.46641069590259576,0.7875460269115138,2.0,0.0,0.01315654048874544,0.01315654048874544,-3.1071725874979226,-14822.506012136295,-14825.613184723792
54,2,0.35726460541642874,-6.702418193114522,7.0,1.0,0.95178720974312,-14826.893854835458,14827.256301698106,-0.07650946129797376,0.15260506590311707,2.0,0.0,0.01315654048874544,0.01315654048874544,-3.118163134902567,-14822.304390964031,-14825.422554098934
55,2,0.3609346705694688,-6.712153992273653,3.0,1.0,0.7238216216357102,-14827.971943021183,14828.586564657118,0.3928808965229109,0.5125211607828533,2.0,0.0,0.01315654048874544,0.01315654048874544,-3.138628913179471,-14823.366507210176,-14826.505136123355
56,2,0.36176177862729275,-6.71235548133606,3.0,1.0,0.4815215255575984,-14828.485866863697,14832.145483804268,0.21181106586118403,1.2807822999075142,2.0,0.0,0.01315654048874544,0.01315654048874544,-3.1390534676700272,-14823.88100036456,-14827.02005383223
57,2,0.3552800029299269,-6.7045972654040815,3.0,1.0,1.0,-14827.516709079326,14828.76892264756,-0.3724173627106211,-0.432839119244818,2.0,0.0,0.01315654048874544,0.01315654048874544,-3.1227355640972507,-14822.920185285968,-14826.042920850065
58,2,0.35419813392362276,-6.689898750349383,7.0,1.0,0.7874760136663949,-14828.532759798018,14829.125143814053,0.425719522367217,0.509333677639006,3.0,0.0,0.01315654048874544,0.01315654048874544,-3.0919851267366196,-14823.965613318103,-14827.05759844484
59,2,0.35574633132502126,-6.692398534012981,1.0,1.0,1.0,-14827.497222896696,14828.311985658529,-0.40909918093893793,-0.40909918093893793,1.0,0.0,0.01315654048874544,0.01315654048874544,-3.097199621604029,-14822.92682318554,-14826.024022807145
60,2,0.35716544666044253,-6.739497449949017,3.0,1.0,0.5863786890386758,-14829.779026095599,14831.017723635265,0.20330375042431115,0.858125887963979,2.0,0.0,0.01315654048874544,0.01315654048874544,-3.1966149680481384,-14825.110987066872,-14828.30760203492
61,2,0.35716544666044253,-6.739497449949017,1.0,1.0,0.4806982323832211,-14829.779026095599,14831.53006516446,0.0,0.7325155812613957,1.0,0.0,0.01315654048874544,0.01315654048874544,-3.1966149680481384,-14825.110987066872,-14828.30760203492
62,2,0.36013650583475226,-6.709624696262233,3.0,1.0,0.912603624385802,-14827.459273729124,14830.929656250251,-0.2392769596826838,0.30406775665869645,2.0,0.0,0.01315654048874544,0.01315654048874544,-3.1333029261112615,-14822.858198250738,-14825.99150117685
63,2,0.3516710888341572,-6.704220644453348,3.0,1.0,0.5327188044072928,-14830.339332094003,14831.345449401178,1.1336881911083765,1.2862232749412215,2.0,0.0,0.01315654048874544,0.01315654048874544,-3.121944946796275,-14825.738971067825,-14828.860916014622
64,2,0.3551312970846315,-6.7108994189960915,3.0,1.0,1.0,-14827.704912428337,14829.46497961501,-1.0860096604319551,-1.3536208397345035,2.0,0.0,0.01315654048874544,0.01315654048874544,-3.135986334576904,-14823.094949842538,-14826.230936177115
65,2,0.36159463090413024,-6.686473205961666,3.0,1.0,0.981147339935822,-14827.89011226153,14828.167369314893,0.05822036830613797,-0.24604082307087083,2.0,0.0,0.01315654048874544,0.01315654048874544,-3.084849663680234,-14823.339249276467,-14826.424098940148
66,2,0.35725117114602795,-6.679426317974731,3.0,1.0,0.9650928946126988,-14827.765701108741,14828.303245889978,-0.08479166388497106,0.1106202305854822,2.0,0.0,0.01315654048874544,0.01315654048874544,-3.070207783746762,-14823.224175886118,-14826.294383669865
67,2,0.3593950922838826,-6.691173961363685,3.0,1.0,0.9381905500751343,-14827.012547895476,14828.131030879249,-0.18849222575954627,0.2050928864537127,2.0,0.0,0.01315654048874544,0.01315654048874544,-3.094644408645288,-14822.449228146088,-14825.543872554734
68,2,0.35885457470208365,-6.687598866914839,3.0,1.0,0.9115626495252362,-14827.07540735848,14827.465657172761,-0.0017182826868520351,0.1802447072495852,2.0,0.0,0.01315654048874544,0.01315654048874544,-3.0871931387778306,-14822.518877187491,-14825.606070326268
69,2,0.35860302867827837,-6.6889321361482486,1.0,1.0,1.0,-14827.012462205745,14827.081398776147,-0.010092925031131017,-0.010092925031131017,1.0,0.0,0.01315654048874544,0.01315654048874544,-3.0899704656723044,-14822.452845754351,-14825.542816220024
70,2,0.35862495264171884,-6.701854623280657,3.0,1.0,0.9749994670420481,-14826.852050165173,14827.261129151559,-0.017335702581476653,0.051415733565590926,1.0,0.0,0.01315654048874544,0.01315654048874544,-3.1169813479970956,-14822.265449784558,-14825.382431132555
71,2,0.35763941624223516,-6.716151434720149,3.0,1.0,0.8636945517640958,-14827.357471461211,14827.61136724135,0.07549551738702576,0.20889358148997417,2.0,0.0,0.01315654048874544,0.01315654048874544,-3.147059449453852,-14822.739576518374,-14825.886635967827
72,2,0.35929517603221656,-6.697372766212935,3.0,1.0,0.9440562603458961,-14826.914384758325,14827.961862342305,-0.05345271974874777,0.1397273511538515,1.0,0.0,0.01315654048874544,0.01315654048874544,-3.1075943515544213,-14822.33799297465,-14825.445587326205
73,2,0.3579097486291669,-6.71502069525074,7.0,1.0,0.920325817260471,-14827.291464210644,14827.869101060363,0.04633474438378471,0.15680137583694886,2.0,0.0,0.01315654048874544,0.01315654048874544,-3.1446731189226016,-14822.676290261843,-14825.820963380766
74,2,0.35672387346097395,-6.705905908895344,3.0,1.0,0.9706858220448291,-14827.038634033543,14827.543245863308,-0.017751775700162398,0.09205227978054609,2.0,0.0,0.01315654048874544,0.01315654048874544,-3.125483821954003,-14822.44117573923,-14825.566659561184
75,2,0.35502719543465144,-6.704793716039982,1.0,1.0,0.788188240837729,-14827.642256713541,14827.6723083006,0.23801833334073308,0.23801833334073308,1.0,0.0,0.01315654048874544,0.01315654048874544,-3.1231480171784556,-14823.04500068424,-14826.16814870142
76,2,0.3534803289238262,-6.703815247598517,3.0,1.0,0.8672613353104657,-14828.6440665708,14828.865552446243,0.39572305113688344,0.39572305113688344,2.0,0.0,0.01315654048874544,0.01315654048874544,-3.121094080515588,-14824.04689339428,-14827.167987474795
77,2,0.360774122050337,-6.719018121376925,3.0,1.0,1.0,-14828.411501965316,14829.043288792098,-0.1896286756855261,-0.4039909895218443,2.0,0.0,0.01315654048874544,0.01315654048874544,-3.15311508017849,-14823.791386267518,-14826.944501347696
78,2,0.3549821571211495,-6.692741792536761,3.0,1.0,1.0,-14827.877860684288,14828.804256517997,-0.09375231125159189,-0.2335232052300853,2.0,0.0,0.01315654048874544,0.01315654048874544,-3.0979161394387713,-14823.305779493257,-14826.403695632696
79,2,0.3549265998491325,-6.697799372197855,3.0,1.0,0.9446819771241691,-14827.749221453618,14828.234445177119,-0.0484769792365114,-0.25197821828624,1.0,0.0,0.01315654048874544,0.01315654048874544,-3.1084869886931417,-14823.166499023075,-14826.274986011767
80,2,0.3568333777459729,-6.69589980977581,1.0,1.0,1.0,-14827.013826958497,14827.520593769485,-0.29368405954119225,-0.29368405954119225,1.0,0.0,0.01315654048874544,0.01315654048874544,-3.104513713096441,-14822.437475454517,-14825.541989167614
81,2,0.35849419547146294,-6.702273346696197,3.0,1.0,0.9317714488115572,-14826.847527848471,14827.240971555377,-0.06941786858078558,0.15475539495128032,2.0,0.0,0.01315654048874544,0.01315654048874544,-3.117859366530637,-14822.259888625116,-14825.377747991646
82,2,0.35777646675058267,-6.6982907174232675,7.0,1.0,1.0,-14826.832039651285,14826.84507328378,-0.002699652131923358,-0.008651646723592421,2.0,0.0,0.01315654048874544,0.01315654048874544,-3.1095153127624107,-14822.251858603111,-14825.361373915874
83,2,0.3584354871690768,-6.684923735450498,3.0,1.0,0.8883401962211505,-14827.202986428729,14827.836951521325,0.05947252545229276,0.1871207336862426,2.0,0.0,0.01315654048874544,0.01315654048874544,-3.0816259464554134,-14822.651508360645,-14825.7331343071
84,2,0.35609311267184207,-6.709481953496909,3.0,1.0,0.8307154479451834,-14827.291267893861,14828.7346032154,0.06841655322023144,0.2935321223703795,1.0,0.0,0.01315654048874544,0.01315654048874544,-3.133002540642716,-14822.685501175114,-14825.818503715756
85,2,0.3589273502376344,-6.715561609219492,3.0,1.0,0.9927926826265248,-14827.448797685534,14827.708191358073,0.021859131615201477,-0.11563074985133426,2.0,0.0,0.01315654048874544,0.01315654048874544,-3.1458145128290016,-14822.833735404385,-14825.979549917214
86,2,0.3583289727612615,-6.721724091395761,3.0,1.0,0.987897453230529,-14827.818269021122,14827.905510670884,0.036983164254706935,-0.1401077068203449,2.0,0.0,0.01315654048874544,0.01315654048874544,-3.158838750452903,-14823.189446949213,-14826.348285699665
87,2,0.3572309608558961,-6.6817950806901,3.0,1.0,1.0,-14827.580766120826,14827.907754436463,-3.199951061105821e-5,-0.17727210470184218,2.0,0.0,0.01315654048874544,0.01315654048874544,-3.075124009852738,-14823.034299541874,-14826.109423551727
88,2,0.3572748259340601,-6.68237549867961,1.0,1.0,1.0,-14827.52689880798,14827.736284138646,-0.014505892475426663,-0.014505892475426663,1.0,0.0,0.01315654048874544,0.01315654048874544,-3.0763294887416084,-14822.97928128828,-14826.055610777023
89,2,0.3563321408753196,-6.679583091004325,1.0,1.0,0.8264364899954295,-14828.065208133825,14828.186919422069,0.19063220678435755,0.19063220678435755,1.0,0.0,0.01315654048874544,0.01315654048874544,-3.0705329834536186,-14823.522210714651,-14826.592743698104
90,2,0.3555441313111773,-6.715396556710069,7.0,1.0,1.0,-14827.712926648266,14827.988785725736,-0.15683914865439874,-0.35543143004906597,3.0,0.0,0.01315654048874544,0.01315654048874544,-3.145466201049899,-14823.094005615818,-14826.239471816867
91,2,0.3622348341916597,-6.71455871869991,3.0,1.0,0.5949184118384049,-14828.991605170351,14831.447037142612,0.6085496470495855,0.9785965985611256,2.0,0.0,0.01315654048874544,0.01315654048874544,-3.1436985241727324,-14824.38265893987,-14827.526357464043
92,2,0.36221839299134695,-6.713764203853403,1.0,1.0,1.0,-14828.916769287647,14829.751171712443,-0.02236234224983491,-0.02236234224983491,1.0,0.0,0.01315654048874544,0.01315654048874544,-3.1420228992933623,-14824.30947907184,-14827.451501971134
93,2,0.35880409945754294,-6.698737840625869,3.0,1.0,1.0,-14826.845742604137,14828.332677887709,-0.7870623456365138,-0.7870623456365138,1.0,0.0,0.01315654048874544,0.01315654048874544,-3.1104512954774357,-14822.265892333582,-14825.37634362906
94,2,0.3610877250795777,-6.691663553427981,3.0,1.0,0.762980335022576,-14827.524698680127,14828.18034793109,0.2236122600352246,0.3942436445995554,2.0,0.0,0.01315654048874544,0.01315654048874544,-3.0956658193899984,-14822.962410397353,-14826.058076216743
95,2,0.3585676829095259,-6.73455498150075,7.0,1.0,0.8938151987513019,-14829.276607335381,14829.461020784662,0.24578871061021346,0.2953831299182639,3.0,0.0,0.01315654048874544,0.01315654048874544,-3.1860783368849175,-14824.620839548705,-14827.80691788559
96,2,0.35533710486972053,-6.701906995959609,3.0,1.0,1.0,-14827.484809696722,14829.355425170252,-0.2095644830405945,-0.3201325676345732,2.0,0.0,0.01315654048874544,0.01315654048874544,-3.117091158349442,-14822.89400244745,-14826.011093605799
97,2,0.35852141440493795,-6.721039007218423,3.0,1.0,0.9350732128316518,-14827.788721791258,14828.520300968543,-0.06762861804963904,0.21664019592753903,2.0,0.0,0.01315654048874544,0.01315654048874544,-3.157388967531991,-14823.161586459093,-14826.318975426626
98,2,0.3583955316432219,-6.720293218581748,7.0,1.0,0.8721208400174058,-14827.707123253922,14829.766274228845,-0.02593270648685575,0.26342155075690243,3.0,0.0,0.01315654048874544,0.01315654048874544,-3.1558112547087673,-14823.081410675684,-14826.237221930392
99,2,0.35614862866757213,-6.728760564694834,3.0,1.0,0.9544709529871502,-14828.552733817662,14828.648019325032,0.10319825203441724,-0.13722571039579634,2.0,0.0,0.01315654048874544,0.01315654048874544,-3.1737565814725976,-14823.906282727818,-14827.08003930929
100,2,0.3571289004871067,-6.695811745927785,3.0,1.0,0.7312840101389065,-14826.949611158156,14829.361914208337,-0.22155309944901092,0.5386751748465031,2.0,0.0,0.01315654048874544,0.01315654048874544,-3.104329599278212,-14822.373812020134,-14825.478141619413
101,2,0.35754781313487993,-6.711219474000566,3.0,1.0,0.8496632229893377,-14827.097385136878,14827.617194666718,-0.008247994393968838,0.295818647613487,2.0,0.0,0.01315654048874544,0.01315654048874544,-3.1366603349735986,-14822.489775736834,-14825.626436071809
102,2,0.3619633267810531,-6.688880347832839,7.0,1.0,0.7996969301377864,-14828.028107669184,14828.284329430211,0.3585434374417673,0.4505247939378023,2.0,0.0,0.01315654048874544,0.01315654048874544,-3.089862552492206,-14823.472673221415,-14826.562535773906
103,2,0.3580548149740833,-6.706509692958704,3.0,1.0,0.9707440896347025,-14826.919192647983,14828.445210866043,-0.3870339048498863,-0.3870339048498863,1.0,0.0,0.01315654048874544,0.01315654048874544,-3.126752394982423,-14822.322118702634,-14825.448871097617
104,2,0.35908121591145237,-6.709520965277068,7.0,1.0,0.8707127497507751,-14827.142519556706,14827.635304140595,0.08009950245104847,0.22034276651538676,3.0,0.0,0.01315654048874544,0.01315654048874544,-3.1330846343517362,-14822.540375702461,-14825.673460336813
105,2,0.35860395369823744,-6.679026501147525,3.0,1.0,0.9088688460343789,-14827.596735560403,14827.92893235483,0.039661329612499685,0.18949288348994742,2.0,0.0,0.01315654048874544,0.01315654048874544,-3.069378541168005,-14823.057712170823,-14826.12709071199
106,2,0.35583668822139225,-6.693429527364811,3.0,1.0,0.7117974132948618,-14827.419203088353,14830.086043273443,0.09893260985518282,0.7160010532861634,2.0,0.0,0.01315654048874544,0.01315654048874544,-3.099352071628238,-14822.846764627082,-14825.94611669871
107,2,0.3568457273997009,-6.689256917687326,3.0,1.0,0.8275647792947595,-14827.22961775371,14828.60226920295,-0.10028855244308943,0.3835381007211254,2.0,0.0,0.01315654048874544,0.01315654048874544,-3.0906472858270733,-14822.667148083909,-14825.757795369736
108,2,0.3568457273997009,-6.689256917687326,1.0,1.0,0.3439341917973368,-14827.22961775371,14828.948278784392,0.0,1.0673049428241939,1.0,0.0,0.01315654048874544,0.01315654048874544,-3.0906472858270733,-14822.667148083909,-14825.757795369736
109,2,0.35433685730067344,-6.6827824426767615,1.0,1.0,0.5220621486514038,-14828.941993660488,14828.98559986187,0.6499686394672608,0.6499686394672608,1.0,0.0,0.01315654048874544,0.01315654048874544,-3.0771748777761676,-14824.389834176567,-14827.467009054344
110,2,0.3565339604224321,-6.715060491519521,7.0,1.0,0.8199831031477721,-14827.411070383365,14829.97828930744,-0.6817080237287882,-0.6817080237287882,3.0,0.0,0.01315654048874544,0.01315654048874544,-3.1447570838924293,-14822.794101488573,-14825.938858572465
111,2,0.3656679859919723,-6.689838297546611,3.0,1.0,0.41654719415053526,-14831.353788622773,14832.172052927048,1.5952783326993085,1.9922068570358533,2.0,0.0,0.01315654048874544,0.01315654048874544,-3.0918591008791565,-14826.800717242295,-14829.892576343174
112,2,0.3589092717689764,-6.700673847083757,3.0,1.0,1.0,-14826.869509667866,14830.08816916334,-1.693438652999248,-1.693438652999248,1.0,0.0,0.01315654048874544,0.01315654048874544,-3.114506330037343,-14822.285733400142,-14825.40023973018
113,2,0.35497054703651254,-6.738641259170815,3.0,1.0,0.7109351102788396,-14830.036236133921,14830.116571138857,0.5106799737659458,0.5106799737659458,2.0,0.0,0.01315654048874544,0.01315654048874544,-3.1947879432583948,-14825.367268431899,-14828.562056375158
114,2,0.3595743188850851,-6.673383871514701,7.0,1.0,0.9370876226829796,-14828.129069764169,14830.987740118479,-0.3563002782739204,0.392028280049999,2.0,0.0,0.01315654048874544,0.01315654048874544,-3.0576924577044537,-14823.602920714762,-14826.660613172467
115,2,0.3596612460659413,-6.688560462321998,7.0,1.0,0.9387883715891387,-14827.138213320206,14828.569316158508,-0.14934778316637676,0.19671286035736557,3.0,0.0,0.01315654048874544,0.01315654048874544,-3.0891960549660102,-14822.580666651918,-14825.669862706884
116,2,0.3585884477927807,-6.687671248278718,3.0,1.0,1.0,-14827.064181104211,14827.155610742098,-0.027611466308371746,-0.052738156757186516,2.0,0.0,0.01315654048874544,0.01315654048874544,-3.0873438704254688,-14822.507173319751,-14825.594517190177
117,2,0.3592697390806969,-6.710899204345833,3.0,1.0,0.709679924250902,-14827.251166881826,14828.076654546021,0.08596739066888404,0.5429065075295512,2.0,0.0,0.01315654048874544,0.01315654048874544,-3.1359858825816027,-14822.646352468535,-14825.782338351117
118,2,0.36028284367126173,-6.7000177018267495,3.0,1.0,0.9451019296516915,-14827.199081849883,14827.647685265398,0.02814546048284683,0.14727239097919664,1.0,0.0,0.01315654048874544,0.01315654048874544,-3.113131590512372,-14822.61835523667,-14825.731486827182
119,2,0.35713808620979026,-6.715847951633613,3.0,1.0,0.9327255188645932,-14827.365024082914,14828.190643959171,-0.06798966770293191,0.22542545713986328,2.0,0.0,0.01315654048874544,0.01315654048874544,-3.1464188483998594,-14822.747147127775,-14825.893565976176
120,2,0.35865730823029224,-6.703193390558705,3.0,1.0,0.993220277251648,-14826.876330461577,14827.39723937935,-0.06885710751885199,-0.06885710751885199,2.0,0.0,0.01315654048874544,0.01315654048874544,-3.1197892166630474,-14822.286961980975,-14825.40675119764
121,2,0.35953931237818637,-6.690380162375611,3.0,1.0,0.9484945176000797,-14827.058607366114,14827.23577502183,0.034168318337833625,0.07176866470763343,2.0,0.0,0.01315654048874544,0.01315654048874544,-3.0929888560176937,-14822.497119218056,-14825.590108074075
122,2,0.3537130676319607,-6.701460243011668,3.0,1.0,0.6796180420339026,-14828.486306656952,14828.737818652822,0.5953278873803356,0.7185216445232072,2.0,0.0,0.01315654048874544,0.01315654048874544,-3.116154534792628,-14823.89437117817,-14827.010525712963
123,2,0.3519193981199443,-6.696548140991036,1.0,1.0,0.48519133734836317,-14830.274460928467,14830.816452604015,0.7232119558466366,0.7232119558466366,1.0,0.0,0.01315654048874544,0.01315654048874544,-3.1058694085408223,-14825.690498202961,-14828.796367611501
124,2,0.35625386058118924,-6.731301564087133,3.0,1.0,0.8790290699930748,-14828.803144485499,14832.078465714034,-1.0165800598806527,-1.0165800598806527,1.0,0.0,0.01315654048874544,0.01315654048874544,-3.1791558516733383,-14824.151426099046,-14827.330581950719
125,2,0.35653514223398824,-6.731033819321479,1.0,1.0,1.0,-14828.73100577495,14829.055646513547,-0.014456624177910271,-0.014456624177910271,1.0,0.0,0.01315654048874544,0.01315654048874544,-3.17858662696939,-14824.080208815161,-14827.25879544213
126,2,0.3581690761110186,-6.697140900762047,3.0,1.0,0.9086324957264752,-14826.822163534025,14830.167801849846,-0.3219129526951292,-0.3219129526951292,1.0,0.0,0.01315654048874544,0.01315654048874544,-3.1071092689406017,-14822.24487377225,-14825.35198304119
127,2,0.35662747593392524,-6.700851498571493,3.0,1.0,0.9342164625731652,-14827.015092997062,14827.081743454872,0.07452775033016223,0.10764612626371672,2.0,0.0,0.01315654048874544,0.01315654048874544,-3.1148786151603174,-14822.428119485741,-14825.542998100902
128,2,0.35788610281991834,-6.708025606717607,3.0,1.0,0.9909329805598522,-14826.965145052342,14827.109301354376,-0.05136895290343091,-0.05136895290343091,2.0,0.0,0.01315654048874544,0.01315654048874544,-3.129938993450428,-14822.364675986053,-14825.494614979503
129,2,0.35972226134845475,-6.688024317983523,3.0,1.0,0.9718738948773508,-14827.169287670866,14827.206955581398,0.04973398106267268,0.04973398106267268,2.0,0.0,0.01315654048874544,0.01315654048874544,-3.088079200789894,-14822.612932198412,-14825.701011399202
130,2,0.3610595445910024,-6.671658070872274,7.0,1.0,0.8324639154831024,-14828.622324282018,14828.827958171349,0.27071080109999457,0.3235900321506051,3.0,0.0,0.01315654048874544,0.01315654048874544,-3.0541246223912255,-14824.10154325587,-14827.155667878262
131,2,0.3610595445910024,-6.671658070872274,1.0,1.0,0.47350558041744495,-14828.622324282018,14830.314453820118,0.0,0.7475915809609432,1.0,0.0,0.01315654048874544,0.01315654048874544,-3.0541246223912255,-14824.10154325587,-14827.155667878262
132,2,0.35742819880211746,-6.6868207738181,3.0,1.0,0.9850771011588414,-14827.213218053386,14828.754699289933,-0.23288852244331792,-0.23288852244331792,2.0,0.0,0.01315654048874544,0.01315654048874544,-3.0855731181111845,-14822.656547440125,-14825.742120558236
133,2,0.35920980711261624,-6.708909716058063,3.0,1.0,1.0,-14827.143131267441,14827.321490615284,-0.0029619430260936497,-0.09821002338685503,2.0,0.0,0.01315654048874544,0.01315654048874544,-3.131798538394186,-14822.542430900945,-14825.674229439339
134,2,0.35532791631799776,-6.737038124911807,3.0,1.0,0.7909412937945349,-14829.709555750476,14829.923289779284,0.3717492731411767,0.3717492731411767,2.0,0.0,0.01315654048874544,0.01315654048874544,-3.1913689877100997,-14825.044459065986,-14828.235828053696
135,2,0.3590721032207266,-6.734350835365134,7.0,1.0,0.9390499914690444,-14829.39157421113,14830.267272589414,0.0576137998887134,-0.4462847625509312,3.0,0.0,0.01315654048874544,0.01315654048874544,-3.185643652045495,-14824.736860179139,-14827.922503831183
136,2,0.35781947885477655,-6.7192924774751654,7.0,1.0,0.9694877763192736,-14827.576850181345,14829.366844015687,-0.4229277560370974,-0.4229277560370974,3.0,0.0,0.01315654048874544,0.01315654048874544,-3.153695064885952,-14822.95254261846,-14826.106237683345
137,2,0.3601440780132968,-6.683539559985817,3.0,1.0,0.6748669914995024,-14827.463525414161,14829.033965893454,-0.005531887538381852,0.7185262594248343,2.0,0.0,0.01315654048874544,0.01315654048874544,-3.0787481605905236,-14822.917013892808,-14825.995762053399
138,2,0.3599993896283406,-6.704459021214277,7.0,1.0,0.9651236232701363,-14827.200205306566,14827.770228949292,0.0204233492804633,0.14299060057237512,3.0,0.0,0.01315654048874544,0.01315654048874544,-3.122445340057332,-14822.609820874575,-14825.732266214633
139,2,0.357454276452595,-6.7218237921577835,3.0,1.0,0.5498101401807424,-14827.772100718525,14829.834162789211,0.012205094855744392,1.3117217177859857,2.0,0.0,0.01315654048874544,0.01315654048874544,-3.159049777460255,-14823.141985818313,-14826.301035595772
140,2,0.35760326014654104,-6.716837477658271,1.0,1.0,1.0,-14827.401665227015,14827.72964866542,-0.0565743439256039,-0.0565743439256039,1.0,0.0,0.01315654048874544,0.01315654048874544,-3.14850790855951,-14822.782277008162,-14825.930784916722
141,2,0.3541162140938485,-6.710240449011734,3.0,1.0,0.782502991804578,-14828.249264556487,14828.480830636217,0.38854472585262556,0.38995488170257886,2.0,0.0,0.01315654048874544,0.01315654048874544,-3.134598939337888,-14823.639399796466,-14826.773998735804
142,2,0.3570734821918422,-6.715752350232751,3.0,1.0,1.0,-14827.365957781372,14828.019627614907,-0.39289104929412133,-0.434941696586975,2.0,0.0,0.01315654048874544,0.01315654048874544,-3.14621706921851,-14822.748202184728,-14825.894419253947
143,2,0.35757017839524735,-6.701735027883522,3.0,1.0,0.9487445793600093,-14826.852855853054,14827.50805554295,-0.07636843598993437,0.10729716688183544,2.0,0.0,0.01315654048874544,0.01315654048874544,-3.1167306013406804,-14822.26520392355,-14825.381934524892
144,2,0.36104522263137984,-6.682835586579707,3.0,1.0,0.6899672134796538,-14827.791477691824,14828.431118824188,0.22650607360628783,0.5394065776072239,2.0,0.0,0.01315654048874544,0.01315654048874544,-3.0772852916124336,-14823.247518744114,-14826.324804035727
145,2,0.3561554183440354,-6.698239045144021,3.0,1.0,0.9615610988968678,-14827.178205944087,14828.646314020709,-0.08629020774242235,0.12252555486702477,2.0,0.0,0.01315654048874544,0.01315654048874544,-3.109407157788826,-14822.596112796447,-14825.705519954236
146,2,0.35777342065477424,-6.6872281533774025,3.0,1.0,0.9136999145983085,-14827.135796490647,14827.889918743835,-0.06963648852070037,0.22811019158689305,2.0,0.0,0.01315654048874544,0.01315654048874544,-3.0864212229893284,-14822.578705761282,-14825.665126984271
147,2,0.35777342065477424,-6.6872281533774025,3.0,1.0,0.35891917486175756,-14827.135796490647,14829.949029830208,0.0,1.6003867150666338,1.0,0.0,0.01315654048874544,0.01315654048874544,-3.0864212229893284,-14822.578705761282,-14825.665126984271
148,2,0.36115350758850084,-6.712129697633044,3.0,1.0,0.6970386664946856,-14828.091346188961,14829.192174404161,0.41414522926788777,0.6781567444359098,1.0,0.0,0.01315654048874544,0.01315654048874544,-3.138577725060242,-14823.486225197212,-14826.624802922272
149,2,0.3606360176252648,-6.695919430535896,3.0,1.0,0.9998875692495317,-14827.302684265744,14828.365319913293,-0.29045956194750033,-0.29045956194750033,1.0,0.0,0.01315654048874544,0.01315654048874544,-3.104554734993281,-14822.730962065745,-14825.835516800738
150,2,0.36178145923505506,-6.694404242119693,1.0,1.0,0.8095188068586506,-14827.865734416077,14828.003244875728,0.21131527344914502,0.21131527344914502,1.0,0.0,0.01315654048874544,0.01315654048874544,-3.1013880038547255,-14823.298556945085,-14826.39994494894
51,3,0.3594420370351761,-6.686956483021566,3.0,1.0,0.9886120292235071,-14827.161958758992,14827.18237088137,0.013820302001477103,0.013820302001477103,2.0,0.0,0.006902982288556114,0.006902982288556114,-3.085855626462847,-14822.607485120232,-14825.693340746695
52,3,0.3594420370351761,-6.686956483021566,3.0,1.0,0.8000515644800589,-14827.161958758992,14828.566322476352,0.0,0.3906685065358033,1.0,0.0,0.012669229042252303,0.012669229042252303,-3.085855626462847,-14822.607485120232,-14825.693340746695
53,3,0.35906245653654756,-6.702415001213037,3.0,1.0,0.8426019618663873,-14826.91625233984,14827.692215871777,-0.023891827984698466,0.2932612990571215,2.0,0.0,0.012669229042252303,0.012669229042252303,-3.1181564406986317,-14822.329013704253,-14825.447170144951
54,3,0.35548844449878636,-6.695337572727649,3.0,1.0,0.7974546275351191,-14827.517516226593,14827.981356573282,0.22729188873381645,0.36600163537150365,2.0,0.0,0.012669229042252303,0.012669229042252303,-3.1033383854995087,-14822.940652778541,-14826.04399116404
55,3,0.3609684513441966,-6.716035206190942,3.0,1.0,0.9392351685820225,-14828.268386023034,14828.285590392863,0.2012530246265669,-0.22032054546798463,2.0,0.0,0.012669229042252303,0.012669229042252303,-3.146814099962665,-14823.6548057523,-14826.801619852262
56,3,0.35595946714464693,-6.69293092667486,3.0,1.0,1.0,-14827.385042833923,14828.119547017424,-0.25679665535244567,-0.4112558033575624,2.0,0.0,0.012669229042252303,0.012669229042252303,-3.098310988381156,-14822.813799818952,-14825.912110807334
57,3,0.35676779264387615,-6.67424122725978,3.0,1.0,0.929282982692195,-14828.425101358953,14829.064941211218,0.17722179175143538,0.17722179175143538,2.0,0.0,0.012669229042252303,0.012669229042252303,-3.059466020119229,-14823.893715700484,-14826.953181720603
58,3,0.35618722898497934,-6.713162273264668,7.0,1.0,0.8521770433330088,-14827.400814914885,14829.168223307099,-0.27178194406405964,0.48722112549148733,2.0,0.0,0.012669229042252303,0.012669229042252303,-3.140753853215003,-14822.787414976021,-14825.928168829236
59,3,0.360364054144664,-6.719921239668313,3.0,1.0,0.7643211444259214,-14828.283567123946,14828.556986276573,0.28487198862239893,0.345789503042397,2.0,0.0,0.012669229042252303,0.012669229042252303,-3.1550245427254775,-14823.661045985144,-14826.81607052787
60,3,0.3610804958355808,-6.712714571366049,3.0,1.0,0.9924465171596785,-14828.088724343475,14828.748869936284,0.022921142304767272,-0.34625382514786907,2.0,0.0,0.012669229042252303,0.012669229042252303,-3.13981020137375,-14823.482282972636,-14826.62209317401
61,3,0.3554215543293065,-6.731897132462658,7.0,1.0,0.9654517449470988,-14829.072406621706,14829.797409604196,-0.08703551183316449,-0.38628288514883025,3.0,0.0,0.012669229042252303,0.012669229042252303,-3.1804222856351902,-14824.418374870593,-14827.598797156228
62,3,0.35677950324099966,-6.689365370913822,7.0,1.0,0.8827267274029996,-14827.243499511394,14830.200063548773,-0.24210663468875282,0.39545618604461197,3.0,0.0,0.012669229042252303,0.012669229042252303,-3.0908733176384735,-14822.680721172983,-14825.771594490621
63,3,0.3615404849397994,-6.693919988106681,3.0,1.0,0.7680962824840206,-14827.730597247624,14828.155307172652,0.17790408980908978,0.3777236963778705,2.0,0.0,0.012669229042252303,0.012669229042252303,-3.1003764011298975,-14823.16414258253,-14826.264518983658
64,3,0.3615404849397994,-6.693919988106681,1.0,1.0,0.4881890383346033,-14827.730597247624,14829.199506035447,0.0,0.7170525745023042,1.0,0.0,0.012669229042252303,0.012669229042252303,-3.1003764011298975,-14823.16414258253,-14826.264518983658
65,3,0.3584501249771178,-6.706915206696445,3.0,1.0,0.8982774186546353,-14826.950984599967,14828.292402623794,-0.28299944606806093,0.3640848208742682,2.0,0.0,0.012669229042252303,0.012669229042252303,-3.127604599240853,-14822.353545900256,-14825.481150499498
66,3,0.35831211268817686,-6.718919140882692,3.0,1.0,0.7774228304455302,-14827.587646740667,14828.214898052103,0.10766449953189294,0.4277742578069592,2.0,0.0,0.012669229042252303,0.012669229042252303,-3.1529058553636813,-14822.964736785716,-14826.11764264108
67,3,0.35728310222990517,-6.718733165222356,7.0,1.0,0.9998890497400981,-14827.541094105925,14827.684354782901,-0.028813078486564336,-0.11167043118803122,3.0,0.0,0.012669229042252303,0.012669229042252303,-3.152512766799484,-14822.917303596005,-14826.069816362804
68,3,0.35709740557995,-6.676453547682273,7.0,1.0,0.7509728370312863,-14828.082662709294,14829.40863421265,0.16947626956425665,0.613572749274681,2.0,0.0,0.012669229042252303,0.012669229042252303,-3.064045915420249,-14823.547108051871,-14826.611153967291
69,3,0.3603268091329434,-6.70207216497613,3.0,1.0,0.9799409646897376,-14827.253771143945,14828.838379324188,-0.11661827230273047,-0.11661827230273047,2.0,0.0,0.012669229042252303,0.012669229042252303,-3.11743748794665,-14822.66879192749,-14825.786229415437
70,3,0.35758775906453494,-6.705226870224293,7.0,1.0,0.9944566754220252,-14826.900829653208,14827.256582349084,-0.14919200029908097,-0.14919200029908097,2.0,0.0,0.012669229042252303,0.012669229042252303,-3.1240575717072487,-14822.305872552903,-14825.42993012461
71,3,0.3566188376628586,-6.7118576594011214,3.0,1.0,0.8781985252196659,-14827.241937221108,14827.572813889119,0.06431329843326239,0.2218664427036856,2.0,0.0,0.012669229042252303,0.012669229042252303,-3.138004588522362,-14822.631826940476,-14825.769831528998
72,3,0.3593576189170777,-6.707569259215968,3.0,1.0,0.9587427709412998,-14827.122452775135,14827.466055748491,0.014218473274013377,0.09582431650960643,2.0,0.0,0.012669229042252303,0.012669229042252303,-3.128979464759391,-14822.524752191444,-14825.653731656204
73,3,0.35512157582904763,-6.6868557852977695,3.0,1.0,0.76032218352884,-14828.111457445742,14828.729821537598,0.35639286367586465,0.41747589035912824,2.0,0.0,0.012669229042252303,0.012669229042252303,-3.0856460003913204,-14823.551822894731,-14826.637468895122
74,3,0.35512157582904763,-6.6868557852977695,3.0,1.0,0.7582051593326024,-14828.111457445742,14829.306592945606,0.0,0.4906506576062384,1.0,0.0,0.012669229042252303,0.012669229042252303,-3.0856460003913204,-14823.551822894731,-14826.637468895122
75,3,0.3540870177156636,-6.728302825007621,7.0,1.0,0.7997355799049132,-14829.298811100376,14831.039450738834,0.06350418245710898,0.7566961940610781,3.0,0.0,0.012669229042252303,0.012669229042252303,-3.1727846346396893,-14824.650723395818,-14827.823508030458
76,3,0.3529861203196565,-6.704551105843321,3.0,1.0,0.8594344183546623,-14829.048087815587,14831.132561157763,0.27182746144353587,-0.4180494971551525,2.0,0.0,0.012669229042252303,0.012669229042252303,-3.122638656530769,-14824.448735084681,-14827.571373741212
77,3,0.35907273133973056,-6.691102479073032,3.0,1.0,0.9429259036382613,-14826.970584865641,14829.242410177509,-0.7553871558029641,-0.7553871558029641,1.0,0.0,0.012669229042252303,0.012669229042252303,-3.0944952988719727,-14822.40701995609,-14825.501515254962
78,3,0.35451061322903044,-6.7110639717784935,5.0,1.0,0.7509186865408435,-14828.031104701253,14828.328449126606,0.33637823687968194,0.4426413476394373,2.0,0.0,0.012669229042252303,0.012669229042252303,-3.1363328517199895,-14823.420008343957,-14826.556341195677
79,3,0.3583800701394424,-6.695320190533681,3.0,1.0,0.9369383695011134,-14826.841803915915,14828.271231410201,-0.36262732736577163,-0.36262732736577163,2.0,0.0,0.012669229042252303,0.012669229042252303,-3.103302053955638,-14822.2685814945,-14825.371883548456
80,3,0.36108710245508036,-6.685643643711537,3.0,1.0,0.6868361286484462,-14827.683469062646,14828.492865916243,0.21447568194525957,0.6269364211475477,2.0,0.0,0.012669229042252303,0.012669229042252303,-3.0831234373505487,-14823.133722412114,-14826.216845849465
81,3,0.3575337786503769,-6.715259888922461,7.0,1.0,0.9994242433538066,-14827.305321017888,14827.808513371574,-0.1424890463513293,-0.20997538291885576,3.0,0.0,0.012669229042252303,0.012669229042252303,-3.145177810419501,-14822.689176734522,-14825.834354544942
82,3,0.35496876145991374,-6.712044689721431,3.0,1.0,0.6865128888653439,-14827.819379931916,14830.038131404637,0.2001945396186784,0.6348713874413079,2.0,0.0,0.012669229042252303,0.012669229042252303,-3.1383986204454764,-14823.20679929069,-14826.345197911136
83,3,0.3594120237247177,-6.710757912645301,3.0,1.0,0.9435803887921302,-14827.280371533967,14828.01752560327,-0.1454665858127555,-0.1454665858127555,2.0,0.0,0.012669229042252303,0.012669229042252303,-3.135688370529411,-14822.67602850178,-14825.811716872311
84,3,0.3534158355982342,-6.744004643363288,3.0,1.0,0.7003026558881554,-14831.525271203645,14831.717130453148,0.6714730068506469,0.6714730068506469,2.0,0.0,0.012669229042252303,0.012669229042252303,-3.2062449512324003,-14826.842864437034,-14830.049109388267
85,3,0.35962075409616207,-6.708914367578726,3.0,1.0,1.0,-14827.249821436813,14830.973135756378,-0.6686176147031802,-0.6686176147031802,2.0,0.0,0.012669229042252303,0.012669229042252303,-3.1318083239928978,-14822.64961314276,-14825.781421466752
86,3,0.35717806413372377,-6.714813677470558,3.0,1.0,0.8483503795672679,-14827.30197365471,14828.032233056161,-0.06006096074452216,0.28125468394500786,2.0,0.0,0.012669229042252303,0.012669229042252303,-3.1442363637818405,-14822.686328928254,-14825.830565292035
87,3,0.3600863604017301,-6.7023640430116425,3.0,1.0,0.7706163097823525,-14827.174011454823,14828.11381597408,0.05867702660543728,0.3853519867734576,2.0,0.0,0.012669229042252303,0.012669229042252303,-3.118049570173333,-14822.588128448491,-14825.706178018665
88,3,0.3554175481000966,-6.718377954532425,3.0,1.0,0.9707842772096372,-14827.924347976545,14827.972718221301,0.09172848693924607,0.09172848693924607,2.0,0.0,0.012669229042252303,0.012669229042252303,-3.1517620697227344,-14823.298971384764,-14826.450733454487
89,3,0.35559669340352434,-6.713799282393084,1.0,1.0,1.0,-14827.618661636676,14828.00290674486,-0.041045801519430825,-0.041045801519430825,1.0,0.0,0.012669229042252303,0.012669229042252303,-3.1420968663075413,-14823.003176199929,-14826.145273066237
90,3,0.35881713222167844,-6.715392183484785,7.0,1.0,0.9964922660781197,-14827.415581168227,14827.676092518097,-0.0530699688824825,-0.14859347069977957,3.0,0.0,0.012669229042252303,0.012669229042252303,-3.145456972564142,-14822.80074121679,-14825.946198189355
91,3,0.3618297468862116,-6.688557192531898,7.0,1.0,0.8742982973174668,-14827.958519361286,14828.673188522034,0.2055947549870325,0.2974312822207139,3.0,0.0,0.012669229042252303,0.012669229042252303,-3.089189242722456,-14823.40359845148,-14826.492787694202
92,3,0.35607928130266137,-6.672764343058214,3.0,1.0,0.9401237686715138,-14828.8946318076,14829.256405000306,0.19799822899949504,0.19799822899949504,2.0,0.0,0.012669229042252303,0.012669229042252303,-3.0564113323799287,-14824.365438934516,-14827.421850266895
93,3,0.36142365045034264,-6.724309052718303,3.0,1.0,0.9362023746237425,-14829.336885544753,14829.610094567182,0.2124421116841404,-0.4487279961012973,2.0,0.0,0.012669229042252303,0.012669229042252303,-3.164313301447977,-14824.706353747313,-14827.87066704876
94,3,0.36142365045034264,-6.724309052718303,1.0,1.0,0.7460273090939646,-14829.336885544753,14830.49456436996,0.0,0.2929930720838456,1.0,0.0,0.012669229042252303,0.012669229042252303,-3.164313301447977,-14824.706353747313,-14827.87066704876
95,3,0.3524365031963677,-6.725704198169365,3.0,1.0,0.9558273092407696,-14830.26043051594,14830.977375386638,0.14216059997488628,-0.593293167923548,2.0,0.0,0.012669229042252303,0.012669229042252303,-3.167270781613478,-14825.61573650294,-14828.783007284554
96,3,0.35955518375137097,-6.669273478553717,7.0,1.0,0.9917806765106503,-14828.568313755692,14830.674795052608,-0.6430729656258336,-0.8022792009414843,3.0,0.0,0.012669229042252303,0.012669229042252303,-3.049199734394802,-14824.050634090432,-14827.099833824826
97,3,0.3599945244984716,-6.681121292899443,3.0,1.0,0.9562495393022831,-14827.569066014665,14829.187436458054,-0.14450830249188584,-0.21748456340537814,2.0,0.0,0.012669229042252303,0.012669229042252303,-3.0737250323479057,-14823.02739597775,-14826.101121010097
98,3,0.3594405935083122,-6.6925000002920445,3.0,1.0,0.8520091407227764,-14826.990551765715,14828.163632083557,-0.0870803291163611,0.3416565020852431,2.0,0.0,0.012669229042252303,0.012669229042252303,-3.0974114100457615,-14822.424520580886,-14825.521931990932
99,3,0.3570073485312085,-6.69739796718187,3.0,1.0,0.9862978226441653,-14826.949732721223,14827.162332255177,0.008662658772664145,0.033020511644281214,2.0,0.0,0.012669229042252303,0.012669229042252303,-3.107647077404195,-14822.370464747206,-14825.47811182461
100,3,0.35994700954042524,-6.671362999610659,7.0,1.0,0.8517587400310757,-14828.380629907846,14828.620620302703,0.18536517778920825,0.29193080529148574,3.0,0.0,0.012669229042252303,0.012669229042252303,-3.0535149047374457,-14823.859112240558,-14826.912627145295
101,3,0.3604419602693165,-6.67412275161101,1.0,1.0,1.0,-14828.209479347523,14828.540605357193,-0.015221279649267672,-0.015221279649267672,1.0,0.0,0.012669229042252303,0.012669229042252303,-3.0592208926035034,-14823.682856217738,-14826.74207711034
102,3,0.36048336178189017,-6.69811921931056,3.0,1.0,0.9361030936550949,-14827.252215288523,14829.099087904458,-0.054310620656906394,0.21281052022823133,2.0,0.0,0.012669229042252303,0.012669229042252303,-3.109156361247402,-14822.675706810021,-14825.78486317127
103,3,0.358593973038786,-6.702019598232441,3.0,1.0,1.0,-14826.85159318056,14827.172471303711,-0.14812358274139115,-0.14812358274139115,1.0,0.0,0.012669229042252303,0.012669229042252303,-3.1173272620194115,-14822.264608798472,-14825.381936060492
104,3,0.35928871850818705,-6.706406653254542,3.0,1.0,0.9673185813918606,-14827.063835569077,14827.076262588353,0.06604887547837279,0.06604887547837279,2.0,0.0,0.012669229042252303,0.012669229042252303,-3.126535878889871,-14822.468494363882,-14825.595030242772
105,3,0.35900315388565596,-6.678241049559056,3.0,1.0,0.8509913440671909,-14827.658185248201,14829.132028264328,0.028393092965416145,0.2953605539914861,2.0,0.0,0.012669229042252303,0.012669229042252303,-3.0677499358981066,-14823.121280464635,-14826.189030400534
106,3,0.35712005817122855,-6.710816878707816,7.0,1.0,0.9968799021306828,-14827.117269277953,14827.653542673852,-0.07917926189475111,-0.1178957810952852,3.0,0.0,0.012669229042252303,0.012669229042252303,-3.135812530485431,-14822.509976203288,-14825.645788733773
107,3,0.35727538157874505,-6.686119886186648,7.0,1.0,0.7954061400166496,-14827.283826583825,14828.233141882714,0.06628648592231912,0.45478713406009774,2.0,0.0,0.012669229042252303,0.012669229042252303,-3.0841143605829053,-14822.728424883,-14825.812539243583
108,3,0.36123496453250475,-6.686499424447724,3.0,1.0,0.9437051695313586,-14827.716542984335,14827.993161828696,0.12167324242909672,0.12167324242909672,2.0,0.0,0.012669229042252303,0.012669229042252303,-3.08490423263815,-14823.165193491754,-14826.250097724393
109,3,0.3568120826133301,-6.732488972263626,3.0,1.0,0.8726346180814312,-14828.870343017279,14829.780548904957,0.04655452349834377,0.41039020884818456,2.0,0.0,0.012669229042252303,0.012669229042252303,-3.181681142425081,-14824.21679751338,-14827.398478655805
110,3,0.35701698156314327,-6.7130244134913415,3.0,1.0,0.9956628305195764,-14827.227522489491,14828.951323081286,-0.22616611664670927,-0.22616611664670927,2.0,0.0,0.012669229042252303,0.012669229042252303,-3.140463255406335,-14822.615450338166,-14825.755913593572
111,3,0.3574015197483693,-6.716570712782859,1.0,1.0,0.9819101798162798,-14827.390415518246,14827.417705228625,0.018255441393193905,0.018255441393193905,1.0,0.0,0.012669229042252303,0.012669229042252303,-3.1479446254792856,-14822.771340271433,-14825.919284896912
112,3,0.3582267643160156,-6.7183236118643075,3.0,1.0,0.9262140655892214,-14827.533460883533,14828.161555322058,0.03830771393950272,0.20306467480804713,2.0,0.0,0.012669229042252303,0.012669229042252303,-3.151647233850868,-14822.911704323318,-14826.06335155717
113,3,0.3586986106074655,-6.71016790181485,3.0,1.0,0.796016541359522,-14827.10513229457,14828.409564120271,-0.05966420253389515,0.4799178175508132,2.0,0.0,0.012669229042252303,0.012669229042252303,-3.1344462250226086,-14822.50115755538,-14825.635603780402
114,3,0.3593027956875827,-6.707503234485032,3.0,1.0,0.8344666273779092,-14827.106870302701,14828.291780649566,0.024281360505483462,0.30318039381018025,2.0,0.0,0.012669229042252303,0.012669229042252303,-3.128840656605894,-14822.509241528296,-14825.638082184902
115,3,0.3593449236070494,-6.709449611501793,1.0,1.0,0.9785355935678377,-14827.199278770611,14827.270045235306,0.02169811716339609,0.02169811716339609,1.0,0.0,0.012669229042252303,0.012669229042252303,-3.1329344835248114,-14822.59760765608,-14825.730542139605
116,3,0.35899744863208344,-6.698006021786063,3.0,1.0,0.9969296155994636,-14826.867757647009,14827.323994062152,-0.09231046001150389,-0.09231046001150389,1.0,0.0,0.012669229042252303,0.012669229042252303,-3.108919451004771,-14822.289676356835,-14825.39859580784
117,3,0.35899744863208344,-6.698006021786063,3.0,1.0,0.3464636890855057,-14826.867757647009,14830.737887679894,0.0,1.3657129523980984,2.0,0.0,0.012669229042252303,0.012669229042252303,-3.108919451004771,-14822.289676356835,-14825.39859580784
118,3,0.3578851356096029,-6.725755959268115,15.0,1.0,0.8008353168397171,-14828.144254300258,14829.103862917224,0.19045863918472605,0.44902717767217837,3.0,0.0,0.012669229042252303,0.012669229042252303,-3.1673805441234917,-14823.506342487017,-14826.673723031141
119,3,0.35643147800684966,-6.718108964513956,3.0,1.0,0.9814751611015775,-14827.610934545302,14828.634653566805,-0.07894711393601028,-0.20257169663636887,2.0,0.0,0.012669229042252303,0.012669229042252303,-3.1511936741038595,-14822.987400831711,-14826.138594505815
120,3,0.3584640062483648,-6.715840444849767,3.0,1.0,0.9863543202080093,-14827.388333715095,14827.992054773049,-0.022562074031156953,-0.13342285052021907,2.0,0.0,0.012669229042252303,0.012669229042252303,-3.1464030040262796,-14822.772113698336,-14825.918516702362
121,3,0.3534432530226896,-6.711662716160562,3.0,1.0,0.6460397869336512,-14828.753098317778,14829.078167939828,0.5046484960603266,0.6043249263148027,2.0,0.0,0.012669229042252303,0.012669229042252303,-3.137593923040883,-14824.139377750333,-14827.276971673373
122,3,0.3524794582977003,-6.726412697354924,3.0,1.0,0.9214648660085141,-14830.276671216494,14830.910309767281,0.2686711335882137,-0.42733663647595677,2.0,0.0,0.012669229042252303,0.012669229042252303,-3.168773429219607,-14825.63053009324,-14828.799303522459
123,3,0.3558750276043671,-6.732335674415351,3.0,1.0,1.0,-14828.9965113963,14830.171425517688,-0.5582072248562326,-0.7684850633595488,2.0,0.0,0.012669229042252303,0.012669229042252303,-3.1813550407826647,-14824.342118184513,-14827.523473225296
124,3,0.3594734993860473,-6.6892689658133015,7.0,1.0,0.9906835000121033,-14827.080546073339,14829.162704161066,-0.2868773816371686,-0.2868773816371686,3.0,0.0,0.012669229042252303,0.012669229042252303,-3.0906723952391384,-14822.521294074746,-14825.611966469985
125,3,0.3578979084308548,-6.704559371022223,3.0,1.0,1.0,-14826.87267769367,14827.085446156778,-0.041087178677116754,-0.041087178677116754,2.0,0.0,0.012669229042252303,0.012669229042252303,-3.122656008323812,-14822.279506213315,-14825.402162221639
126,3,0.35931564592662807,-6.700913963606642,3.0,1.0,0.967727633888567,-14826.939693811986,14827.026969012239,0.03794011914760631,0.05223575777381484,1.0,0.0,0.012669229042252303,0.012669229042252303,-3.115009523918111,-14822.355911877152,-14825.470921401069
127,3,0.3604698130483254,-6.679935821534164,3.0,1.0,0.7725947448138119,-14827.763417152424,14829.07556054812,0.1064471021254576,0.4249855555117392,2.0,0.0,0.012669229042252303,0.012669229042252303,-3.0712647544261227,-14823.224783880805,-14826.296048635231
128,3,0.35736107444547405,-6.694247304871864,3.0,1.0,1.0,-14826.940122761502,14827.663503232952,-0.13197448004575563,-0.13334140833285346,2.0,0.0,0.012669229042252303,0.012669229042252303,-3.101060137526535,-14822.367881769609,-14825.468941907136
129,3,0.35941609613529824,-6.688821753241857,7.0,1.0,0.9887136696965099,-14827.086357869846,14827.171090319142,0.009874779940219014,0.04470319188476424,3.0,0.0,0.012669229042252303,0.012669229042252303,-3.089740460064211,-14822.5279677215,-14825.617708181564
130,3,0.36087055176660104,-6.702203327873618,3.0,1.0,0.7098815292101369,-14827.488338677034,14828.662053664959,0.20670797577804478,0.6149128357992595,2.0,0.0,0.012669229042252303,0.012669229042252303,-3.117712532287815,-14822.903741911701,-14826.02145444399
131,3,0.3634546890019803,-6.705954167695665,3.0,1.0,0.7423974479739893,-14829.449519251188,14829.565120576877,0.7337189842346561,0.7337189842346561,2.0,0.0,0.012669229042252303,0.012669229042252303,-3.1255852021042365,-14824.86013373154,-14827.985718933644
132,3,0.3630181187892502,-6.693499604116022,3.0,1.0,0.9252686915363894,-14828.71328451313,14830.068920843636,-0.3206903980608331,-0.5614651920659526,1.0,0.0,0.012669229042252303,0.012669229042252303,-3.099498412513945,-14824.149469500919,-14827.248967913432
133,3,0.3583955776045951,-6.683973465387881,3.0,1.0,0.9734783848257509,-14827.25962461291,14828.48015789584,-0.5905909739176423,-0.5905909739176423,2.0,0.0,0.012669229042252303,0.012669229042252303,-3.0796500704263337,-14822.710073275563,-14825.789723345988
134,3,0.3570791496016883,-6.702803618311198,7.0,1.0,0.9820181877824375,-14826.926113730531,14827.463792968456,-0.03935037160590582,0.0708103048546036,3.0,0.0,0.012669229042252303,0.012669229042252303,-3.1189715414044823,-14822.33561071835,-14825.454582259754
135,3,0.3575446517447748,-6.698645274252786,3.0,1.0,0.8667833348154512,-14826.85190983116,14827.363226455047,-0.01858951798567432,0.2653332999179838,2.0,0.0,0.012669229042252303,0.012669229042252303,-3.1102575057971085,-14822.270699339195,-14825.380956844992
136,3,0.3608912433009341,-6.701583303287311,3.0,1.0,0.8397077083687048,-14827.482597630416,14827.590568464702,0.23448248157001217,0.29668639477131364,1.0,0.0,0.012669229042252303,0.012669229042252303,-3.11641251239679,-14822.899325846078,-14826.015738358474
137,3,0.3590334471008805,-6.678322022101319,3.0,1.0,0.7752040061329838,-14827.65258812695,14829.140694736168,-0.11666503128071781,0.6262514055288193,2.0,0.0,0.012669229042252303,0.012669229042252303,-3.0679178009944965,-14823.115552595547,-14826.183470396541
138,3,0.3593874328291323,-6.684334077086741,7.0,1.0,0.9961084026050545,-14827.279552365773,14827.654412300297,-0.05778875292890007,-0.10919837331130111,3.0,0.0,0.012669229042252303,0.012669229042252303,-3.0803997762289126,-14822.730467893027,-14825.810867669255
139,3,0.35844009849865616,-6.694372244771183,3.0,1.0,0.9978244398625287,-14826.857574887803,14827.283416239114,-0.06693652639478387,-0.06693652639478387,2.0,0.0,0.012669229042252303,0.012669229042252303,-3.1013211544164285,-14822.286407289175,-14825.387728443591
140,3,0.36148837987583665,-6.6833036866781566,3.0,1.0,0.8005065123795108,-14827.962326562547,14828.192525079396,0.27776241594438034,0.27776241594438034,2.0,0.0,0.012669229042252303,0.012669229042252303,-3.0782579565498462,-14823.417927819331,-14826.49618577588
141,3,0.3568475370847287,-6.7016860187661695,3.0,1.0,1.0,-14826.963969875476,14827.936927223072,-0.23471759264793945,-0.23471759264793945,2.0,0.0,0.012669229042252303,0.012669229042252303,-3.1166278517492527,-14822.37552189731,-14825.492149749058
142,3,0.3568475370847287,-6.7016860187661695,3.0,1.0,0.20802631750770492,-14826.963969875476,14833.556077466475,0.0,2.716814054900169,2.0,0.0,0.012669229042252303,0.012669229042252303,-3.1166278517492527,-14822.37552189731,-14825.492149749058
143,3,0.3568475370847287,-6.7016860187661695,1.0,1.0,0.9307470589414527,-14826.963969875476,14827.125312236198,0.0,0.07176772611455817,1.0,0.0,0.012669229042252303,0.012669229042252303,-3.1166278517492527,-14822.37552189731,-14825.492149749058
144,3,0.3582917163961718,-6.721005331023049,3.0,1.0,0.9490437523468556,-14827.752098021552,14827.778361300334,0.11239096644203528,0.11239096644203528,2.0,0.0,0.012669229042252303,0.012669229042252303,-3.1573177136872235,-14823.124751068275,-14826.282068781962
145,3,0.3552490977125678,-6.7167538078607505,3.0,1.0,0.9392140375714382,-14827.899079606002,14828.223990949098,0.08207577546818356,0.0994172074351809,2.0,0.0,0.012669229042252303,0.012669229042252303,-3.1483312292851022,-14823.276921090059,-14826.425252319345
146,3,0.356853880078299,-6.688045272977606,3.0,1.0,0.5044312764804261,-14827.286578175446,14830.726917947437,-0.10327399074958521,1.5268732186341367,2.0,0.0,0.012669229042252303,0.012669229042252303,-3.088122847205462,-14822.726643114347,-14825.814765961553
147,3,0.36027906580834074,-6.6989870685824116,3.0,1.0,1.0,-14827.184788361617,14827.330131606082,-0.002300731344803353,-0.11696758558719011,2.0,0.0,0.012669229042252303,0.012669229042252303,-3.110973102123172,-14822.606215656418,-14825.717188758541
148,3,0.3616249381057688,-6.699771095004678,3.0,1.0,0.9140912616009892,-14827.8308206555,14827.912350272281,0.24057641435319965,0.24057641435319965,2.0,0.0,0.012669229042252303,0.012669229042252303,-3.1126150172312292,-14823.252228654368,-14826.3648436716
149,3,0.3607121284300903,-6.677154501212129,3.0,1.0,0.9587502926946287,-14828.032657373564,14829.17536494686,-0.17263163656207325,-0.2692613314557093,2.0,0.0,0.012669229042252303,0.012669229042252303,-3.0654980344718865,-14823.500083849345,-14826.565581883817
150,3,0.3607121284300903,-6.677154501212129,1.0,1.0,0.5032700521863812,-14828.032657373564,14829.593221812214,0.0,0.6866283698782354,1.0,0.0,0.012669229042252303,0.012669229042252303,-3.0654980344718865,-14823.500083849345,-14826.565581883817
51,4,0.3583093745030643,-6.684669566760972,1.0,1.0,2.5545728003813153e-13,-14827.222957827089,14829.285600143607,0.0,28.995721200662956,1.0,0.0,0.02695381782126021,0.02695381782126021,-3.0810973705220706,-14822.671852982201,-14825.752950352724
52,4,0.3577061847004683,-6.706658845642966,3.0,1.0,1.0,-14826.928422853447,14827.222383345203,-0.053945154359098524,-0.053945154359098524,2.0,0.0,0.012946599652510797,0.012946599652510797,-3.1270658265336952,-14822.330604260482,-14825.457670087015
53,4,0.3625021741686803,-6.652232754775309,3.0,1.0,0.48159800716004214,-14831.848728290686,14832.457596907496,0.8456740736291977,0.8456740736291977,2.0,0.0,0.012946599652510797,0.012946599652510797,-3.014171113469534,-14827.369627957802,-14830.383799071271
54,4,0.3615959891845456,-6.64524346582771,1.0,1.0,0.8658234952489676,-14832.866173126746,14833.475231506369,0.144074207302765,0.144074207302765,1.0,0.0,0.012946599652510797,0.012946599652510797,-2.9998880267624637,-14828.40027340734,-14831.400161434103
55,4,0.3601112315016693,-6.686522023880452,3.0,1.0,0.9397708934141451,-14827.31677739781,14833.201333280436,-0.8953426667740132,-0.8953426667740132,2.0,0.0,0.012946599652510797,0.012946599652510797,-3.084951269753628,-14822.76402289224,-14825.848974161992
56,4,0.3625232755860258,-6.686695233690968,7.0,1.0,0.4520365365968758,-14828.430803867504,14831.382941560722,0.4595521816991095,1.2882282396039955,3.0,0.0,0.012946599652510797,0.012946599652510797,-3.0853117953119056,-14823.880587960617,-14826.965899755929
57,4,0.3559587927016556,-6.705092877265622,3.0,1.0,0.8994481732455727,-14827.242737989536,14828.681481504229,-0.37325882807999733,-0.37325882807999733,2.0,0.0,0.012946599652510797,0.012946599652510797,-3.123776187875808,-14822.646028927555,-14825.769805115431
58,4,0.36065959581239887,-6.695528953179347,3.0,1.0,0.9868647089243309,-14827.312271245353,14827.410508380386,0.04020330389357696,-0.11743926081362588,2.0,0.0,0.012946599652510797,0.012946599652510797,-3.1037384209913474,-14822.74139385843,-14825.845132279423
59,4,0.3580145597853934,-6.688884061429194,3.0,1.0,0.9091135637053577,-14827.033786923546,14827.838591174948,-0.13288399911107263,0.2705403377785842,2.0,0.0,0.012946599652510797,0.012946599652510797,-3.0898702905575632,-14822.47354535503,-14825.563415645587
60,4,0.357993085814647,-6.7017008640240885,3.0,1.0,0.9806856524712041,-14826.828793582412,14827.26118450751,-0.03968843568509328,-0.03968843568509328,1.0,0.0,0.012946599652510797,0.012946599652510797,-3.1166589751777125,-14822.241736795508,-14825.358395770685
61,4,0.3543976341636685,-6.7124672968702805,3.0,1.0,0.6455859146081068,-14828.139304249518,14829.143608489238,0.4051298149424838,0.6410267194933112,2.0,0.0,0.012946599652510797,0.012946599652510797,-3.1392890899708843,-14823.525107926183,-14826.664397016155
62,4,0.35815203979796456,-6.7291091284453985,3.0,1.0,0.7973664090427567,-14828.528335751133,14829.944729287841,-0.1113694255163864,0.40429820336430566,2.0,0.0,0.012946599652510797,0.012946599652510797,-3.1744968488480056,-14823.883637386267,-14827.058134235114
63,4,0.3598945723194843,-6.688501025439082,7.0,1.0,0.9122037202536996,-14827.190251276223,14828.974342562871,-0.20675399138963257,0.28075140795226616,3.0,0.0,0.012946599652510797,0.012946599652510797,-3.0890722265084594,-14822.63311251918,-14825.722184745688
64,4,0.3585715134629096,-6.670619367077939,7.0,1.0,0.9060954015166818,-14828.419487551897,14828.58907643707,0.19167736639792565,0.19996155583430664,3.0,0.0,0.012946599652510797,0.012946599652510797,-3.0519786930370345,-14823.89782412005,-14826.949802813086
65,4,0.36111950831659034,-6.678463785312545,3.0,1.0,0.9371325557633249,-14828.08012677162,14829.57595643462,-0.02108299951578374,0.20899700313384528,2.0,0.0,0.012946599652510797,0.012946599652510797,-3.0682117077045468,-14823.545330870384,-14826.613542578089
66,4,0.3571640102268255,-6.702324964695899,3.0,1.0,1.0,-14826.908183240865,14828.03026480304,-0.2346087086098123,-0.2346087086098123,2.0,0.0,0.012946599652510797,0.012946599652510797,-3.117967616133171,-14822.318789776813,-14825.436757392947
67,4,0.3572981176952857,-6.730071201863082,15.0,1.0,0.7443207044846482,-14828.57524186279,14830.515910066852,0.2643657896442164,0.6129549646648229,3.0,0.0,0.012946599652510797,0.012946599652510797,-3.176540696837958,-14823.927442085986,-14827.103982782824
68,4,0.3556713310457568,-6.731634249080153,7.0,1.0,0.7255669179880309,-14828.970145641995,14830.479434719424,0.04626397695210471,0.7614148830198246,3.0,0.0,0.012946599652510797,0.012946599652510797,-3.1798632390156727,-14824.316987873466,-14827.496851112483
69,4,0.3594812509268907,-6.720647903036062,3.0,1.0,0.9148003779040388,-14827.992860622648,14830.020089302378,-0.05739074284065282,0.29517523122740386,2.0,0.0,0.012946599652510797,0.012946599652510797,-3.1565615188679215,-14823.367728961888,-14826.524290480756
70,4,0.36014881855402625,-6.719573647625449,1.0,1.0,0.9132985765867192,-14828.154300893211,14828.458212866282,0.09069242382429366,0.09069242382429366,1.0,0.0,0.012946599652510797,0.012946599652510797,-3.1542895324966937,-14823.532253753978,-14826.686543286474
71,4,0.35552930012372297,-6.698941716576187,3.0,1.0,1.0,-14827.421264899232,14828.01875913052,-0.14601260790004744,-0.3279515375943447,2.0,0.0,0.012946599652510797,0.012946599652510797,-3.1108781443552824,-14822.836913221792,-14825.947791366147
72,4,0.3613075118524754,-6.703275353652373,3.0,1.0,0.9601696626795708,-14827.743475793874,14827.781752448072,0.12725514321755327,-0.23351159800768073,2.0,0.0,0.012946599652510797,0.012946599652510797,-3.119961180494455,-14823.157156583868,-14826.277117764363
73,4,0.35820818330595783,-6.710947318361917,3.0,1.0,0.8914355498533705,-14827.0901453388,14828.587700065596,-0.3141757541834522,0.394070301863394,2.0,0.0,0.012946599652510797,0.012946599652510797,-3.1360871988189403,-14822.483925895056,-14825.620013093874
74,4,0.3579528234000153,-6.723184133894111,3.0,1.0,0.751598822416572,-14827.906454821523,14828.668409475624,0.1337633261555311,0.4986397346074227,2.0,0.0,0.012946599652510797,0.012946599652510797,-3.161930074966895,-14823.274077172888,-14826.436007247854
75,4,0.3570751225624121,-6.727504678376575,7.0,1.0,0.9857381431531955,-14828.307350002637,14828.383788212843,0.04141755512682721,-0.17808477288781432,3.0,0.0,0.012946599652510797,0.012946599652510797,-3.171090381995615,-14823.664723135722,-14826.835813517717
76,4,0.3548067710421806,-6.712602718173581,7.0,1.0,0.9461413065179884,-14827.919786275823,14828.991893820548,0.08340829977532849,-0.20154224679754407,3.0,0.0,0.012946599652510797,0.012946599652510797,-3.139574472061545,-14823.30582443187,-14826.445398903932
77,4,0.357331955283819,-6.696786927538374,3.0,1.0,1.0,-14826.897879527694,14828.13083724054,-0.28472174608941714,-0.28472174608941714,2.0,0.0,0.012946599652510797,0.012946599652510797,-3.1063688299713834,-14822.320293667,-14825.426662496971
78,4,0.3540325484970979,-6.6959885835945085,3.0,1.0,0.7305228838115437,-14828.376819470117,14828.389437302305,0.5728199469212996,0.5728199469212996,2.0,0.0,0.012946599652510797,0.012946599652510797,-3.1046993190894066,-14823.79674756472,-14826.90144688381
79,4,0.35598064814491304,-6.697310314952294,3.0,1.0,1.0,-14827.257619869797,14828.039516080584,-0.4319772220769664,-0.601950535301512,2.0,0.0,0.012946599652510797,0.012946599652510797,-3.1074636928158497,-14822.677250764365,-14825.78471445718
80,4,0.35672498345673676,-6.699934868975711,1.0,1.0,1.0,-14826.992852897973,14827.2087982458,-0.10455751650442835,-0.10455751650442835,1.0,0.0,0.012946599652510797,0.012946599652510797,-3.1129580717507843,-14822.40792173996,-14825.520879811711
81,4,0.36038686698361017,-6.696514131258839,3.0,1.0,0.975029910796449,-14827.208609549532,14827.267138023819,0.07687476625505951,0.07687476625505951,2.0,0.0,0.012946599652510797,0.012946599652510797,-3.1057982819149816,-14822.635342308531,-14825.741140590446
82,4,0.3574996929420352,-6.677140068225451,3.0,1.0,0.9697713077642899,-14827.90843274264,14828.006055908123,0.09506489426712506,0.09506489426712506,2.0,0.0,0.012946599652510797,0.012946599652510797,-3.065468129654022,-14823.371955852932,-14826.437423982587
83,4,0.36103421910323036,-6.705515372635267,7.0,1.0,0.8988363104467617,-14827.678476881832,14828.634174815397,0.0913277378276689,0.310144901059175,2.0,0.0,0.012946599652510797,0.012946599652510797,-3.1246634847406525,-14823.087126484648,-14826.21178996939
84,4,0.35849557355057066,-6.681460986077485,3.0,1.0,0.7069719610914764,-14827.418736914347,14829.348459679248,-0.22236707396950806,0.8193990189520264,2.0,0.0,0.012946599652510797,0.012946599652510797,-3.074430276472601,-14822.874528476921,-14825.948958753394
85,4,0.35736326226730464,-6.688810851859465,3.0,1.0,1.0,-14827.12733636655,14827.503667111829,-0.01905863601677993,-0.0936071995220118,2.0,0.0,0.012946599652510797,0.012946599652510797,-3.089717745441124,-14822.566440484445,-14825.656158229885
86,4,0.35736326226730464,-6.688810851859465,1.0,1.0,0.46610410534268754,-14827.12733636655,14828.358645255064,0.0,0.7633462677840726,1.0,0.0,0.012946599652510797,0.012946599652510797,-3.089717745441124,-14822.566440484445,-14825.656158229885
87,4,0.3560767681051627,-6.711169413460669,3.0,1.0,0.8676060831383965,-14827.352074507118,14828.465436655157,0.05219040449446766,0.23258906284354453,1.0,0.0,0.012946599652510797,0.012946599652510797,-3.136554906262221,-14822.742734905107,-14825.87928981137
88,4,0.35753533212748695,-6.69527877041294,3.0,1.0,0.6775178153665419,-14826.892527711692,14828.533283084489,-0.10116656891841558,0.7587457605386589,2.0,0.0,0.012946599652510797,0.012946599652510797,-3.1032154805478953,-14822.318347685177,-14825.421563165724
89,4,0.36046946555492815,-6.709857704902302,3.0,1.0,0.7707702223626686,-14827.609417894928,14827.966484515675,0.255732013263696,0.3555207725148648,2.0,0.0,0.012946599652510797,0.012946599652510797,-3.133793309341302,-14823.008255647748,-14826.14204895709
90,4,0.35981738081363174,-6.702210598205651,3.0,1.0,0.8060433431851571,-14827.085573426628,14828.727984981544,-0.17135595779654977,0.43129282835070626,2.0,0.0,0.012946599652510797,0.012946599652510797,-3.1177277784414703,-14822.499685195577,-14825.617412974017
91,4,0.3579524355168014,-6.703710217772933,3.0,1.0,0.9748307621408928,-14826.855945827187,14827.21458542043,-0.09812753076403169,-0.09812753076403169,2.0,0.0,0.012946599652510797,0.012946599652510797,-3.1208736657064358,-14822.264624108331,-14825.385497774038
92,4,0.3572217900316532,-6.672362782245674,3.0,1.0,0.5367369590992142,-14828.482770534367,14829.69683677355,0.36067920821187727,0.932553112586902,2.0,0.0,0.012946599652510797,0.012946599652510797,-3.055581148215756,-14823.955835412327,-14827.011416560543
93,4,0.36130734226961514,-6.7039097153965175,3.0,1.0,0.9856324995302304,-14827.764827923038,14828.87586968855,-0.0054404928705480415,-0.13998284042463638,2.0,0.0,0.012946599652510797,0.012946599652510797,-3.1212923393554246,-14823.177177350328,-14826.298469689684
94,4,0.3552786376547324,-6.71349716515256,3.0,1.0,1.0,-14827.732577456116,14828.252725593735,-0.13024111239792546,-0.29680927121808054,2.0,0.0,0.012946599652510797,0.012946599652510797,-3.141459858741061,-14823.117327642913,-14826.258787501654
95,4,0.3548899865358411,-6.718584644875632,3.0,1.0,0.9750501237423416,-14828.160424785254,14828.319749237507,0.077798991193049,-0.17399785096677078,2.0,0.0,0.012946599652510797,0.012946599652510797,-3.1521988707221316,-14823.533944066694,-14826.686142937417
96,4,0.35604833839412176,-6.71412351514448,1.0,1.0,1.0,-14827.484019002997,14828.034414275471,-0.17306550703506218,-0.17306550703506218,1.0,0.0,0.012946599652510797,0.012946599652510797,-3.142780605484581,-14822.868418006858,-14826.011198612343
97,4,0.35939005957086023,-6.709693404530572,3.0,1.0,0.9661243844383917,-14827.222127345409,14827.704091888358,-0.019423384441324743,0.09202929627281264,2.0,0.0,0.012946599652510797,0.012946599652510797,-3.133447521896875,-14822.619998335542,-14825.75344585744
98,4,0.35786998088585203,-6.692164279096329,3.0,1.0,0.9774231545329055,-14826.929727098399,14827.405560107189,-0.0954607262283389,-0.0954607262283389,2.0,0.0,0.012946599652510797,0.012946599652510797,-3.0967107055390115,-14822.362466378618,-14825.459177084156
99,4,0.3575637054833153,-6.7313956722945445,3.0,1.0,0.6029224112954902,-14828.733959698182,14831.324665330349,0.33170408840305754,0.7285374985567614,1.0,0.0,0.012946599652510797,0.012946599652510797,-3.1793559425142304,-14824.083674400468,-14827.263030342983
100,4,0.35960147505664475,-6.704202538758158,3.0,1.0,0.9385469451654168,-14827.072946947523,14829.70670097434,-0.21412638483889168,-0.21412638483889168,2.0,0.0,0.012946599652510797,0.012946599652510797,-3.1219069421923935,-14822.482616529674,-14825.604523471868
101,4,0.3561775310126711,-6.743168625806056,3.0,1.0,0.5836515899927665,-14830.377576464634,14831.17553275441,0.44686637224549486,0.7220113093171676,2.0,0.0,0.012946599652510797,0.012946599652510797,-3.2044571975366987,-14825.700461017132,-14828.904918214668
102,4,0.35631856684611496,-6.70378800040322,3.0,1.0,0.8810190584835512,-14827.112442457825,14830.726661844654,-0.4187478153708071,-0.4187478153708071,2.0,0.0,0.012946599652510797,0.012946599652510797,-3.121036898694939,-14822.518924117267,-14825.639961015962
103,4,0.35877615658368633,-6.715461603706723,3.0,1.0,0.9899613579515586,-14827.412512457191,14827.522090352482,0.03057872611680068,-0.0839219111676357,2.0,0.0,0.012946599652510797,0.012946599652510797,-3.1456034670531303,-14822.797475712587,-14825.94307917964
104,4,0.3556861175543594,-6.671734275000929,7.0,1.0,0.7583979331392532,-14829.231577814802,14829.363565568547,0.5570875113626244,0.5570875113626244,3.0,0.0,0.012946599652510797,0.012946599652510797,-3.0542821002034044,-14824.704019808773,-14827.758301908976
105,4,0.3553778459301903,-6.678170718110053,1.0,1.0,1.0,-14828.679930023458,14829.634107354397,-0.10052352419006638,-0.10052352419006638,1.0,0.0,0.012946599652510797,0.012946599652510797,-3.0676041362936415,-14824.138661244884,-14827.206265381177
106,4,0.36063313082561577,-6.691154443616171,7.0,1.0,0.9993608710490722,-14827.345316239525,14828.43103678463,-0.4173433691739774,-0.5744770334713394,3.0,0.0,0.012946599652510797,0.012946599652510797,-3.09460369474076,-14822.783541590103,-14825.878145284843
107,4,0.3568040710520896,-6.720686841792633,3.0,1.0,0.9501256979579679,-14827.728315228993,14828.15736384599,-0.02426854493933206,0.16207538802518684,2.0,0.0,0.012946599652510797,0.012946599652510797,-3.1566438936978884,-14823.099796976345,-14826.256440870042
108,4,0.357136698895689,-6.682295706136761,3.0,1.0,0.7549286989156198,-14827.568005254743,14830.79247822456,-0.00689342521764047,0.5018049864465866,1.0,0.0,0.012946599652510797,0.012946599652510797,-3.076163746431115,-14823.02038167506,-14826.096545421491
109,4,0.3600428553128618,-6.725861919342536,3.0,1.0,0.5540246858143968,-14828.728657427551,14832.296786463008,0.392068649211069,0.845576318748499,2.0,0.0,0.012946599652510797,0.012946599652510797,-3.167605247163614,-14824.09316590201,-14827.260771149173
110,4,0.35933604064786445,-6.71290567174842,3.0,1.0,0.6700311828030655,-14827.378641662706,14832.307542073362,-0.3244806853654154,0.754316264328736,2.0,0.0,0.012946599652510797,0.012946599652510797,-3.140212972171337,-14822.769681204689,-14825.90989417686
111,4,0.35523835987130925,-6.722504903340193,7.0,1.0,0.9447047001839903,-14828.27171360358,14828.528822125212,0.13328487723629223,0.13328487723629223,3.0,0.0,0.012946599652510797,0.012946599652510797,-3.160491685856925,-14823.637381058486,-14826.797872744344
112,4,0.35745206643844435,-6.697975605764382,3.0,1.0,0.9811486009454606,-14826.867612347816,14829.006950894573,-0.27468097888595366,-0.27468097888595366,2.0,0.0,0.012946599652510797,0.012946599652510797,-3.108855795727182,-14822.287688686129,-14825.396544481855
113,4,0.35624933156856264,-6.718526281608096,3.0,1.0,0.698554327781208,-14827.678028864306,14828.42551274222,0.12816877026489237,0.5398139458866353,2.0,0.0,0.012946599652510797,0.012946599652510797,-3.152075526651788,-14823.05338512529,-14826.205460651941
114,4,0.3587168316500123,-6.704766445282449,3.0,1.0,0.9202229325509199,-14826.917068976592,14828.766354363564,-0.12821695079401252,0.17064709817714174,2.0,0.0,0.012946599652510797,0.012946599652510797,-3.123090759226104,-14822.32447208654,-14825.447562845766
115,4,0.3604218310227715,-6.701952266812561,3.0,1.0,0.7969039881724864,-14827.287783619968,14827.849808081348,0.15529688643255213,0.3747824647325615,2.0,0.0,0.012946599652510797,0.012946599652510797,-3.11718608043797,-14822.70317092796,-14825.820357008399
116,4,0.3605306741842788,-6.693637094318518,7.0,1.0,0.9775703413462721,-14827.272477979439,14827.57413064974,-0.031270716983271996,-0.1806930873044621,2.0,0.0,0.012946599652510797,0.012946599652510797,-3.0997855468002995,-14822.705397569653,-14825.805183116452
117,4,0.35790211409493455,-6.708440756743632,3.0,1.0,0.9703500388175188,-14826.979236789737,14827.786918618995,-0.126941413484019,-0.126941413484019,1.0,0.0,0.012946599652510797,0.012946599652510797,-3.130812080107842,-14822.377914438688,-14825.508726518796
118,4,0.3560947415522438,-6.715764363679304,7.0,1.0,0.8587052287159386,-14827.553801177757,14827.965800507298,0.11807453691471892,0.28272023725548934,3.0,0.0,0.012946599652510797,0.012946599652510797,-3.146242424656696,-14822.93479661961,-14826.081039044266
119,4,0.3591531379636583,-6.710775428222024,3.0,1.0,1.0,-14827.2176016037,14827.737711118016,-0.036081614080103463,-0.14048701449064538,2.0,0.0,0.012946599652510797,0.012946599652510797,-3.135725251266183,-14822.612905183745,-14825.748630435011
120,4,0.35706733121307704,-6.704097337535639,3.0,1.0,0.9988112909006936,-14826.942952304971,14827.275625929999,-0.0740186835937493,-0.08503639416449005,2.0,0.0,0.012946599652510797,0.012946599652510797,-3.1216861269564253,-14822.349719991465,-14825.471406118422
121,4,0.3595094110383594,-6.713393600263671,3.0,1.0,0.8645984257361893,-14827.456962791592,14827.764892178437,0.14443180483613105,0.23490469573880546,2.0,0.0,0.012946599652510797,0.012946599652510797,-3.1412415154545643,-14822.847185501085,-14825.988427016538
122,4,0.3552139165191287,-6.708099409641441,3.0,1.0,0.9783496085423233,-14827.595301074376,14827.879456922874,0.06715653113496955,-0.1774069495495496,2.0,0.0,0.012946599652510797,0.012946599652510797,-3.1300941930523125,-14822.991335121367,-14826.12142931442
123,4,0.3590537499131836,-6.687133239542969,7.0,1.0,0.891015608291502,-14827.109112300604,14828.348509956937,-0.2104023954107106,0.27871369186686934,3.0,0.0,0.012946599652510797,0.012946599652510797,-3.0862236113884483,-14822.553795829926,-14825.640019441315
124,4,0.35904654862492297,-6.681813748725505,1.0,1.0,0.9553782524203399,-14827.398559565696,14827.4021357286,0.04564794108591741,0.04564794108591741,1.0,0.0,0.012946599652510797,0.012946599652510797,-3.075162776534042,-14822.854295108711,-14825.929457885246
125,4,0.3580147028032597,-6.720570409976332,3.0,1.0,0.8991293293541102,-14827.687890978703,14828.31518328031,0.0660620180042315,0.2057685038962518,2.0,0.0,0.012946599652510797,0.012946599652510797,-3.156397587029424,-14823.061122290415,-14826.217519877444
126,4,0.3558650408184562,-6.700274302275286,3.0,1.0,0.8310560754715764,-14827.264945233066,14828.321675188363,0.025715280524309492,0.2981300785413623,2.0,0.0,0.012946599652510797,0.012946599652510797,-3.1136691622464467,-14822.678225341102,-14825.791894503349
127,4,0.35980171952397283,-6.704149266342854,3.0,1.0,1.0,-14827.128264989493,14827.239960801327,-0.053300797460906324,-0.16936754723974445,2.0,0.0,0.012946599652510797,0.012946599652510797,-3.1217951230881353,-14822.53829035067,-14825.660085473759
128,4,0.3594511102869603,-6.703657619001508,3.0,1.0,0.874542675131984,-14827.020884239995,14827.810361256343,-0.041194491657734034,0.23397684126757667,2.0,0.0,0.012946599652510797,0.012946599652510797,-3.1207632864622923,-14822.43151401881,-14825.552277305273
129,4,0.3593597247216774,-6.686511087277482,3.0,1.0,0.9541100295702741,-14827.169648018891,14827.733191156702,-0.020528131286482676,0.11404402289372229,1.0,0.0,0.012946599652510797,0.012946599652510797,-3.084928506894739,-14822.616000965938,-14825.700929472832
130,4,0.35736145266352487,-6.716078800800948,7.0,1.0,0.9914681078291167,-14827.361933755425,14827.389054192174,0.023397716131512425,-0.05734218173347472,2.0,0.0,0.012946599652510797,0.012946599652510797,-3.1469061232502398,-14822.743847247631,-14825.890753370883
131,4,0.3569019773114531,-6.6927465644358595,3.0,1.0,0.9523507300220976,-14827.077897105184,14827.761912605958,0.0015876678153290413,0.15240716938751575,2.0,0.0,0.012946599652510797,0.012946599652510797,-3.097926101131223,-14822.508218775289,-14825.60614487642
132,4,0.359801364201773,-6.7163044931856355,3.0,1.0,0.9187965245157055,-14827.750907244252,14827.878975499558,0.17172614725132007,0.17172614725132007,2.0,0.0,0.012946599652510797,0.012946599652510797,-3.147382564717901,-14823.135344731269,-14826.282727295986
133,4,0.36274126498642095,-6.722541546136873,1.0,1.0,0.4092544562446008,-14830.176378155218,14830.267484057704,0.8934181739823543,0.8934181739823543,1.0,0.0,0.012946599652510797,0.012946599652510797,-3.160569271593825,-14825.551163887672,-14828.711733159265
134,4,0.36167678914941664,-6.710075124639949,3.0,1.0,0.9853091429107538,-14828.281687675393,14830.078009502507,-0.6094921579442598,-0.6353939994114626,1.0,0.0,0.012946599652510797,0.012946599652510797,-3.1342509335851636,-14823.681521904336,-14826.815772837921
135,4,0.36024189114686905,-6.706582162182567,3.0,1.0,1.0,-14827.362353243388,14828.062197869205,-0.34704789541865466,-0.5243163402410573,2.0,0.0,0.012946599652510797,0.012946599652510797,-3.1269046800514593,-14822.767803881032,-14825.894708561083
136,4,0.35973252247790605,-6.687611615882041,3.0,1.0,0.9152309738597801,-14827.186677282172,14828.041697309054,-0.13116550958329753,0.2707534159126226,2.0,0.0,0.012946599652510797,0.012946599652510797,-3.087219687674052,-14822.631193821384,-14825.718413509057
137,4,0.3575356750082439,-6.710773493121684,7.0,1.0,0.9909977077649545,-14827.078881173014,14827.29561034592,-0.03427764633852348,-0.04472090731906064,3.0,0.0,0.012946599652510797,0.012946599652510797,-3.135721176710634,-14822.47219587565,-14825.60791705236
138,4,0.3577244010742535,-6.686569919347442,7.0,1.0,0.8996629949296556,-14827.176430260271,14827.675679756721,0.038039535265852464,0.2223158754841279,2.0,0.0,0.012946599652510797,0.012946599652510797,-3.085050958218862,-14822.620649098006,-14825.705700056225
139,4,0.3563166472676714,-6.726792154069474,7.0,1.0,0.8868938973537505,-14828.326271334745,14828.581640070963,0.1565332201498677,0.20887543571916467,3.0,0.0,0.012946599652510797,0.012946599652510797,-3.169578420927434,-14823.68420906687,-14826.853787487798
140,4,0.35987687993561734,-6.703793409966788,3.0,1.0,0.8697217966870426,-14827.141429886991,14828.787142462672,-0.11482344650903542,0.2209557333462726,2.0,0.0,0.012946599652510797,0.012946599652510797,-3.1210482513160422,-14822.55229358344,-14825.673341834756
141,4,0.3574095815984746,-6.6824952115739915,7.0,1.0,0.9931747620994444,-14827.487065423386,14827.547014489883,0.033854211045763805,-0.08921961523083155,2.0,0.0,0.012946599652510797,0.012946599652510797,-3.076578164167404,-14822.93936664869,-14826.015944812858
142,4,0.35400695146004074,-6.72158181604788,3.0,1.0,0.6370288495707279,-14828.821544049171,14829.871852423721,0.36009179595021124,0.5948544879483961,2.0,0.0,0.012946599652510797,0.012946599652510797,-3.1585376271308405,-14824.18760115686,-14827.34613878399
143,4,0.35520612430107396,-6.713877878489012,1.0,1.0,1.0,-14827.779808258512,14828.711924719119,-0.24668080295123218,-0.24668080295123218,1.0,0.0,0.012946599652510797,0.012946599652510797,-3.142262599410953,-14823.163664047106,-14826.305926646517
144,4,0.3597176692412598,-6.705882911230956,3.0,1.0,1.0,-14827.157403634003,14827.713326146155,-0.1258804534063529,-0.23009059750620509,2.0,0.0,0.012946599652510797,0.012946599652510797,-3.125435510203326,-14822.563686258381,-14825.689121768584
145,4,0.3594258393473813,-6.69242368219934,3.0,1.0,0.9900044824994906,-14826.989457966802,14827.467891578202,-0.08192292316925887,-0.08192292316925887,1.0,0.0,0.012946599652510797,0.012946599652510797,-3.0972521119277148,-14822.423568064663,-14825.52082017659
146,4,0.3585530806391733,-6.693412189274112,3.0,1.0,0.9390715884049001,-14826.878690887823,14827.223575332011,-0.0324107384585659,0.13574162309305393,2.0,0.0,0.012946599652510797,0.012946599652510797,-3.0993158653486805,-14822.309667612804,-14825.408983478153
147,4,0.3580732563334791,-6.701695744305596,3.0,1.0,0.9878851763921731,-14826.827671522615,14827.005589538383,-0.007551072973001283,0.023697016225924017,1.0,0.0,0.012946599652510797,0.012946599652510797,-3.1166482415439356,-14822.240724505944,-14825.357372747489
148,4,0.36142716829223165,-6.6886500594538765,3.0,1.0,0.7771884852194443,-14827.743877720124,14828.178688423448,0.283110994632807,0.31534375412593363,2.0,0.0,0.012946599652510797,0.012946599652510797,-3.0893827247731758,-14823.188280723705,-14826.277663448478
149,4,0.35703456058838773,-6.696294868942381,3.0,1.0,0.9221751270333852,-14826.9603730624,14827.867713295002,-0.22878576973016607,-0.22878576973016607,2.0,0.0,0.012946599652510797,0.012946599652510797,-3.105339753035013,-14822.383446310687,-14825.488786063723
150,4,0.3606345672110137,-6.694716098446428,3.0,1.0,0.9341141887719421,-14827.304605185484,14827.443103532913,0.11583950830026879,0.11583950830026879,2.0,0.0,0.012946599652510797,0.012946599652510797,-3.102039593340344,-14822.735396373831,-14825.837435967172
51,5,0.3593472717018608,-6.682778493419138,1.0,1.0,1.0,-14827.3628340187,14827.843238567693,-0.21946038119494915,-0.21946038119494915,1.0,0.0,0.021646070383460506,0.021646070383460506,-3.0771666727579237,-14822.816933584138,-14825.894100256895
52,5,0.3604589195598201,-6.724968695739832,3.0,1.0,0.7219605597711868,-14828.83243887203,14828.957768621804,0.5762514969155745,0.5762514969155745,2.0,0.0,0.014439813069058657,0.014439813069058657,-3.165711394177523,-14824.199345773384,-14827.365057167563
53,5,0.3569712427927604,-6.701970290638382,3.0,1.0,0.835126487456173,-14826.939865563345,14831.611635837662,-0.6547106902762607,-0.6547106902762607,2.0,0.0,0.014439813069058657,0.014439813069058657,-3.1172238726354085,-14822.350975805612,-14825.468199678247
54,5,0.35862206563033155,-6.705265818279549,3.0,1.0,0.9356116080953717,-14826.91925863028,14827.563054493747,-0.01804065421129053,0.11808286308405513,2.0,0.0,0.014439813069058657,0.014439813069058657,-3.124139365589502,-14822.32549668309,-14825.44963604868
55,5,0.3591348638684368,-6.69557941891805,3.0,1.0,0.9835921562504528,-14826.897486650574,14827.084662530968,-0.004149946062170784,0.02920955622175825,1.0,0.0,0.014439813069058657,0.014439813069058657,-3.1038439137640825,-14822.324649200895,-14825.42849311466
56,5,0.36123260183096817,-6.698322644398824,1.0,1.0,0.7124756351853996,-14827.590694138999,14827.620452799621,0.3390095636550541,0.3390095636550541,1.0,0.0,0.014439813069058657,0.014439813069058657,-3.109582140280121,-14823.014663896985,-14826.124246037265
57,5,0.358970383083452,-6.693012557204421,3.0,1.0,0.9212135331539972,-14826.914671114604,14828.595761203083,-0.34851363965208293,-0.34851363965208293,2.0,0.0,0.014439813069058657,0.014439813069058657,-3.098481416727786,-14822.346994686714,-14825.445476103441
58,5,0.36125859887911843,-6.6896267196770065,1.0,1.0,0.7444872836425361,-14827.640046314762,14827.647838533905,0.2950595074034936,0.2950595074034936,1.0,0.0,0.014439813069058657,0.014439813069058657,-3.0914180536238773,-14823.082211424828,-14826.173629478451
59,5,0.3564983619763574,-6.683611890565008,3.0,1.0,1.0,-14827.675403120063,14828.093888026024,-0.0007236258516059024,-0.28949336231380585,2.0,0.0,0.014439813069058657,0.014439813069058657,-3.0788984928669736,-14823.124248286862,-14826.20314677973
60,5,0.3519582674573127,-6.700664851429479,7.0,1.0,0.5583541108750179,-14830.095622760946,14831.091647273863,1.2243585173746396,1.3285552205052227,2.0,0.0,0.014439813069058657,0.014439813069058657,-3.1144874796513293,-14825.50309242989,-14828.617579909542
61,5,0.3568288745794176,-6.6968479652615445,1.0,1.0,1.0,-14826.998137953495,14828.773511344543,-1.458445079435478,-1.458445079435478,1.0,0.0,0.014439813069058657,0.014439813069058657,-3.106496499357836,-14822.419798044903,-14825.526294544261
62,5,0.3568288745794176,-6.6968479652615445,3.0,1.0,0.5509241240052699,-14826.998137953495,14828.431374917782,0.0,0.9743937365437887,1.0,0.0,0.014439813069058657,0.014439813069058657,-3.106496499357836,-14822.419798044903,-14825.526294544261
63,5,0.3560838034995224,-6.684078288060293,3.0,1.0,0.8176325937344794,-14827.809068847011,14828.000371158469,0.30575192574906396,0.30575192574906396,2.0,0.0,0.014439813069058657,0.014439813069058657,-3.079867981635396,-14823.256425001628,-14826.336292983264
64,5,0.3582845391071139,-6.712354963234083,7.0,1.0,0.9993399707501691,-14827.164518418183,14827.516379773355,-0.31331582800521574,-0.37018189824993897,2.0,0.0,0.014439813069058657,0.014439813069058657,-3.1390523759332933,-14822.555427955087,-14825.69448033102
65,5,0.3594936745632911,-6.659483832670995,7.0,1.0,0.7774772174516217,-14829.915448916403,14829.927248951519,0.5319034622480103,0.5319034622480103,2.0,0.0,0.014439813069058657,0.014439813069058657,-3.0290408126784785,-14825.417853124738,-14828.446893937416
66,5,0.3591475542316125,-6.699738802008301,3.0,1.0,1.0,-14826.8966858412,14829.657028779126,-0.5959648029056552,-0.5959648029056552,2.0,0.0,0.014439813069058657,0.014439813069058657,-3.112547376813081,-14822.315160461654,-14825.427707838468
67,5,0.35753317347774954,-6.696273736866324,3.0,1.0,0.8064266612997342,-14826.8764040381,14827.300563040677,-0.010915560800640378,0.3523491203723097,2.0,0.0,0.014439813069058657,0.014439813069058657,-3.1052955634524504,-14822.30014125102,-14825.405436814473
68,5,0.3560110736000853,-6.717742589280337,3.0,1.0,0.8055587012000323,-14827.690254257179,14828.239802759015,0.18437383951459196,0.2492093585569819,1.0,0.0,0.014439813069058657,0.014439813069058657,-3.1504196127806607,-14823.066967453346,-14826.217387066126
69,5,0.3560110736000853,-6.717742589280337,3.0,1.0,0.41151722827325216,-14827.690254257179,14830.785779536576,0.0,1.9387546665439004,1.0,0.0,0.014439813069058657,0.014439813069058657,-3.1504196127806607,-14823.066967453346,-14826.217387066126
70,5,0.35790660939691465,-6.694460240306952,3.0,1.0,0.9471222995912605,-14826.870397224548,14828.189039684383,-0.19616096915342496,-0.19616096915342496,2.0,0.0,0.014439813069058657,0.014439813069058657,-3.1015049987425285,-14822.298387513943,-14825.399892512685
71,5,0.35910641359776313,-6.698850570115272,3.0,1.0,0.42228141486147047,-14826.884996077868,14829.04496425039,0.010762024849100271,2.01008562737843,2.0,0.0,0.014439813069058657,0.014439813069058657,-3.1106873086441422,-14822.305280403818,-14825.415967712463
72,5,0.3563092316482021,-6.706393039799678,3.0,1.0,0.9210675583782918,-14827.151736407759,14827.294853229127,0.08680482304225734,0.10237035821410245,2.0,0.0,0.014439813069058657,0.014439813069058657,-3.126507273894727,-14822.552735995356,-14825.679243269251
73,5,0.3586032132590625,-6.716697110870705,3.0,1.0,0.7380440894886257,-14827.466465853762,14828.26673851079,0.03767415062793589,0.5306923564112367,2.0,0.0,0.014439813069058657,0.014439813069058657,-3.148211510456788,-14822.848608584525,-14825.996820094982
74,5,0.36014817151906237,-6.7155915520481955,1.0,1.0,0.8026011670965869,-14827.833728551022,14828.042919190426,0.2198973670056148,0.2198973670056148,1.0,0.0,0.014439813069058657,0.014439813069058657,-3.1458777043661716,-14823.220092454567,-14826.365970158933
75,5,0.36034803858088116,-6.718209100529121,1.0,1.0,0.903698817586556,-14828.127245951953,14828.47155572852,0.10125914048876439,0.10125914048876439,1.0,0.0,0.014439813069058657,0.014439813069058657,-3.15140526038704,-14823.508324690016,-14826.659729950403
76,5,0.36219306820673614,-6.7014976989474375,3.0,1.0,0.824344033282375,-14828.238313878886,14829.366550827179,0.20535697058221558,0.4175242228375282,1.0,0.0,0.014439813069058657,0.014439813069058657,-3.1162330539998324,-14823.656783296967,-14826.773016350966
77,5,0.36219306820673614,-6.7014976989474375,1.0,1.0,0.01268240354411084,-14828.238313878886,14833.824325634363,0.0,4.367539793984179,1.0,0.0,0.014439813069058657,0.014439813069058657,-3.1162330539998324,-14823.656783296967,-14826.773016350966
78,5,0.36444336146325423,-6.699477288253625,3.0,1.0,0.6193894512366661,-14830.14570200678,14830.827367846972,0.9145954820414772,0.9145954820414772,2.0,0.0,0.014439813069058657,0.014439813069058657,-3.1119996525046023,-14825.57106415978,-14828.683063812285
79,5,0.35339264003894655,-6.675446832493523,3.0,1.0,0.9977766072573374,-14830.503164547821,14831.08150791254,0.0066925232858920936,-1.2947775243519573,2.0,0.0,0.014439813069058657,0.014439813069058657,-3.0619612297375616,-14825.965011741422,-14829.02697297116
80,5,0.35673760442967434,-6.663950550030685,3.0,1.0,1.0,-14829.79939439963,14831.348444309533,-0.7148715194744,-1.1798620899808157,2.0,0.0,0.014439813069058657,0.014439813069058657,-3.0382268268883506,-14825.289210245912,-14828.3274370728
81,5,0.35715400278769704,-6.67897630129348,1.0,1.0,1.0,-14827.831073713201,14829.40690892587,-0.5713973152851395,-0.5713973152851395,1.0,0.0,0.014439813069058657,0.014439813069058657,-3.069274435143688,-14823.290360978097,-14826.35963541324
82,5,0.3594049354949036,-6.714261801709884,3.0,1.0,1.0,-14827.481324399889,14827.929493200973,-0.07469971214595716,-0.24724561982657178,2.0,0.0,0.014439813069058657,0.014439813069058657,-3.1430722549586543,-14822.869588826474,-14826.012661081433
83,5,0.35897585365627255,-6.719183304812317,1.0,1.0,0.974775058569691,-14827.72654206437,14827.890811142097,0.025548543761033216,0.025548543761033216,1.0,0.0,0.014439813069058657,0.014439813069058657,-3.153464266485138,-14823.103889492151,-14826.257353758636
84,5,0.3580344521184371,-6.6653576133307215,7.0,1.0,0.8895120247579887,-14829.175515238307,14829.399177489757,0.2837053253642807,0.2956431729326141,2.0,0.0,0.014439813069058657,0.014439813069058657,-3.041124651094996,-14824.664043884499,-14827.705168535595
85,5,0.35933726005392713,-6.716794229962792,7.0,1.0,0.994761311721552,-14827.636725840663,14829.20118602756,-0.2929819585860969,-0.4085554562007019,2.0,0.0,0.014439813069058657,0.014439813069058657,-3.148416584750708,-14823.01956326021,-14826.16797984496
86,5,0.3563607887683042,-6.691817261494802,3.0,1.0,0.9890371442769347,-14827.273599039141,14827.834677795756,-0.049396197722671786,-0.049396197722671786,2.0,0.0,0.014439813069058657,0.014439813069058657,-3.095986542065028,-14822.705183946475,-14825.80117048854
87,5,0.3608652655656671,-6.688412597036812,3.0,1.0,0.9893301639630826,-14827.499644298505,14827.750131787025,0.03253301418226329,-0.07747278303395433,2.0,0.0,0.014439813069058657,0.014439813069058657,-3.088888004800716,-14822.943865682988,-14826.032753687788
88,5,0.3608652655656671,-6.688412597036812,1.0,1.0,0.1104557473920382,-14827.499644298505,14830.434585652973,0.0,2.203140314326447,1.0,0.0,0.014439813069058657,0.014439813069058657,-3.088888004800716,-14822.943865682988,-14826.032753687788
89,5,0.35679210503321557,-6.69014253459638,3.0,1.0,0.789390881660384,-14827.205111331114,14828.21334006431,-0.07834177412223653,0.4543578176617302,2.0,0.0,0.014439813069058657,0.014439813069058657,-3.092493380435256,-14822.640728658329,-14825.733222038763
90,5,0.354341606351332,-6.680867763585746,3.0,1.0,0.6361502009938426,-14829.111523398902,14829.237799439543,0.8430435727168515,0.8430435727168515,2.0,0.0,0.014439813069058657,0.014439813069058657,-3.0731987500270592,-14824.56334608995,-14827.636544839977
91,5,0.3571271295540327,-6.690722411135091,1.0,1.0,1.0,-14827.09597786459,14828.297569551134,-0.8939201390603557,-0.8939201390603557,1.0,0.0,0.014439813069058657,0.014439813069058657,-3.093702575112475,-14822.530803546639,-14825.62450612175
92,5,0.35561704187365006,-6.704459025622124,7.0,1.0,0.9211675127494531,-14827.36684524629,14827.494872638328,0.12690047481737565,0.1733687643063604,2.0,0.0,0.014439813069058657,0.014439813069058657,-3.122445349310675,-14822.771036970627,-14825.893482319938
93,5,0.3604437939792706,-6.699675916688674,3.0,1.0,1.0,-14827.254306910358,14827.347363436873,-0.023405926734994864,-0.22659579263927299,2.0,0.0,0.014439813069058657,0.014439813069058657,-3.1124156611734652,-14822.674491232227,-14825.7869068934
94,5,0.35477901839487536,-6.7186723469817755,3.0,1.0,0.8810549358431548,-14828.218653291577,14828.491632597304,0.20033081886504078,0.20033081886504078,2.0,0.0,0.014439813069058657,0.014439813069058657,-3.15238422546716,-14823.591846485662,-14826.744230711129
95,5,0.3615058479666872,-6.682872570796993,3.0,1.0,1.0,-14827.99087535526,14828.516322887559,-0.04405618889359175,-0.3732107181494939,2.0,0.0,0.014439813069058657,0.014439813069058657,-3.0773621331249728,-14823.447393399105,-14826.52475553223
96,5,0.36150201479735666,-6.680976613467248,1.0,1.0,0.9932142096282734,-14828.087162237924,14828.424565193847,0.00680891853517096,0.00680891853517096,1.0,0.0,0.014439813069058657,0.014439813069058657,-3.073424695386563,-14823.547613119543,-14826.62103781493
97,5,0.36348427508954656,-6.68705497354288,1.0,1.0,0.5517304530921983,-14829.143181280013,14829.61838328258,0.5946956615825911,0.5946956615825911,1.0,0.0,0.014439813069058657,0.014439813069058657,-3.086060667530697,-14824.593355213801,-14827.679415881332
98,5,0.36058558442528515,-6.6965289300989985,3.0,1.0,1.0,-14827.283536969571,14828.649588762142,-0.7606074730028922,-0.7606074730028922,2.0,0.0,0.014439813069058657,0.014439813069058657,-3.105829231489249,-14822.710479295296,-14825.816308526786
99,5,0.3624679458375838,-6.705865970954867,1.0,1.0,0.5193875834952271,-14828.610761111422,14828.903897365975,0.6551048855162662,0.6551048855162662,1.0,0.0,0.014439813069058657,0.014439813069058657,-3.125399923693262,-14824.020391231683,-14827.145791155375
100,5,0.3590338554301828,-6.704498426921747,1.0,1.0,1.0,-14826.956356961131,14827.86169541009,-0.8105748929792753,-0.8105748929792753,1.0,0.0,0.014439813069058657,0.014439813069058657,-3.122528064795472,-14822.364711666174,-14825.48723973097
101,5,0.36109277520910804,-6.706518961200441,3.0,1.0,0.7174572560188519,-14827.751168393126,14828.445614830434,0.3852678308576287,0.5149170033782866,2.0,0.0,0.014439813069058657,0.014439813069058657,-3.1267718707478944,-14823.157780140484,-14826.284552011231
102,5,0.3601534231175474,-6.687295054421844,3.0,1.0,0.9590705739019096,-14827.298103366495,14828.13369780879,-0.31456778605388536,-0.31456778605388536,1.0,0.0,0.014439813069058657,0.014439813069058657,-3.0865605170798087,-14822.743790831435,-14825.830351348515
103,5,0.36060076443874567,-6.672686168474073,3.0,1.0,0.9157716922869884,-14828.384064832522,14828.483664048134,0.19655168019016855,0.19655168019016855,2.0,0.0,0.014439813069058657,0.014439813069058657,-3.0562497021221597,-14823.86060504418,-14826.916854746301
104,5,0.36123804673984466,-6.6689469436239825,1.0,1.0,0.8682740345058719,-14828.963015933949,14829.178522851667,0.14124790619098349,0.14124790619098349,1.0,0.0,0.014439813069058657,0.014439813069058657,-3.0485257858837294,-14824.448048595232,-14827.496574381115
105,5,0.3617920965051238,-6.684584002791836,3.0,1.0,1.0,-14828.060891406478,14829.254896736431,-0.03858535429935728,-0.3651369330546004,2.0,0.0,0.014439813069058657,0.014439813069058657,-3.080919443961833,-14823.514195230155,-14826.595114674117
106,5,0.3603700037465147,-6.712491509392502,3.0,1.0,0.9482423113977462,-14827.718319305772,14828.833232939307,-0.03775667446643638,0.16874185865162872,2.0,0.0,0.014439813069058657,0.014439813069058657,-3.139340113242133,-14823.111489804705,-14826.250829917948
107,5,0.3603700037465147,-6.712491509392502,1.0,1.0,0.23237937239023224,-14827.718319305772,14829.654655242559,0.0,1.4593840170218755,1.0,0.0,0.014439813069058657,0.014439813069058657,-3.139340113242133,-14823.111489804705,-14826.250829917948
108,5,0.35864204742182465,-6.702402872309494,3.0,1.0,0.9459314938636433,-14826.861434325783,14828.578488245228,-0.3534133790690248,-0.3534133790690248,2.0,0.0,0.014439813069058657,0.014439813069058657,-3.1181310034921172,-14822.273705302425,-14825.391836305917
109,5,0.3558733681169191,-6.728418503843857,3.0,1.0,0.517754578653292,-14828.581347051175,14829.450775602334,0.32275759319236386,0.9122555826470489,2.0,0.0,0.014439813069058657,0.014439813069058657,-3.1730302428433426,-14823.935276550535,-14827.10830679338
110,5,0.36200568570644115,-6.72580345567862,3.0,1.0,0.6229314465342827,-14829.935008932689,14830.622034916232,0.8802989070645708,0.8802989070645708,2.0,0.0,0.014439813069058657,0.014439813069058657,-3.167481265463845,-14825.302006398875,-14828.469487664339
111,5,0.358176312660649,-6.724623784940802,1.0,1.0,1.0,-14828.063560833121,14829.28846476129,-0.9628457260387222,-0.9628457260387222,1.0,0.0,0.014439813069058657,0.014439813069058657,-3.164980312261473,-14823.428408957187,-14826.593389269448
112,5,0.35571418891484197,-6.695249443934218,3.0,1.0,0.8892652589102615,-14827.415758883366,14829.09491634414,-0.007705905320108286,0.3135765360402729,2.0,0.0,0.014439813069058657,0.014439813069058657,-3.103154185452989,-14822.83936414191,-14825.942518327363
113,5,0.3569911534254177,-6.69892591483041,3.0,1.0,0.9934273372075301,-14826.938242193975,14827.280558311162,-0.22968877582388814,-0.22968877582388814,2.0,0.0,0.014439813069058657,0.014439813069058657,-3.1108450592346872,-14822.355756060351,-14825.466601119586
114,5,0.3593727852889691,-6.699508861413547,3.0,1.0,1.0,-14826.936573351593,14826.938140107757,-0.00044722076745529193,-0.05902029228127503,2.0,0.0,0.014439813069058657,0.014439813069058657,-3.1120657768961006,-14822.355804985022,-14825.467870761919
115,5,0.35738611537642007,-6.702586827099661,3.0,1.0,0.3343656742102403,-14826.879563314998,14833.922652052634,-0.014757816439669114,6.615423969333278,2.0,0.0,0.014439813069058657,0.014439813069058657,-3.118516816410543,-14822.289896747014,-14825.408413563424
116,5,0.3603969720148994,-6.711169851598234,7.0,1.0,0.8367864280332602,-14827.650451922227,14827.681779114271,0.330683687410783,0.330683687410783,2.0,0.0,0.014439813069058657,0.014439813069058657,-3.1365558289796893,-14823.046439374382,-14826.182995203362
117,5,0.3550055516523778,-6.711384178578128,3.0,1.0,0.9035776038442523,-14827.779700866815,14828.513275966132,-0.0012365835027594585,0.19573065102485998,2.0,0.0,0.014439813069058657,0.014439813069058657,-3.1370072244957052,-14823.168558221712,-14826.305565446208
118,5,0.3593936415064109,-6.730432300711791,3.0,1.0,0.9033074212627868,-14828.99676872568,14829.637656777502,0.24262634803562833,-0.3481568446622987,2.0,0.0,0.014439813069058657,0.014439813069058657,-3.1773080613445996,-14824.350783551561,-14827.528091612905
119,5,0.35842898151782726,-6.684849426992233,3.0,1.0,0.8628831576553666,-14827.207370521748,14831.01760944737,-0.6033673483798339,-0.6033673483798339,1.0,0.0,0.014439813069058657,0.014439813069058657,-3.0814714059364556,-14822.656038984127,-14825.737510390063
120,5,0.35783140395268886,-6.706216918167622,3.0,1.0,0.9352420688104327,-14826.912365024193,14827.756331706956,-0.055347739633361925,0.11515852573029406,1.0,0.0,0.014439813069058657,0.014439813069058657,-3.1261372186058165,-14822.315630064297,-14825.441767282902
121,5,0.35781576218258077,-6.701869077801899,3.0,1.0,0.769947775941726,-14826.836532114454,14827.394294722288,-0.012454810457711574,0.43288942828803556,2.0,0.0,0.014439813069058657,0.014439813069058657,-3.117011654671299,-14822.248903362291,-14825.365915016962
122,5,0.3594973809469076,-6.693960565963504,3.0,1.0,0.9604023695556224,-14826.976955172147,14827.0458009949,0.05139668451556645,0.05139668451556645,2.0,0.0,0.014439813069058657,0.014439813069058657,-3.100461158943588,-14822.407943557513,-14825.508404716456
123,5,0.35792133863481007,-6.708606893156318,7.0,1.0,0.9623630838372225,-14826.985110376447,14827.3860696788,-0.02230695630532864,0.09999344825337175,2.0,0.0,0.014439813069058657,0.014439813069058657,-3.13116152373603,-14822.383462354197,-14825.514623877933
124,5,0.361475415575623,-6.704311346269377,3.0,1.0,0.7415236919380992,-14827.875226831764,14828.04076223676,0.479295680694122,0.5019456520039967,2.0,0.0,0.014439813069058657,0.014439813069058657,-3.122135338598205,-14823.286935145918,-14826.409070484517
125,5,0.36059061700026285,-6.709992989261423,3.0,1.0,0.9730415855947893,-14827.671722601754,14828.211737736632,-0.13599438150595233,-0.19402985945271212,1.0,0.0,0.014439813069058657,0.014439813069058657,-3.1340780497943763,-14823.070422195118,-14826.204500244912
126,5,0.35587957272120524,-6.690218768673389,3.0,1.0,0.9981242729170363,-14827.532425566536,14828.035545735827,-0.0505218784292083,-0.0505218784292083,2.0,0.0,0.014439813069058657,0.014439813069058657,-3.0926523292836574,-14822.966740781541,-14826.059393110825
127,5,0.3610557603161774,-6.698533500269332,3.0,1.0,0.9986660468411142,-14827.505260587026,14827.614248974576,0.004009888343716739,-0.27881883067675517,2.0,0.0,0.014439813069058657,0.014439813069058657,-3.110023515993944,-14822.928576108912,-14826.038599624906
128,5,0.3544910435243955,-6.721168590178039,3.0,1.0,0.798249201517093,-14828.520004095948,14829.041479528305,0.17549359975964762,0.26349601204128703,2.0,0.0,0.014439813069058657,0.014439813069058657,-3.1576631564718767,-14823.887552547516,-14827.045215703987
129,5,0.3605084531473021,-6.707307689512366,3.0,1.0,1.0,-14827.502627284048,14828.57663625262,-0.17988628866623912,-0.3765065953029989,2.0,0.0,0.014439813069058657,0.014439813069058657,-3.1284295750663076,-14822.906875958426,-14826.035305533493
130,5,0.35625098442062586,-6.676431773953754,3.0,1.0,0.6498711900836253,-14828.404025575488,14831.223786424687,0.20230476597680536,0.7331749811110058,2.0,0.0,0.014439813069058657,0.014439813069058657,-3.0640008160956937,-14823.867458619074,-14826.931459435169
131,5,0.3618973650311677,-6.68473792880998,3.0,1.0,0.8455827907499865,-14828.112081511583,14829.89919415105,-0.09250437290393165,0.49401588131513563,2.0,0.0,0.014439813069058657,0.014439813069058657,-3.0812395316973364,-14823.565191211797,-14826.646430743494
132,5,0.3590424868639393,-6.682887590788219,1.0,1.0,1.0,-14827.330315096475,14827.836766128847,-0.35819025483579026,-0.35819025483579026,1.0,0.0,0.014439813069058657,0.014439813069058657,-3.0773933403093627,-14822.783815100063,-14825.861208440372
133,5,0.35823671226298015,-6.701638603784258,3.0,1.0,0.8193738451388866,-14826.82828200527,14827.61483813548,-0.09927883131058479,0.3291614098197897,2.0,0.0,0.014439813069058657,0.014439813069058657,-3.116528446613055,-14822.241656501039,-14825.358184947652
134,5,0.3575889739781081,-6.710777443809967,3.0,1.0,0.8307360778459153,-14827.076487845714,14827.373882434218,0.04779529786355852,0.28449349241054733,2.0,0.0,0.014439813069058657,0.014439813069058657,-3.1357294953007524,-14822.469860328158,-14825.605589823459
135,5,0.35936722301289153,-6.669098296876329,3.0,1.0,0.6899482864107321,-14828.57838046834,14830.75848353488,0.24322174690496468,0.8210031260659889,2.0,0.0,0.014439813069058657,0.014439813069058657,-3.048838156662018,-14824.060832926658,-14827.10967108332
136,5,0.3580519889289782,-6.712338339132742,3.0,1.0,0.980111670121675,-14827.148903872125,14828.594622671173,-0.27905915440896933,-0.27905915440896933,2.0,0.0,0.014439813069058657,0.014439813069058657,-3.139017346018193,-14822.539561485242,-14825.67857883126
137,5,0.36044528218061045,-6.696236946087948,7.0,1.0,0.8757560880195767,-14827.229621317249,14827.861568228114,0.11706470798162627,0.25921793320958386,2.0,0.0,0.014439813069058657,0.014439813069058657,-3.10521863080193,-14822.657004471352,-14825.762223102154
138,5,0.35872927929727955,-6.71855302880718,3.0,1.0,0.8811689750561303,-14827.624432769839,14828.460337631303,0.025461561410338618,0.25185687947850965,2.0,0.0,0.014439813069058657,0.014439813069058657,-3.1521320533657193,-14823.002809874806,-14826.154941928173
139,5,0.3585430702115253,-6.68796664642917,3.0,1.0,0.9130652241124935,-14827.051166222629,14828.689325411257,-0.1895717452516692,0.26313485202808806,1.0,0.0,0.014439813069058657,0.014439813069058657,-3.0879590810176167,-14822.493487418486,-14825.581446499504
140,5,0.35608359311158166,-6.738811833714989,3.0,1.0,0.4049904826509625,-14829.763139540068,14830.865665003963,0.4933384672658576,1.257370499206445,2.0,0.0,0.014439813069058657,0.014439813069058657,-3.1951518736620486,-14825.095211538552,-14828.290363412214
141,5,0.35676177692226,-6.65840685761341,7.0,1.0,0.8722637336900946,-14830.71649247588,14830.868351450543,0.5207361737375322,0.5207361737375322,2.0,0.0,0.014439813069058657,0.014439813069058657,-3.026828948058182,-14826.217736379891,-14829.244565327948
142,5,0.36018870071335884,-6.674384452963857,3.0,1.0,1.0,-14828.128130576588,14829.915601505401,-0.8556191511688667,-0.9596495902515016,2.0,0.0,0.014439813069058657,0.014439813069058657,-3.059762374532702,-14823.600658994876,-14826.660421369408
143,5,0.3537594108125865,-6.7201939440736185,7.0,1.0,0.8463094148852587,-14828.891593391516,14829.004659003518,0.40783849763465696,0.40783849763465696,2.0,0.0,0.014439813069058657,0.014439813069058657,-3.1556012818377868,-14824.260270466852,-14827.41587174869
144,5,0.3558881070195567,-6.717692673844883,1.0,1.0,1.0,-14827.723003088257,14828.55983070746,-0.4608968745014863,-0.4608968745014863,1.0,0.0,0.014439813069058657,0.014439813069058657,-3.150314164054997,-14823.099667199436,-14826.249981363491
145,5,0.36071072304191387,-6.6816778764235005,3.0,1.0,0.642036375855961,-14827.731153855031,14829.026422868725,0.009631327142415103,0.8496262662210938,2.0,0.0,0.014439813069058657,0.014439813069058657,-3.074880627423372,-14823.189196040066,-14826.26407666749
146,5,0.3577037645487174,-6.679302390500936,3.0,1.0,0.950650864783562,-14827.674343092507,14828.700948272157,-0.014300217451818753,-0.19418874795337615,2.0,0.0,0.014439813069058657,0.014439813069058657,-3.0699507341033305,-14823.13363659417,-14826.203587328273
147,5,0.3566887343414175,-6.716747489329054,7.0,1.0,1.0,-14827.478075182518,14827.621119987687,-0.08790143192163669,-0.1771365698405134,2.0,0.0,0.014439813069058657,0.014439813069058657,-3.1483178871970203,-14822.857738936775,-14826.006056823971
148,5,0.3566887343414175,-6.716747489329054,1.0,1.0,0.7530878983045639,-14827.478075182518,14828.018660270061,0.0,0.2835733271786012,1.0,0.0,0.014439813069058657,0.014439813069058657,-3.1483178871970203,-14822.857738936775,-14826.006056823971
149,5,0.3588835281908289,-6.698822218198981,3.0,1.0,1.0,-14826.854646661517,14827.400442890132,-0.11782897188641073,-0.11782897188641073,2.0,0.0,0.014439813069058657,0.014439813069058657,-3.1106279491950684,-14822.274717199904,-14825.385345149098
150,5,0.3588835281908289,-6.698822218198981,1.0,1.0,0.545730403704637,-14826.854646661517,14827.52387726705,0.0,0.6056301912885829,1.0,0.0,0.014439813069058657,0.014439813069058657,-3.1106279491950684,-14822.274717199904,-14825.385345149098
51,6,0.3570214825738716,-6.682047703004229,1.0,1.0,1.0,-14827.618498934917,14828.66302869462,-0.31414299599236983,-0.31414299599236983,1.0,0.0,0.010517424807657626,0.010517424807657626,-3.0756486435482318,-14823.071247002417,-14826.146895645965
52,6,0.3583274466005207,-6.696904120652642,3.0,1.0,1.0,-14826.823888837867,14827.328018144375,-0.34617440796864685,-0.34617440796864685,2.0,0.0,0.01674787672895085,0.01674787672895085,-3.106613959918294,-14822.247289675792,-14825.35390363571
53,6,0.3564151028343955,-6.692001110954131,7.0,1.0,0.6889165796763065,-14827.247894855222,14827.5553992506,0.263295185754032,0.6868854021849984,2.0,0.0,0.01674787672895085,0.01674787672895085,-3.096370187901981,-14822.679164128793,-14825.775534316695
54,6,0.35997441021914034,-6.695440076822248,3.0,1.0,1.0,-14827.077709750225,14827.267723326018,-0.11051479779962392,-0.236044756587944,2.0,0.0,0.01674787672895085,0.01674787672895085,-3.1035526414685917,-14822.506187656578,-14825.609740298047
55,6,0.3593029933202269,-6.719350987942136,5.0,1.0,0.44754866301176577,-14827.826553725927,14828.923077798589,0.23499406828887004,2.121449145972292,2.0,0.0,0.01674787672895085,0.01674787672895085,-3.1538187648801963,-14823.203947084825,-14826.357765849705
56,6,0.3533292586724037,-6.721487255069761,3.0,1.0,0.8317253961666135,-14829.26716620283,14829.357643971662,0.7028416433804523,0.7028416433804523,2.0,0.0,0.01674787672895085,0.01674787672895085,-3.158337501647887,-14824.632555773922,-14827.790893275569
57,6,0.35830513129532815,-6.729325002542261,3.0,1.0,1.0,-14828.576612029465,14829.16416934441,-0.5938858613717457,-1.0673835061170394,2.0,0.0,0.01674787672895085,0.01674787672895085,-3.1749553755498123,-14823.931643949702,-14827.10659932525
58,6,0.36015478680774726,-6.695633593313917,3.0,1.0,0.5531543920926164,-14827.131043821402,14829.34613253068,-0.3053458799931832,1.5676401961100055,2.0,0.0,0.01674787672895085,0.01674787672895085,-3.103957161888824,-14822.559336296661,-14825.66329345855
59,6,0.3580051084065532,-6.681651943771225,3.0,1.0,0.9440238148702021,-14827.445400224515,14827.960202372647,0.011448011495303945,0.1547630889017455,2.0,0.0,0.01674787672895085,0.01674787672895085,-3.0748267784077403,-14822.900190490373,-14825.97501726878
60,6,0.3580096482006158,-6.684854458176515,1.0,1.0,1.0,-14827.236288816785,14827.488784279389,-0.06855717869984801,-0.06855717869984801,1.0,0.0,0.01674787672895085,0.01674787672895085,-3.0814818691986203,-14822.684429601168,-14825.765911470366
61,6,0.359003663662268,-6.673884187465104,1.0,1.0,0.815006760139314,-14828.050521824329,14828.097434950692,0.20455887112620985,0.20455887112620985,1.0,0.0,0.01674787672895085,0.01674787672895085,-3.0587273431581905,-14823.522640258194,-14826.581367601351
62,6,0.3594871454761942,-6.712946528303952,3.0,1.0,0.9180154656380434,-14827.42319881916,14828.268438520437,-0.02732059707523149,0.1656736043478304,2.0,0.0,0.01674787672895085,0.01674787672895085,-3.1402990878178882,-14822.814336783877,-14825.954635871694
63,6,0.3579932148897071,-6.7074694124574625,1.0,1.0,1.0,-14826.947232337938,14827.204734311219,-0.2490572591741511,-0.2490572591741511,1.0,0.0,0.01674787672895085,0.01674787672895085,-3.1287695520115317,-14822.348065133703,-14825.476834685714
64,6,0.35406454016903816,-6.6999646698309006,1.0,1.0,0.4143907352881977,-14828.253006963669,14828.350537103908,0.8809459452168085,0.8809459452168085,1.0,0.0,0.01674787672895085,0.01674787672895085,-3.113020497973804,-14823.664654712516,-14826.777675210491
65,6,0.35704471800410637,-6.695475023436748,5.0,1.0,0.8358780992558398,-14826.973460684689,14828.638002410935,-0.8321732800413884,-0.8321732800413884,2.0,0.0,0.01674787672895085,0.01674787672895085,-3.1036256899353005,-14822.398260647175,-14825.50188633711
66,6,0.35704471800410637,-6.695475023436748,1.0,1.0,0.14155706610952265,-14826.973460684689,14828.54095543378,0.0,1.9550523491398053,1.0,0.0,0.01674787672895085,0.01674787672895085,-3.1036256899353005,-14822.398260647175,-14825.50188633711
67,6,0.3565413131216974,-6.701326810949341,9.0,1.0,0.9108158109241793,-14827.037726641882,14827.172776496092,0.03595183146535419,0.21373770595891983,3.0,0.0,0.01674787672895085,0.01674787672895085,-3.1158748313891427,-14822.449649195323,-14825.565524026712
68,6,0.36005727066492615,-6.69677032738849,7.0,1.0,0.5176404965658682,-14827.099188891436,14828.478192970666,0.008460235072561773,1.440162873659574,2.0,0.0,0.01674787672895085,0.01674787672895085,-3.1063341089577583,-14822.524986015427,-14825.631320124385
69,6,0.36050647913309924,-6.69297049192188,1.0,1.0,0.9278125474370957,-14827.270783248678,14827.4477323263,0.07492556289616914,0.07492556289616914,1.0,0.0,0.01674787672895085,0.01674787672895085,-3.0983935919332843,-14822.705065517379,-14825.803459109313
70,6,0.35428135475415357,-6.70402799749682,7.0,1.0,0.1927378337064726,-14828.071426455534,14831.530877696701,0.6518267320752784,4.683402646382092,2.0,0.0,0.01674787672895085,0.01674787672895085,-3.121540589670279,-14823.474830568031,-14826.596371157702
71,6,0.35428135475415357,-6.70402799749682,3.0,1.0,0.5987508019150175,-14828.071426455534,14830.110025091535,0.0,1.1139380760378117,1.0,0.0,0.01674787672895085,0.01674787672895085,-3.121540589670279,-14823.474830568031,-14826.596371157702
72,6,0.36031367662298186,-6.710516714065127,3.0,1.0,1.0,-14827.577838861156,14828.082354776858,-0.32758442150407063,-0.7054088915811008,2.0,0.0,0.01674787672895085,0.01674787672895085,-3.135180534847688,-14822.975100680847,-14826.110281215695
73,6,0.36102106113110316,-6.699627898230073,11.0,1.0,0.7607628814897307,-14827.504761264932,14828.100926192326,0.010738703731476562,0.7263074531383609,3.0,0.0,0.01674787672895085,0.01674787672895085,-3.1123150873896313,-14822.92574341161,-14826.038058499
74,6,0.35784479275247877,-6.706383820638879,3.0,1.0,0.6686906565375984,-14826.916458107418,14829.417679600343,-0.36600185389761464,0.9966965415624145,2.0,0.0,0.01674787672895085,0.01674787672895085,-3.126487902425861,-14822.319389029935,-14825.445876932361
75,6,0.35784479275247877,-6.706383820638879,1.0,1.0,0.3906860912331417,-14826.916458107418,14827.499078941493,0.0,0.9398508771628258,1.0,0.0,0.01674787672895085,0.01674787672895085,-3.126487902425861,-14822.319389029935,-14825.445876932361
76,6,0.35540496585978854,-6.707390923619278,1.0,1.0,0.7159090047289537,-14827.495706677038,14827.520023223471,0.33420220846528537,0.33420220846528537,1.0,0.0,0.01674787672895085,0.01674787672895085,-3.128604548067979,-14822.893471724788,-14826.022076272857
77,6,0.3584124476929817,-6.722553953316548,3.0,1.0,0.9430973949861472,-14827.903778251695,14828.03184605261,-0.026915110962363542,-0.28840687844058266,1.0,0.0,0.01674787672895085,0.01674787672895085,-3.1605955422776972,-14823.273302218582,-14826.43389776086
78,6,0.35497161030452584,-6.688054714038477,7.0,1.0,0.6506615532160439,-14828.125213450201,14828.979757757104,0.4536766811761481,1.0258480840111588,2.0,0.0,0.01674787672895085,0.01674787672895085,-3.0881425118005135,-14823.5628925266,-14826.6510350384
79,6,0.3604734724237394,-6.709772078084041,7.0,1.0,0.9667376362885742,-14827.606641549894,14828.134511265716,-0.3344019863034191,-0.7556440530152031,2.0,0.0,0.01674787672895085,0.01674787672895085,-3.1336130953115986,-14823.00566436703,-14826.139277462342
80,6,0.35698686774198213,-6.701681348275945,3.0,1.0,0.8988825495822472,-14826.935511146006,14827.47271101096,-0.39189406296827656,-0.39189406296827656,2.0,0.0,0.01674787672895085,0.01674787672895085,-3.1166180600034568,-14822.347246671554,-14825.463864731557
81,6,0.35698686774198213,-6.701681348275945,1.0,1.0,0.010291878837116209,-14826.935511146006,14829.500272707639,0.0,4.576400157162425,1.0,0.0,0.01674787672895085,0.01674787672895085,-3.1166180600034568,-14822.347246671554,-14825.463864731557
82,6,0.3569272878874183,-6.712404022450689,3.0,1.0,0.9531914787443992,-14827.211162695867,14827.282092633077,0.04486037489186856,0.0666550538771844,1.0,0.0,0.01674787672895085,0.01674787672895085,-3.139155753971112,-14822.600286270026,-14825.739442023998
83,6,0.35790000978520664,-6.706950715226782,3.0,1.0,0.9543451398417494,-14826.931458569392,14827.548416835412,-0.08478888647368876,0.14729954641734366,2.0,0.0,0.01674787672895085,0.01674787672895085,-3.127679229748108,-14822.333266466352,-14825.4609456961
84,6,0.35790000978520664,-6.706950715226782,1.0,1.0,0.17487953683495575,-14826.931458569392,14828.233319633146,0.0,1.7436579030309076,1.0,0.0,0.01674787672895085,0.01674787672895085,-3.127679229748108,-14822.333266466352,-14825.4609456961
85,6,0.35790000978520664,-6.706950715226782,1.0,1.0,0.05024542098033191,-14826.931458569392,14828.803067555746,0.0,2.99083586096458,1.0,0.0,0.01674787672895085,0.01674787672895085,-3.127679229748108,-14822.333266466352,-14825.4609456961
86,6,0.35790000978520664,-6.706950715226782,1.0,1.0,0.07503726228923188,-14826.931458569392,14828.54022139637,0.0,2.589770458302155,1.0,0.0,0.01674787672895085,0.01674787672895085,-3.127679229748108,-14822.333266466352,-14825.4609456961
87,6,0.35841930479461254,-6.703929068545203,3.0,1.0,1.0,-14826.870981285965,14826.932087125047,-0.008242034324212,-0.016305192413710756,2.0,0.0,0.01674787672895085,0.01674787672895085,-3.1213329567608614,-14822.279776282294,-14825.401109239056
88,6,0.3586193602708687,-6.695069604767866,3.0,1.0,0.8311186329277035,-14826.853042158498,14828.05207285922,-0.016573183400396374,0.33420299913450435,2.0,0.0,0.01674787672895085,0.01674787672895085,-3.102778323512694,-14822.280637927628,-14825.383416251141
89,6,0.3586193602708687,-6.695069604767866,1.0,1.0,0.24747174910613273,-14826.853042158498,14827.702361568376,0.0,1.3964588485141576,1.0,0.0,0.01674787672895085,0.01674787672895085,-3.102778323512694,-14822.280637927628,-14825.383416251141
90,6,0.3586193602708687,-6.695069604767866,1.0,1.0,0.1867642955447223,-14826.853042158498,14827.955484936021,0.0,1.6779079087973514,1.0,0.0,0.01674787672895085,0.01674787672895085,-3.102778323512694,-14822.280637927628,-14825.383416251141
91,6,0.35636644602596845,-6.702819324536305,3.0,1.0,0.5699986592668425,-14827.091356176887,14829.108682874332,0.18427742756830412,0.865378038457493,2.0,0.0,0.01674787672895085,0.01674787672895085,-3.1190044874307055,-14822.499930224289,-14825.61893471172
92,6,0.3586310852549485,-6.724942812603466,3.0,1.0,0.8432723769841824,-14828.16978646371,14828.71163800857,0.28646345858032873,0.28646345858032873,2.0,0.0,0.01674787672895085,0.01674787672895085,-3.1656565274785957,-14823.53451844211,-14826.700174969588
93,6,0.3564221952913602,-6.688889436183576,3.0,1.0,1.0,-14827.381765920009,14828.131499057668,-0.13292563530376356,-0.25499388335265394,2.0,0.0,0.01674787672895085,0.01674787672895085,-3.08988149002229,-14822.819532770394,-14825.909414260417
94,6,0.35959330861872424,-6.6857630971912565,3.0,1.0,1.0,-14827.238718743842,14827.383507451992,-0.19253987380943727,-0.2701985531966784,1.0,0.0,0.01674787672895085,0.01674787672895085,-3.0833719642791046,-14822.686913345997,-14825.770285310276
95,6,0.3535134207250069,-6.732821412130895,3.0,1.0,0.30946150336688405,-14830.083427266576,14830.368357588466,1.0793160550947505,1.5952606419832591,2.0,0.0,0.01674787672895085,0.01674787672895085,-3.182388403258162,-14825.425002194193,-14828.607390597452
96,6,0.35841376528121427,-6.661796668835476,3.0,1.0,1.0,-14829.63466039135,14830.570361538974,-0.34833543576496595,-0.4498607351415558,2.0,0.0,0.01674787672895085,0.01674787672895085,-3.0337947781792747,-14825.130986744869,-14828.164781523048
97,6,0.35912857416975547,-6.685866148021392,3.0,1.0,1.0,-14827.173810203312,14828.87000922407,-0.781860140241406,-0.781860140241406,1.0,0.0,0.01674787672895085,0.01674787672895085,-3.0835863764155156,-14822.621222591695,-14825.70480896811
98,6,0.3593194039397929,-6.680525229811169,1.0,1.0,0.9153369413291257,-14827.505765206275,14827.548916008778,0.08846303960126534,0.08846303960126534,1.0,0.0,0.01674787672895085,0.01674787672895085,-3.072487812165617,-14822.964509576304,-14826.03699738847
99,6,0.36240904814844505,-6.672301286041411,1.0,1.0,0.5029192182203985,-14829.175292529004,14829.2492182127,0.6873257217393984,0.6873257217393984,1.0,0.0,0.01674787672895085,0.01674787672895085,-3.055454025608497,-14824.654798423013,-14827.710252448622
100,6,0.3560636605522079,-6.727189116897596,7.0,1.0,0.7392010379771483,-14828.416084492399,14829.449888288573,-0.45250195448170416,1.029097137356075,2.0,0.0,0.01674787672895085,0.01674787672895085,-3.1704207047738313,-14823.772862635731,-14826.943283340504
101,6,0.3595125198264776,-6.7088190027948915,3.0,1.0,0.908433675577354,-14827.214719994727,14829.209214523718,-0.20774165869079297,0.32116850101738237,2.0,0.0,0.01674787672895085,0.01674787672895085,-3.1316077054309988,-14822.61458030774,-14825.74618801317
102,6,0.36346966467439884,-6.709628996564453,1.0,1.0,0.19251994635164937,-14829.688066519202,14830.158967628035,1.6475555132110458,1.6475555132110458,1.0,0.0,0.01674787672895085,0.01674787672895085,-3.1333119759109103,-14825.090971901824,-14828.224283877735
103,6,0.35661123956631585,-6.692251634914594,5.0,1.0,0.42917702382175094,-14827.175580353884,14832.361418829934,-1.4570547108633036,5.749864092340431,2.0,0.0,0.01674787672895085,0.01674787672895085,-3.0968930204312493,-14822.606572144748,-14825.70346516518
104,6,0.35661123956631585,-6.692251634914594,3.0,1.0,0.5627937321362563,-14827.175580353884,14827.918063729692,0.0,1.2988571442238026,1.0,0.0,0.01674787672895085,0.01674787672895085,-3.0968930204312493,-14822.606572144748,-14825.70346516518
105,6,0.3531057125941044,-6.70062323743191,3.0,1.0,0.4862535724519137,-14828.99166803551,14829.48396705765,1.1631744637215888,1.922313977513113,1.0,0.0,0.01674787672895085,0.01674787672895085,-3.114400278607279,-14824.400707572435,-14827.515107851043
106,6,0.35905711758789416,-6.701171267989358,1.0,1.0,1.0,-14826.896534185229,14827.67367817498,-1.3317650784647412,-1.3317650784647412,1.0,0.0,0.01674787672895085,0.01674787672895085,-3.1155488010799144,-14822.311896649884,-14825.427445450963
107,6,0.3576936501150965,-6.705414436521817,3.0,1.0,0.9566700515204142,-14826.89831883116,14827.001685433577,-0.02992415419248573,0.07392640723992372,2.0,0.0,0.01674787672895085,0.01674787672895085,-3.1244514891546595,-14822.303099048544,-14825.427550537699
108,6,0.3576936501150965,-6.705414436521817,1.0,1.0,0.6850314742823549,-14826.89831883116,14827.161758416574,0.0,0.3782904939180298,1.0,0.0,0.01674787672895085,0.01674787672895085,-3.1244514891546595,-14822.303099048544,-14825.427550537699
109,6,0.3576936501150965,-6.705414436521817,1.0,1.0,0.4974047263738768,-14826.89831883116,14827.505923852137,0.0,0.6983512454989977,1.0,0.0,0.01674787672895085,0.01674787672895085,-3.1244514891546595,-14822.303099048544,-14825.427550537699
110,6,0.36063033993583354,-6.696293218557712,7.0,1.0,0.5998121362650333,-14827.300804867282,14828.005408389712,0.2610781371949997,0.8973832366518764,2.0,0.0,0.01674787672895085,0.01674787672895085,-3.105336301876257,-14822.728294236907,-14825.833630538784
111,6,0.35842861722051367,-6.68652962830887,3.0,1.0,1.0,-14827.118694067403,14827.269602327522,-0.21295285408086784,-0.21910758175545197,1.0,0.0,0.01674787672895085,0.01674787672895085,-3.084967097273605,-14822.563866389892,-14825.648833487165
112,6,0.357862881730337,-6.713777414371395,3.0,1.0,0.6480352925082306,-14827.218912607517,14829.92914266627,0.07421682982385391,0.8997756752069108,2.0,0.0,0.01674787672895085,0.01674787672895085,-3.142050754999833,-14822.606303056404,-14825.748353811403
113,6,0.3601096396434693,-6.692101414751303,3.0,1.0,0.7307703858920664,-14827.154543829129,14829.512399137484,0.001936322891197051,0.6749356243126385,2.0,0.0,0.01674787672895085,0.01674787672895085,-3.096579509998237,-14822.59015915055,-14825.686738660548
114,6,0.360231577782292,-6.685652321843074,1.0,1.0,0.9610286671740011,-14827.385382431186,14827.510900851143,0.039751039890688844,0.039751039890688844,1.0,0.0,0.01674787672895085,0.01674787672895085,-3.083141492010529,-14822.834583748057,-14825.917725240068
115,6,0.3618800795687924,-6.683498046605941,1.0,1.0,0.6650825119439601,-14828.15291851459,14828.373407624124,0.407844167912117,0.407844167912117,1.0,0.0,0.01674787672895085,0.01674787672895085,-3.0786618813148565,-14823.608585189086,-14826.6872470704
116,6,0.35979035078137217,-6.6924930021505284,1.0,1.0,1.0,-14827.06341169288,14827.798310504215,-0.49884678798844106,-0.49884678798844106,1.0,0.0,0.01674787672895085,0.01674787672895085,-3.097396802640817,-14822.497821534764,-14825.595218337405
117,6,0.35748556703122725,-6.6896030388444405,3.0,1.0,0.987978953904407,-14827.070529279945,14827.40027430091,-0.003547560629158397,-0.03795105288554623,2.0,0.0,0.01674787672895085,0.01674787672895085,-3.091368692238103,-14822.508134299404,-14825.599502991641
118,6,0.3543395763857399,-6.707676780720303,3.0,1.0,0.6829135595370953,-14828.060539928552,14828.586114939597,0.5933461667573283,0.6208172218084655,1.0,0.0,0.01674787672895085,0.01674787672895085,-3.1292055236508936,-14823.456353261141,-14826.585558784793
119,6,0.3573761772216224,-6.719897957132643,3.0,1.0,1.0,-14827.621770126085,14827.995178635898,-0.5026600474102452,-0.5026600474102452,2.0,0.0,0.01674787672895085,0.01674787672895085,-3.1549753062296753,-14822.995632725086,-14826.150608031316
120,6,0.3573761772216224,-6.719897957132643,1.0,1.0,0.4784352840323947,-14827.621770126085,14828.220430791878,0.0,0.7372343248171092,1.0,0.0,0.01674787672895085,0.01674787672895085,-3.1549753062296753,-14822.995632725086,-14826.150608031316
121,6,0.3573761772216224,-6.719897957132643,3.0,1.0,0.6411297879740753,-14827.621770126085,14828.372173002406,0.0,0.6760243465068925,1.0,0.0,0.01674787672895085,0.01674787672895085,-3.1549753062296753,-14822.995632725086,-14826.150608031316
122,6,0.3562696418235603,-6.7246618737805175,1.0,1.0,0.8672788665537081,-14828.140721113508,14828.245937273605,0.14239470852771774,0.14239470852771774,1.0,0.0,0.01674787672895085,0.01674787672895085,-3.1650610405152673,-14823.503117319977,-14826.668178360493
123,6,0.3562696418235603,-6.7246618737805175,1.0,1.0,0.6499071608623441,-14828.140721113508,14829.034595183763,0.0,0.4309257557360979,1.0,0.0,0.01674787672895085,0.01674787672895085,-3.1650610405152673,-14823.503117319977,-14826.668178360493
124,6,0.35574990490044983,-6.716964841070773,3.0,1.0,0.6370066097106654,-14827.724160551443,14830.239251731047,-0.05194236732859281,1.3156740859922138,2.0,0.0,0.01674787672895085,0.01674787672895085,-3.1487768658225646,-14823.10218809445,-14826.250964960273
125,6,0.3586988803238281,-6.691316564075897,3.0,1.0,0.9815684863937552,-14826.93575171107,14827.553886456937,-0.29216270447977877,-0.29216270447977877,2.0,0.0,0.01674787672895085,0.01674787672895085,-3.094941888609108,-14822.371281639647,-14825.466223528256
126,6,0.3586988803238281,-6.691316564075897,1.0,1.0,0.18031488575680832,-14826.93575171107,14827.96928142433,0.0,1.7130505911336513,1.0,0.0,0.01674787672895085,0.01674787672895085,-3.094941888609108,-14822.371281639647,-14825.466223528256
127,6,0.3586988803238281,-6.691316564075897,1.0,1.0,0.006077526450640979,-14826.93575171107,14830.177137227003,0.0,5.103157499559529,1.0,0.0,0.01674787672895085,0.01674787672895085,-3.094941888609108,-14822.371281639647,-14825.466223528256
128,6,0.3554918929050591,-6.6956475478259625,7.0,1.0,0.5124537629426248,-14827.507151120315,14828.076842141556,0.422197310386764,1.1448151599797711,2.0,0.0,0.01674787672895085,0.01674787672895085,-3.1039863333829865,-14822.929644074375,-14826.033630407757
129,6,0.3555930203039268,-6.705295985843698,3.0,1.0,0.877887906624582,-14827.384867275197,14827.83610052073,-0.1289671806498518,0.45623687555598735,1.0,0.0,0.01674787672895085,0.01674787672895085,-3.124202720814249,-14822.787271354478,-14825.911474075292
130,6,0.35680109740908866,-6.719271607519406,3.0,1.0,0.6049977718957711,-14827.625647001687,14828.833511117911,-0.091874080890193,1.1575792394796736,2.0,0.0,0.01674787672895085,0.01674787672895085,-3.153650943465037,-14823.00011798835,-14826.153768931814
131,6,0.35706972468602116,-6.694001672642651,3.0,1.0,0.9530724266271696,-14827.002115971709,14827.954487253452,-0.1138691237410967,0.15173344383583753,1.0,0.0,0.01674787672895085,0.01674787672895085,-3.1005470230244225,-14822.430025742506,-14825.53057276553
132,6,0.3575480355778685,-6.688501538459649,5.0,1.0,0.6882240428046525,-14827.108323689858,14827.751097660834,0.014349477154610213,0.963433279102901,2.0,0.0,0.01674787672895085,0.01674787672895085,-3.089073295300158,-14822.548301605384,-14825.637374900683
133,6,0.3590515073534642,-6.723633944075257,3.0,1.0,0.8690667328575561,-14828.140841306456,14828.175014584263,0.35400377579389897,0.35400377579389897,2.0,0.0,0.01674787672895085,0.01674787672895085,-3.162882880369071,-14823.508862819848,-14826.671745700218
134,6,0.35936707776797694,-6.702439695743265,3.0,1.0,0.9375333232202588,-14826.975119124914,14828.050081237565,-0.37490515757781395,-0.37490515757781395,1.0,0.0,0.01674787672895085,0.01674787672895085,-3.1182082314790263,-14822.388201330969,-14825.506409562448
135,6,0.356653073441315,-6.679756224049367,3.0,1.0,0.6882924849377537,-14827.924512535883,14828.084912484737,0.40598427296026784,0.49421791681379545,2.0,0.0,0.01674787672895085,0.01674787672895085,-3.070892147864064,-14823.381557478644,-14826.452449626508
136,6,0.3613235716642452,-6.710162368652755,3.0,1.0,0.8667337497148891,-14828.067924710602,14828.444147144164,0.2767366177340591,0.2767366177340591,2.0,0.0,0.01674787672895085,0.01674787672895085,-3.134434577744346,-14823.467151406367,-14826.601585984112
137,6,0.3615303378630117,-6.695305975573548,3.0,1.0,1.0,-14827.724970612931,14827.966878840984,-0.22065358957297576,-0.6565817100236018,2.0,0.0,0.01674787672895085,0.01674787672895085,-3.1032723426576827,-14823.155607832625,-14826.258880175283
138,6,0.35917177207472434,-6.7011313310408465,1.0,1.0,1.0,-14826.9152892459,14827.398161872437,-0.49506218582973816,-0.49506218582973816,1.0,0.0,0.01674787672895085,0.01674787672895085,-3.115465093990102,-14822.330875787602,-14825.446340881592
139,6,0.35917177207472434,-6.7011313310408465,1.0,1.0,0.02449240624154778,-14826.9152892459,14829.46852847406,0.0,3.709392158800256,1.0,0.0,0.01674787672895085,0.01674787672895085,-3.115465093990102,-14822.330875787602,-14825.446340881592
140,6,0.35917177207472434,-6.7011313310408465,3.0,1.0,0.7711350889050403,-14826.9152892459,14827.441774927785,0.0,0.5097214251109108,1.0,0.0,0.01674787672895085,0.01674787672895085,-3.115465093990102,-14822.330875787602,-14825.446340881592
141,6,0.3601109775896089,-6.679509722626871,3.0,1.0,0.8180701255209376,-14827.7012554006,14827.97007899511,0.1858385224968515,0.29687426722557575,1.0,0.0,0.01674787672895085,0.01674787672895085,-3.0703807898360664,-14823.163071066661,-14826.233451856497
142,6,0.3601109775896089,-6.679509722626871,3.0,1.0,0.34596925404590967,-14827.7012554006,14828.64071970413,0.0,1.4732548339798086,2.0,0.0,0.01674787672895085,0.01674787672895085,-3.0703807898360664,-14823.163071066661,-14826.233451856497
143,6,0.35915200292375027,-6.6803307615042655,3.0,1.0,1.0,-14827.506224756167,14827.78378114081,-0.07536235961379134,-0.24449440930948185,2.0,0.0,0.01674787672895085,0.01674787672895085,-3.072084240292983,-14822.965167958013,-14826.037252198306
144,6,0.35915200292375027,-6.6803307615042655,3.0,1.0,0.0883605114267742,-14827.506224756167,14831.088341623223,0.0,5.311069592893546,1.0,0.0,0.01674787672895085,0.01674787672895085,-3.072084240292983,-14822.965167958013,-14826.037252198306
145,6,0.35915200292375027,-6.6803307615042655,1.0,1.0,0.4014026929732631,-14827.506224756167,14828.724935503273,0.0,0.9127901336905779,1.0,0.0,0.01674787672895085,0.01674787672895085,-3.072084240292983,-14822.965167958013,-14826.037252198306
146,6,0.3536967808236923,-6.700980970135433,3.0,1.0,0.560627158379225,-14828.505423926297,14829.430437550152,0.8814856181670621,0.8814856181670621,1.0,0.0,0.01674787672895085,0.01674787672895085,-3.1151499546788206,-14823.914472181581,-14827.02962213626
147,6,0.36072377681477297,-6.695752547714977,3.0,1.0,0.9430398667932165,-14827.338287322225,14827.891487651463,-0.7608837852658326,-0.7608837852658326,2.0,0.0,0.01674787672895085,0.01674787672895085,-3.1042058387864553,-14822.767020064874,-14825.87122590366
148,6,0.35310203511250077,-6.725939514059152,3.0,1.0,0.7128475779533671,-14829.744125568102,14829.960834147712,0.9353368731390219,0.9353368731390219,2.0,0.0,0.01674787672895085,0.01674787672895085,-3.1677698046481626,-14825.099790849066,-14828.267560653714
149,6,0.35310203511250077,-6.725939514059152,3.0,1.0,0.5025375419583552,-14829.744125568102,14830.710283657387,0.0,1.4532755027594249,1.0,0.0,0.01674787672895085,0.01674787672895085,-3.1677698046481626,-14825.099790849066,-14828.267560653714
150,6,0.3608199061631519,-6.694984203434639,3.0,1.0,0.9854238426433563,-14827.379466173677,14829.012370039634,-0.9146073505780805,-0.9146073505780805,2.0,0.0,0.01674787672895085,0.01674787672895085,-3.1025998469627125,-14822.809920979369,-14825.912520826332
51,7,0.35586187437283656,-6.690838850176942,7.0,1.0,0.9957984915383611,-14827.5115066036,14827.766867998485,0.011956718351939344,-0.03778254162352823,3.0,0.0,0.0057813471239649885,0.0057813471239649885,-3.093945421594325,-14822.944506470163,-14826.038451891758
52,7,0.36037983388123307,-6.711601849675138,3.0,1.0,0.9879938761992572,-14827.668297716207,14827.702332588085,0.036683042024378665,-0.2764819324020209,2.0,0.0,0.01364168237042946,0.01364168237042946,-3.1374657100963637,-14823.06335452722,-14826.200820237316
53,7,0.36037983388123307,-6.711601849675138,3.0,1.0,0.5036905461319967,-14827.668297716207,14831.180511279252,0.0,1.050868493037342,2.0,0.0,0.01364168237042946,0.01364168237042946,-3.1374657100963637,-14823.06335452722,-14826.200820237316
54,7,0.36037983388123307,-6.711601849675138,1.0,1.0,0.3165001205085435,-14827.668297716207,14829.44087447995,0.0,1.1504316566442867,1.0,0.0,0.01364168237042946,0.01364168237042946,-3.1374657100963637,-14823.06335452722,-14826.200820237316
55,7,0.3590031828579747,-6.696152930709245,3.0,1.0,0.9751532952740125,-14826.875319169367,14827.67029794433,-0.29670267157598573,-0.29670267157598573,2.0,0.0,0.01364168237042946,0.01364168237042946,-3.105042952565479,-14822.301121404636,-14825.406164357202
56,7,0.35547430591862655,-6.7188476775626516,3.0,1.0,0.6248186797226293,-14827.931932706393,14828.562760286923,0.23472231660525722,0.6633244695876783,2.0,0.0,0.01364168237042946,0.01364168237042946,-3.1527548023991363,-14823.30563500504,-14826.458389807438
57,7,0.3598842904227636,-6.681557177928408,7.0,1.0,0.7863473005707116,-14827.519356591636,14828.769310777992,-0.12064369555082521,0.643030738874586,3.0,0.0,0.01364168237042946,0.01364168237042946,-3.074630003354151,-14822.976647550839,-14826.051277554192
58,7,0.3615326925106433,-6.715681743324464,3.0,1.0,0.6629634131717483,-14828.582631835223,14829.309661839263,0.5626114760216296,0.7910459486920445,2.0,0.0,0.01364168237042946,0.01364168237042946,-3.1460680500298746,-14823.970476172562,-14827.116544222592
59,7,0.3610746783366116,-6.690836762766954,3.0,1.0,0.9961394433012275,-14827.532015634186,14829.337851226557,-0.445314696562491,-0.445314696562491,1.0,0.0,0.01364168237042946,0.01364168237042946,-3.0939410679509023,-14822.97143639045,-14826.0653774584
60,7,0.35634334341475205,-6.712420640154752,7.0,1.0,0.7732676406632721,-14827.327990271806,14828.652991487954,-0.12918392764913733,0.6031727416866488,2.0,0.0,0.01364168237042946,0.01364168237042946,-3.1391907714974727,-14822.716349098195,-14825.855539869692
61,7,0.35562155258631994,-6.702803876799162,3.0,1.0,0.7680189861985559,-14827.356888803915,14829.134794806809,0.0878404453087569,0.48173964302077366,2.0,0.0,0.01364168237042946,0.01364168237042946,-3.1189720836175097,-14822.764559477979,-14825.883531561596
62,7,0.35958184382665664,-6.692098351389142,3.0,1.0,0.7348380057207153,-14827.025348548894,14828.23998534987,-0.16187286706008308,0.6022206600482605,2.0,0.0,0.01364168237042946,0.01364168237042946,-3.0965731169767716,-14822.460328017383,-14825.55690113436
63,7,0.3611953883263977,-6.720707636572048,3.0,1.0,0.5812580472010679,-14828.81359190929,14829.457935455803,0.633796062116744,0.7662787570188812,2.0,0.0,0.01364168237042946,0.01364168237042946,-3.1566878856163076,-14824.190411155116,-14827.347099040731
64,7,0.3568310876041854,-6.731106870949762,3.0,1.0,0.9814596095407828,-14828.709262662673,14829.518325671941,-0.3942386052913207,-0.6812651242744323,2.0,0.0,0.01364168237042946,0.01364168237042946,-3.178741927437582,-14824.058680087097,-14827.237422014534
65,7,0.35470610245769796,-6.714814275128688,3.0,1.0,0.9282079763507626,-14828.059050046753,14829.178638959625,0.06176669941487489,-0.2635153258106584,2.0,0.0,0.01364168237042946,0.01364168237042946,-3.1442376246276034,-14823.440297298475,-14826.584534923102
66,7,0.3610409986422636,-6.700435727418759,3.0,1.0,0.9704415035707519,-14827.5294846219,14829.000799356862,-0.07054750549832534,0.09285623141659016,2.0,0.0,0.01364168237042946,0.01364168237042946,-3.1140073777580475,-14822.948798499398,-14826.062805877156
67,7,0.35802770849826243,-6.6973481411086535,3.0,1.0,0.9959873139823564,-14826.824125297126,14827.245831730588,-0.3048285351433151,-0.3048285351433151,1.0,0.0,0.01364168237042946,0.01364168237042946,-3.107542831150902,-14822.24622743256,-14825.353770263711
68,7,0.3558358124233219,-6.694720289154805,3.0,1.0,0.8528432064091652,-14827.37820014821,14827.378888743273,0.23782488447977812,0.23782488447977812,1.0,0.0,0.01364168237042946,0.01364168237042946,-3.1020483500266858,-14822.80306430689,-14825.905112656917
69,7,0.3532434008960391,-6.6998662108453395,1.0,1.0,0.5297342093082114,-14828.889707465783,14829.145547390523,0.6353798900963739,0.6353798900963739,1.0,0.0,0.01364168237042946,0.01364168237042946,-3.112814251481052,-14824.300510021112,-14827.413324272593
70,7,0.3550858268679267,-6.670940925724818,3.0,1.0,0.7999258695488839,-14829.70890368103,14831.800488808263,0.07366999031546584,0.7533231916640943,1.0,0.0,0.01364168237042946,0.01364168237042946,-3.052642907780884,-14825.182226984394,-14828.234869892176
71,7,0.36091969743626584,-6.718409122480075,3.0,1.0,1.0,-14828.438299476435,14829.852775066902,-0.3665652561485331,-0.6619633274149237,2.0,0.0,0.01364168237042946,0.01364168237042946,-3.1518279345575593,-14823.819646588321,-14826.97147452288
72,7,0.3548082591568296,-6.721968644315147,3.0,1.0,0.7081337029068218,-14828.417226149302,14830.302904741964,-0.1757778452738421,0.5969711928846664,2.0,0.0,0.01364168237042946,0.01364168237042946,-3.159356389792574,-14823.783484275298,-14826.942840665091
73,7,0.35440315969079056,-6.716088875163825,3.0,1.0,0.9814209903226562,-14828.280781518602,14828.845147598158,0.057350580689671915,-0.30427664986746095,2.0,0.0,0.01364168237042946,0.01364168237042946,-3.1469273893603726,-14823.658953928327,-14826.805881317687
74,7,0.3598655324842247,-6.701765565037707,3.0,1.0,0.8218708881645421,-14827.090946403505,14828.643115067522,-0.32152166511514224,0.3822295413756365,2.0,0.0,0.01364168237042946,0.01364168237042946,-3.1167946249307747,-14822.506049921183,-14825.622844546115
75,7,0.35818518474397226,-6.690028659747574,3.0,1.0,0.9945892382831669,-14826.977882043951,14827.271450756683,-0.08753953631094191,-0.08753953631094191,2.0,0.0,0.01364168237042946,0.01364168237042946,-3.092255961008033,-14822.415465465783,-14825.507721426791
76,7,0.35735677284919676,-6.693461363636827,7.0,1.0,0.8749971319811168,-14826.960581383635,14827.964597433915,0.01959685258407262,0.22145282103156205,3.0,0.0,0.01364168237042946,0.01364168237042946,-3.099418554527446,-14822.389976631175,-14825.489395185703
77,7,0.3589144979236623,-6.710450685738479,3.0,1.0,0.9860660404142284,-14827.15335845001,14827.182618572162,0.04270071525024832,0.04270071525024832,2.0,0.0,0.01364168237042946,0.01364168237042946,-3.135041524519295,-14822.549053396904,-14825.684094921424
78,7,0.35597236240523844,-6.701459344778093,3.0,1.0,0.8667840432086987,-14827.218921130885,14827.73915556395,0.07324887447430228,0.2526222150609101,2.0,0.0,0.01364168237042946,0.01364168237042946,-3.11615265183492,-14822.629852655935,-14825.74600530777
79,7,0.360879026711696,-6.709247561641829,3.0,1.0,0.7512997563103617,-14827.772176326662,14828.455153446579,0.21776255567237968,0.45521169811945583,2.0,0.0,0.01364168237042946,0.01364168237042946,-3.1325093345736326,-14823.172792983265,-14826.305302317838
80,7,0.36372202132513487,-6.6936220745400465,7.0,1.0,0.5448539646133751,-14829.311032129603,14830.962257739695,0.6307036564649025,1.660826221563184,2.0,0.0,0.01364168237042946,0.01364168237042946,-3.0997541786027876,-14824.747792832482,-14827.847547011086
81,7,0.36273295120856536,-6.68721556647192,1.0,1.0,1.0,-14828.561934886202,14829.628500791861,-0.3958013420833595,-0.3958013420833595,1.0,0.0,0.01364168237042946,0.01364168237042946,-3.0863950164016996,-14824.010885000353,-14827.097280016755
82,7,0.35569630740711783,-6.682249698398467,3.0,1.0,1.0,-14828.133397561032,14828.911156310816,-0.15551846287598892,-0.6127973777965963,2.0,0.0,0.01364168237042946,0.01364168237042946,-3.076068183642135,-14823.584066304426,-14826.660134488067
83,7,0.3641547491488845,-6.691223189184714,3.0,1.0,0.5217302792613271,-14829.706563674148,14830.597046825187,0.6730808187039656,1.0163977884021733,2.0,0.0,0.01364168237042946,0.01364168237042946,-3.094747099277498,-14825.148840146685,-14828.243587245963
84,7,0.3562615002129763,-6.7040422890898395,3.0,1.0,0.9173611210460474,-14827.131953904312,14829.58296421741,-1.0525289606048318,-1.0525289606048318,2.0,0.0,0.01364168237042946,0.01364168237042946,-3.1215705857940512,-14822.537830360325,-14825.659400946119
85,7,0.35804866868495294,-6.726695653695492,3.0,1.0,0.8631457990373631,-14828.25510329452,14828.790132385571,0.1628770319002797,0.30145416767663846,2.0,0.0,0.01364168237042946,0.01364168237042946,-3.169373688270226,-14823.615400464389,-14826.784774152658
86,7,0.3573726316851249,-6.728964490151011,3.0,1.0,0.9972273022529153,-14828.45393942537,14828.642799727864,0.00835288162852521,-0.2592509253845492,2.0,0.0,0.01364168237042946,0.01364168237042946,-3.1741896564021035,-14823.808583270395,-14826.982772926796
87,7,0.3615157007436273,-6.682661136816979,3.0,1.0,0.9041104870082993,-14828.005758290848,14829.089416230132,0.060877347761561396,0.2595575408795412,2.0,0.0,0.01364168237042946,0.01364168237042946,-3.0769228585926305,-14823.462727432283,-14826.539650290875
88,7,0.3568131675094351,-6.703695276424908,3.0,1.0,1.0,-14826.985944231737,14828.44202924529,-0.26487515263033856,-0.26487515263033856,2.0,0.0,0.01364168237042946,0.01364168237042946,-3.1208423108010974,-14822.393238913231,-14825.514081224033
89,7,0.35853301530148507,-6.681193938970474,3.0,1.0,0.5022774934828468,-14827.436114521646,14829.203919307478,0.050782648288077326,1.2863709102166467,2.0,0.0,0.01364168237042946,0.01364168237042946,-3.0738758446782026,-14822.89250658464,-14825.966382429318
90,7,0.3569182055977747,-6.723098213326082,3.0,1.0,0.6580149816491022,-14827.908528123124,14831.082142128933,0.13362783058801142,0.6751580407235451,1.0,0.0,0.01364168237042946,0.01364168237042946,-3.1617480976965706,-14823.275048030635,-14826.436796128331
91,7,0.3589820995061693,-6.694914759002965,3.0,1.0,0.9847379196172872,-14826.885048458267,14827.906516206232,-0.16952808801215724,-0.16952808801215724,2.0,0.0,0.01364168237042946,0.01364168237042946,-3.102454723427232,-14822.31341308444,-14825.415867807866
92,7,0.36113996840097207,-6.702608128112015,3.0,1.0,0.7964706699830884,-14827.63312672233,14827.7084616127,0.33521122111596924,0.33521122111596924,1.0,0.0,0.01364168237042946,0.01364168237042946,-3.1185614937351933,-14823.048005665423,-14826.166567159158
93,7,0.3590729856024381,-6.698958235104931,3.0,1.0,0.9602832656885786,-14826.880337325996,14827.569278753337,-0.32540283458183694,-0.32540283458183694,2.0,0.0,0.01364168237042946,0.01364168237042946,-3.1109127305169246,-14822.300355296196,-14825.411268026714
94,7,0.3565692255291692,-6.6847595482682465,3.0,1.0,0.8183204638108754,-14827.570662237338,14827.774393429423,0.22229521520603157,0.25393505788269977,2.0,0.0,0.01364168237042946,0.01364168237042946,-3.0812844910590647,-14823.017210034996,-14826.098494526055
95,7,0.36063696995872385,-6.681338354147265,3.0,1.0,0.8891162352124503,-14827.726662362842,14828.720777525283,-0.050030989788865554,0.3536397984044015,2.0,0.0,0.01364168237042946,0.01364168237042946,-3.074175664443382,-14823.185320384593,-14826.259496049037
96,7,0.3588583430953191,-6.707462054247265,3.0,1.0,0.9541901033812747,-14827.018763125034,14828.324042414248,-0.12703832621082256,0.14721738279695273,2.0,0.0,0.01364168237042946,0.01364168237042946,-3.128754082878997,-14822.420676633446,-14825.549430716326
97,7,0.3570423992620269,-6.693554635716307,7.0,1.0,0.9815436586893298,-14827.020213337828,14827.145547209773,0.018881310532378848,0.06253439440843067,2.0,0.0,0.01364168237042946,0.01364168237042946,-3.0996133381379845,-14822.449022764202,-14825.54863610234
98,7,0.3570423992620269,-6.693554635716307,3.0,1.0,0.7440300430372447,-14827.020213337828,14827.906390568809,0.0,0.38984362454539223,1.0,0.0,0.01364168237042946,0.01364168237042946,-3.0996133381379845,-14822.449022764202,-14825.54863610234
99,7,0.35965438145646855,-6.693627094290491,3.0,1.0,0.9541723845427734,-14827.014210644878,14827.643900638584,-0.01549788784905104,0.09104351604582916,2.0,0.0,0.01364168237042946,0.01364168237042946,-3.099764662122683,-14822.44608700315,-14825.545851665274
100,7,0.3540165080161883,-6.71487354683158,3.0,1.0,0.3127353466957893,-14828.46034257154,14831.008528865881,0.4785783056777291,2.0698936803073593,2.0,0.0,0.01364168237042946,0.01364168237042946,-3.144362668581829,-14823.840586839106,-14826.984949507687
101,7,0.35681282616938087,-6.66138867986244,3.0,1.0,0.5527014820883164,-14830.178060309558,14835.305651259327,0.1959865605167579,1.034541436121799,1.0,0.0,0.01364168237042946,0.01364168237042946,-3.0329557804801204,-14825.67324109544,-14828.706196875919
102,7,0.3563079740566983,-6.697131052592592,3.0,1.0,1.0,-14827.143291512188,14830.956851315044,-0.6819110580745473,-0.6819110580745473,2.0,0.0,0.01364168237042946,0.01364168237042946,-3.107088666907001,-14822.563708130989,-14825.670796797896
103,7,0.3563079740566983,-6.697131052592592,3.0,1.0,0.4553569718153978,-14827.143291512188,14829.31736520438,0.0,1.1553762808125612,1.0,0.0,0.01364168237042946,0.01364168237042946,-3.107088666907001,-14822.563708130989,-14825.670796797896
104,7,0.35749989652422776,-6.708076698448793,3.0,1.0,0.9867715095144952,-14826.981975879971,14827.276399488434,-0.11028719469504722,-0.11028719469504722,1.0,0.0,0.01364168237042946,0.01364168237042946,-3.1300464332794897,-14822.38092093924,-14825.51096737252
105,7,0.3598530822237313,-6.685639784826221,3.0,1.0,0.8608094330071259,-14827.293710584767,14828.272340486588,0.06552080838264374,0.24537983076697856,1.0,0.0,0.01364168237042946,0.01364168237042946,-3.0831154090495176,-14822.742478170005,-14825.825593579055
106,7,0.35694114839900304,-6.71419723700553,3.0,1.0,0.9538529466634449,-14827.296275729177,14827.716425139111,-0.012337802543697762,0.12292957510362612,2.0,0.0,0.01364168237042946,0.01364168237042946,-3.142936084166331,-14822.681636251458,-14825.824572335625
107,7,0.3589239991920264,-6.698209372404189,3.0,1.0,1.0,-14826.858529187462,14827.255026657414,-0.06984901095165696,-0.06984901095165696,2.0,0.0,0.01364168237042946,0.01364168237042946,-3.1093450511413527,-14822.279932258913,-14825.389277310054
108,7,0.36087886992895385,-6.7021563781451725,3.0,1.0,0.8493664151980213,-14827.4910443923,14827.504774622701,0.27472319917615096,0.27472319917615096,2.0,0.0,0.01364168237042946,0.01364168237042946,-3.117614078253401,-14822.906556116086,-14826.02417019434
109,7,0.36250517032508983,-6.687780953490183,3.0,1.0,0.8870493773851233,-14828.392209147614,14828.945695123868,0.2760278231180564,0.2760278231180564,2.0,0.0,0.01364168237042946,0.01364168237042946,-3.087572337662499,-14823.839711155832,-14826.927283493495
110,7,0.35938041475356314,-6.712299246145295,3.0,1.0,0.9422281126630011,-14827.355357130078,14828.656952482434,-0.3963283140419662,-0.3963283140419662,2.0,0.0,0.01364168237042946,0.01364168237042946,-3.1389349712841637,-14822.7477288894,-14825.886663860685
111,7,0.35468005078473785,-6.701175889112706,3.0,1.0,0.5592115462405297,-14827.839031707597,14829.322609703711,0.27188040279361303,0.9933303801280999,2.0,0.0,0.01364168237042946,0.01364168237042946,-3.115558486970129,-14823.24892501946,-14826.36448350643
112,7,0.35572912179984956,-6.69997499944565,1.0,1.0,1.0,-14827.32223732853,14827.809091349694,-0.2131293366637692,-0.2131293366637692,1.0,0.0,0.01364168237042946,0.01364168237042946,-3.113042136447152,-14822.735973437515,-14825.849015573962
113,7,0.3572192440247647,-6.707739366388979,7.0,1.0,0.9553877198260471,-14826.999039323042,14827.889014348095,-0.17257129400786653,0.185506081157655,3.0,0.0,0.01364168237042946,0.01364168237042946,-3.1293371123905036,-14822.398345070493,-14825.527682182883
114,7,0.36037872926784703,-6.684039395226384,3.0,1.0,0.7610376546726528,-14827.501655721957,14828.036565639255,0.12216904730485112,0.36384812423057156,2.0,0.0,0.01364168237042946,0.01364168237042946,-3.0797871277641966,-14822.954389777142,-14826.034176904906
115,7,0.3599491938619273,-6.702217554944645,3.0,1.0,0.9457653976147298,-14827.125840546238,14828.029784186509,-0.021290481456162524,0.17757739672561001,1.0,0.0,0.01364168237042946,0.01364168237042946,-3.1177423670284754,-14822.540098072368,-14825.657840439397
116,7,0.3552683002650202,-6.719990086160162,3.0,1.0,0.7600679457447302,-14828.083661915709,14829.759641775989,0.1738764237234136,0.4194081829245988,2.0,0.0,0.01364168237042946,0.01364168237042946,-3.1551701382865764,-14823.454688759726,-14826.609858898013
117,7,0.3619406124449547,-6.725722852810882,3.0,1.0,0.6016925230199176,-14829.874701559203,14830.36255165388,0.7691473013110226,0.8242874104071234,2.0,0.0,0.01364168237042946,0.01364168237042946,-3.1673103395892976,-14825.241792168952,-14828.409102508542
118,7,0.3582311234556426,-6.668585423412364,3.0,1.0,0.988759544104533,-14828.707085986669,14829.97216241266,-0.7243674647379521,-1.0986005208978895,2.0,0.0,0.01364168237042946,0.01364168237042946,-3.0477797542220073,-14824.18920228231,-14827.236982036533
119,7,0.3607943190221776,-6.6917520514674464,3.0,1.0,0.9605856952500869,-14827.397717477153,14829.040763986066,-0.17901576904478134,-0.17901576904478134,2.0,0.0,0.01364168237042946,0.01364168237042946,-3.0958504738783263,-14822.83489076992,-14825.9307412438
120,7,0.3618309694819304,-6.705642952297246,3.0,1.0,0.7567674764459561,-14828.149867479544,14828.649967457686,0.37065689612791175,0.37065689612791175,1.0,0.0,0.01364168237042946,0.01364168237042946,-3.124931454207889,-14823.559205821388,-14826.684137275595
121,7,0.3597534113959606,-6.717215745143877,3.0,1.0,0.7907618249846323,-14827.802482680045,14830.426461857165,-0.2836299947794032,0.6467402082016633,2.0,0.0,0.01364168237042946,0.01364168237042946,-3.1493067551795106,-14823.184937592148,-14826.334244347328
122,7,0.3597534113959606,-6.717215745143877,3.0,1.0,0.16620863668857605,-14827.802482680045,14833.375537403555,0.0,3.4906298083878937,1.0,0.0,0.01364168237042946,0.01364168237042946,-3.1493067551795106,-14823.184937592148,-14826.334244347328
123,7,0.3597534113959606,-6.717215745143877,1.0,1.0,0.33524912287487163,-14827.802482680045,14829.641406650011,0.0,1.092881373155251,1.0,0.0,0.01364168237042946,0.01364168237042946,-3.1493067551795106,-14823.184937592148,-14826.334244347328
124,7,0.3564106618611181,-6.709352792564605,3.0,1.0,0.8136816252642772,-14827.19861422372,14828.641648268429,-0.19621510974502598,0.5050972389344679,2.0,0.0,0.01364168237042946,0.01364168237042946,-3.132730754114239,-14822.593517371233,-14825.726248125347
125,7,0.3564106618611181,-6.709352792564605,3.0,1.0,0.803762726835847,-14827.19861422372,14827.979584825285,0.0,0.2964709160805796,2.0,0.0,0.01364168237042946,0.01364168237042946,-3.132730754114239,-14822.593517371233,-14825.726248125347
126,7,0.3599894605836202,-6.6907295476864395,3.0,1.0,1.0,-14827.149929041441,14827.319025307545,-0.0028317345677351113,-0.093463041313953,2.0,0.0,0.01364168237042946,0.01364168237042946,-3.0937174587884844,-14822.588260423609,-14825.681977882397
127,7,0.3596105971756086,-6.697870888092861,3.0,1.0,0.8894133196480819,-14826.980182640124,14828.08615012089,-0.02416861954770866,0.20764847613281745,2.0,0.0,0.01364168237042946,0.01364168237042946,-3.1086366474995706,-14822.403133639407,-14825.511770286907
128,7,0.3601334432218841,-6.662577465526422,3.0,1.0,0.6446514138489016,-14829.49265549763,14830.799501000633,0.3751803085106076,0.6846408103683643,1.0,0.0,0.01364168237042946,0.01364168237042946,-3.0354008901533303,-14824.989478337475,-14828.024879227629
129,7,0.35477601031523054,-6.730136691310437,7.0,1.0,0.998817163342357,-14829.129981355445,14829.671434044265,-0.0016483623312524287,-0.44523628921342606,2.0,0.0,0.01364168237042946,0.01364168237042946,-3.1766798575756052,-14824.478875100725,-14827.6555549583
130,7,0.3609918523633462,-6.689068305337049,7.0,1.0,1.0,-14827.533934124338,14829.147378166468,-0.2430341188046441,-0.3837545891983609,2.0,0.0,0.01364168237042946,0.01364168237042946,-3.0902542191177345,-14822.976941940604,-14826.067196159722
131,7,0.3567581601661301,-6.666633912149367,3.0,1.0,0.7185276118842013,-14829.390677150495,14830.407997186194,0.43214468342375767,0.5987919342460373,2.0,0.0,0.01364168237042946,0.01364168237042946,-3.0437548803440384,-14824.874990607152,-14827.918745487495
132,7,0.3586487751372283,-6.701530999278092,3.0,1.0,0.4198151881472146,-14826.85010904404,14832.316798925187,-0.6450413172860863,2.3563172424073855,2.0,0.0,0.01364168237042946,0.01364168237042946,-3.1163028629536305,-14822.264216430049,-14825.380519293003
133,7,0.35648595772288844,-6.697243865625432,3.0,1.0,0.6712179585904098,-14827.085168850994,14827.895086475537,0.10570376419309468,0.6588382607278618,2.0,0.0,0.01364168237042946,0.01364168237042946,-3.107324673720335,-14822.50557231763,-14825.61289699135
134,7,0.3570083082289948,-6.699378544611225,1.0,1.0,1.0,-14826.932139515346,14827.06552041322,-0.06676494268867827,-0.06676494268867827,1.0,0.0,0.01364168237042946,0.01364168237042946,-3.111792857868173,-14822.348726956487,-14825.460519814354
135,7,0.35709595332486704,-6.7326333800660985,3.0,1.0,0.7308126661807663,-14828.873998780038,14829.201602563042,0.29425595425891515,0.36813929122217814,2.0,0.0,0.01364168237042946,0.01364168237042946,-3.181988354282972,-14824.220499875813,-14827.402488230096
136,7,0.35370468422065166,-6.72003308530418,3.0,1.0,0.8334650436338437,-14828.91838040287,14829.792144211187,0.28431037921473035,0.29053668557207857,2.0,0.0,0.01364168237042946,0.01364168237042946,-3.155261074656499,-14824.28732765435,-14827.442588729007
137,7,0.3598867598160467,-6.691578876693142,3.0,1.0,1.0,-14827.104623892583,14828.879292169242,-0.55404062001071,-0.55404062001071,2.0,0.0,0.01364168237042946,0.01364168237042946,-3.0954891455294553,-14822.54105871348,-14825.636547859009
138,7,0.35352107455063364,-6.738477511189673,3.0,1.0,0.4091376011062548,-14830.723706559938,14831.877535511736,0.7344588586274767,1.0581077490569442,2.0,0.0,0.01364168237042946,0.01364168237042946,-3.194438605084038,-14826.053241097052,-14829.247679702135
139,7,0.3555041220871727,-6.6671938026554445,3.0,1.0,0.8468784120487346,-14829.962154208359,14832.441976014865,0.04898595795384608,0.5302790612058743,2.0,0.0,0.01364168237042946,0.01364168237042946,-3.044909231051629,-14825.443739690269,-14828.48864892132
140,7,0.3652565547449372,-6.683465410852926,3.0,1.0,0.555330208683331,-14830.942531237277,14832.775991216198,0.5407707160411519,1.0183775400419108,2.0,0.0,0.01364168237042946,0.01364168237042946,-3.07859405405266,-14826.402247515676,-14829.480841569728
141,7,0.35635597007458863,-6.70447605425783,3.0,1.0,1.0,-14827.10873208165,14830.542121660905,-1.4073737426169828,-1.4073737426169828,2.0,0.0,0.01364168237042946,0.01364168237042946,-3.122481097480554,-14822.513816398134,-14825.636297495614
142,7,0.35644768506033586,-6.703613268669229,3.0,1.0,1.0,-14827.074026184491,14827.1871960736,-0.00920159795168729,-0.05816428686557629,2.0,0.0,0.01364168237042946,0.01364168237042946,-3.1206702188308313,-14822.481036212039,-14825.601706430869
143,7,0.35957671578760236,-6.6796430700725695,3.0,1.0,0.6983792504930372,-14827.597161177613,14828.437575440756,0.03771743277502537,0.608795616457428,2.0,0.0,0.01364168237042946,0.01364168237042946,-3.07065740660556,-14823.05805010255,-14826.128707509157
144,7,0.3596866299149707,-6.680985677463562,3.0,1.0,1.0,-14827.520938815265,14827.692616518227,-0.010585778381937416,-0.13194505638239207,2.0,0.0,0.01364168237042946,0.01364168237042946,-3.073443510529449,-14822.97917562396,-14826.052619134489
145,7,0.3574590432616426,-6.72059308474342,3.0,1.0,0.7628394874581167,-14827.672962042956,14828.656996402904,0.027834630131110316,0.5184468158495292,2.0,0.0,0.01364168237042946,0.01364168237042946,-3.156445553493873,-14823.0454572834,-14826.201902836894
146,7,0.35834419195777184,-6.6853220194535625,3.0,1.0,0.8212763295529578,-14827.184532090405,14829.694008590692,-0.11633122843159072,0.35888346895444556,1.0,0.0,0.01364168237042946,0.01364168237042946,-3.0824543583395543,-14822.632113164052,-14825.714567522393
147,7,0.35804185649481524,-6.692010483891598,3.0,1.0,0.7351457362006002,-14826.921096632868,14827.986273896135,-0.04574766908081074,0.5666915694309864,2.0,0.0,0.01364168237042946,0.01364168237042946,-3.096389747681671,-14822.354369328905,-14825.450759076586
148,7,0.3611010072078962,-6.7107548017282355,3.0,1.0,0.760438651709547,-14827.97563493752,14828.023352829749,0.44050299722948694,0.4500388172637031,2.0,0.0,0.01364168237042946,0.01364168237042946,-3.1356818202254586,-14823.373346648023,-14826.509028468248
149,7,0.35728735559331515,-6.712277136575568,3.0,1.0,0.9947254319867621,-14827.16278661255,14827.764084462788,-0.40497393341320276,-0.41631881961075123,2.0,0.0,0.01364168237042946,0.01364168237042946,-3.138888383811701,-14822.552625772478,-14825.69151415629
150,7,0.3562044430996638,-6.694726224070581,3.0,1.0,0.8882809011006857,-14827.233142643863,14827.860811733772,0.11107637481291022,0.22889967430455727,1.0,0.0,0.01364168237042946,0.01364168237042946,-3.102060751348169,-14822.658457396414,-14825.760518147761
51,8,0.35802429352416315,-6.691553167611965,1.0,1.0,0.01713606593296936,-14826.935936978603,14827.88677414856,0.0,4.066569917655215,1.0,0.0,0.022606119440698586,0.022606119440698586,-3.0954355062095362,-14822.370142220128,-14825.465577726338
52,8,0.3620773142400635,-6.725888780199742,3.0,1.0,0.4076939276078317,-14830.001903787053,14831.285388286413,1.2167911918841128,1.2167911918841128,2.0,0.0,0.014048674196760778,0.014048674196760778,-3.1676622111221926,-14825.368805876044,-14828.536468087166
53,8,0.3594377326477866,-6.717495309097701,1.0,1.0,1.0,-14827.719051898524,14829.221377402047,-0.9255282183312374,-0.9255282183312374,1.0,0.0,0.014048674196760778,0.014048674196760778,-3.149897246064687,-14823.100531384624,-14826.250428630688
54,8,0.35617987741313234,-6.698184006493141,3.0,1.0,1.0,-14827.170402635918,14827.637865658924,-0.10966121967794606,-0.24589837888379407,2.0,0.0,0.014048674196760778,0.014048674196760778,-3.109291959617245,-14822.588455369549,-14825.697747329166
55,8,0.35407944911440287,-6.727083197621461,3.0,1.0,0.6282568683545869,-14829.195541561838,14830.285878975697,0.45830151842164923,0.6033705667850882,1.0,0.0,0.014048674196760778,0.014048674196760778,-3.1701959476741717,-14824.550032886653,-14827.720228834327
56,8,0.36179150769547774,-6.6860607036900355,7.0,1.0,1.0,-14828.007189688611,14829.276764436312,-0.19801133998589648,-0.4918444862905744,2.0,0.0,0.014048674196760778,0.014048674196760778,-3.083991206535606,-14823.457421044832,-14826.541412251367
57,8,0.3604565766610677,-6.683516433878368,1.0,1.0,1.0,-14827.550923180754,14827.972528915358,-0.22895475717814406,-0.22895475717814406,1.0,0.0,0.014048674196760778,0.014048674196760778,-3.078700096264469,-14823.004838543635,-14826.0835386399
58,8,0.35038357162746003,-6.7172257022248205,3.0,1.0,0.44401309912531567,-14831.984866280009,14832.094093913032,1.889338057824716,1.889338057824716,2.0,0.0,0.014048674196760778,0.014048674196760778,-3.1493277850376717,-14827.355438488856,-14830.504766273893
59,8,0.3645421137123094,-6.726447289442437,3.0,1.0,0.9025551376166364,-14832.558639229626,14834.104429484229,0.34578387771034613,-1.189564537289698,2.0,0.0,0.014048674196760778,0.014048674196760778,-3.168846808024504,-14827.927269766524,-14831.096116574548
60,8,0.3627697670789009,-6.730195041476072,1.0,1.0,1.0,-14831.158774890133,14833.54245344506,-0.7819512401911197,-0.7819512401911197,1.0,0.0,0.014048674196760778,0.014048674196760778,-3.1768038514255292,-14826.517359886742,-14829.694163738168
61,8,0.3625882139249312,-6.73305017442701,1.0,1.0,0.9791808060649396,-14831.398112608911,14832.944030530361,0.021038969065557467,0.021038969065557467,1.0,0.0,0.014048674196760778,0.014048674196760778,-3.18287515580408,-14826.750410581266,-14829.93328573707
62,8,0.35673131014338627,-6.722590505111363,3.0,1.0,1.0,-14827.887781260473,14830.033809943987,-1.4566356454051856,-1.5223450218636572,2.0,0.0,0.014048674196760778,0.014048674196760778,-3.160672937122722,-14823.255143137238,-14826.415816074361
63,8,0.35567356702390235,-6.722947032125711,1.0,1.0,0.9143518407555256,-14828.152364772364,14828.305598956857,0.08953983547871758,0.08953983547871758,1.0,0.0,0.014048674196760778,0.014048674196760778,-3.161427918222976,-14823.517645140999,-14826.679073059222
64,8,0.36208009695730947,-6.720891938129823,3.0,1.0,0.6381164195594969,-14829.449106285309,14830.086737281657,0.7611815265227051,0.8046709486498003,2.0,0.0,0.014048674196760778,0.014048674196760778,-3.1570777994475123,-14824.826596109204,-14827.983673908651
65,8,0.3587618657421262,-6.716913507083011,1.0,1.0,1.0,-14827.509218453954,14828.697106868567,-0.8727650770179025,-0.8727650770179025,1.0,0.0,0.014048674196760778,0.014048674196760778,-3.148668460299174,-14822.891099169688,-14826.039767629987
66,8,0.3553996826692199,-6.702891840442286,3.0,1.0,0.7658200768846393,-14827.454461109495,14829.85248381369,0.08580383641856315,0.5176241723784187,2.0,0.0,0.014048674196760778,0.014048674196760778,-3.1191566029876947,-14822.861667433051,-14825.98082403604
67,8,0.360811961008994,-6.705528431067949,3.0,1.0,0.979272088853132,-14827.568265579175,14827.787718805237,0.06420122703093512,-0.18033524958445923,2.0,0.0,0.014048674196760778,0.014048674196760778,-3.1246909120421424,-14822.976619729974,-14826.101310642016
68,8,0.3611522466265849,-6.708422690680371,3.0,1.0,0.960183871375953,-14827.874141443857,14828.19804271379,0.12720673365220136,0.12720673365220136,2.0,0.0,0.014048674196760778,0.014048674196760778,-3.130774082451848,-14823.276822577034,-14826.407596659486
69,8,0.3554308407086211,-6.697373524063217,3.0,1.0,0.9929600296315712,-14827.494742380739,14828.208343716116,-0.1504448715804756,-0.1504448715804756,2.0,0.0,0.014048674196760778,0.014048674196760778,-3.107595937131022,-14822.91354869857,-14826.021144635703
70,8,0.3538653608215772,-6.724527766828382,3.0,1.0,0.7578699634770621,-14829.11618732476,14830.226454919182,0.34213486488806666,0.34213486488806666,2.0,0.0,0.014048674196760778,0.014048674196760778,-3.164776810937279,-14824.47582436183,-14827.640601172769
71,8,0.36014756538468196,-6.723220432355135,3.0,1.0,1.0,-14828.497743781647,14830.02669396864,-0.10771460028081492,-0.6405696607889695,2.0,0.0,0.014048674196760778,0.014048674196760778,-3.162006956272421,-14823.867977697573,-14827.029984653846
72,8,0.3616753498975561,-6.700031145825924,3.0,1.0,0.9040823093677477,-14827.866207229852,14829.618348507256,-0.05373142753524007,0.33933061856077984,1.0,0.0,0.014048674196760778,0.014048674196760778,-3.113159753731016,-14823.28713091399,-14826.400290667721
73,8,0.35454373460098537,-6.727446098529419,3.0,1.0,0.38698577649343185,-14828.982013892211,14831.946509400155,0.0744198054435401,2.2211776029907924,2.0,0.0,0.014048674196760778,0.014048674196760778,-3.1709660576812357,-14824.336326439678,-14827.50729249736
74,8,0.36091873829531085,-6.705799450495156,3.0,1.0,0.744702872099568,-14827.631182418543,14829.96343415372,-0.16085301838211308,0.5017717362698022,2.0,0.0,0.014048674196760778,0.014048674196760778,-3.1252601866564187,-14823.03909612165,-14826.164356308307
75,8,0.3569954753484419,-6.681647618917127,3.0,1.0,0.582224651516025,-14827.656609671989,14829.433704939353,-0.09511815892983577,1.0841803317653103,2.0,0.0,0.014048674196760778,0.014048674196760778,-3.074817797936453,-14823.11015618469,-14826.184973982627
76,8,0.35522947022663537,-6.704449078297147,7.0,1.0,0.9034674408521225,-14827.539733606753,14828.812708689353,0.04850282717961818,0.25922348732638056,2.0,0.0,0.014048674196760778,0.014048674196760778,-3.1224244670518413,-14822.943457043095,-14826.065881510147
77,8,0.35954761055115664,-6.711631622169689,3.0,1.0,0.978609005053424,-14827.365165577621,14827.742878120049,-0.11116867677992559,-0.11116867677992559,2.0,0.0,0.014048674196760778,0.014048674196760778,-3.1375284242647927,-14822.759147984416,-14825.89667640868
78,8,0.3593631550829243,-6.7081774129449805,1.0,1.0,1.0,-14827.148220602106,14827.39573420917,-0.06819224841274263,-0.06819224841274263,1.0,0.0,0.014048674196760778,0.014048674196760778,-3.130258231521126,-14822.549248015643,-14825.679506247165
79,8,0.35624681229964894,-6.706198442214805,3.0,1.0,0.9999517561200211,-14827.166254548993,14827.304937824021,0.0001447421145712724,-0.1132442641282978,2.0,0.0,0.014048674196760778,0.014048674196760778,-3.1260983999362058,-14822.567584778437,-14825.693683178373
80,8,0.3596998407359639,-6.682386683446268,7.0,1.0,0.6320779871622708,-14827.435386186591,14828.762769388757,-0.008089585082416306,0.9281653647376515,2.0,0.0,0.014048674196760778,0.014048674196760778,-3.076352721860881,-14822.890729879957,-14825.967082601817
81,8,0.3607487166438138,-6.682918348470157,3.0,1.0,0.9681536218168789,-14827.67662517606,14827.786014880356,0.10041624158293416,-0.11138350578585232,2.0,0.0,0.014048674196760778,0.014048674196760778,-3.077457246553473,-14823.132136633489,-14826.209593880043
82,8,0.3574728888417972,-6.696339241491503,3.0,1.0,0.6364484683669941,-14826.883383150986,14828.68206490585,-0.19571921184979146,0.8900659736136731,2.0,0.0,0.014048674196760778,0.014048674196760778,-3.1054325425521894,-14822.306908586554,-14825.412341129106
83,8,0.3560390953153976,-6.711988887164175,3.0,1.0,0.8690904495077808,-14827.394383053364,14827.746910338063,0.13059308538140613,0.15109173280143295,1.0,0.0,0.014048674196760778,0.014048674196760778,-3.1382810530173133,-14822.783270002757,-14825.921551055775
84,8,0.3591032181106957,-6.6836108385844435,7.0,1.0,1.0,-14827.2913662865,14827.394862368728,-0.0690102168427984,-0.1504197285976261,2.0,0.0,0.014048674196760778,0.014048674196760778,-3.0788963063872488,-14822.7434377022,-14825.822334008588
85,8,0.3611925209385471,-6.68311000941021,1.0,1.0,0.8147556082090381,-14827.838441140164,14827.885922301046,0.2048670779386157,0.2048670779386157,1.0,0.0,0.014048674196760778,0.014048674196760778,-3.0778554880864455,-14823.294089333549,-14826.371944821636
86,8,0.3548517518525768,-6.729822944962897,3.0,1.0,0.8531029923511598,-14829.066180019589,14829.592001164645,0.2037808519689861,0.2961607425913826,2.0,0.0,0.014048674196760778,0.014048674196760778,-3.1760132063143,-14824.415836489627,-14827.59184969594
87,8,0.3546015393219171,-6.7377149879900085,1.0,1.0,0.8542620996938877,-14830.063498594445,14830.304981060475,0.15751722397362755,0.15751722397362755,1.0,0.0,0.014048674196760778,0.014048674196760778,-3.1928121994773715,-14825.396038466193,-14828.58885066567
88,8,0.35946927452171956,-6.6902658052672415,3.0,1.0,0.7455422629691655,-14827.049386937875,14830.573889054465,-0.581445580435684,-0.581445580435684,2.0,0.0,0.014048674196760778,0.014048674196760778,-3.0927504039732248,-14822.488051773458,-14825.580802177432
89,8,0.3587611762512314,-6.690321659775222,3.0,1.0,1.0,-14826.968835748903,14827.040707996694,-0.02965731184303877,-0.05461938280859613,2.0,0.0,0.014048674196760778,0.014048674196760778,-3.092866867522995,-14822.4065172108,-14825.499384078323
90,8,0.3590580243375163,-6.697198499070294,3.0,1.0,0.5513634736112949,-14826.877117450082,14828.364959474098,-0.005889312964427518,1.1600482230915077,2.0,0.0,0.014048674196760778,0.014048674196760778,-3.1072297645734563,-14822.300800061888,-14825.408029826462
91,8,0.3621409639545598,-6.702950209401317,1.0,1.0,0.5302471300594592,-14828.250291104137,14828.277240337586,0.6344120979811123,0.6344120979811123,1.0,0.0,0.014048674196760778,0.014048674196760778,-3.1192790465204707,-14823.665652351165,-14826.784931397686
92,8,0.3530826032202251,-6.726005158343591,3.0,1.0,0.9359458924344995,-14829.763694009196,14830.004897414336,0.2133941350693931,-0.3593533410657983,2.0,0.0,0.014048674196760778,0.014048674196760778,-3.1679090231877507,-14825.11919507628,-14828.287104099469
93,8,0.3530826032202251,-6.726005158343591,1.0,1.0,0.5400111176076764,-14829.763694009196,14832.124962758697,0.0,0.6161655514733866,1.0,0.0,0.014048674196760778,0.014048674196760778,-3.1679090231877507,-14825.11919507628,-14828.287104099469
94,8,0.36278443265810734,-6.682575063917139,3.0,1.0,1.0,-14828.749142081777,14829.91035256834,-0.19886874908115715,-0.8426055073869065,2.0,0.0,0.014048674196760778,0.014048674196760778,-3.0767440466263745,-14824.207804294221,-14827.284548340847
95,8,0.3640687776850452,-6.678146086513896,3.0,1.0,0.884827873591466,-14829.967751874747,14830.506089708562,0.4239087195001048,0.4239087195001048,2.0,0.0,0.014048674196760778,0.014048674196760778,-3.0675530752850597,-14825.437121457448,-14828.504674532733
96,8,0.3535554545345692,-6.727176549624365,3.0,1.0,0.36692551697661996,-14829.525534819755,14835.17873072237,-0.2841147550607275,3.050718954003969,2.0,0.0,0.014048674196760778,0.014048674196760778,-3.1703940368610937,-14824.879157988753,-14828.049552025614
97,8,0.3535074797965974,-6.727124107265462,1.0,1.0,0.9872020192231031,-14829.553006426913,14830.286831662459,0.01288058042882767,0.01288058042882767,1.0,0.0,0.014048674196760778,0.014048674196760778,-3.1702827552168786,-14824.906679386568,-14828.076962141784
98,8,0.35442807941742205,-6.7280254449200285,1.0,1.0,1.0,-14829.091645999775,14829.859531208167,-0.214288147913976,-0.214288147913976,1.0,0.0,0.014048674196760778,0.014048674196760778,-3.1721957583921645,-14824.444581752361,-14827.616777510753
99,8,0.36028439069096896,-6.690704741738852,7.0,1.0,0.8710567165483213,-14827.235114933972,14829.332575512164,-0.3953283606333571,0.46894733734188776,2.0,0.0,0.014048674196760778,0.014048674196760778,-3.0936657248199344,-14822.673856062056,-14825.767521786876
100,8,0.3583633047948833,-6.725059437727617,3.0,1.0,0.7245022845381438,-14828.132658032491,14830.028154182979,0.17162403433394502,0.5387119980732678,1.0,0.0,0.014048674196760778,0.014048674196760778,-3.1659037530250558,-14823.496813259379,-14826.662717012403
101,8,0.3583633047948833,-6.725059437727617,1.0,1.0,0.5876843107693306,-14828.132658032491,14829.755222988028,0.0,0.5315653617053613,1.0,0.0,0.014048674196760778,0.014048674196760778,-3.1659037530250558,-14823.496813259379,-14826.662717012403
102,8,0.3570149798872812,-6.687961313925253,7.0,1.0,1.0,-14827.247106546158,14828.173973734583,-0.13824521427159198,-0.23680560359753144,2.0,0.0,0.014048674196760778,0.014048674196760778,-3.0879479745115512,-14822.687547182148,-14825.775495156659
103,8,0.35422770348451577,-6.689974947920129,1.0,1.0,0.544849780042206,-14828.506900076518,14828.699108199075,0.6072451552627172,0.6072451552627172,1.0,0.0,0.014048674196760778,0.014048674196760778,-3.092143980891924,-14823.939632433667,-14827.031776414558
104,8,0.36288513227528885,-6.6883457626301475,3.0,1.0,1.0,-14828.648595685023,14829.005477443927,-0.03674632400361588,-0.6666934788281651,2.0,0.0,0.014048674196760778,0.014048674196760778,-3.0887487747636553,-14824.095372661883,-14827.184121436647
105,8,0.35583499140927866,-6.688283552293095,3.0,1.0,0.5231472159104917,-14827.652312940512,14830.80053322055,-0.35567591006474686,1.5363425255727634,2.0,0.0,0.014048674196760778,0.014048674196760778,-3.088619181643956,-14823.09060523483,-14826.179224416474
106,8,0.36021709980783456,-6.68772115995707,3.0,1.0,0.4125162138249216,-14827.300491145996,14830.703293162374,-0.2347382399293565,2.329584359878936,2.0,0.0,0.014048674196760778,0.014048674196760778,-3.0874478127942435,-14822.745368580301,-14825.832816393095
107,8,0.3580921374389149,-6.6979009340350615,3.0,1.0,1.0,-14826.818666686739,14827.300382133819,-0.13446629950522038,-0.13446629950522038,2.0,0.0,0.014048674196760778,0.014048674196760778,-3.108699525115289,-14822.239691701225,-14825.34839122634
108,8,0.35863421276995056,-6.698230620235547,3.0,1.0,0.9500076113142266,-14826.830756789044,14826.92394654653,0.005236237437202362,0.07942952234589029,2.0,0.0,0.014048674196760778,0.014048674196760778,-3.1093895239107474,-14822.251759615354,-14825.361149139264
109,8,0.35864214784622,-6.6856993487378915,3.0,1.0,0.9480613717085008,-14827.158615259465,14827.220207755523,0.058436833174710046,0.06826369753434847,2.0,0.0,0.014048674196760778,0.014048674196760778,-3.0832393317308657,-14822.605778031299,-14825.689017363029
110,8,0.35956750470128745,-6.71052482690186,3.0,1.0,0.9199415653133768,-14827.31204067067,14827.490040569255,0.11697654237650568,0.1390107943334442,2.0,0.0,0.014048674196760778,0.014048674196760778,-3.135197615213246,-14822.708378152907,-14825.84357576812
111,8,0.3624521395908915,-6.702864827634211,3.0,1.0,0.6839603925080038,-14828.47036171462,14828.844730761559,0.5846551278555125,0.7040399877896562,1.0,0.0,0.014048674196760778,0.014048674196760778,-3.1190999380000943,-14823.886273004886,-14827.005372942886
112,8,0.3536555159667363,-6.702585588770493,3.0,1.0,1.0,-14828.517454583292,14828.549193271032,-0.01209510496846633,-0.7447202955991088,2.0,0.0,0.014048674196760778,0.014048674196760778,-3.1185142191191053,-14823.923085745486,-14827.041599964605
113,8,0.35847713660512415,-6.68820480485019,3.0,1.0,0.9761097140817586,-14827.04124795909,14828.007860546131,-0.7014079110103921,-0.7075955401705869,2.0,0.0,0.014048674196760778,0.014048674196760778,-3.0884551448936577,-14822.482991963021,-14825.571447107915
114,8,0.3526595200874153,-6.717622996163622,3.0,1.0,0.4476508040913956,-14829.59242956823,14831.273253278578,0.9595028486528463,1.0715401148881938,2.0,0.0,0.014048674196760778,0.014048674196760778,-3.150166970813922,-14824.965127498746,-14828.11529446956
115,8,0.36370577251659497,-6.672530022767671,3.0,1.0,1.0,-14830.03575720528,14830.927507448569,-0.03326685844331223,-0.720709450164577,2.0,0.0,0.014048674196760778,0.014048674196760778,-3.0559268805693196,-14825.51632606845,-14828.57225294902
116,8,0.3580262124991459,-6.741957927259899,3.0,1.0,0.9199652567793715,-14830.234678641653,14831.471602191716,-0.3232247553223715,-0.6993931074612192,2.0,0.0,0.014048674196760778,0.014048674196760778,-3.201869458829411,-14825.562452301268,-14828.764321760098
117,8,0.35626850672189514,-6.713652225763316,7.0,1.0,0.9363975773916012,-14827.40166337591,14830.751792303077,-0.5453762471224763,-0.5453762471224763,3.0,0.0,0.014048674196760778,0.014048674196760778,-3.14178678923202,-14822.787332410899,-14825.929119200131
118,8,0.35941868818105127,-6.694121386386563,7.0,1.0,0.9928889310577571,-14826.959899614887,14827.386684700006,-0.09077445869115763,-0.09077445869115763,2.0,0.0,0.014048674196760778,0.014048674196760778,-3.100797092027781,-14822.390455999986,-14825.491253092014
119,8,0.35941868818105127,-6.694121386386563,3.0,1.0,0.2584703226647188,-14826.959899614887,14831.71857120094,0.0,3.671732912367588,2.0,0.0,0.014048674196760778,0.014048674196760778,-3.100797092027781,-14822.390455999986,-14825.491253092014
120,8,0.35941868818105127,-6.694121386386563,1.0,1.0,0.530484529657414,-14826.959899614887,14827.731509654424,0.0,0.6339644831678015,1.0,0.0,0.014048674196760778,0.014048674196760778,-3.100797092027781,-14822.390455999986,-14825.491253092014
121,8,0.35788848111606136,-6.704419836226715,3.0,1.0,0.9853017191152577,-14826.87015003162,14827.142683052205,-0.03763685736885236,0.04509657864946348,1.0,0.0,0.014048674196760778,0.014048674196760778,-3.122363080218166,-14822.27725982008,-14825.399622900299
122,8,0.36172049131144723,-6.704764819190354,3.0,1.0,0.715041930044292,-14828.041777574948,14828.088836107621,0.5501740281270031,0.5521540028839809,2.0,0.0,0.014048674196760778,0.014048674196760778,-3.123087345090545,-14823.452827750827,-14826.575915095918
123,8,0.36126981748240056,-6.706885957910774,1.0,1.0,1.0,-14827.86474191043,14828.434553831252,-0.090767389147004,-0.090767389147004,1.0,0.0,0.014048674196760778,0.014048674196760778,-3.1275431261789515,-14823.270795437917,-14826.398338564095
124,8,0.3609008289913881,-6.69571959884329,3.0,1.0,0.9626477334024663,-14827.41404941163,14828.080793879444,-0.21492647190825664,-0.2722616412811476,1.0,0.0,0.014048674196760778,0.014048674196760778,-3.1041369569992816,-14822.843064744855,-14825.947201701854
125,8,0.35704434981504657,-6.679708161006175,3.0,1.0,0.9802123137875999,-14827.799580944818,14828.180525318323,0.03526246211913531,0.03526246211913531,2.0,0.0,0.014048674196760778,0.014048674196760778,-3.0707924381007397,-14823.257213700577,-14826.328006138678
126,8,0.3578798941799943,-6.685966486364793,1.0,1.0,1.0,-14827.188157766197,14827.634978494012,-0.20032177402572415,-0.20032177402572415,1.0,0.0,0.014048674196760778,0.014048674196760778,-3.0837951550353586,-14822.6338248591,-14825.717620014135
127,8,0.3595171410583833,-6.693269220559588,3.0,1.0,1.0,-14826.991072874644,14827.30041574343,-0.03527809011757199,-0.08826358365513443,2.0,0.0,0.014048674196760778,0.014048674196760778,-3.099017322293882,-14822.423529209666,-14825.52254653196
128,8,0.35945336654565563,-6.70265295506031,3.0,1.0,0.9692555923902147,-14826.998832737037,14827.214923644042,0.02629955084375979,0.0489470981501654,1.0,0.0,0.014048674196760778,0.014048674196760778,-3.1186555164821037,-14822.41157304038,-14825.530228556861
129,8,0.3611613375244596,-6.7029698947524,1.0,1.0,0.7380797277419967,-14827.655106269412,14827.726113479403,0.30370342804599204,0.30370342804599204,1.0,0.0,0.014048674196760778,0.014048674196760778,-3.119320342250482,-14823.069252084153,-14826.188572426403
130,8,0.3640661028995093,-6.673947102679119,3.0,1.0,0.577942119931813,-14830.22570716217,14831.578987432404,0.687353315168366,0.687353315168366,2.0,0.0,0.014048674196760778,0.014048674196760778,-3.0588574987214905,-14825.703769180567,-14828.762626679289
131,8,0.3541988183251569,-6.691125415015263,3.0,1.0,1.0,-14828.464882059121,14830.05385042969,-0.3484177451555297,-1.0444003214306576,2.0,0.0,0.014048674196760778,0.014048674196760778,-3.0945431419575726,-14823.89517843647,-14826.989721578428
132,8,0.3565614444919738,-6.703870097946671,3.0,1.0,0.9571918452685756,-14827.04645503996,14828.146290218394,-0.6568196742300643,-0.6568196742300643,2.0,0.0,0.014048674196760778,0.014048674196760778,-3.1212091934321493,-14822.453068406023,-14825.574277599455
133,8,0.35738060892909723,-6.685916912944469,3.0,1.0,0.9101797606363351,-14827.272819247788,14827.827918901521,0.04468375920623657,0.14032271178621158,1.0,0.0,0.014048674196760778,0.014048674196760778,-3.083692004074513,-14822.717970653253,-14825.801662657328
134,8,0.35708557270880514,-6.711623990178485,7.0,1.0,0.9972430880412502,-14827.15508555517,14827.27994086267,-0.06755778011938673,-0.1318308320169308,2.0,0.0,0.014048674196760778,0.014048674196760778,-3.137512347798765,-14822.54604973378,-14825.68356208158
135,8,0.35956913282158703,-6.710721434225507,3.0,1.0,0.3289588072943357,-14827.322669940937,14831.518907960824,0.09887249909661477,3.4159516758463724,2.0,0.0,0.014048674196760778,0.014048674196760778,-3.1356115626817425,-14822.718595461469,-14825.854207024151
136,8,0.36109391834243526,-6.688663861714179,3.0,1.0,0.9096951786841424,-14827.588272089015,14827.929462620416,0.0829233319254854,0.11106324027241499,2.0,0.0,0.014048674196760778,0.014048674196760778,-3.0894114815999756,-14823.032245602075,-14826.121657083675
137,8,0.35376834223417164,-6.725636488978897,3.0,1.0,0.7259729924124385,-14829.262615257234,14830.23016664595,0.4279493393842131,0.4279493393842131,2.0,0.0,0.014048674196760778,0.014048674196760778,-3.167127204264421,-14824.61977783631,-14827.786905040573
138,8,0.3607123691613108,-6.704219107083369,3.0,1.0,1.0,-14827.474722342931,14829.172571319186,-0.36458913749629573,-0.4888586698398285,2.0,0.0,0.014048674196760778,0.014048674196760778,-3.121941719780298,-14822.88570542422,-14826.007647144
139,8,0.36081025702763564,-6.700353824762794,3.0,1.0,0.9210232696755006,-14827.41902518314,14828.020586779965,-0.02241477074676368,0.13498433135464438,2.0,0.0,0.014048674196760778,0.014048674196760778,-3.113835773299275,-14822.838232415888,-14825.952068189188
140,8,0.3633461638632187,-6.703267107895903,3.0,1.0,0.5059903701523315,-14829.219525814417,14830.053254334072,0.8284613451887708,1.1150443010319577,2.0,0.0,0.014048674196760778,0.014048674196760778,-3.119943880064191,-14824.635653455209,-14827.755597335274
141,8,0.3589554742669083,-6.6950505533854185,3.0,1.0,0.9546809145284061,-14826.88043200541,14828.551602506986,-1.0869048644544819,-1.0869048644544819,2.0,0.0,0.014048674196760778,0.014048674196760778,-3.1027385082210674,-14822.308480210339,-14825.41121871856
142,8,0.3619671242037198,-6.69498059656754,1.0,1.0,0.615504901975849,-14827.978705280115,14827.98197813077,0.48531236917187925,0.48531236917187925,1.0,0.0,0.014048674196760778,0.014048674196760778,-3.1025923092877963,-14823.410545614926,-14826.513137924214
143,8,0.35495311674088276,-6.68781953331571,3.0,1.0,0.9755945938749345,-14828.150969196407,14828.36937470613,0.07603498590287927,-0.4619436979464808,2.0,0.0,0.014048674196760778,0.014048674196760778,-3.0876526851667516,-14823.58911466989,-14826.676767355057
144,8,0.3586144733818238,-6.691176402690644,3.0,1.0,0.8907130811865814,-14826.93654520851,14829.514321326515,-0.5560531968258147,-0.5560531968258147,2.0,0.0,0.014048674196760778,0.014048674196760778,-3.094649501265522,-14822.37226379214,-14825.466913293405
145,8,0.3606573486564627,-6.709270719995798,7.0,1.0,0.7837696137429623,-14827.664514784858,14828.098635768007,0.34483857844315935,0.43441108522711147,2.0,0.0,0.014048674196760778,0.014048674196760778,-3.1325580618104323,-14823.06481504121,-14826.197373103021
146,8,0.35463347744764195,-6.714410058519423,3.0,1.0,0.9831999690676887,-14828.080083920204,14828.307973646908,0.05171453340881271,-0.290186270734921,2.0,0.0,0.014048674196760778,0.014048674196760778,-3.1433849531426676,-14823.462091614749,-14826.605476567891
147,8,0.35648518720329214,-6.669178923503997,3.0,1.0,0.7734468408642813,-14829.156782659815,14830.054281131248,0.2923495654031285,0.2923495654031285,2.0,0.0,0.014048674196760778,0.014048674196760778,-3.0490045674756754,-14824.635505268625,-14827.684509836101
148,8,0.36015089040977877,-6.719551308238045,7.0,1.0,0.9869668079654125,-14828.15324933135,14829.228623463425,-0.21489972812196356,-0.5941489258912043,2.0,0.0,0.014048674196760778,0.014048674196760778,-3.15424229826816,-14823.531251941073,-14826.68549423934
149,8,0.35455578620901135,-6.718656109354797,3.0,1.0,1.0,-14828.330951153133,14829.131483791833,-0.0031470459780393867,-0.3369352251829696,2.0,0.0,0.014048674196760778,0.014048674196760778,-3.1523499073392824,-14823.703895170614,-14826.856245077954
150,8,0.35889412081155514,-6.731903179316248,3.0,1.0,0.8636056121576067,-14829.018520579108,14830.556786336621,0.058293687834520824,0.4347229959403194,2.0,0.0,0.014048674196760778,0.014048674196760778,-3.1804351456599442,-14824.368796913792,-14827.549232059451
51,9,0.3602517027121501,-6.68012536768943,3.0,1.0,1.0,-14827.692687924851,14827.939092690523,-0.08740962317824597,-0.1000821943871415,1.0,0.0,0.017564963160642495,0.017564963160642495,-3.071658036239292,-14823.1533971055,-14826.225055141738
52,9,0.35914620907169403,-6.680845365670135,1.0,1.0,1.0,-14827.469754084177,14827.720178781266,-0.07135685670073144,-0.07135685670073144,1.0,0.0,0.014647200179992166,0.014647200179992166,-3.0731522589787152,-14822.927622176046,-14826.000774435026
53,9,0.3569375815713805,-6.6977073240603335,3.0,1.0,0.9602045851750605,-14826.960983323472,14827.767801755253,-0.058506459927230026,0.1271361651542975,1.0,0.0,0.014647200179992166,0.014647200179992166,-3.1082943703104586,-14822.38098111344,-14825.489275483751
54,9,0.3579259064354003,-6.68742614693338,3.0,1.0,0.9763667672602327,-14827.10787255592,14827.27988925664,0.004883350295131095,0.0675832017986977,1.0,0.0,0.014647200179992166,0.014647200179992166,-3.0868334766507664,-14822.550558228588,-14825.637391705239
55,9,0.3521755525693759,-6.693247183609588,3.0,1.0,0.46590145907327435,-14830.15685175101,14830.47216864806,1.5722371977935836,1.6600781946326606,1.0,0.0,0.014647200179992166,0.014647200179992166,-3.0989713072026763,-14825.580119411195,-14828.679090718399
56,9,0.3585978017055433,-6.678525703243904,3.0,1.0,0.9263819069256293,-14827.637390503472,14829.680585630787,-1.4657775834257336,-1.4783475819276646,2.0,0.0,0.014647200179992166,0.014647200179992166,-3.068340083672232,-14823.099398007367,-14826.167738091039
57,9,0.3585978017055433,-6.678525703243904,3.0,1.0,0.6206441550428318,-14827.637390503472,14828.8007176605,0.0,0.9547550022889482,1.0,0.0,0.014647200179992166,0.014647200179992166,-3.068340083672232,-14823.099398007367,-14826.167738091039
58,9,0.35975257204083955,-6.687611839221417,3.0,1.0,1.0,-14827.190748383475,14827.59334220147,-0.0824299890846305,-0.147461656239102,2.0,0.0,0.014647200179992166,0.014647200179992166,-3.0872201527652474,-14822.635288875837,-14825.722509028603
59,9,0.3579165134813771,-6.703545919165239,3.0,1.0,0.9623537175294836,-14826.853961128963,14827.45151329849,-0.08774424813964288,-0.08774424813964288,2.0,0.0,0.014647200179992166,0.014647200179992166,-3.1205288919980396,-14822.262939772183,-14825.38346866418
60,9,0.3565697360886545,-6.718569301708342,3.0,1.0,0.8675367222775291,-14827.614306757192,14827.764211731064,0.15905591779846873,0.18295990222031833,1.0,0.0,0.014647200179992166,0.014647200179992166,-3.152166444368243,-14822.98997323991,-14826.142139684278
61,9,0.3574087933963097,-6.6753259088207555,3.0,1.0,0.9349444893947094,-14828.107991584031,14828.13112780564,0.19738924125886115,0.19738924125886115,2.0,0.0,0.014647200179992166,0.014647200179992166,-3.061710891593089,-14823.575159103188,-14826.636869994782
62,9,0.35755866462687835,-6.674138794228047,1.0,1.0,0.9895417213362349,-14828.194117491359,14828.536177945567,0.01051335076954274,0.01051335076954274,1.0,0.0,0.014647200179992166,0.014647200179992166,-3.0592540841458633,-14823.663927800568,-14826.723181884714
63,9,0.3568018221056507,-6.676780756070759,1.0,1.0,0.9457696369838986,-14828.147687425311,14828.624710532738,0.05575625228630088,0.05575625228630088,1.0,0.0,0.014647200179992166,0.014647200179992166,-3.0647237102437908,-14823.61108654958,-14826.675810259823
64,9,0.3535882588274103,-6.6900613981956365,3.0,1.0,0.6554138659070111,-14828.999982494848,14830.00055149831,0.6315372065164411,0.8336332809340092,1.0,0.0,0.014647200179992166,0.014647200179992166,-3.0923242165747973,-14824.431717516833,-14827.524041733408
65,9,0.3570695121055041,-6.673965699229659,3.0,1.0,0.9212298520598391,-14828.350313483723,14829.644065319944,-0.6018255367598613,-0.7160385285333177,1.0,0.0,0.014647200179992166,0.014647200179992166,-3.0588959710088943,-14823.81987404183,-14826.87877001284
66,9,0.3597324732873504,-6.714183168976884,3.0,1.0,0.6515335564579697,-14827.578430598016,14829.397208151675,-0.16608733350221883,0.7984599693863856,2.0,0.0,0.014647200179992166,0.014647200179992166,-3.142906414412317,-14822.967260350575,-14826.110166764987
67,9,0.35891012531008615,-6.712394138529838,1.0,1.0,1.0,-14827.252302497744,14827.549572810967,-0.14780320480349474,-0.14780320480349474,1.0,0.0,0.014647200179992166,0.014647200179992166,-3.1391349262875043,-14822.64389868053,-14825.783033606816
68,9,0.35917993062024717,-6.6900648409761105,3.0,1.0,0.9497551014769714,-14827.01304652823,14827.863561025779,-0.09843893043762364,0.1633836509899993,1.0,0.0,0.014647200179992166,0.014647200179992166,-3.0923313944034794,-14822.45177675281,-14825.544108147215
69,9,0.3581588013015221,-6.68944883347325,3.0,1.0,0.8425419182903299,-14827.001012688905,14827.521897958848,-0.0013725775879720459,0.3148772092354193,2.0,0.0,0.014647200179992166,0.014647200179992166,-3.091047273385955,-14822.439772243697,-14825.530819517084
70,9,0.3588412345776817,-6.697081105010208,3.0,1.0,0.6426182682556254,-14826.851708583097,14827.815628221171,-0.03228168062923942,0.7894830587501929,2.0,0.0,0.014647200179992166,0.014647200179992166,-3.106984179766653,-14822.275371002737,-14825.382355182504
71,9,0.35817144753803026,-6.68669628226596,3.0,1.0,0.4625476239273903,-14827.122397945706,14828.692833732874,0.056921758219687035,1.525196332422638,2.0,0.0,0.014647200179992166,0.014647200179992166,-3.085313977947566,-14822.56690640108,-14825.652220379028
72,9,0.35594149011757714,-6.714749174861707,3.0,1.0,0.9247385848299747,-14827.54614949078,14827.696271376693,0.13326932876225328,0.13326932876225328,2.0,0.0,0.014647200179992166,0.014647200179992166,-3.1441002883531866,-14822.929094584037,-14826.07319487239
73,9,0.35846410703619586,-6.72388262751379,3.0,1.0,0.6354871840710782,-14828.035187171019,14829.563894666959,0.08374022502903244,0.8987121841528278,2.0,0.0,0.014647200179992166,0.014647200179992166,-3.163409738142567,-14823.401960544206,-14826.56537028235
74,9,0.35846410703619586,-6.72388262751379,1.0,1.0,0.32922335954706106,-14828.035187171019,14830.247033347376,0.0,1.1110188541697426,1.0,0.0,0.014647200179992166,0.014647200179992166,-3.163409738142567,-14823.401960544206,-14826.56537028235
75,9,0.3573896089094994,-6.684429971434469,3.0,1.0,0.40741780645298054,-14827.360816067265,14830.398856929201,-0.1318100068001513,2.230322357674595,2.0,0.0,0.014647200179992166,0.014647200179992166,-3.0805991608919308,-14822.809071493528,-14825.88967065442
76,9,0.35867764662556373,-6.7184314760249615,3.0,1.0,0.6870676298942976,-14827.605541725505,14828.452211562313,0.03667585110633809,0.6733388015345554,2.0,0.0,0.014647200179992166,0.014647200179992166,-3.151875173188822,-14822.984112281098,-14826.135987454287
77,9,0.3581457541844613,-6.727147190443175,1.0,1.0,0.8868846773916388,-14828.31405905227,14828.401718554764,0.12004031933975057,0.12004031933975057,1.0,0.0,0.014647200179992166,0.014647200179992166,-3.1703317369227597,-14823.673518041995,-14826.843849778918
78,9,0.3616430359510183,-6.710678699160369,3.0,1.0,0.7491150362105032,-14828.296862009018,14829.549308751131,0.38088799144316,0.5725402372972894,2.0,0.0,0.014647200179992166,0.014647200179992166,-3.1355215827251417,-14823.695385136776,-14826.8309067195
79,9,0.36172099705149,-6.686340468988597,3.0,1.0,0.9115130164259867,-14827.960219712722,14829.572289134228,-0.31161048782087164,-0.31161048782087164,2.0,0.0,0.014647200179992166,0.014647200179992166,-3.0845734066268755,-14823.409784432868,-14826.494357839494
80,9,0.35728827398745444,-6.707607213102484,7.0,1.0,0.9504137752068246,-14826.987210226056,14828.394802342727,-0.39005510854622116,-0.39005510854622116,2.0,0.0,0.014647200179992166,0.014647200179992166,-3.1290592596954774,-14822.386879651625,-14825.515938911321
81,9,0.3554831259570321,-6.6819054976346735,7.0,1.0,0.6772453106952169,-14828.275326862455,14828.998858576635,0.5565747820546676,0.716107199610633,2.0,0.0,0.014647200179992166,0.014647200179992166,-3.0753533105245867,-14823.726441780058,-14826.801795090583
82,9,0.3554831259570321,-6.6819054976346735,3.0,1.0,0.5647460740842262,-14828.275326862455,14831.233876523773,0.0,0.8954999902525742,1.0,0.0,0.014647200179992166,0.014647200179992166,-3.0753533105245867,-14823.726441780058,-14826.801795090583
83,9,0.36186375264242354,-6.698488633377049,3.0,1.0,0.9157572922070919,-14827.950880536579,14829.036881926006,-0.06997324241092429,0.16646765197219793,2.0,0.0,0.014647200179992166,0.014647200179992166,-3.1099295942941314,-14823.37525996578,-14826.485189560075
84,9,0.35271594404680057,-6.7353006059139435,3.0,1.0,0.36887409219496003,-14830.910182136528,14832.50976710825,0.5806290089039976,1.341509818650593,2.0,0.0,0.014647200179992166,0.014647200179992166,-3.1876663361514175,-14826.245453517951,-14829.433119854102
85,9,0.35657531485422683,-6.7282864646212195,1.0,1.0,1.0,-14828.432620185029,14830.127610037898,-0.8432622585132776,-0.8432622585132776,1.0,0.0,0.014647200179992166,0.014647200179992166,-3.172749899503165,-14823.787710187753,-14826.960460087255
86,9,0.3609993673271011,-6.706102098448957,3.0,1.0,0.8240271878213618,-14827.684438904225,14829.440851374156,0.11930121501063695,0.5369281096718623,1.0,0.0,0.014647200179992166,0.014647200179992166,-3.1258959836029088,-14823.091814012909,-14826.217709996512
87,9,0.3609993673271011,-6.706102098448957,1.0,1.0,0.7454416666598902,-14827.684438904225,14828.55379241266,0.0,0.29377839510925696,1.0,0.0,0.014647200179992166,0.014647200179992166,-3.1258959836029088,-14823.091814012909,-14826.217709996512
88,9,0.35452593706064006,-6.7097098860580155,3.0,1.0,0.9822911863126645,-14827.987576159516,14828.082165994123,0.054589712199231144,-0.42117258874532126,2.0,0.0,0.014647200179992166,0.014647200179992166,-3.1334822077898767,-14823.379349930381,-14826.51283213817
89,9,0.3551561616806353,-6.710545890606002,1.0,1.0,1.0,-14827.68278399981,14828.159056043194,-0.1546260314535175,-0.1546260314535175,1.0,0.0,0.014647200179992166,0.014647200179992166,-3.1352419620023557,-14823.073597241002,-14826.208839203004
90,9,0.3563806951425818,-6.68215966277487,7.0,1.0,0.9817062845797785,-14827.829320577948,14828.087148735269,0.060978447399975266,-0.07704586312138417,2.0,0.0,0.014647200179992166,0.014647200179992166,-3.075881176546182,-14823.281035781087,-14826.356916957633
91,9,0.35943753460736083,-6.727600012284585,7.0,1.0,0.9442514657957994,-14828.678372840086,14828.909336350644,0.17012354791040707,0.2184620372390782,2.0,0.0,0.014647200179992166,0.014647200179992166,-3.171292716981155,-14824.038456613462,-14827.209749330443
92,9,0.3584294401959171,-6.682363912475272,7.0,1.0,0.8091134809034031,-14827.35998942176,14830.766055178357,-0.5117742852180527,0.58322246447824,2.0,0.0,0.014647200179992166,0.014647200179992166,-3.0763054218835233,-14822.813824432951,-14825.890129854835
93,9,0.35776684671766945,-6.669700060396398,1.0,1.0,0.6959655302381463,-14828.656418834698,14828.674878221302,0.3624551453940512,0.3624551453940512,1.0,0.0,0.014647200179992166,0.014647200179992166,-3.0500803343668625,-14824.135660855316,-14827.185741189684
94,9,0.35929795826470173,-6.715486885540024,7.0,1.0,1.0,-14827.532967653606,14828.500095090438,-0.22405945804712246,-0.4325303798977984,2.0,0.0,0.014647200179992166,0.014647200179992166,-3.145656819408554,-14822.918516803165,-14826.064173622573
95,9,0.35929795826470173,-6.715486885540024,1.0,1.0,0.0734752901624862,-14827.532967653606,14831.218907306018,0.0,2.6108061175527837,1.0,0.0,0.014647200179992166,0.014647200179992166,-3.145656819408554,-14822.918516803165,-14826.064173622573
96,9,0.3570697880417374,-6.683117969079157,3.0,1.0,0.6228573523065755,-14827.526747339058,14828.723973598459,0.00482496095719398,0.8797772955767869,2.0,0.0,0.014647200179992166,0.014647200179992166,-3.07787202783121,-14822.977332183938,-14826.055204211769
97,9,0.3601268844125045,-6.699730217501077,3.0,1.0,0.6152765055495797,-14827.14107987341,14828.56825899199,-0.08733384643528552,0.8906306443932408,2.0,0.0,0.014647200179992166,0.014647200179992166,-3.112529396010514,-14822.560766245293,-14825.673295641303
98,9,0.36106381389303543,-6.703119761139367,7.0,1.0,0.8802876675205679,-14827.609243856885,14827.779469595069,0.23385260154827847,0.23385260154827847,2.0,0.0,0.014647200179992166,0.014647200179992166,-3.119634743143382,-14823.022957852418,-14826.142592595561
99,9,0.3578519962130003,-6.6883428035522074,3.0,1.0,0.9128407670758475,-14827.073260373858,14828.627308382993,-0.33372536554088583,-0.33372536554088583,2.0,0.0,0.014647200179992166,0.014647200179992166,-3.088742610489139,-14822.51394550054,-14825.602688111028
100,9,0.35655020952563055,-6.702503218242928,3.0,1.0,0.951012992028474,-14827.038648618556,14827.471826555235,0.027985400050965836,0.1238324378427933,1.0,0.0,0.014647200179992166,0.014647200179992166,-3.1183414572983073,-14822.448115671727,-14825.566457129025
101,9,0.355320616920548,-6.720316966104944,3.0,1.0,0.8114628338836137,-14828.08480765203,14828.388049370333,0.23722469407766766,0.24937588932880317,1.0,0.0,0.014647200179992166,0.014647200179992166,-3.1558614839240184,-14823.455209250995,-14826.611070734918
102,9,0.35550155887576995,-6.7186824451280165,1.0,1.0,1.0,-14827.911731091643,14828.290937151223,-0.04255211054805841,-0.04255211054805841,1.0,0.0,0.014647200179992166,0.014647200179992166,-3.152405567972049,-14823.285817003602,-14826.438222571574
103,9,0.35848434916868144,-6.683727345676746,3.0,1.0,1.0,-14827.271143941729,14827.891848409578,-0.2042065436107805,-0.2042065436107805,2.0,0.0,0.014647200179992166,0.014647200179992166,-3.0791384662511576,-14822.722213501167,-14825.801351967419
104,9,0.3576849429423935,-6.687346551238549,1.0,1.0,1.0,-14827.142281362081,14827.329904922053,-0.0023798381644155597,-0.0023798381644155597,1.0,0.0,0.014647200179992166,0.014647200179992166,-3.0866677412084766,-14822.584834540588,-14825.671502281797
105,9,0.35828080873017487,-6.718463980996892,3.0,1.0,0.8879237903706377,-14827.549693549132,14827.793779747204,0.07631016070990881,0.18753688638571475,2.0,0.0,0.014647200179992166,0.014647200179992166,-3.151943865216022,-14822.927706998042,-14826.079650863257
106,9,0.35849478473027513,-6.670342053509219,3.0,1.0,0.5500302507662497,-14828.45903428838,14829.6348896671,0.17745074372942327,1.0270544097274978,2.0,0.0,0.014647200179992166,0.014647200179992166,-3.0514059544050247,-14823.937849202297,-14826.989255156703
107,9,0.3575527346274282,-6.694449367578353,3.0,1.0,1.0,-14826.90689178354,14828.53722986977,-0.33223737960543076,-0.33223737960543076,2.0,0.0,0.014647200179992166,0.014647200179992166,-3.1014822825179107,-14822.33446653992,-14825.435948822438
108,9,0.3583063956946293,-6.694967880335838,1.0,1.0,1.0,-14826.846609875196,14826.88359132037,-0.030936866231058957,-0.030936866231058957,1.0,0.0,0.014647200179992166,0.014647200179992166,-3.102565734855253,-14822.274032994548,-14825.376598729403
109,9,0.3545912688093422,-6.706930184625212,3.0,1.0,0.709450960712474,-14827.90022449842,14828.213307573571,0.472870671610508,0.4857376373165607,2.0,0.0,0.014647200179992166,0.014647200179992166,-3.127636079140228,-14823.297927439873,-14826.425563519013
110,9,0.36111643113254704,-6.705398501535036,3.0,1.0,1.0,-14827.716884015294,14828.33831544651,-0.035152159638528246,-0.05694189344649203,2.0,0.0,0.014647200179992166,0.014647200179992166,-3.1244180219172524,-14823.12587809509,-14826.250296117007
111,9,0.36280851487566007,-6.696341519998555,3.0,1.0,0.7525635451475262,-14828.57438904674,14829.15297191107,0.40767773404877516,0.4317993511631357,1.0,0.0,0.014647200179992166,0.014647200179992166,-3.105437307298224,-14824.004386584322,-14827.10982389162
112,9,0.36241654196830336,-6.70972830373903,3.0,1.0,0.9103267042709705,-14828.786637296133,14829.678820439216,0.11304022116564738,0.1472535667962802,2.0,0.0,0.014647200179992166,0.014647200179992166,-3.13352096870036,-14824.188085171227,-14827.321606139927
113,9,0.3550012890078478,-6.6695263463806995,3.0,1.0,0.93021666543267,-14829.960138670896,14830.200282623926,0.23489989169502223,-0.6519714597416169,2.0,0.0,0.014647200179992166,0.014647200179992166,-3.0497217116801294,-14825.43627614006,-14828.485997851742
114,9,0.3629433275794138,-6.700329013861416,3.0,1.0,1.0,-14828.767705436465,14829.967071767363,-0.22425358494547254,-1.1693856012188917,2.0,0.0,0.014647200179992166,0.014647200179992166,-3.1137837902124352,-14824.189516407303,-14827.303300197515
115,9,0.3597944732238812,-6.701522963041392,3.0,1.0,1.0,-14827.06566727456,14828.065855867217,-0.8458347162140853,-0.8458347162140853,2.0,0.0,0.014647200179992166,0.014647200179992166,-3.1162860161342167,-14822.48119292156,-14825.597478937694
116,9,0.3561549693771252,-6.681101370782218,3.0,1.0,0.7677664683969697,-14828.009706184734,14828.371528226799,0.3286654959210864,0.336234237309327,2.0,0.0,0.014647200179992166,0.014647200179992166,-3.0736836752050474,-14823.463335956405,-14826.53701963161
117,9,0.3597387808761606,-6.676503405356987,3.0,1.0,1.0,-14827.864216643873,14828.249378641014,-0.24428726010592072,-0.4322706962648226,2.0,0.0,0.014647200179992166,0.014647200179992166,-3.0641491860352312,-14823.331811307227,-14826.395960493262
118,9,0.3597387808761606,-6.676503405356987,1.0,1.0,0.5220528009928112,-14827.864216643873,14829.339118235732,0.0,0.6499865448877244,1.0,0.0,0.014647200179992166,0.014647200179992166,-3.0641491860352312,-14823.331811307227,-14826.395960493262
119,9,0.3597387808761606,-6.676503405356987,1.0,1.0,0.6063654580211567,-14827.864216643873,14828.790846774913,0.0,0.5002724086425587,1.0,0.0,0.014647200179992166,0.014647200179992166,-3.0641491860352312,-14823.331811307227,-14826.395960493262
120,9,0.35233271791793497,-6.714670582733048,3.0,1.0,0.5837214760499969,-14829.772668478106,14829.953025376806,1.0115376508547342,1.0115376508547342,2.0,0.0,0.014647200179992166,0.014647200179992166,-3.143934495138239,-14825.151176486434,-14828.295110981571
121,9,0.35854590842616724,-6.679045853033265,7.0,1.0,1.0,-14827.597541177685,14828.732994594422,-1.0649239563499577,-1.175226283230586,2.0,0.0,0.014647200179992166,0.014647200179992166,-3.0694186743857053,-14823.05840627146,-14826.127824945846
122,9,0.35814331780854813,-6.713115733590719,3.0,1.0,0.9984966304722138,-14827.194328903093,14827.624651584134,-0.07911412626890524,-0.15869191104502534,2.0,0.0,0.014647200179992166,0.014647200179992166,-3.1406557490335443,-14822.583460873768,-14825.724116622801
123,9,0.3580209350304983,-6.6887121713523925,3.0,1.0,0.9151094601542128,-14827.040508992077,14827.416777655015,-0.028406712272044388,0.1763616541884403,2.0,0.0,0.014647200179992166,0.014647200179992166,-3.0895121355925803,-14822.480633455025,-14825.570145590618
124,9,0.3589777272164897,-6.69789668968144,3.0,1.0,0.715196302609236,-14826.86522851472,14827.642764768863,-0.037277528945196536,0.5762925685103255,2.0,0.0,0.014647200179992166,0.014647200179992166,-3.108690642834967,-14822.287351862553,-14825.396042505388
125,9,0.35877488877271285,-6.6900812404566015,3.0,1.0,0.9870029229205192,-14826.977363236278,14827.031088522292,0.00920868099819927,0.03027862615454069,2.0,0.0,0.014647200179992166,0.014647200179992166,-3.092365585727171,-14822.415562816454,-14825.507928402181
126,9,0.35691898221005897,-6.706845870408114,7.0,1.0,0.9253671077493719,-14827.020497450072,14827.52254763613,0.030124649323624908,0.149241810246167,2.0,0.0,0.014647200179992166,0.014647200179992166,-3.1274588744458587,-14822.421307549073,-14825.548766423519
127,9,0.3563980597130992,-6.687531982871695,3.0,1.0,0.8263535496743094,-14827.462419960502,14827.981355792612,0.2037569117073872,0.31031452854040253,1.0,0.0,0.014647200179992166,0.014647200179992166,-3.087053859764829,-14822.902984224082,-14825.990038083846
128,9,0.36124985577524227,-6.687397035935389,3.0,1.0,0.9832016263923556,-14827.694126697672,14828.088519201057,0.05170929756059195,-0.17978825589489134,2.0,0.0,0.014647200179992166,0.014647200179992166,-3.086772860525396,-14823.14092648668,-14826.227699347206
129,9,0.35932929111571404,-6.6983129498236105,3.0,1.0,1.0,-14826.921586869043,14827.578863060422,-0.2717291101489536,-0.2717291101489536,2.0,0.0,0.014647200179992166,0.014647200179992166,-3.1095618481031715,-14822.343269286734,-14825.452831134837
130,9,0.358964585435634,-6.665348780053097,3.0,1.0,0.6277068581484212,-14829.05774272879,14829.523342343793,0.4390708590144641,0.4986830205853039,2.0,0.0,0.014647200179992166,0.014647200179992166,-3.0411064529265044,-14824.547434158034,-14827.588540610961
131,9,0.3584602483085895,-6.672919924406069,1.0,1.0,1.0,-14828.173895361355,14829.014317887346,-0.18758248870835814,-0.18758248870835814,1.0,0.0,0.014647200179992166,0.014647200179992166,-3.0567330235684818,-14823.647340699254,-14826.704073722822
132,9,0.3528089513146455,-6.697469497399403,3.0,1.0,0.532460379257005,-14829.341580384445,14831.196692787029,0.927348217494,1.3681719616852206,2.0,0.0,0.014647200179992166,0.014647200179992166,-3.1077967374707987,-14824.756841319844,-14827.864638057315
133,9,0.36274856984486875,-6.717399009613268,3.0,1.0,0.9791834540637837,-14829.657391717563,14829.89468417448,0.06448480290964653,-1.0687691917119082,2.0,0.0,0.014647200179992166,0.014647200179992166,-3.1496938348811723,-14825.043061561451,-14828.192755396332
134,9,0.35990433323676424,-6.691296602436077,3.0,1.0,1.0,-14827.115090466923,14828.64872824577,-1.2079746514082217,-1.2079746514082217,2.0,0.0,0.014647200179992166,0.014647200179992166,-3.0949002459057318,-14822.552135562679,-14825.647035808584
135,9,0.3626237490275039,-6.707820702094219,3.0,1.0,0.590860044153171,-14828.835307680101,14829.238422677186,0.9029405440232949,0.9741407783785689,1.0,0.0,0.014647200179992166,0.014647200179992166,-3.129508129645356,-14824.241014927227,-14827.370523056872
136,9,0.36056994220925265,-6.688454942823306,3.0,1.0,0.9085860895432312,-14827.38827230676,14829.52120581601,-0.8332147301935038,-0.8332147301935038,2.0,0.0,0.014647200179992166,0.014647200179992166,-3.0889762222356527,-14822.832048723807,-14825.921024946043
137,9,0.35806332333586477,-6.669541907568363,3.0,1.0,0.8211711699549622,-14828.61569885888,14829.474541693182,0.24359530456422362,0.34626321225005086,2.0,0.0,0.014647200179992166,0.014647200179992166,-3.0497538356348213,-14824.095633981213,-14827.145387816847
138,9,0.3591811313718336,-6.712559694076425,7.0,1.0,0.9807685326529371,-14827.319583580185,14828.57658611902,-0.2651948796956276,-0.2651948796956276,2.0,0.0,0.014647200179992166,0.014647200179992166,-3.139483802605069,-14822.711162865822,-14825.850646668427
139,9,0.36038739776690526,-6.6971918646911215,3.0,1.0,0.9413482805938101,-14827.210627646544,14827.82535112955,0.01867864239284245,0.10918713824139559,1.0,0.0,0.014647200179992166,0.014647200179992166,-3.107215885286396,-14822.635943445135,-14825.74315933042
140,9,0.3554916986810747,-6.710770450682144,3.0,1.0,0.9784347335215084,-14827.544463183793,14827.620353085485,0.06688345441034471,-0.08958133730629925,2.0,0.0,0.014647200179992166,0.014647200179992166,-3.135714770544506,-14822.93522745569,-14826.070942226233
141,9,0.3610321759186864,-6.684934640266261,3.0,1.0,0.6225688085469312,-14827.689305269116,14828.84471000504,0.019512764882165357,0.8644706077120645,2.0,0.0,0.014647200179992166,0.014647200179992166,-3.081648625844159,-14823.140967269195,-14826.22261589504
142,9,0.36264003637307574,-6.705831541000376,3.0,1.0,0.6276048800118816,-14828.742660612501,14829.682447353383,0.6894876009046129,0.84128994218554,1.0,0.0,0.014647200179992166,0.014647200179992166,-3.1253275974256973,-14824.15256775205,-14827.277895349474
143,9,0.3536567476176901,-6.694304441324775,3.0,1.0,1.0,-14828.727609655489,14828.753359320765,-0.009643033765314613,-0.9430927492630872,2.0,0.0,0.014647200179992166,0.014647200179992166,-3.101179501615253,-14824.150577112245,-14827.25175661386
144,9,0.35561806669578644,-6.718103988616717,3.0,1.0,0.9299067299919997,-14827.835137280095,14829.215747905828,-0.662887215077717,-0.679004249845093,2.0,0.0,0.014647200179992166,0.014647200179992166,-3.151183160350005,-14823.210592484811,-14826.36177564516
145,9,0.35997961780598736,-6.696372573713151,3.0,1.0,0.8234653784363511,-14827.07620524432,14828.162152680232,-0.15641069278353825,0.34186468147527194,2.0,0.0,0.014647200179992166,0.014647200179992166,-3.105502246418169,-14822.502739875605,-14825.608242122024
146,9,0.3592197978597152,-6.66581324606222,3.0,1.0,0.7154258384594719,-14828.988287190465,14829.629421101645,0.32106925930020225,0.5304782826824521,1.0,0.0,0.014647200179992166,0.014647200179992166,-3.042063443720509,-14824.477334139965,-14827.519397583686
147,9,0.35746968080993247,-6.7256553977126945,3.0,1.0,0.9251834884124669,-14828.11588988175,14829.572786605562,-0.16319942896552675,0.2541822240309557,2.0,0.0,0.014647200179992166,0.014647200179992166,-3.167167299776041,-14823.477676578681,-14826.644843878457
148,9,0.35746968080993247,-6.7256553977126945,1.0,1.0,0.6459898051870975,-14828.11588988175,14828.771830864689,0.0,0.4369715567681851,1.0,0.0,0.014647200179992166,0.014647200179992166,-3.167167299776041,-14823.477676578681,-14826.644843878457
149,9,0.3577604315168196,-6.724914991233488,1.0,1.0,1.0,-14828.054032272545,14828.33482654651,-0.0023917249709484167,-0.0023917249709484167,1.0,0.0,0.014647200179992166,0.014647200179992166,-3.1655975528870965,-14823.417749132097,-14826.583346684984
150,9,0.3584290703584843,-6.7301059833020895,1.0,1.0,0.8409235421357153,-14828.689341445819,14828.824334283527,0.17325453617922904,0.17325453617922904,1.0,0.0,0.014647200179992166,0.014647200179992166,-3.176614604557912,-14824.042866818963,-14827.21948142352
51,10,0.3618072921025199,-6.691719203184939,7.0,1.0,0.9936659652492131,-14827.89375748028,14829.08840463303,0.008039400185225531,-0.04947689238724706,3.0,0.0,0.0062325184666550786,0.0062325184666550786,-3.095781933787239,-14823.332217004085,-14826.427998937872
52,10,0.3570413004194655,-6.692259505840118,3.0,1.0,1.0,-14827.060060443173,14827.89133207877,-0.2582429321610107,-0.30301702883116377,2.0,0.0,0.012272901802982092,0.012272901802982092,-3.0969094477248715,-14822.491572391375,-14825.588481839099
53,10,0.3590250539663216,-6.696022790829615,3.0,1.0,1.0,-14826.879028884297,14827.073984987655,-0.056901434931205586,-0.06695717439288273,2.0,0.0,0.012272901802982092,0.012272901802982092,-3.1047708407909664,-14822.305130030209,-14825.409900871
54,10,0.3599102937374265,-6.690588538297248,3.0,1.0,0.9743602020070442,-14827.133188455742,14827.175962272555,0.055926215298313764,0.055926215298313764,2.0,0.0,0.012272901802982092,0.012272901802982092,-3.0934233852785917,-14822.571717661402,-14825.66514104668
55,10,0.35239055657229335,-6.706832411783411,3.0,1.0,0.49078109327433594,-14829.587519547325,14830.896932974765,0.8397429742453824,1.476923120811989,2.0,0.0,0.012272901802982092,0.012272901802982092,-3.1274305888721425,-14824.982606300613,-14828.110036889486
56,10,0.3621213427472312,-6.732169171155404,3.0,1.0,0.9430318136913036,-14830.860751890345,14831.171374844807,0.1874200025195023,-0.7010324707316613,2.0,0.0,0.012272901802982092,0.012272901802982092,-3.181000874656063,-14826.214367887203,-14829.39536876186
57,10,0.35955063878168797,-6.663343491869071,3.0,1.0,0.7783337343477945,-14829.334056190695,14833.561906749806,-0.7728330023601302,1.09362115598924,2.0,0.0,0.012272901802982092,0.012272901802982092,-3.036977211725194,-14824.82859350405,-14827.865570715774
58,10,0.3621255137077781,-6.687831238149071,3.0,1.0,0.7616398956872897,-14828.148372028887,14830.970456879899,0.0011182110883964924,0.5485406468324072,2.0,0.0,0.012272901802982092,0.012272901802982092,-3.0876770622988134,-14823.595316817347,-14826.682993879645
59,10,0.36053657214321333,-6.688436610563965,1.0,1.0,1.0,-14827.377305476937,14827.951254511272,-0.2469316588358197,-0.2469316588358197,1.0,0.0,0.012272901802982092,0.012272901802982092,-3.088938031087246,-14822.821079718582,-14825.91001774967
60,10,0.3605052519087613,-6.690991240580009,7.0,1.0,0.8168159183888392,-14827.30219244384,14829.691131872747,0.015543319979769876,0.44664466894937505,3.0,0.0,0.012272901802982092,0.012272901802982092,-3.0942632690941427,-14822.740603550263,-14825.834866819358
61,10,0.35812098842607465,-6.693101505933466,3.0,1.0,0.9503692178861297,-14826.88794335656,14827.863299983985,-0.11630967753080768,0.14729882114988868,2.0,0.0,0.012272901802982092,0.012272901802982092,-3.098667131609091,-14822.319036383227,-14825.417703514837
62,10,0.3617961075981236,-6.678017909673175,3.0,1.0,0.6703329414082403,-14828.409326397923,14828.892215012434,0.3198252581660199,0.4533429133862228,2.0,0.0,0.012272901802982092,0.012272901802982092,-3.067287375997889,-14823.876267091286,-14826.943554467283
63,10,0.35644701428243475,-6.718827104251377,3.0,1.0,0.6987333764608864,-14827.654808916102,14833.202972724312,-0.16837969656808127,0.687824005190123,2.0,0.0,0.012272901802982092,0.012272901802982092,-3.1527113172657995,-14823.029777005677,-14826.182488322942
64,10,0.3585477616068888,-6.716624988257345,7.0,1.0,0.9931308120056057,-14827.452901607558,14827.76584505486,-0.009266884115277207,-0.09082065219445212,3.0,0.0,0.012272901802982092,0.012272901802982092,-3.1480592242176195,-14822.835128431054,-14825.98318765527
65,10,0.3571229397859303,-6.69666932182297,7.0,1.0,1.0,-14826.936430697422,14827.39457043358,-0.07313114980206592,-0.11513561157880758,2.0,0.0,0.012272901802982092,0.012272901802982092,-3.1061228508036955,-14822.358830889078,-14825.464953739882
66,10,0.3571229397859303,-6.69666932182297,3.0,1.0,0.7038782056877667,-14826.936430697422,14827.83103901916,0.0,0.47478301915361953,1.0,0.0,0.012272901802982092,0.012272901802982092,-3.1061228508036955,-14822.358830889078,-14825.464953739882
67,10,0.3580507040873711,-6.682090235979966,3.0,1.0,0.9439118356663947,-14827.408991477838,14827.817002293701,0.0596412140494067,0.09749009472579928,2.0,0.0,0.012272901802982092,0.012272901802982092,-3.075736980233799,-14822.862927869783,-14825.938664850017
68,10,0.3581241292707533,-6.704066326922507,15.0,1.0,0.9936733047529464,-14826.862153335032,14827.48507560505,-0.09544965839086217,-0.09544965839086217,3.0,0.0,0.012272901802982092,0.012272901802982092,-3.121621038419365,-14822.27029633198,-14825.3919173704
69,10,0.35423126190727927,-6.714553372253476,3.0,1.0,0.724623886187404,-14828.314318088042,14828.643809591376,0.37983100738347275,0.37983100738347275,2.0,0.0,0.012272901802982092,0.012272901802982092,-3.143687246454226,-14823.695511714805,-14826.83919896126
70,10,0.35757442345812,-6.713374138915482,3.0,1.0,0.8660814913967716,-14827.199466470067,14829.308779091105,-0.3378865451722959,0.513755788859271,2.0,0.0,0.012272901802982092,0.012272901802982092,-3.141200486774011,-14822.587349919186,-14825.72855040596
71,10,0.35757442345812,-6.713374138915482,3.0,1.0,0.749252619721395,-14827.199466470067,14828.524272364186,0.0,0.43229093743502744,1.0,0.0,0.012272901802982092,0.012272901802982092,-3.141200486774011,-14822.587349919186,-14825.72855040596
72,10,0.3586774150985183,-6.710367629465051,3.0,1.0,0.8866274863893819,-14827.111279984232,14828.376364955655,0.007728625500021735,0.21705232477143,2.0,0.0,0.012272901802982092,0.012272901802982092,-3.134866671215638,-14822.506858757311,-14825.641725428528
73,10,0.35600009070714284,-6.724565184379317,3.0,1.0,0.925011233984816,-14828.193261685688,14828.317706628126,0.141875908626389,0.141875908626389,2.0,0.0,0.012272901802982092,0.012272901802982092,-3.164856112807546,-14823.555524585818,-14826.720380698625
74,10,0.3586235559040969,-6.706099010287133,7.0,1.0,1.0,-14826.94274155498,14828.052326204905,-0.1735537097465567,-0.18404889378871303,3.0,0.0,0.012272901802982092,0.012272901802982092,-3.1258894955899503,-14822.347231309785,-14825.473120805374
75,10,0.3587394982866718,-6.707301391936758,7.0,1.0,0.9960468959787013,-14826.99569377582,14827.013697953189,0.012648225218072184,-0.022269486717050313,3.0,0.0,0.012272901802982092,0.012272901802982092,-3.128416336716271,-14822.397799148008,-14825.526215484724
76,10,0.356556651924287,-6.691831841476772,7.0,1.0,0.9028799774130035,-14827.20782887688,14827.742622809317,0.08285860337855411,0.22000525857220055,3.0,0.0,0.012272901802982092,0.012272901802982092,-3.096016965448055,-14822.639628478108,-14825.735645443556
77,10,0.3581244471097537,-6.70993514588771,3.0,1.0,0.9665413898425227,-14827.041244064223,14827.429732831171,-0.08897153686302772,0.10577819228637964,2.0,0.0,0.012272901802982092,0.012272901802982092,-3.1339563014152945,-14822.437052190515,-14825.57100849193
78,10,0.3572748401329688,-6.712232100464858,7.0,1.0,0.9860734070695786,-14827.161811880951,14827.32251752806,0.013637786269100616,0.03843219450391189,3.0,0.0,0.012272901802982092,0.012272901802982092,-3.138793488923922,-14822.55173037872,-14825.690523867645
79,10,0.35803995153294116,-6.685399429374334,5.0,1.0,0.93721660713051,-14827.202018973241,14827.666223916556,0.015304358335924917,0.1221812854273594,2.0,0.0,0.012272901802982092,0.012272901802982092,-3.082615385724323,-14822.649063678138,-14825.731679063863
80,10,0.3580308961307863,-6.682816031920619,1.0,1.0,0.972288009596893,-14827.361661986068,14827.393659867963,0.028103212242058362,0.028103212242058362,1.0,0.0,0.012272901802982092,0.012272901802982092,-3.0772446637650175,-14822.814066226774,-14825.89131089054
81,10,0.35863834975075154,-6.674716476346906,3.0,1.0,0.8193296573898965,-14827.977446570369,14828.880938721208,0.08251921451665112,0.41834400635343627,2.0,0.0,0.012272901802982092,0.012272901802982092,-3.060449457173639,-14823.447394548435,-14826.50784400561
82,10,0.36334179524717236,-6.679943460359214,3.0,1.0,0.7044198178142195,-14829.276078077472,14829.706393140103,0.45548772395704873,0.45893908200378064,2.0,0.0,0.012272901802982092,0.012272901802982092,-3.0712806032270077,-14824.740863833556,-14827.812144436783
83,10,0.3586416018668464,-6.694339217577526,3.0,1.0,1.0,-14826.86521439426,14829.180082081457,-0.63457741280763,-0.63457741280763,2.0,0.0,0.012272901802982092,0.012272901802982092,-3.1012521544808416,-14822.294363672278,-14825.39561582676
84,10,0.3610617685412899,-6.701282898232445,3.0,1.0,0.8200816316123065,-14827.558326577133,14827.65801424595,0.2526715311760199,0.2526715311760199,1.0,0.0,0.012272901802982092,0.012272901802982092,-3.1157827844208636,-14822.975890067757,-14826.091672852179
85,10,0.35856842011514084,-6.693309371709571,3.0,1.0,0.8414852568845913,-14826.881343614918,14828.439114766265,-0.24810006728876033,0.518816969177351,2.0,0.0,0.012272901802982092,0.012272901802982092,-3.099101162677455,-14822.312553909107,-14825.411655071784
86,10,0.35982048489140234,-6.701312390123984,3.0,1.0,0.9304125841203751,-14827.069442606591,14827.219315056687,0.08019202727882657,0.09725384225021116,1.0,0.0,0.012272901802982092,0.012272901802982092,-3.1158446031845135,-14822.485441328825,-14825.601285932009
87,10,0.3598555054771643,-6.697168884600933,3.0,1.0,0.9872997436485044,-14827.041152104714,14827.170468452981,-0.01445391241213656,-0.061802133666787995,1.0,0.0,0.012272901802982092,0.012272901802982092,-3.107167810703586,-14822.465870236812,-14825.573038047516
88,10,0.357408052742752,-6.685937229025425,3.0,1.0,0.9669724959824236,-14827.266050826604,14827.703487538163,0.024957582443676074,0.06180481880619482,2.0,0.0,0.012272901802982092,0.012272901802982092,-3.083734276899839,-14822.71119404077,-14825.79492831767
89,10,0.36195339061510523,-6.70778628081217,3.0,1.0,0.710876480828925,-14828.33630470004,14829.112141692176,0.423473683598786,0.7384353086345072,2.0,0.0,0.012272901802982092,0.012272901802982092,-3.129435754311304,-14823.741285172231,-14826.870720926543
90,10,0.360396722237442,-6.7040841493807575,1.0,1.0,1.0,-14827.335149374932,14828.080296655948,-0.3447626494944416,-0.3447626494944416,1.0,0.0,0.012272901802982092,0.012272901802982092,-3.1216584460670287,-14822.746033907457,-14825.867692353524
91,10,0.3582289833163985,-6.700000673074603,3.0,1.0,1.0,-14826.81653975557,14827.186748418866,-0.17850728879966482,-0.17850728879966482,1.0,0.0,0.012272901802982092,0.012272901802982092,-3.1130959180182303,-14822.233337247955,-14825.346433165974
92,10,0.3607713770727183,-6.677608636298222,3.0,1.0,0.770431462833046,-14828.017397043695,14829.004202223874,0.18950636854424374,0.3358528880671656,2.0,0.0,0.012272901802982092,0.012272901802982092,-3.0664390983666023,-14823.483954013314,-14826.550393111682
93,10,0.35814365115083924,-6.731600585908647,7.0,1.0,0.6373313957658038,-14828.817744002465,14830.76102667576,0.09527081295163953,1.1307775016030064,3.0,0.0,0.012272901802982092,0.012272901802982092,-3.179791656057821,-14824.167740477526,-14827.347532133583
94,10,0.35885909211494316,-6.689205312239136,3.0,1.0,0.9885458983105012,-14827.012422725993,14829.07131154533,-0.27925076169049134,-0.27925076169049134,2.0,0.0,0.012272901802982092,0.012272901802982092,-3.0905397369287777,-14822.452551499324,-14825.543091236252
95,10,0.35869711838690255,-6.7005799990731845,3.0,1.0,0.9822448095525931,-14826.844797692023,14827.080819101891,-0.01789522014951217,0.027343652674971963,2.0,0.0,0.012272901802982092,0.012272901802982092,-3.114309675591326,-14822.260957669021,-14825.375267344612
96,10,0.3599278577832921,-6.699298008719597,3.0,1.0,0.941765573226935,-14827.073554537112,14827.087339441303,0.0796501730219461,0.0796501730219461,1.0,0.0,0.012272901802982092,0.012272901802982092,-3.1116242021737723,-14822.49390428551,-14825.605528487684
97,10,0.35655331799816353,-6.68983346646642,3.0,1.0,0.9778375321150014,-14827.291878431832,14827.414360272322,0.05520890138359391,0.05520890138359391,2.0,0.0,0.012272901802982092,0.012272901802982092,-3.0918490296920074,-14822.7278417998,-14825.819690829492
98,10,0.35785779550781976,-6.711778924883506,7.0,1.0,0.9396062093270748,-14827.116563616835,14827.782245234135,-0.1006777521015465,0.18642924017876794,2.0,0.0,0.012272901802982092,0.012272901802982092,-3.1378387225999376,-14822.508159805993,-14825.645998528593
99,10,0.35928685028888646,-6.689022264163004,3.0,1.0,0.8916384053404696,-14827.060782446497,14828.45952463954,-0.012668999159359373,0.18530927049687307,1.0,0.0,0.012272901802982092,0.012272901802982092,-3.0901582750616248,-14822.501816561193,-14825.591974836254
100,10,0.35900009420669393,-6.695469206298214,7.0,1.0,0.9438222591363647,-14826.880905285052,14827.836134861655,-0.020916005658364156,0.12900653883843916,3.0,0.0,0.012272901802982092,0.012272901802982092,-3.1036135303594032,-14822.308133157583,-14825.411746687943
101,10,0.3606145824833923,-6.6967031850311605,3.0,1.0,0.925238716978186,-14827.295543290897,14827.298780855952,0.14389378554733412,0.14389378554733412,2.0,0.0,0.012272901802982092,0.012272901802982092,-3.106193676247721,-14822.72215623599,-14825.828349912237
102,10,0.35453143131848003,-6.70824506105177,3.0,1.0,0.9169458638470448,-14827.95468468896,14827.995732361684,0.18045064056605042,0.18045064056605042,2.0,0.0,0.012272901802982092,0.012272901802982092,-3.130400498266727,-14823.349547154698,-14826.479947652964
103,10,0.351973669722319,-6.718139669395172,3.0,1.0,0.8443202092363992,-14830.244399258552,14830.494143892032,0.6293077267582703,0.6293077267582703,2.0,0.0,0.012272901802982092,0.012272901802982092,-3.1512585521094665,-14825.615117848025,-14828.766376400134
104,10,0.3602326050699154,-6.702426625830182,3.0,1.0,1.0,-14827.22697839837,14830.142402531308,-0.8269987009934994,-0.8269987009934994,2.0,0.0,0.012272901802982092,0.012272901802982092,-3.1181808204342345,-14822.641141632836,-14825.75932245327
105,10,0.3554103758680163,-6.718400596093908,5.0,1.0,0.9716093508696199,-14827.928436548495,14828.009410609013,0.06837775004532887,-0.08646810488608025,2.0,0.0,0.012272901802982092,0.012272901802982092,-3.1518099163026734,-14823.303003057077,-14826.45481297338
106,10,0.35860142609206563,-6.689747998658634,3.0,1.0,0.9836328375897088,-14826.982334942117,14828.103461784262,-0.19762347803953162,-0.19762347803953162,2.0,0.0,0.012272901802982092,0.012272901802982092,-3.091670861743825,-14822.421016124255,-14825.512686986
107,10,0.35905443102515555,-6.6959614282333435,3.0,1.0,0.9615863212507212,-14826.883283704301,14827.357888708195,-0.004325676816733903,0.08064631980050763,2.0,0.0,0.012272901802982092,0.012272901802982092,-3.1046425425293958,-14822.309549136775,-14825.414191679305
108,10,0.3585697961586039,-6.692972283941967,3.0,1.0,0.9704816870952843,-14826.888694861475,14827.167211229425,-0.008145915364366374,0.05980888884005253,2.0,0.0,0.012272901802982092,0.012272901802982092,-3.098397333314976,-14822.320610677352,-14825.419008010667
109,10,0.3604047336705322,-6.680371556482826,3.0,1.0,0.8686814404950791,-14827.716851613446,14827.950318130419,0.14358949404595478,0.21064404462413222,2.0,0.0,0.012272901802982092,0.012272901802982092,-3.072168897256286,-14823.17723539831,-14826.249404295568
110,10,0.3610102199948601,-6.688738696085629,3.0,1.0,0.6304895170152339,-14827.5502311093,14829.760032595672,0.03685523842978,0.9726635829229053,2.0,0.0,0.012272901802982092,0.012272901802982092,-3.08956740133971,-14822.993947878682,-14826.083515280021
111,10,0.35371194090700137,-6.712811757052052,3.0,1.0,0.9118810498021942,-14828.590425736325,14828.98789671417,0.30701012918143533,0.30701012918143533,2.0,0.0,0.012272901802982092,0.012272901802982092,-3.140015029243153,-14823.974628321048,-14827.11464335029
112,10,0.35289103613356243,-6.714040556523072,1.0,1.0,0.8145243604908683,-14829.25965477836,14829.65055967645,0.20515094286565727,0.20515094286565727,1.0,0.0,0.012272901802982092,0.012272901802982092,-3.1426056530648467,-14824.640212591437,-14827.782818244503
113,10,0.35524988980041877,-6.706367224758052,3.0,1.0,1.0,-14827.549130059764,14828.92001059903,-0.48694476343916904,-0.6243397769139847,2.0,0.0,0.012272901802982092,0.012272901802982092,-3.1264530310725003,-14822.948850743182,-14826.075303774254
114,10,0.3578661648082209,-6.715168177887913,3.0,1.0,0.9778784068372169,-14827.299043438761,14827.758107823502,-0.149435861283564,-0.149435861283564,2.0,0.0,0.012272901802982092,0.012272901802982092,-3.1449842961153127,-14822.683504407863,-14825.828488703979
115,10,0.35586816449497366,-6.6908958580432705,3.0,1.0,0.8271359109492812,-14827.506180794759,14828.309105974797,0.15302827662344498,0.41568427201127633,2.0,0.0,0.012272901802982092,0.012272901802982092,-3.094064322739688,-14822.939069670538,-14826.033133993278
116,10,0.3582047431196693,-6.710670559638809,7.0,1.0,0.9223309447864853,-14827.077346244718,14829.14053909227,-0.17693447068995738,0.277648114519252,3.0,0.0,0.012272901802982092,0.012272901802982092,-3.1355044449263305,-14822.471705311214,-14825.607209756141
117,10,0.3589501764982016,-6.705538621146431,7.0,1.0,0.895793934962099,-14826.970788142995,14827.873187547177,0.000901533165233559,0.2027357266179024,3.0,0.0,0.012272901802982092,0.012272901802982092,-3.1247123149094196,-14822.376856046521,-14825.501568361431
118,10,0.36078017657236283,-6.714095775582555,3.0,1.0,0.8490317382142382,-14828.021824023925,14828.060078139319,0.32120564291290066,0.32120564291290066,2.0,0.0,0.012272901802982092,0.012272901802982092,-3.1427221044278517,-14823.412108612072,-14826.5548307165
119,10,0.36097313586488694,-6.693809513476447,7.0,1.0,0.9468677150740222,-14827.451246369292,14829.622879074763,-0.16438076453232497,0.27852020660066046,3.0,0.0,0.012272901802982092,0.012272901802982092,-3.1001456533701788,-14822.884340192028,-14825.984485845398
120,10,0.35713547537341794,-6.675413840089335,3.0,1.0,0.9718228740991407,-14828.17585010367,14828.324281394747,0.08831918929718086,-0.13361182505286706,2.0,0.0,0.012272901802982092,0.012272901802982092,-3.061892926877908,-14823.64249582085,-14826.704388747728
121,10,0.3606260432590915,-6.68492884030413,3.0,1.0,1.0,-14827.538142213101,14828.46711907025,-0.13725098785289447,-0.1475542217522161,2.0,0.0,0.012272901802982092,0.012272901802982092,-3.081636563305903,-14822.989326127028,-14826.070962690334
122,10,0.3627152355979189,-6.690666830329417,3.0,1.0,0.8493329077139752,-14828.492872339522,14828.672131370873,0.3749345757805713,0.3749345757805713,2.0,0.0,0.012272901802982092,0.012272901802982092,-3.0935866599841386,-14823.934609768598,-14827.028196428582
123,10,0.36588452087062695,-6.686643713311918,1.0,1.0,0.36335228175155776,-14831.625701412386,14831.868282639889,1.0123824421771133,1.0123824421771133,1.0,0.0,0.012272901802982092,0.012272901802982092,-3.08520455567962,-14827.079535147199,-14830.16473970288
124,10,0.3567120745748149,-6.666047478086445,3.0,1.0,1.0,-14829.494822998535,14833.146902221979,-0.9421537183625333,-1.4086008155281888,2.0,0.0,0.012272901802982092,0.012272901802982092,-3.0425461397479947,-14824.980287651899,-14828.022833791647
125,10,0.3627488887025547,-6.695063957359057,3.0,1.0,1.0,-14828.515118495354,14830.042836219314,-0.0024704424176889006,-0.498083235375816,2.0,0.0,0.012272901802982092,0.012272901802982092,-3.102766521012253,-14823.947716031751,-14827.050482552764
126,10,0.356225779202454,-6.68424559704666,3.0,1.0,1.0,-14827.736870120743,14828.557542672606,-0.3048109109931829,-0.3122385535007197,2.0,0.0,0.012272901802982092,0.012272901802982092,-3.0802158156388515,-14823.184056564018,-14826.264272379656
127,10,0.35531989916173723,-6.720624832985152,7.0,1.0,0.7790345632403574,-14828.105878208327,14831.952410998843,0.045576696926218574,0.6253317377450003,3.0,0.0,0.012272901802982092,0.012272901802982092,-3.1565127149554026,-14823.475627669584,-14826.63214038454
128,10,0.3574947728755768,-6.699871212728231,7.0,1.0,0.9812919860113757,-14826.85424473942,14828.715958155428,-0.226922780591849,-0.226922780591849,2.0,0.0,0.012272901802982092,0.012272901802982092,-3.112824728917772,-14822.270405145575,-14825.383229874493
129,10,0.3608324698320167,-6.689422285951565,3.0,1.0,0.8270799455994698,-14827.459727431204,14827.896220291292,0.15716241827431077,0.22612374303753313,2.0,0.0,0.012272901802982092,0.012272901802982092,-3.0909919413057487,-14822.901805305615,-14825.992797246921
130,10,0.3561829787102517,-6.724147634288649,3.0,1.0,0.7201264341368393,-14828.114665358025,14831.670908868186,0.03693746448152524,0.6554035011995438,1.0,0.0,0.012272901802982092,0.012272901802982092,-3.163971246407844,-14823.478042694902,-14826.64201394131
131,10,0.35673199770467856,-6.701325368067122,3.0,1.0,0.955108768810602,-14826.989302774431,14828.87483452311,-0.14044160352204926,-0.14044160352204926,2.0,0.0,0.012272901802982092,0.012272901802982092,-3.115871806883061,-14822.401466639969,-14825.517338446853
132,10,0.3568765848639442,-6.700589228152264,1.0,1.0,1.0,-14826.956211796612,14827.021271995463,-0.009468312968238024,-0.009468312968238024,1.0,0.0,0.012272901802982092,0.012272901802982092,-3.114329014336783,-14822.37009888793,-14825.484427902267
133,10,0.3594594059291524,-6.695849865569955,3.0,1.0,1.0,-14826.950890390626,14826.982936622413,-0.006254175577851129,-0.044756307448551524,2.0,0.0,0.012272901802982092,0.012272901802982092,-3.1044092945129362,-14822.377884288846,-14825.482293583358
134,10,0.354784987641421,-6.703074360196636,3.0,1.0,0.718027687281373,-14827.768162861887,14828.323816281965,0.27229078010896046,0.44346729700373544,2.0,0.0,0.012272901802982092,0.012272901802982092,-3.1195394952854913,-14823.174208359746,-14826.29374785503
135,10,0.3553072816178367,-6.705346155306408,3.0,1.0,1.0,-14827.510365101376,14827.866531021245,-0.0999754464628495,-0.30162791514339915,2.0,0.0,0.012272901802982092,0.012272901802982092,-3.1243080842557394,-14822.912303253923,-14826.036611338179
136,10,0.3597769514379554,-6.724500705245624,3.0,1.0,0.8240250728885238,-14828.470423904897,14829.420123384167,0.15543930422973062,0.4844495746983739,2.0,0.0,0.012272901802982092,0.012272901802982092,-3.164719458132874,-14823.837494777908,-14827.002214236041
137,10,0.3584561508787578,-6.694021710882003,3.0,1.0,0.9107847577468912,-14826.864203420251,14829.14784904834,-0.35090577533992473,-0.35090577533992473,2.0,0.0,0.012272901802982092,0.012272901802982092,-3.100588879730484,-14822.293787858132,-14825.394376737862
138,10,0.35841130132720184,-6.693423545013487,15.0,1.0,0.9111827276992914,-14826.875581263792,14827.50581722014,-0.0016618860099697486,0.1662346538305428,3.0,0.0,0.012272901802982092,0.012272901802982092,-3.0993395789450973,-14822.306359782317,-14825.405699361261
139,10,0.35531015497774165,-6.699571205552804,3.0,1.0,0.6886679335585549,-14827.516465509794,14828.499522231084,0.23441828889917815,0.6627585312944575,2.0,0.0,0.012272901802982092,0.012272901802982092,-3.112196348581527,-14822.930519028,-14826.042715376581
140,10,0.35531015497774165,-6.699571205552804,1.0,1.0,0.44717964365224716,-14827.516465509794,14829.240859507532,0.0,0.804794877738459,1.0,0.0,0.012272901802982092,0.012272901802982092,-3.112196348581527,-14822.930519028,-14826.042715376581
141,10,0.3579406773355438,-6.694722683625616,3.0,1.0,0.7948020447468749,-14826.863013832168,14828.573263731147,-0.23252444076933898,0.6209964768077043,2.0,0.0,0.012272901802982092,0.012272901802982092,-3.1020533533962826,-14822.290497890037,-14825.392551243433
142,10,0.36166901142431834,-6.706345613424308,3.0,1.0,0.6113324000305531,-14828.07790992736,14829.10502664339,0.4221747158844664,0.9162416043764097,2.0,0.0,0.012272901802982092,0.012272901802982092,-3.1264076216355567,-14823.485578147936,-14826.611985769572
143,10,0.3608876139751745,-6.700237263397214,3.0,1.0,1.0,-14827.452305197712,14828.07516379561,-0.21487228180740203,-0.41706236558093224,2.0,0.0,0.012272901802982092,0.012272901802982092,-3.1135915626264747,-14822.871849985242,-14825.98544154787
144,10,0.35816229176720243,-6.685930553090193,3.0,1.0,0.9234293243385232,-14827.162557693271,14828.195053422118,-0.16861182403954444,0.26099084312227205,2.0,0.0,0.012272901802982092,0.012272901802982092,-3.08372038585611,-14822.608648442907,-14825.692368828762
145,10,0.35707697364652374,-6.6769647149586495,3.0,1.0,0.6560773264100315,-14828.038999261513,14829.407216720454,0.2073119365995808,0.8183440789925953,2.0,0.0,0.012272901802982092,0.012272901802982092,-3.065104818340842,-14823.502360263092,-14826.567465081433
146,10,0.36001958515028404,-6.725397031349981,7.0,1.0,0.9191492953258068,-14828.66759145472,14829.466443062587,0.18474910525037558,0.26784259322266735,2.0,0.0,0.012272901802982092,0.012272901802982092,-3.1666194711012894,-14824.033057432907,-14827.199676904009
147,10,0.3584621059964028,-6.707200260912123,3.0,1.0,0.7237195053307387,-14826.961260856811,14831.071800922926,-0.3824178949034831,0.6957153608873341,2.0,0.0,0.012272901802982092,0.012272901802982092,-3.128203751147239,-14822.363237753854,-14825.491441505
148,10,0.3584621059964028,-6.707200260912123,3.0,1.0,0.3674461166348089,-14826.961260856811,14829.947298819616,0.0,1.2922245454410586,1.0,0.0,0.012272901802982092,0.012272901802982092,-3.128203751147239,-14822.363237753854,-14825.491441505
149,10,0.3554735808709102,-6.704025620262456,7.0,1.0,0.8382329401139424,-14827.42501931704,14828.064217399624,0.1639283350414189,0.3470444778158708,3.0,0.0,0.012272901802982092,0.012272901802982092,-3.12153560019619,-14822.829939903155,-14825.95147550335
150,10,0.35661277657828316,-6.705233149806392,1.0,1.0,1.0,-14827.051973078098,14827.32608687792,-0.13059758208692074,-0.13059758208692074,1.0,0.0,0.012272901802982092,0.012272901802982092,-3.1240707592053263,-14822.455789051293,-14825.5798598105
51,11,0.357844702891803,-6.730024526924063,1.0,1.0,0.05457928454581538,-14828.595639640484,14829.825748325296,0.0,2.908100872145951,1.0,0.0,0.035724120685183915,0.035724120685183915,-3.1764415183018944,-14823.948616835944,-14827.125058354246
52,11,0.3575092878418858,-6.693256485046982,3.0,1.0,0.9824882711696059,-14826.94184388187,14828.51865360048,-0.3377949177629489,-0.3377949177629489,2.0,0.0,0.014983872600432966,0.014983872600432966,-3.098990729363401,-14822.371856297195,-14825.47084702656
53,11,0.36002020481384023,-6.688762757980265,3.0,1.0,0.6562385296853006,-14827.212549692316,14827.923526613815,0.06946877383597894,0.6715570738579117,2.0,0.0,0.014983872600432966,0.014983872600432966,-3.089617536235154,-14822.655018358308,-14825.744635894544
54,11,0.36002020481384023,-6.688762757980265,3.0,1.0,0.44788904760994735,-14827.212549692316,14829.8592009664,0.0,1.6729671874090855,1.0,0.0,0.014983872600432966,0.014983872600432966,-3.089617536235154,-14822.655018358308,-14825.744635894544
55,11,0.3633600724316867,-6.669891119052336,3.0,1.0,0.5701589860371964,-14830.001836462463,14830.200939525768,0.8760304732986697,0.8760304732986697,2.0,0.0,0.014983872600432966,0.014983872600432966,-3.0504747989215155,-14825.48744961618,-14828.5379244151
56,11,0.35529375673044095,-6.6906943099979825,3.0,1.0,1.0,-14827.796092188835,14830.157078710927,-0.49363820407052117,-0.49363820407052117,2.0,0.0,0.014983872600432966,0.014983872600432966,-3.0936439691182858,-14823.228677369061,-14826.322321338179
57,11,0.3616245713535597,-6.701038087729458,3.0,1.0,0.9842232677632352,-14827.859934180433,14828.131187622386,0.04848691669940308,-0.21516763081490353,2.0,0.0,0.014983872600432966,0.014983872600432966,-3.115269663979553,-14823.278687092883,-14826.393956756863
58,11,0.3584829617160094,-6.703432861231516,3.0,1.0,0.9929212425003366,-14826.865698384483,14827.400887665055,-0.52769980604171,-0.52769980604171,2.0,0.0,0.014983872600432966,0.014983872600432966,-3.1202916603645194,-14822.27561304224,-14825.395904702606
59,11,0.3621516600942706,-6.681755105070419,3.0,1.0,0.633677837069941,-14828.385291146313,14828.971040363807,0.5463378993044898,0.649279232162371,1.0,0.0,0.014983872600432966,0.014983872600432966,-3.075040996284752,-14823.844903210032,-14826.919944206316
60,11,0.36077866706976003,-6.703570876237245,3.0,1.0,0.9205361300795394,-14827.484422857926,14828.950903762405,-0.21063586113086785,-0.21063586113086785,2.0,0.0,0.014983872600432966,0.014983872600432966,-3.1205812616237347,-14822.896846466347,-14826.017427727971
61,11,0.3578002543855348,-6.664774545590455,3.0,1.0,0.2880961006618388,-14829.312651385866,14832.368536856146,0.2815305516251101,2.9200654297383153,2.0,0.0,0.014983872600432966,0.014983872600432966,-3.039923592251205,-14824.802091503236,-14827.842015095486
62,11,0.36074295107324245,-6.694621455704793,3.0,1.0,1.0,-14827.348525127429,14829.529520858718,-0.40357433694771316,-0.6439299798166758,2.0,0.0,0.014983872600432966,0.014983872600432966,-3.101841837465041,-14822.7796450308,-14825.881486868264
63,11,0.36074295107324245,-6.694621455704793,1.0,1.0,0.15712057267169874,-14827.348525127429,14829.319707669722,0.0,1.8507417895780236,1.0,0.0,0.014983872600432966,0.014983872600432966,-3.101841837465041,-14822.7796450308,-14825.881486868264
64,11,0.3540135682197832,-6.729465351290545,3.0,1.0,0.531396255279532,-14829.447748653838,14830.173078558295,0.5120088124640461,0.7812125577092957,2.0,0.0,0.014983872600432966,0.014983872600432966,-3.175253507868364,-14824.797098328834,-14827.972351836703
65,11,0.36100315461584714,-6.696011644431253,3.0,1.0,1.0,-14827.460856471174,14829.06827822466,-0.41869319575744157,-0.6099053592224664,2.0,0.0,0.014983872600432966,0.014983872600432966,-3.1047475353770366,-14822.88938459224,-14825.994132127616
66,11,0.35916308886478676,-6.685167607511736,3.0,1.0,0.980253333025133,-14827.211650915242,14827.509329319875,-0.23448981707952044,-0.28577411357400706,1.0,0.0,0.014983872600432966,0.014983872600432966,-3.0821331699771783,-14822.660558754906,-14825.742691924883
67,11,0.35916308886478676,-6.685167607511736,3.0,1.0,0.4189905765387005,-14827.211650915242,14829.772107506387,0.0,2.099987245299417,1.0,0.0,0.014983872600432966,0.014983872600432966,-3.0821331699771783,-14822.660558754906,-14825.742691924883
68,11,0.36065606765492914,-6.696315458879533,3.0,1.0,0.8824480847627028,-14827.31119874812,14827.612473508432,0.16046368717798032,0.22866438576784276,1.0,0.0,0.014983872600432966,0.014983872600432966,-3.1053828093727844,-14822.738672708674,-14825.844055518048
69,11,0.36420959104919864,-6.701963515140075,1.0,1.0,0.24212177538395668,-14829.997176514804,14830.29460835625,1.4183144753242232,1.4183144753242232,1.0,0.0,0.014983872600432966,0.014983872600432966,-3.1172096657928026,-14825.417054755915,-14828.534264421707
70,11,0.3630386545927727,-6.7112409006755565,3.0,1.0,1.0,-14829.404753473778,14831.162986888756,-0.33961202999671514,-0.33961202999671514,1.0,0.0,0.014983872600432966,0.014983872600432966,-3.1367054608367586,-14824.803755741537,-14827.940461202374
71,11,0.36089840157852593,-6.7083298533579905,1.0,1.0,1.0,-14827.73482964689,14829.016420367578,-0.8679746341385908,-0.8679746341385908,1.0,0.0,0.014983872600432966,0.014983872600432966,-3.1305788264304057,-14823.13740018285,-14826.26797900928
72,11,0.36089840157852593,-6.7083298533579905,1.0,1.0,0.10683373639657992,-14827.73482964689,14830.292036989984,0.0,2.236481518473738,1.0,0.0,0.014983872600432966,0.014983872600432966,-3.1305788264304057,-14823.13740018285,-14826.26797900928
73,11,0.35961438183284666,-6.704037293140605,1.0,1.0,1.0,-14827.071934295782,14827.538437477653,-0.3285887511265173,-0.3285887511265173,1.0,0.0,0.014983872600432966,0.014983872600432966,-3.1215600999480535,-14822.481966456933,-14825.60352655688
74,11,0.356681576858581,-6.696833355418146,3.0,1.0,1.0,-14827.036157545715,14827.072444103847,-0.011988091828243341,-0.10764739793012268,2.0,0.0,0.014983872600432966,0.014983872600432966,-3.1064659403797648,-14822.457664306059,-14825.56413024644
75,11,0.35735988951262687,-6.68549306505495,3.0,1.0,0.9457890652323612,-14827.301880716343,14827.509093678029,0.049157312907482265,0.06259510105701338,1.0,0.0,0.014983872600432966,0.014983872600432966,-3.0828101737891855,-14822.747888216249,-14825.830698390038
76,11,0.356026013829851,-6.704491425499703,7.0,1.0,0.917289899021121,-14827.21263548435,14827.941928022943,0.016807904556117137,0.1948606087225926,2.0,0.0,0.014983872600432966,0.014983872600432966,-3.122513366536958,-14822.617273691729,-14825.739787058266
77,11,0.3605544063144218,-6.699126603665955,3.0,1.0,0.4111038406647623,-14827.290608472207,14829.228769237689,0.052977135728724534,2.0130755780282925,2.0,0.0,0.014983872600432966,0.014983872600432966,-3.11126527277183,-14822.712077046917,-14825.823342319689
78,11,0.360063174182911,-6.693321769545094,3.0,1.0,1.0,-14827.12233797795,14827.368943920721,-0.11738837851589778,-0.11738837851589778,1.0,0.0,0.014983872600432966,0.014983872600432966,-3.099127051160483,-14822.555349330542,-14825.654476381702
79,11,0.35720686828178116,-6.68754898375484,3.0,1.0,0.9927943823977907,-14827.221623328043,14827.421468605662,0.02185391962120775,-0.09882100057802745,2.0,0.0,0.014983872600432966,0.014983872600432966,-3.087089261898918,-14822.663161533974,-14825.750250795872
80,11,0.35546782032261953,-6.7123281519460445,3.0,1.0,0.919224656181072,-14827.608256643362,14827.884873149227,0.1363857395372179,0.1363857395372179,2.0,0.0,0.014983872600432966,0.014983872600432966,-3.138995879954703,-14822.995709681913,-14826.134705561868
81,11,0.3619039740216071,-6.675523995333881,7.0,1.0,0.5127944553295986,-14828.641269063794,14830.238469106347,0.2292482683842536,1.8261685789784678,2.0,0.0,0.014983872600432966,0.014983872600432966,-3.062120981140985,-14824.113505219148,-14827.17562620029
82,11,0.35444367078015426,-6.716256138556288,3.0,1.0,0.777194889657166,-14828.265943167562,14829.591125063424,-0.01162626592486049,0.5743228885621647,2.0,0.0,0.014983872600432966,0.014983872600432966,-3.1472804827700585,-14823.643814033472,-14826.791094516242
83,11,0.3613705669014512,-6.7052654540153735,3.0,1.0,0.3670944112352999,-14827.851712891084,14831.564441489527,-0.012543303913844284,3.041604704792917,2.0,0.0,0.014983872600432966,0.014983872600432966,-3.1241386005999647,-14823.26129203473,-14826.38543063533
84,11,0.3654773581605935,-6.685506437704196,3.0,1.0,0.3297757461456275,-14831.152452160793,14832.221466170768,1.4893865366757382,1.743474283906835,2.0,0.0,0.014983872600432966,0.014983872600432966,-3.082837993306779,-14826.608180910272,-14829.691018903579
85,11,0.35845896695602414,-6.707089950406495,3.0,1.0,1.0,-14826.957369866346,14830.044190838174,-1.9908025766817445,-1.9908025766817445,2.0,0.0,0.014983872600432966,0.014983872600432966,-3.1279718812310318,-14822.35957476928,-14825.487546650511
86,11,0.35845896695602414,-6.707089950406495,1.0,1.0,0.13701771993612996,-14826.957369866346,14828.980066832899,0.0,1.9876450189185562,1.0,0.0,0.014983872600432966,0.014983872600432966,-3.1279718812310318,-14822.35957476928,-14825.487546650511
87,11,0.357555309785342,-6.683436284324179,3.0,1.0,0.798164746117855,-14827.392159890205,14828.480214543333,0.12418012459056627,0.3562156553289242,2.0,0.0,0.014983872600432966,0.014983872600432966,-3.0785335209512255,-14822.842686601938,-14825.92122012289
88,11,0.3559040520638186,-6.674805961794769,1.0,1.0,0.5670269586152097,-14828.746654293791,14828.864436644704,0.5673484303260921,0.5673484303260921,1.0,0.0,0.014983872600432966,0.014983872600432966,-3.060634655454128,-14824.213017960708,-14827.273652616163
89,11,0.3611845477825622,-6.705937206583637,3.0,1.0,1.0,-14827.775554650696,14828.754525391332,-0.24970872860103555,-0.4861690646484931,2.0,0.0,0.014983872600432966,0.014983872600432966,-3.1255495706156164,-14823.183499168012,-14826.309048738627
90,11,0.35958189572902005,-6.699126930321921,3.0,1.0,1.0,-14826.979725152494,14827.501797766647,-0.4074131540746748,-0.4074131540746748,2.0,0.0,0.014983872600432966,0.014983872600432966,-3.11126595677524,-14822.400011844482,-14825.511277801257
91,11,0.3579168073032168,-6.707490163098942,3.0,1.0,0.9880695398065775,-14826.947685356592,14827.113395537117,-0.057455832886262215,-0.057455832886262215,1.0,0.0,0.014983872600432966,0.014983872600432966,-3.128813176284358,-14822.348380078838,-14825.477193255123
92,11,0.3603383597033308,-6.704864769014047,3.0,1.0,0.8551967483373187,-14827.337116088092,14827.428616902223,0.23724347302413662,0.2525839072495728,1.0,0.0,0.014983872600432966,0.014983872600432966,-3.123297204198944,-14822.746291153539,-14825.869588357738
93,11,0.36018197888209136,-6.68913723326677,3.0,1.0,0.9844730416353648,-14827.245028784428,14827.734900808708,-0.1234881914624566,-0.1234881914624566,1.0,0.0,0.014983872600432966,0.014983872600432966,-3.0903978602763806,-14822.686913560728,-14825.777311421005
94,11,0.35723870474519376,-6.684296981795247,3.0,1.0,0.734119671353391,-14827.403475225387,14828.263256386374,0.05867334479080455,0.5244365486832976,2.0,0.0,0.014983872600432966,0.014983872600432966,-3.080322649726338,-14822.851819636095,-14825.932142285821
95,11,0.3569386675792079,-6.68761701112198,1.0,1.0,1.0,-14827.285203333227,14827.548199953273,-0.014676742435767665,-0.014676742435767665,1.0,0.0,0.014983872600432966,0.014983872600432966,-3.08723092295978,-14822.726265924306,-14825.813496847266
96,11,0.3551597509709038,-6.6752331345268505,1.0,1.0,0.4578143606708826,-14829.129348702878,14829.299563612227,0.7812915030808654,0.7812915030808654,1.0,0.0,0.014983872600432966,0.014983872600432966,-3.0615188386611645,-14824.593889607437,-14827.655408446099
97,11,0.3622145514430848,-6.711693565264105,7.0,1.0,0.8445746447803274,-14828.762648806223,14830.384639023152,0.008732897007575957,0.4212418289134803,2.0,0.0,0.014983872600432966,0.014983872600432966,-3.137658906922892,-14824.1597180004,-14827.297376907321
98,11,0.3528385427089411,-6.720273428009557,3.0,1.0,0.9727756589849489,-14829.57429614611,14830.477570403265,0.08520176773345156,-0.516640071538859,2.0,0.0,0.014983872600432966,0.014983872600432966,-3.1557693954095316,-14824.941622569902,-14828.097391965312
99,11,0.36350903242241656,-6.678298993450346,3.0,1.0,1.0,-14829.49284256446,14830.02447994299,-0.041175572221618495,-1.0432797093963018,2.0,0.0,0.014983872600432966,0.014983872600432966,-3.0678700593696084,-14824.961236319401,-14828.02910637877
100,11,0.3599995637487059,-6.680019087331951,1.0,1.0,1.0,-14827.642437504874,14828.775177842543,-0.8246198143588117,-0.8246198143588117,1.0,0.0,0.014983872600432966,0.014983872600432966,-3.0714375149085846,-14823.103061109638,-14826.174498624547
101,11,0.35564659442938296,-6.734487335609846,7.0,1.0,0.8353215430061743,-14829.303798576891,14829.49394620471,0.3459765581810643,0.4136474714268843,2.0,0.0,0.014983872600432966,0.014983872600432966,-3.185934295041331,-14824.644538591398,-14827.830472886439
102,11,0.3592059129403095,-6.685103237153391,7.0,1.0,0.6405297177377827,-14827.219031749823,14829.975810650525,-0.48063179592281813,1.2691133778771473,2.0,0.0,0.014983872600432966,0.014983872600432966,-3.08199928186957,-14822.668125875975,-14825.750125157843
103,11,0.35983899434687244,-6.677877230539209,1.0,1.0,0.883946781382458,-14827.768503986945,14827.7790663125,0.12335842021275312,0.12335842021275312,1.0,0.0,0.014983872600432966,0.014983872600432966,-3.066995779470587,-14823.233374059042,-14826.300369838513
104,11,0.3576486389057073,-6.701619759795606,3.0,1.0,0.9514367934992926,-14826.845283115923,14828.14054110454,-0.18990717177257466,-0.18990717177257466,1.0,0.0,0.014983872600432966,0.014983872600432966,-3.1164889409635284,-14822.257970111288,-14825.374459052251
105,11,0.3550880427117983,-6.703978919954387,3.0,1.0,0.7902252493230751,-14827.607151764547,14827.623282858303,0.3668381707411754,0.3668381707411754,2.0,0.0,0.014983872600432966,0.014983872600432966,-3.121437584091275,-14823.011683196006,-14826.133120780098
106,11,0.3600505239368018,-6.721940140448774,3.0,1.0,0.9495608645165386,-14828.328703807447,14828.64082934914,0.16407002176129026,-0.22749426341761136,2.0,0.0,0.014983872600432966,0.014983872600432966,-3.159296053258415,-14823.701530791683,-14826.86082684494
107,11,0.3614318472684011,-6.704357263688744,3.0,1.0,0.8993159685771079,-14827.851589167823,14829.088315077088,-0.0017133522014773916,0.27064704664189776,2.0,0.0,0.014983872600432966,0.014983872600432966,-3.122231726797376,-14823.263148787864,-14826.385380514661
108,11,0.3591157147369101,-6.726052779658006,3.0,1.0,0.9312868711939495,-14828.404521299464,14829.309386012701,-0.08961464942512976,0.23084738279067096,1.0,0.0,0.014983872600432966,0.014983872600432966,-3.1680100212706854,-14823.76749430037,-14826.93550432164
109,11,0.3581865513429303,-6.665158805280287,3.0,1.0,0.33772672617679556,-14829.174161597299,14832.551413951544,0.10002549183809606,3.2451042989669077,2.0,0.0,0.014983872600432966,0.014983872600432966,-3.0407150890113566,-14824.663287577187,-14827.704002666198
110,11,0.35879597085066045,-6.669429374546184,1.0,1.0,1.0,-14828.54363802267,14829.279104925057,-0.20631961772051,-0.20631961772051,1.0,0.0,0.014983872600432966,0.014983872600432966,-3.049521531977932,-14824.024707537814,-14827.074229069793
111,11,0.3618802001025687,-6.695957252275777,3.0,1.0,0.802757288631997,-14827.930553264345,14829.418236409698,0.17497729934075323,0.564233804383548,1.0,0.0,0.014983872600432966,0.014983872600432966,-3.1046338114826075,-14823.36024815286,-14826.464881964343
112,11,0.3548827126852198,-6.692837086880717,3.0,1.0,0.9935832940864837,-14827.93246013368,14828.091503471118,0.01943781394402322,-0.4431288132818736,2.0,0.0,0.014983872600432966,0.014983872600432966,-3.098115077745983,-14823.360053987115,-14826.458169064861
113,11,0.3627725630361109,-6.682722052376154,5.0,1.0,0.9331018550246707,-14828.734836350255,14828.895576884817,0.1824488287766144,-0.5713238024836755,2.0,0.0,0.014983872600432966,0.014983872600432966,-3.0770494119709353,-14824.193179105858,-14827.27022851783
114,11,0.35578709987439194,-6.67719214952624,3.0,1.0,1.0,-14828.55152491675,14829.847616669997,-0.06540648521149706,-0.6339079069384752,2.0,0.0,0.014983872600432966,0.014983872600432966,-3.0655760418969162,-14824.012800096514,-14827.078376138412
115,11,0.36227189068708765,-6.699188915271545,3.0,1.0,0.9712850837706196,-14828.232592052507,14829.31482975171,0.03726515251219098,-0.18550108600175008,2.0,0.0,0.014983872600432966,0.014983872600432966,-3.111395752499619,-14823.655992782757,-14826.767388535256
116,11,0.35400923245444893,-6.699067188105624,3.0,1.0,0.9373064023648295,-14828.309528533879,14829.007719954778,0.044332161438433104,0.15632280046156666,2.0,0.0,0.014983872600432966,0.014983872600432966,-3.1111408609430686,-14823.7229853201,-14826.834126181044
117,11,0.35814695545092906,-6.6827380418094355,3.0,1.0,0.95803133959117,-14827.354925939975,14828.461226295682,-0.6281478353685088,-0.6281478353685088,1.0,0.0,0.014983872600432966,0.014983872600432966,-3.077082630975722,-14822.80763551821,-14825.884718149186
118,11,0.3563940772207294,-6.707904762666334,3.0,1.0,0.9493310358356113,-14827.162105067091,14827.903726121696,-0.01280958620554884,0.16488277116332029,2.0,0.0,0.014983872600432966,0.014983872600432966,-3.129684883183787,-14822.560033320708,-14825.689718203892
119,11,0.36009213721568073,-6.679272737711705,3.0,1.0,0.5266859870633497,-14827.713700261667,14828.798493366196,0.08828576273663202,1.1328812349947839,2.0,0.0,0.014983872600432966,0.014983872600432966,-3.0698892307378767,-14823.17598460997,-14826.245873840708
120,11,0.35768080132347835,-6.699968209786245,3.0,1.0,0.5548516664365558,-14826.835941933927,14828.66710465111,-0.18065475332696224,1.117171699541359,2.0,0.0,0.014983872600432966,0.014983872600432966,-3.1130279134589993,-14822.252129809092,-14825.365157722552
121,11,0.35768080132347835,-6.699968209786245,1.0,1.0,0.06566106192216711,-14826.835941933927,14829.472343359565,0.0,2.723249193993979,1.0,0.0,0.014983872600432966,0.014983872600432966,-3.1130279134589993,-14822.252129809092,-14825.365157722552
122,11,0.3586608167279798,-6.693763735652098,3.0,1.0,0.7794224408813335,-14826.876338267291,14827.250376648492,0.003581742645110353,0.3996605016727699,2.0,0.0,0.014983872600432966,0.014983872600432966,-3.1000500410537213,-14822.306713273998,-14825.406763315052
123,11,0.3585093331110127,-6.704545722829785,3.0,1.0,0.9743218604717727,-14826.890888131276,14827.057813756575,0.012445662227037246,0.055982478877922404,1.0,0.0,0.014983872600432966,0.014983872600432966,-3.1226273555493482,-14822.298499546308,-14825.421126901858
124,11,0.3603642471102174,-6.699207003740482,3.0,1.0,0.8801308230452989,-14827.218131484387,14827.322330186531,0.18359012332075508,0.1850824034499965,1.0,0.0,0.014983872600432966,0.014983872600432966,-3.111433630255953,-14822.639201491847,-14825.750635122104
125,11,0.3580504226741726,-6.720817137646188,3.0,1.0,0.9136326662116758,-14827.710882937701,14828.387918940825,-0.0025469668362347875,0.216079335204995,1.0,0.0,0.014983872600432966,0.014983872600432966,-3.1569195452347723,-14823.08363641706,-14826.240555962293
126,11,0.3547597254568934,-6.7148654184464265,3.0,1.0,0.8923003400559888,-14828.033708575947,14828.300820235656,0.23758741272467887,0.23758741272467887,2.0,0.0,0.014983872600432966,0.014983872600432966,-3.144345520133388,-14823.414915994574,-14826.559261514707
127,11,0.3547597254568934,-6.7148654184464265,1.0,1.0,0.10903766287578132,-14828.033708575947,14830.533621885084,0.0,2.216061925464601,1.0,0.0,0.014983872600432966,0.014983872600432966,-3.144345520133388,-14823.414915994574,-14826.559261514707
128,11,0.3599015926906932,-6.7149688494627835,3.0,1.0,0.9687126378887377,-14827.691853998864,14828.741259791352,-0.09563484045611403,-0.18812606782194052,2.0,0.0,0.014983872600432966,0.014983872600432966,-3.144563733404472,-14823.079232273896,-14826.2237960073
129,11,0.3599015926906932,-6.7149688494627835,1.0,1.0,0.40925153659722974,-14827.691853998864,14828.839646485188,0.0,0.893425308071528,1.0,0.0,0.014983872600432966,0.014983872600432966,-3.144563733404472,-14823.079232273896,-14826.2237960073
130,11,0.3565173501965755,-6.687975753182851,3.0,1.0,0.8136309329577877,-14827.39590841139,14828.173854203322,-0.08846015184099087,0.3976045087201783,2.0,0.0,0.014983872600432966,0.014983872600432966,-3.0879780485734156,-14822.835697776116,-14825.92367582469
131,11,0.35940646979394525,-6.705464930109157,3.0,1.0,0.9871771401517958,-14827.06043794285,14827.687626776857,-0.13956302625956596,-0.13956302625956596,2.0,0.0,0.014983872600432966,0.014983872600432966,-3.1245575392959597,-14822.467218958967,-14825.591776498264
132,11,0.35687029068534637,-6.688017359314674,7.0,1.0,0.7249637862783829,-14827.283354674475,14827.869500282504,0.08276390393803013,0.6724692358184257,2.0,0.0,0.014983872600432966,0.014983872600432966,-3.088064706921942,-14822.723498223044,-14825.811562929966
133,11,0.3564521441902945,-6.706757677601674,3.0,1.0,0.971433556047549,-14827.12029230986,14827.768278559279,-0.07413938045647228,-0.07413938045647228,1.0,0.0,0.014983872600432966,0.014983872600432966,-3.127273525658009,-14822.52070461146,-14825.647978137118
134,11,0.3550402194849281,-6.691855909500744,3.0,1.0,0.7447760138383598,-14827.882807596947,14828.264156082729,0.42919641468870395,0.5390605076681823,1.0,0.0,0.014983872600432966,0.014983872600432966,-3.0960671875604358,-14823.312648887866,-14826.408716075426
135,11,0.3624713820979089,-6.687859899854501,3.0,1.0,0.9594513792310612,-14828.36787560211,14828.587962284591,0.1297054207770998,-0.4752140093860362,2.0,0.0,0.014983872600432966,0.014983872600432966,-3.0877367553271466,-14823.815172980912,-14826.90290973624
136,11,0.3617302963719003,-6.702119167010385,3.0,1.0,0.9635627668311123,-14827.954191876785,14829.037927835743,-0.07934624295558024,0.11576074381264334,1.0,0.0,0.014983872600432966,0.014983872600432966,-3.117536047709891,-14823.370805094588,-14826.488341142298
137,11,0.3582927493089439,-6.674292003458403,3.0,1.0,0.9084264408917383,-14828.048602388964,14828.969842143395,-0.3149994884934131,-0.3665255101805087,1.0,0.0,0.014983872600432966,0.014983872600432966,-3.059571080970496,-14823.519003341651,-14826.578574422621
138,11,0.36203802256275613,-6.669694276355522,1.0,1.0,0.7135537121191475,-14829.223172611804,14829.349935117567,0.3374975651240675,0.3374975651240675,1.0,0.0,0.014983872600432966,0.014983872600432966,-3.0500683930584076,-14824.707621586871,-14827.75768997993
139,11,0.36203802256275613,-6.669694276355522,1.0,1.0,0.09523169671953077,-14829.223172611804,14831.934035026414,0.0,2.3514424438653805,1.0,0.0,0.014983872600432966,0.014983872600432966,-3.0500683930584076,-14824.707621586871,-14827.75768997993
140,11,0.3547155481571079,-6.7176825839603564,3.0,1.0,0.9970384671454515,-14828.194410651182,14829.471577531762,-0.17926870111841708,-0.3511080162897997,2.0,0.0,0.014983872600432966,0.014983872600432966,-3.1502928489979385,-14823.569614669897,-14826.719907518895
141,11,0.3562312702469444,-6.696266221213753,3.0,1.0,0.9853582423233108,-14827.186072453153,14828.53501545514,-0.27133529674756574,-0.27133529674756574,2.0,0.0,0.014983872600432966,0.014983872600432966,-3.105279847472914,-14822.608201749488,-14825.71348159696
142,11,0.3593330877706002,-6.709472463686783,3.0,1.0,0.9106689280109532,-14827.197385615917,14828.077121849214,-0.0384691213912447,0.21127256557520013,2.0,0.0,0.014983872600432966,0.014983872600432966,-3.1329825711686246,-14822.595651950354,-14825.728634521523
143,11,0.3615515113714362,-6.69493729327485,3.0,1.0,0.8309332780850897,-14827.735846906,14827.885892888658,0.3013540588272008,0.3013540588272008,2.0,0.0,0.014983872600432966,0.014983872600432966,-3.1025018145535075,-14823.167280054966,-14826.26978186952
144,11,0.35988839286926455,-6.710627218455241,3.0,1.0,1.0,-14827.420350689414,14828.216465536389,-0.1872843301989633,-0.1872843301989633,1.0,0.0,0.014983872600432966,0.014983872600432966,-3.1354131909873617,-14822.816863451331,-14825.952276642318
145,11,0.36094342757407233,-6.687357224159473,3.0,1.0,0.9654426000375151,-14827.56322957483,14828.102903827685,-0.0030192159010766773,0.10944908457349811,2.0,0.0,0.014983872600432966,0.014983872600432966,-3.0866899641691283,-14823.009743271634,-14826.096433235803
146,11,0.35660389239300166,-6.723525701268713,3.0,1.0,0.7873513467192943,-14827.983882491815,14830.065029947264,-0.01018709648087679,0.44372359508452064,1.0,0.0,0.014983872600432966,0.014983872600432966,-3.1626535777645874,-14823.349104541809,-14826.511758119574
147,11,0.35888269123943883,-6.697771615366526,3.0,1.0,0.8182312180477148,-14826.854001918986,14828.193692253315,-0.21683413420214492,0.3262814067002182,2.0,0.0,0.014983872600432966,0.014983872600432966,-3.1084289043230076,-14822.2762704756,-14825.384699379923
148,11,0.3534302413324702,-6.7024941869262395,3.0,1.0,0.539317647870393,-14828.693878494752,14829.105959588533,0.9295846204204281,1.0172160465353954,2.0,0.0,0.014983872600432966,0.014983872600432966,-3.1183225156602745,-14824.099412644313,-14827.217735159973
149,11,0.35687356196870657,-6.725076603300079,3.0,1.0,0.9338214499910195,-14828.087555296152,14829.107307791941,-0.6737969858604629,-0.8099154483570601,2.0,0.0,0.014983872600432966,0.014983872600432966,-3.165940142284947,-14823.449827489385,-14826.61576763167
150,11,0.3579678356622272,-6.726314080014823,1.0,1.0,0.9487066720783525,-14828.207556543362,14828.448289562199,0.052655619743745774,0.052655619743745774,1.0,0.0,0.014983872600432966,0.014983872600432966,-3.168564242788116,-14823.568563283106,-14826.737127525894
51,12,0.35914197840385026,-6.673596693863136,3.0,1.0,0.9757832780343673,-14828.08122868533,14828.139841672159,0.04402709796340787,0.04402709796340787,2.0,0.0,0.008147682303470617,0.008147682303470617,-3.058132642444749,-14823.554111215462,-14826.612243857908
52,12,0.36015425423020786,-6.6749259026738015,3.0,1.0,0.9995547893251623,-14828.072515728545,14828.312064931444,0.001336524775979342,-0.18455042288042023,2.0,0.0,0.01338315037076183,0.01338315037076183,-3.0608828965812624,-14823.543881822718,-14826.604764719299
53,12,0.3581015555317446,-6.67757126655191,3.0,1.0,1.0,-14827.760337636797,14828.182132069609,-0.030220560018278775,-0.17746254780831805,2.0,0.0,0.01338315037076183,0.01338315037076183,-3.066361652565715,-14823.223712152101,-14826.290073804666
54,12,0.35860490520278765,-6.690267355468022,7.0,1.0,0.9994615475838903,-14826.964670189704,14827.642664681262,-0.16287074121646583,-0.16287074121646583,3.0,0.0,0.01338315037076183,0.01338315037076183,-3.092753636291282,-14822.402272874864,-14825.495026511155
55,12,0.35310499201824885,-6.6951557986837384,3.0,1.0,0.5116662364510866,-14829.158711929653,14829.879867316615,0.9444914249761496,1.2801082900405163,2.0,0.0,0.01338315037076183,0.01338315037076183,-3.1029584638420733,-14824.57919235456,-14827.682150818402
56,12,0.35595246360348176,-6.723306399274392,3.0,1.0,0.936270321472961,-14828.100530775297,14830.209877380366,-0.7093577284704224,-0.7093577284704224,1.0,0.0,0.01338315037076183,0.01338315037076183,-3.1621890422220886,-14823.465400905503,-14826.627589947726
57,12,0.35783415817357617,-6.718626320088949,3.0,1.0,0.9496710336854841,-14827.5280811794,14828.762171538981,-0.10776191257718892,-0.1812311794656125,2.0,0.0,0.01338315037076183,0.01338315037076183,-3.152286948588944,-14822.905199897525,-14826.057486846114
58,12,0.35883791434301904,-6.722881993003524,1.0,1.0,0.8718491663517429,-14828.015861547397,14828.063137760435,0.1371388444022159,0.1371388444022159,1.0,0.0,0.01338315037076183,0.01338315037076183,-3.161290181990958,-14823.385213890591,-14826.546504072583
59,12,0.3575001519127307,-6.720398988097245,1.0,1.0,1.0,-14827.657229044251,14827.99335031359,-0.12198899159193388,-0.12198899159193388,1.0,0.0,0.01338315037076183,0.01338315037076183,-3.1560349758407367,-14823.03018587784,-14826.18622085368
60,12,0.3561985261378073,-6.678730401813785,5.0,1.0,0.4352436637955598,-14828.201062035263,14831.250855255512,0.284281980839296,2.085035457967024,2.0,0.0,0.01338315037076183,0.01338315037076183,-3.068764517532222,-14823.659665601053,-14826.728430118586
61,12,0.36196959916579785,-6.691550022203913,3.0,1.0,0.9985063501539561,-14827.990894820874,14828.581362306286,0.00449101908452576,-0.3043127456166985,2.0,0.0,0.01338315037076183,0.01338315037076183,-3.0954289436886526,-14823.429901479736,-14826.525330423425
62,12,0.35537795139771355,-6.715167223262534,7.0,1.0,0.8795321773147167,-14827.765978648296,14828.912335485948,-0.18561508720449638,0.47782276883481245,2.0,0.0,0.01338315037076183,0.01338315037076183,-3.144982281858136,-14823.147331857323,-14826.29231413918
63,12,0.3601914926165451,-6.709287415636398,3.0,1.0,0.8711892631500566,-14827.463736775795,14829.683773219305,-0.0056240853355120635,0.29916493589007587,2.0,0.0,0.01338315037076183,0.01338315037076183,-3.132593191256106,-14822.863437764907,-14825.996030956163
64,12,0.3589821663649769,-6.6929036273424405,3.0,1.0,0.9854789494108241,-14826.918078908588,14827.660646137767,-0.22316436681285268,-0.22316436681285268,1.0,0.0,0.01338315037076183,0.01338315037076183,-3.09825399427931,-14822.350644345852,-14825.448898340132
65,12,0.3601364934543645,-6.6925762008322645,7.0,1.0,0.9615305531531224,-14827.15449274711,14827.161164232759,0.08830040881730383,0.08830040881730383,3.0,0.0,0.01338315037076183,0.01338315037076183,-3.0975704686084895,-14822.589149711199,-14825.686720179807
66,12,0.36108814677187134,-6.668333893472344,3.0,1.0,0.8051361901284428,-14828.97961172132,14829.56395293859,0.28016105210917885,0.33220692447866895,2.0,0.0,0.01338315037076183,0.01338315037076183,-3.0472607751447565,-14824.465728990614,-14827.512989765759
67,12,0.36108814677187134,-6.668333893472344,1.0,1.0,0.3955977497548259,-14828.97961172132,14831.277460026573,0.0,0.9273573674327054,1.0,0.0,0.01338315037076183,0.01338315037076183,-3.0472607751447565,-14824.465728990614,-14827.512989765759
68,12,0.3626188720835417,-6.669043345925105,1.0,1.0,0.7953751034597039,-14829.601423630249,14829.946605071498,0.22894144735255395,0.22894144735255395,1.0,0.0,0.01338315037076183,0.01338315037076183,-3.04872474335887,-14825.087908466086,-14828.136633209446
69,12,0.36168697650570225,-6.694111607225999,3.0,1.0,1.0,-14827.81142692319,14830.275134041553,-0.2333947411043482,-0.3549367794603313,2.0,0.0,0.01338315037076183,0.01338315037076183,-3.1007766638863976,-14823.244747628765,-14826.345524292652
70,12,0.3573048555034249,-6.711735150175034,3.0,1.0,0.9678210791711132,-14827.136611517679,14827.794132145089,-0.331913182464632,-0.3485500357346609,2.0,0.0,0.01338315037076183,0.01338315037076183,-3.1377465073746413,-14822.527614304203,-14825.665360811578
71,12,0.35672318587980956,-6.713568588735488,1.0,1.0,0.963852346113741,-14827.299073229962,14827.320250844668,0.03681716403480095,0.03681716403480095,1.0,0.0,0.01338315037076183,0.01338315037076183,-3.141610445558561,-14822.68548745343,-14825.827097898988
72,12,0.3565889302375648,-6.716244814186716,3.0,1.0,0.6731136518198463,-14827.466146949397,14828.857408009784,0.026129490599487326,0.783797716267145,2.0,0.0,0.01338315037076183,0.01338315037076183,-3.147256576116654,-14822.846747297503,-14825.994003873619
73,12,0.3589160541136753,-6.702301176087146,3.0,1.0,1.0,-14826.89191881202,14827.413749161171,-0.08878893145629263,-0.08878893145629263,2.0,0.0,0.01338315037076183,0.01338315037076183,-3.1179177280215944,-14822.304739463794,-14825.422657191815
74,12,0.3606261571412127,-6.7072551648969005,1.0,1.0,0.7688698847882023,-14827.552907754585,14827.566872327676,0.2628335243280162,0.2628335243280162,1.0,0.0,0.01338315037076183,0.01338315037076183,-3.128319162481698,-14822.95740920701,-14826.085728369493
75,12,0.3581249051896856,-6.708577439999492,3.0,1.0,0.37215936686241263,-14826.988092081881,14832.014445501904,-0.24677409493415325,3.264785526391279,2.0,0.0,0.01338315037076183,0.01338315037076183,-3.131099571318564,-14822.386757503717,-14825.517857075036
76,12,0.35703241063555013,-6.694278668838005,7.0,1.0,0.9447570204310919,-14827.003243332141,14827.40883138958,0.03707584838048206,0.1256191834436322,2.0,0.0,0.01338315037076183,0.01338315037076183,-3.101125659762408,-14822.430527995792,-14825.531653655555
77,12,0.35972032843210666,-6.715733815467561,3.0,1.0,0.832813729258523,-14827.680713983262,14827.998102130394,0.18755458691521198,0.24013999832459376,2.0,0.0,0.01338315037076183,0.01338315037076183,-3.14617795024545,-14823.066257406846,-14826.212435357093
78,12,0.35528336971747854,-6.689056693802092,7.0,1.0,0.877463799695539,-14827.886844933864,14828.498252047937,0.16335435085238714,0.39260229901992716,2.0,0.0,0.01338315037076183,0.01338315037076183,-3.0902300219292895,-14823.322830936955,-14826.413060958885
79,12,0.3609349947746086,-6.717095940262378,3.0,1.0,0.9651771418960592,-14828.335310006138,14828.389000639481,0.11033796520132455,-0.3903645937862166,2.0,0.0,0.01338315037076183,0.01338315037076183,-3.1490537289881804,-14823.719449770248,-14826.868503499236
80,12,0.35621830718896424,-6.718063295169268,3.0,1.0,0.9788427744780007,-14827.655885627913,14828.388999159286,-0.3653718593377562,-0.3653718593377562,2.0,0.0,0.01338315037076183,0.01338315037076183,-3.1510971786173227,-14823.032181338998,-14826.183278517616
81,12,0.36071042019614336,-6.70644539582662,3.0,1.0,0.5334909670361071,-14827.557035373178,14829.477903746256,0.128014322674062,1.0458805545404175,2.0,0.0,0.01338315037076183,0.01338315037076183,-3.12661728694565,-14822.963340532833,-14826.089957819779
82,12,0.35450515178709996,-6.706934672982951,3.0,1.0,0.9394429205659213,-14827.950613622457,14828.763114575828,0.11846704596609925,0.11846704596609925,2.0,0.0,0.01338315037076183,0.01338315037076183,-3.1276455126010556,-14823.348197659478,-14826.475843172078
83,12,0.35548971942273905,-6.682147135839269,7.0,1.0,0.6815740606413598,-14828.251506439085,14829.848675203473,0.09554912859130127,1.1767446426511015,2.0,0.0,0.01338315037076183,0.01338315037076183,-3.075855158311225,-14823.70212782649,-14826.7779829848
84,12,0.3574030455628819,-6.681320197450161,7.0,1.0,0.9338471019123712,-14827.575416993815,14829.461822765701,-0.2928525025017734,-0.38888174420935684,3.0,0.0,0.01338315037076183,0.01338315037076183,-3.0741379682516485,-14823.030150298962,-14826.104288267214
85,12,0.36106552072127013,-6.681018006405112,3.0,1.0,0.9553870227825628,-14827.897975935291,14828.490135111513,0.06681500045669964,-0.1327853068087279,2.0,0.0,0.01338315037076183,0.01338315037076183,-3.073510619969721,-14823.357816109845,-14826.431326729815
86,12,0.35334351638808015,-6.694743361787513,3.0,1.0,0.629657103789742,-14828.967991821493,14831.012409093779,0.632005148268945,1.0287699534710555,2.0,0.0,0.01338315037076183,0.01338315037076183,-3.102096561714913,-14824.389640636076,-14827.491737197792
87,12,0.3572028659185255,-6.6730898636088485,3.0,1.0,0.9763658852704475,-14828.405632401133,14830.272659796448,-0.49884584803112375,-0.6741431729296892,2.0,0.0,0.01338315037076183,0.01338315037076183,-3.0570844297502417,-14823.877170461037,-14826.934254890788
88,12,0.35828443850766595,-6.718644089880979,3.0,1.0,0.9457093490104603,-14827.56357441714,14829.089725475815,-0.22227342026781116,-0.22227342026781116,2.0,0.0,0.01338315037076183,0.01338315037076183,-3.1523245044227957,-14822.941211701538,-14826.09353620596
89,12,0.35619060240736056,-6.709593029716808,3.0,1.0,0.9890991024378802,-14827.265618810055,14827.683295099017,-0.022956866125241504,-0.05722213056287728,2.0,0.0,0.01338315037076183,0.01338315037076183,-3.133236285808302,-14822.659740669707,-14825.792976955516
90,12,0.3607156737450759,-6.706345460194122,3.0,1.0,0.7339661650051692,-14827.55534639747,14828.490543349772,0.17289886680919153,0.5382531178584031,2.0,0.0,0.01338315037076183,0.01338315037076183,-3.126407299672067,-14822.961867890916,-14826.088275190588
91,12,0.3607156737450759,-6.706345460194122,1.0,1.0,0.3913430764385138,-14827.55534639747,14829.158302241953,0.0,0.9381706703698001,1.0,0.0,0.01338315037076183,0.01338315037076183,-3.126407299672067,-14822.961867890916,-14826.088275190588
92,12,0.355763623027782,-6.724883095247949,3.0,1.0,0.6394964713083745,-14828.28416154497,14829.746801645286,-0.01859316300942737,0.7925313139003265,2.0,0.0,0.01338315037076183,0.01338315037076183,-3.1655299420461187,-14823.645453278768,-14826.810983220814
93,12,0.3564414845314301,-6.702041815612686,3.0,1.0,0.9736310963786842,-14827.06653564854,14828.77025529708,-0.1797678352904768,-0.1797678352904768,2.0,0.0,0.01338315037076183,0.01338315037076183,-3.117373848766926,-14822.47683428546,-14825.594208134227
94,12,0.3564414845314301,-6.702041815612686,3.0,1.0,0.3675121374884583,-14827.06653564854,14831.500551588426,0.0,1.9377908821152232,2.0,0.0,0.01338315037076183,0.01338315037076183,-3.117373848766926,-14822.47683428546,-14825.594208134227
95,12,0.3564414845314301,-6.702041815612686,3.0,1.0,0.6936280012830202,-14827.06653564854,14829.489451314923,0.0,0.49616354862700973,1.0,0.0,0.01338315037076183,0.01338315037076183,-3.117373848766926,-14822.47683428546,-14825.594208134227
96,12,0.3606025322033869,-6.68929107387609,3.0,1.0,0.9763920347681528,-14827.376191952499,14827.409929588615,0.07345699483448698,0.07345699483448698,2.0,0.0,0.01338315037076183,0.01338315037076183,-3.0907184708702036,-14822.81826553294,-14825.90898400381
97,12,0.361260236410491,-6.682588842117265,1.0,1.0,0.8944842048600544,-14827.893216894923,14828.01029434687,0.11150803425516642,0.11150803425516642,1.0,0.0,0.01338315037076183,0.01338315037076183,-3.076772669621444,-14823.350029358146,-14826.426802027767
98,12,0.36180676471654627,-6.689159194386206,3.0,1.0,0.9667228932199511,-14827.932614064199,14828.367465702819,0.10517311137482466,-0.232926704979036,2.0,0.0,0.01338315037076183,0.01338315037076183,-3.090443626766752,-14823.376411263753,-14826.46685489052
99,12,0.3576469782228559,-6.709560183328587,5.0,1.0,0.9747728845545964,-14827.025268781123,14827.735039204368,-0.3476915017054125,-0.3476915017054125,2.0,0.0,0.01338315037076183,0.01338315037076183,-3.1331671636580385,-14822.42127549576,-14825.554442659419
100,12,0.35485589122728556,-6.69648368857304,3.0,1.0,0.7648897432083226,-14827.8220614418,14828.137595604696,0.38004633664786525,0.43917264378069376,1.0,0.0,0.01338315037076183,0.01338315037076183,-3.1057346162517367,-14823.242001750732,-14826.347736366984
101,12,0.356609096485476,-6.707138087166643,7.0,1.0,1.0,-14827.090513438854,14827.721541550585,-0.3405447474324319,-0.39370729488109646,2.0,0.0,0.01338315037076183,0.01338315037076183,-3.128073061997157,-14822.490322509486,-14825.618395571482
102,12,0.3565892016321858,-6.6843232703789655,3.0,1.0,0.8309369875903775,-14827.593032757108,14827.939926347835,0.1743670074702095,0.26328057289356366,2.0,0.0,0.01338315037076183,0.01338315037076183,-3.0803773073707164,-14823.040512713238,-14826.12089002061
103,12,0.3615981458332118,-6.673143077794413,3.0,1.0,0.9085717768749836,-14828.693422555469,14829.287010120484,0.14965538590149663,0.14965538590149663,2.0,0.0,0.01338315037076183,0.01338315037076183,-3.057194473827574,-14824.170218975036,-14827.227413448863
104,12,0.35773333080462694,-6.684081518720627,3.0,1.0,0.9723273511467913,-14827.3194225576,14829.074987492482,-0.2845118182904116,-0.32964591227209894,2.0,0.0,0.01338315037076183,0.01338315037076183,-3.079874697886558,-14822.768828714588,-14825.848703412476
105,12,0.3554738111564153,-6.682859032263567,1.0,1.0,0.6848234799237901,-14828.202143132508,14828.30651429433,0.37859416747051,0.37859416747051,1.0,0.0,0.01338315037076183,0.01338315037076183,-3.0773340041734314,-14823.651265605178,-14826.728599609352
106,12,0.3578802152301524,-6.68800090290461,1.0,1.0,1.0,-14827.085669876542,14827.780720979998,-0.4345582204841776,-0.4345582204841776,1.0,0.0,0.01338315037076183,0.01338315037076183,-3.088030430870164,-14822.527102090715,-14825.615132521585
107,12,0.3578802152301524,-6.68800090290461,3.0,1.0,0.572714994855651,-14827.085669876542,14828.47171674635,0.0,0.8424836966278235,1.0,0.0,0.01338315037076183,0.01338315037076183,-3.088030430870164,-14822.527102090715,-14825.615132521585
108,12,0.3578802152301524,-6.68800090290461,3.0,1.0,0.4564294544114456,-14827.085669876542,14829.05239200247,0.0,1.2782131581661815,1.0,0.0,0.01338315037076183,0.01338315037076183,-3.088030430870164,-14822.527102090715,-14825.615132521585
109,12,0.35829720291066813,-6.719812409159157,3.0,1.0,0.9422535007511946,-14827.655392482218,14827.79667570489,0.10741944412438897,0.10741944412438897,2.0,0.0,0.01338315037076183,0.01338315037076183,-3.154794399213608,-14823.030575606384,-14826.185370005598
110,12,0.356175249715684,-6.716324874688491,3.0,1.0,1.0,-14827.563121272144,14827.808961389577,-0.00928514950828685,-0.07396872029312362,2.0,0.0,0.01338315037076183,0.01338315037076183,-3.1474255930155137,-14822.943034567554,-14826.090460160569
111,12,0.35456705884706474,-6.713616558505186,1.0,1.0,0.7895254183873474,-14828.084357583817,14828.239201949442,0.23632325025391765,0.23632325025391765,1.0,0.0,0.01338315037076183,0.01338315037076183,-3.1417115860949214,-14823.467954250647,-14826.609665836742
112,12,0.35933791427443934,-6.689363098259021,7.0,1.0,0.7525079077813872,-14827.056385721833,14829.814976453521,-0.3619572772549873,0.8318821102966467,3.0,0.0,0.01338315037076183,0.01338315037076183,-3.0908685809848624,-14822.496771944612,-14825.587640525597
113,12,0.3613008204480241,-6.690201050606596,1.0,1.0,0.790699748154355,-14827.64850454391,14827.672154798795,0.23483696841503843,0.23483696841503843,1.0,0.0,0.01338315037076183,0.01338315037076183,-3.0926153864105688,-14823.089523084514,-14826.182138470926
114,12,0.3613008204480241,-6.690201050606596,1.0,1.0,0.46341448880098496,-14827.64850454391,14829.401004630488,0.0,0.7691334011778963,1.0,0.0,0.01338315037076183,0.01338315037076183,-3.0926153864105688,-14823.089523084514,-14826.182138470926
115,12,0.3596568079639163,-6.6993026059265395,3.0,1.0,1.0,-14826.999397270072,14827.616059711814,-0.2073991273118736,-0.2073991273118736,1.0,0.0,0.01338315037076183,0.01338315037076183,-3.111633829323304,-14822.41940741852,-14825.531041247843
116,12,0.3596568079639163,-6.6993026059265395,3.0,1.0,0.6408186030237487,-14826.999397270072,14828.14498288273,0.0,0.6266985874190141,1.0,0.0,0.01338315037076183,0.01338315037076183,-3.111633829323304,-14822.41940741852,-14825.531041247843
117,12,0.35849388222317724,-6.695597221259852,3.0,1.0,0.985318593812036,-14826.84082526672,14827.075340296768,-0.07181912904889032,-0.07181912904889032,2.0,0.0,0.01338315037076183,0.01338315037076183,-3.103881128102214,-14822.267163896304,-14825.371045024405
118,12,0.3584448611904743,-6.70200337836393,3.0,1.0,0.9495500099723208,-14826.840768971726,14826.972641045915,0.0030542231470462866,0.08157904970539676,2.0,0.0,0.01338315037076183,0.01338315037076183,-3.117293251529199,-14822.253635139532,-14825.370928391061
119,12,0.3556181371001511,-6.714256246483982,3.0,1.0,0.8395698493175324,-14827.631266036753,14827.882139731693,0.19543435143168608,0.19543435143168608,2.0,0.0,0.01338315037076183,0.01338315037076183,-3.143060538493712,-14823.014843952042,-14826.157904490536
120,12,0.3581435756619121,-6.6946760875105875,3.0,1.0,0.9698864796388246,-14826.854125698059,14828.135934295193,-0.19919333102552628,-0.19919333102552628,1.0,0.0,0.01338315037076183,0.01338315037076183,-3.1019559894533435,-14822.281957746554,-14825.383913736008
121,12,0.3581435756619121,-6.6946760875105875,3.0,1.0,0.8281386334619599,-14826.854125698059,14827.427671224383,0.0,0.2551589851427707,1.0,0.0,0.01338315037076183,0.01338315037076183,-3.1019559894533435,-14822.281957746554,-14825.383913736008
122,12,0.36160945672454986,-6.705760944791986,3.0,1.0,0.7041648077155779,-14828.014556548636,14828.173104970356,0.4874534599821345,0.5298307244192983,2.0,0.0,0.01338315037076183,0.01338315037076183,-3.1251793011908338,-14823.423381702965,-14826.548561004156
123,12,0.3629289679312946,-6.707907651282989,1.0,1.0,0.6391353594518747,-14829.091966155453,14829.514244159642,0.4476390169093065,0.4476390169093065,1.0,0.0,0.01338315037076183,0.01338315037076183,-3.129690957182079,-14824.497852934459,-14827.627543891642
124,12,0.3629289679312946,-6.707907651282989,1.0,1.0,0.6929708789023636,-14829.091966155453,14830.484618937626,0.0,0.3667673024610849,1.0,0.0,0.01338315037076183,0.01338315037076183,-3.129690957182079,-14824.497852934459,-14827.627543891642
125,12,0.35292245177527365,-6.6772376995304406,3.0,1.0,0.8555776751157488,-14830.748235860718,14831.065605835183,0.5678669409080612,-0.8412152310593228,2.0,0.0,0.01338315037076183,0.01338315037076183,-3.06567042354346,-14826.205769374123,-14829.271439797667
126,12,0.35925269294262474,-6.6823000837764,3.0,1.0,1.0,-14827.382523877073,14829.545016585533,-1.4179424738558737,-1.4179424738558737,2.0,0.0,0.01338315037076183,0.01338315037076183,-3.076172839347708,-14822.837501663142,-14825.91367450249
127,12,0.35950252986135983,-6.699365790164928,3.0,1.0,0.6843864195348285,-14826.9632321713,14828.368457391947,-0.037996609245965374,0.6723287487966445,2.0,0.0,0.01338315037076183,0.01338315037076183,-3.1117661474814673,-14822.382921851662,-14825.494687999144
128,12,0.3588474296600047,-6.704016632675483,3.0,1.0,0.9697348545410754,-14826.915940635221,14827.144735343716,-0.027698323305230588,0.0682771265237534,2.0,0.0,0.01338315037076183,0.01338315037076183,-3.1215167365908183,-14822.325078099653,-14825.446594836243
129,12,0.36137539387444934,-6.714308906906551,3.0,1.0,0.5602314823505327,-14828.376018772482,14829.65720133046,0.5457165537827677,0.8916863955400913,2.0,0.0,0.01338315037076183,0.01338315037076183,-3.143171605243451,-14823.76657071044,-14826.909742315684
130,12,0.35839988311183435,-6.707860876468342,3.0,1.0,1.0,-14826.9785594067,14827.829008823297,-0.5471853562139586,-0.5486105516283715,2.0,0.0,0.01338315037076183,0.01338315037076183,-3.1295926031208294,-14822.37907083931,-14825.508663442431
131,12,0.35839988311183435,-6.707860876468342,3.0,1.0,0.4507859244281591,-14826.9785594067,14829.36597952478,0.0,1.6519846399223752,1.0,0.0,0.01338315037076183,0.01338315037076183,-3.1295926031208294,-14822.37907083931,-14825.508663442431
132,12,0.35930069180603724,-6.699728199875743,3.0,1.0,0.9517689283827543,-14826.924074927949,14827.29258202725,0.010291723940099473,0.10039146361850726,2.0,0.0,0.01338315037076183,0.01338315037076183,-3.1125251699751657,-14822.342759068431,-14825.455284238407
133,12,0.3596538700538421,-6.683008410221803,3.0,1.0,0.8316088004977967,-14827.391399635395,14828.719981783752,0.044185920431118575,0.3595015731825697,2.0,0.0,0.01338315037076183,0.01338315037076183,-3.0776443762480263,-14822.84539565625,-14825.923040032498
134,12,0.3572950427218418,-6.711245344817652,7.0,1.0,0.9822614915765927,-14827.116165443265,14827.569616915413,-0.05053029762530059,0.06934124909821548,2.0,0.0,0.01338315037076183,0.01338315037076183,-3.1367148205241526,-14822.50818772099,-14825.644902541515
135,12,0.357214780152686,-6.706214053131609,3.0,1.0,0.8655328608630675,-14826.960140593535,14827.57170121045,-0.018260230286614387,0.26820538318133913,2.0,0.0,0.01338315037076183,0.01338315037076183,-3.1261311990353664,-14822.362646702697,-14825.488777901732
136,12,0.3568748527034024,-6.679854616523091,3.0,1.0,0.7889855413135467,-14827.839761886877,14828.23109051789,0.25599017492640996,0.28194961924964446,2.0,0.0,0.01338315037076183,0.01338315037076183,-3.0710962763568412,-14823.296879555846,-14826.367975832203
137,12,0.3571577881662154,-6.709917491530085,3.0,1.0,0.9197419032238504,-14827.07804696195,14829.116430836637,-0.2084986911049782,-0.2084986911049782,2.0,0.0,0.01338315037076183,0.01338315037076183,-3.1339191432978146,-14822.472694228876,-14825.606613372174
138,12,0.360436077328822,-6.692127346494884,3.0,1.0,0.6596624777097422,-14827.257708635618,14828.201319099573,0.09592815561336465,0.6742994141459349,2.0,0.0,0.01338315037076183,0.01338315037076183,-3.0966336280999602,-14822.693665647143,-14825.790299275242
139,12,0.35660439459550347,-6.667618970369502,3.0,1.0,0.6320356179252765,-14829.316964071026,14830.28173607121,0.4956172568636248,0.7374197117496806,2.0,0.0,0.01338315037076183,0.01338315037076183,-3.045786027302853,-14824.799054299223,-14827.844840326527
140,12,0.3608610879150638,-6.7057444472818295,3.0,1.0,1.0,-14827.600512880692,14829.003042262773,-0.31596631470893044,-0.5411369864941662,2.0,0.0,0.01338315037076183,0.01338315037076183,-3.1251446468095403,-14823.008472582733,-14826.133617229543
141,12,0.3623725042964447,-6.7006249977272585,3.0,1.0,0.8057910549976192,-14828.339367307253,14828.69436445853,0.31377074936244753,0.31377074936244753,1.0,0.0,0.01338315037076183,0.01338315037076183,-3.114403967225088,-14823.759879732504,-14826.87428369973
142,12,0.3589315209341996,-6.692537679738235,3.0,1.0,1.0,-14826.920955371954,14827.8145455719,-0.6118341895835329,-0.6118341895835329,2.0,0.0,0.01338315037076183,0.01338315037076183,-3.097490060187052,-14822.35422265744,-14825.451712717626
143,12,0.35789821923897897,-6.714796716538286,3.0,1.0,0.8660102894836715,-14827.27780481686,14828.155307600826,0.06837435687884863,0.21768195764161646,1.0,0.0,0.01338315037076183,0.01338315037076183,-3.1442005824052996,-14822.663089146803,-14825.807289729208
144,12,0.35871704728734255,-6.716241903978524,1.0,1.0,0.9390910010712087,-14827.45422109489,14827.515332787283,0.06284289172072022,0.06284289172072022,1.0,0.0,0.01338315037076183,0.01338315037076183,-3.1472504324542125,-14822.837464796485,-14825.984715228939
145,12,0.35537982015878333,-6.707704622774066,3.0,1.0,0.8746710192962416,-14827.512636625805,14828.308005831479,0.09349312995436776,0.29321125802380266,2.0,0.0,0.01338315037076183,0.01338315037076183,-3.129264062140131,-14822.909710414046,-14826.038974476185
146,12,0.35824291218094284,-6.714162084081761,3.0,1.0,0.9876550695679677,-14827.260384817371,14827.585437976177,-0.14940840519011545,-0.14940840519011545,2.0,0.0,0.01338315037076183,0.01338315037076183,-3.1428619463170433,-14822.64743345925,-14825.790295405566
147,12,0.3573044329375109,-6.695998717406406,3.0,1.0,0.9629659524016944,-14826.91428572918,14827.690340234549,-0.052929636114640743,0.05973611123226874,2.0,0.0,0.01338315037076183,0.01338315037076183,-3.1047205071011064,-14822.338313990822,-14825.443034497923
148,12,0.3598628014788017,-6.704533145306405,3.0,1.0,0.8699671376187381,-14827.158141048749,14827.447062811127,0.0961212751462881,0.21498492213686404,2.0,0.0,0.01338315037076183,0.01338315037076183,-3.122600950683547,-14822.567434917977,-14825.69003586866
149,12,0.35881259174170843,-6.697402107987315,3.0,1.0,0.9786652171496955,-14826.847610555908,14827.180638273469,-0.12452928779748618,-0.12452928779748618,2.0,0.0,0.01338315037076183,0.01338315037076183,-3.1076557409209573,-14822.270566263398,-14825.37822200432
150,12,0.3587525617525373,-6.700224709075504,3.0,1.0,0.9957686310932403,-14826.847385034456,14826.875859661222,0.0020450162101042224,0.010708309979236219,1.0,0.0,0.01338315037076183,0.01338315037076183,-3.1135652605591857,-14822.264357525297,-14825.377922785856
51,13,0.362718486293288,-6.680255346345911,3.0,1.0,0.6558632697375186,-14828.81340154638,14832.367710968943,0.13629982586826372,0.6688678548380267,2.0,0.0,0.008072224098783751,0.008072224098783751,-3.0719277445732924,-14824.276801752076,-14827.348729496649
52,13,0.35407339952625216,-6.692533223532215,3.0,1.0,0.9653982450226438,-14828.486347169855,14829.658651603911,0.10959755137628235,-0.39067431890725857,2.0,0.0,0.013547135841483458,0.013547135841483458,-3.097480758457389,-14823.913545964138,-14827.011026722595
53,13,0.35403788013487447,-6.704631545166774,7.0,1.0,0.9330128305417098,-14828.233366815424,14829.174978745183,-0.14185633827401034,-0.6526397143807117,2.0,0.0,0.013547135841483458,0.013547135841483458,-3.122807532546874,-14823.635193502436,-14826.758001034983
54,13,0.3598285795513774,-6.7082032034821735,3.0,1.0,0.7719255408497235,-14827.282528617463,14829.302708181878,-0.3998865923476842,0.6911309989882284,2.0,0.0,0.013547135841483458,0.013547135841483458,-3.1303124695398057,-14822.684069325032,-14825.814381794573
55,13,0.35842544411716676,-6.719111604412191,3.0,1.0,0.9879094760357935,-14827.617268246304,14827.880660258286,-0.010598523398584803,-0.13878413977909076,2.0,0.0,0.013547135841483458,0.013547135841483458,-3.1533126934691214,-14822.994091065559,-14826.147403759027
56,13,0.3586230311452067,-6.713436463610649,1.0,1.0,1.0,-14827.262490363291,14827.602615395843,-0.06033246486003918,-0.06033246486003918,1.0,0.0,0.013547135841483458,0.013547135841483458,-3.1413318818849114,-14822.651537086716,-14825.792868968601
57,13,0.36187499704508286,-6.716051786935236,1.0,1.0,0.5061973196436631,-14828.847081823225,14828.91938721369,0.6808287259391363,0.6808287259391363,1.0,0.0,0.013547135841483458,0.013547135841483458,-3.1468490998132643,-14824.234555199158,-14827.381404298972
58,13,0.3613830018840004,-6.673118619064159,3.0,1.0,0.8211239038944926,-14828.60538737275,14831.257043925569,-0.4900299741202616,0.7692257139842695,2.0,0.0,0.013547135841483458,0.013547135841483458,-3.057143894135555,-14824.081976161333,-14827.139120055468
59,13,0.3626263308885646,-6.676585809599406,7.0,1.0,0.9508911967013847,-14828.973435591915,14829.402168630735,0.2107305104545958,-0.3462990042880847,3.0,0.0,0.013547135841483458,0.013547135841483458,-3.0643198760752,-14824.444334161757,-14827.508654037832
60,13,0.3556672774098665,-6.714770197901755,7.0,1.0,1.0,-14827.637689764395,14828.706651203604,-0.37510143617873837,-0.5512887721761217,3.0,0.0,0.013547135841483458,0.013547135841483458,-3.144144638337739,-14823.020245490576,-14826.164390128914
61,13,0.3609603875312436,-6.696343581405136,3.0,1.0,0.8532865437811833,-14827.442277430127,14828.226573497326,0.046462512407742906,0.29946815081711975,2.0,0.0,0.013547135841483458,0.013547135841483458,-3.1054416180546998,-14822.870059920391,-14825.975501538445
62,13,0.3593661626011983,-6.695547670084847,1.0,1.0,1.0,-14826.935254046264,14827.250494572532,-0.21280899362864147,-0.21280899362864147,1.0,0.0,0.013547135841483458,0.013547135841483458,-3.1037775462140136,-14822.36276581951,-14825.466543365723
63,13,0.3597698711667215,-6.712901721406921,3.0,1.0,0.8221666789580485,-14827.509763400256,14827.873436165777,0.1833906531410321,0.25804089841585665,2.0,0.0,0.013547135841483458,0.013547135841483458,-3.140204645904183,-14822.901340464698,-14826.041545110602
64,13,0.3558058840058158,-6.700164325162153,3.0,1.0,1.0,-14827.289237690196,14827.52599057799,-0.03097249987331452,-0.20244079472468002,2.0,0.0,0.013547135841483458,0.013547135841483458,-3.113438754791508,-14822.70267379297,-14825.816112547762
65,13,0.3558058840058158,-6.700164325162153,1.0,1.0,0.5028751827797727,-14827.289237690196,14828.35929712595,0.0,0.6874132852426555,1.0,0.0,0.013547135841483458,0.013547135841483458,-3.113438754791508,-14822.70267379297,-14825.816112547762
66,13,0.36100248306603533,-6.709217387574552,3.0,1.0,0.869424297886454,-14827.83480578477,14828.262627148117,0.20997174771218852,0.2203130884681741,2.0,0.0,0.013547135841483458,0.013547135841483458,-3.1324458464565814,-14823.235634785466,-14826.368080631923
67,13,0.3599293742163255,-6.710223338520847,1.0,1.0,1.0,-14827.413482682545,14827.852596319137,-0.19594295087335922,-0.19594295087335922,1.0,0.0,0.013547135841483458,0.013547135841483458,-3.1345629206987202,-14822.810895556406,-14825.945458477105
68,13,0.3562559327952767,-6.696681872939413,3.0,1.0,1.0,-14827.169096479747,14827.360293705724,-0.06431070945109241,-0.20270911885563692,2.0,0.0,0.013547135841483458,0.013547135841483458,-3.1061491015316554,-14822.590387441098,-14825.69653654263
69,13,0.3606465574191869,-6.706916690541712,3.0,1.0,0.9196671969674742,-14827.547455246724,14827.801205490805,0.1465169350431097,0.1465169350431097,2.0,0.0,0.013547135841483458,0.013547135841483458,-3.1276077179063555,-14822.952692804012,-14826.080300521919
70,13,0.35999093323854503,-6.6945370839904506,3.0,1.0,0.944126673346272,-14827.088566064389,14827.834594817783,-0.2004788342565007,-0.2004788342565007,2.0,0.0,0.013547135841483458,0.013547135841483458,-3.101665550438674,-14822.518951144739,-14825.620616695178
71,13,0.3574871948428044,-6.708800787288894,3.0,1.0,0.6617562885831768,-14827.006687220424,14828.127436255569,-0.062362397186007,0.729535214983116,2.0,0.0,0.013547135841483458,0.013547135841483458,-3.1315693865692613,-14822.40409356554,-14825.535662952108
72,13,0.3560083604035904,-6.7111610893824265,1.0,1.0,0.8918214153908067,-14827.372756044986,14827.375184018729,0.11448937340719567,0.11448937340719567,1.0,0.0,0.013547135841483458,0.013547135841483458,-3.1365373757945174,-14822.76334807011,-14825.899885445904
73,13,0.3537100629149303,-6.71010414675213,3.0,1.0,0.790818248056878,-14828.521706564232,14828.611626567761,0.4730368489417742,0.4730368489417742,2.0,0.0,0.013547135841483458,0.013547135841483458,-3.134312022793565,-14823.911609751814,-14827.045921774608
74,13,0.3551792479696698,-6.71477325178283,1.0,1.0,1.0,-14827.830914744452,14828.49614783144,-0.341971103407559,-0.341971103407559,1.0,0.0,0.013547135841483458,0.013547135841483458,-3.144151080809954,-14823.212848065925,-14826.356999146736
75,13,0.35531486375137955,-6.694581841017896,3.0,1.0,0.8832985131605987,-14827.627112026157,14828.78704056029,0.056087832170305774,0.3503529006648023,1.0,0.0,0.013547135841483458,0.013547135841483458,-3.1017590652918665,-14823.051608776173,-14826.153367841465
76,13,0.3563987587535994,-6.69472911949061,1.0,1.0,1.0,-14827.1660491831,14827.553210967571,-0.19695938245786238,-0.19695938245786238,1.0,0.0,0.013547135841483458,0.013547135841483458,-3.102066801494765,-14822.591601380213,-14825.693668181708
77,13,0.36046982337879635,-6.716136352933758,3.0,1.0,0.6607993870708538,-14828.018189223585,14828.574691115635,0.26603659917236655,0.6024276202333567,2.0,0.0,0.013547135841483458,0.013547135841483458,-3.1470276121993144,-14823.403793106696,-14826.550820718896
78,13,0.3635645645462631,-6.707985205422602,3.0,1.0,0.6798794548991293,-14829.671502976607,14830.327386083789,0.8070204010182351,0.8070204010182351,2.0,0.0,0.013547135841483458,0.013547135841483458,-3.129854036184355,-14825.077978258785,-14828.20783229497
79,13,0.36523812669004674,-6.714318214331502,1.0,1.0,0.37168854240106447,-14832.036943956859,14833.12844775931,0.9896990270099195,0.9896990270099195,1.0,0.0,0.013547135841483458,0.013547135841483458,-3.1431912359371226,-14827.43204163161,-14830.575232867546
80,13,0.35648641507366774,-6.695542246474722,3.0,1.0,0.9821817102950603,-14827.118051790398,14830.235013748334,-2.0594735896447673,-2.1353452186031063,2.0,0.0,0.013547135841483458,0.013547135841483458,-3.1037662088362348,-14822.54201429415,-14825.645780502986
81,13,0.3579017420131256,-6.696984499504849,1.0,1.0,1.0,-14826.833388322364,14826.998706125072,-0.12082132916293631,-0.12082132916293631,1.0,0.0,0.013547135841483458,0.013547135841483458,-3.106782094321465,-14822.25609549696,-14825.36287759128
82,13,0.35991980790829986,-6.705404338522947,3.0,1.0,0.8841548718946953,-14827.204037926365,14827.291107013503,0.15007131888160075,0.17590210721027688,2.0,0.0,0.013547135841483458,0.013547135841483458,-3.1244302809415756,-14822.611571806934,-14825.736002087875
83,13,0.3581038690659563,-6.6833024247665875,3.0,1.0,0.752446634590021,-14827.322084247116,14828.14067804663,-0.048635669798386516,0.5125058642806835,2.0,0.0,0.013547135841483458,0.013547135841483458,-3.078255334129936,-14822.773567937174,-14825.851823271305
84,13,0.3576906216283439,-6.6805960460175235,1.0,1.0,0.9297803438618183,-14827.572462177755,14827.637660480816,0.07280691012783791,0.07280691012783791,1.0,0.0,0.013547135841483458,0.013547135841483458,-3.0726347834441277,-14823.029055349118,-14826.101690132562
85,13,0.35936097677933604,-6.67542240147009,3.0,1.0,0.9946536444768803,-14827.918049776254,14828.034448592847,0.01616908451615018,-0.1660056990258454,2.0,0.0,0.013547135841483458,0.013547135841483458,-3.061910651058736,-14823.387422108877,-14826.449332759936
86,13,0.3556619404853342,-6.715965710557266,3.0,1.0,0.9856576065090198,-14827.699530979753,14828.110798707608,0.018285929143530666,-0.1776185768958385,2.0,0.0,0.013547135841483458,0.013547135841483458,-3.146667406475302,-14823.079557215133,-14826.226224621609
87,13,0.3571088136479889,-6.700988901628654,3.0,1.0,1.0,-14826.911005395776,14827.809298523924,-0.174834202754937,-0.174834202754937,2.0,0.0,0.013547135841483458,0.013547135841483458,-3.1151665776193025,-14822.324344277513,-14825.439510855133
88,13,0.3607342445742229,-6.694001816434282,3.0,1.0,0.6598740239615598,-14827.348396322455,14828.18317128076,0.1615107892484957,0.6714823541715305,2.0,0.0,0.013547135841483458,0.013547135841483458,-3.100547323380919,-14822.78080022433,-14825.88134754771
89,13,0.3607342445742229,-6.694001816434282,1.0,1.0,0.6246260241333198,-14827.348396322455,14828.13622863966,0.0,0.47060216972204216,1.0,0.0,0.013547135841483458,0.013547135841483458,-3.100547323380919,-14822.78080022433,-14825.88134754771
90,13,0.36043262219046,-6.7066653575187445,3.0,1.0,0.92336005125355,-14827.442835583772,14827.942497689279,0.05493297503926442,0.19415339913211938,1.0,0.0,0.013547135841483458,0.013547135841483458,-3.1270795111879983,-14822.848342528487,-14825.975422039675
91,13,0.3565850080376395,-6.684677575953037,7.0,1.0,0.9945875791887868,-14827.57060048241,14827.671458253855,-0.008315926765135373,-0.2380525258868147,2.0,0.0,0.013547135841483458,0.013547135841483458,-3.081114025664084,-14823.017338477615,-14826.09845250328
92,13,0.3554827972591275,-6.703574651708614,7.0,1.0,0.9465419473963971,-14827.418781454797,14828.408450570287,-0.00878184587782016,-0.2213682779311057,2.0,0.0,0.013547135841483458,0.013547135841483458,-3.1205891840825895,-14822.824660084183,-14825.945249268265
93,13,0.36246765961389793,-6.682880994619826,3.0,1.0,0.8513129224162069,-14828.526027264483,14828.913929285269,0.3055913275293278,0.3055913275293278,2.0,0.0,0.013547135841483458,0.013547135841483458,-3.077379635357243,-14823.983677332382,-14827.06105696774
94,13,0.35507657050736136,-6.701590743393859,3.0,1.0,1.0,-14827.615720481801,14828.366517194137,-0.21467468599985295,-0.456270173406665,2.0,0.0,0.013547135841483458,0.013547135841483458,-3.116428109961428,-14823.025246867446,-14826.141674977407
95,13,0.3601984787324851,-6.730077870092558,3.0,1.0,0.9008415843367498,-14829.298566469122,14829.446473603915,0.3530746427932172,0.3530746427932172,2.0,0.0,0.013547135841483458,0.013547135841483458,-3.176554866187777,-14824.654314259542,-14827.83086912573
96,13,0.357834816382828,-6.728893958113088,1.0,1.0,1.0,-14828.46808080388,14829.213631345277,-0.37579855926196615,-0.37579855926196615,1.0,0.0,0.013547135841483458,0.013547135841483458,-3.1740398633490856,-14823.823447421684,-14826.997487285033
97,13,0.35877507432386196,-6.724487380937186,3.0,1.0,1.0,-14828.155663009808,14828.651309071409,-0.000391292469430482,-0.2875153951899847,2.0,0.0,0.013547135841483458,0.013547135841483458,-3.1646912196081223,-14823.521537183913,-14826.686228403521
98,13,0.35835175200649855,-6.691350174403543,3.0,1.0,0.5914235695661756,-14826.92899335987,14829.303168253646,-0.28294328940683044,1.018797533812176,2.0,0.0,0.013547135841483458,0.013547135841483458,-3.0950120052372205,-14822.364026101406,-14825.459038106643
99,13,0.35764844925620554,-6.705961209203759,3.0,1.0,0.9602039394998844,-14826.913479881321,14827.080462867973,-0.0027511393836903153,0.07335243432316929,2.0,0.0,0.013547135841483458,0.013547135841483458,-3.125599994816439,-14822.317055587806,-14825.442655582623
100,13,0.3583204347538577,-6.708207743716765,3.0,1.0,0.9581942378908866,-14826.985006770727,14827.157996135968,0.018532254003730486,0.0849498097304604,2.0,0.0,0.013547135841483458,0.013547135841483458,-3.1303220178133664,-14822.384690909692,-14825.515012927506
101,13,0.36034637269101155,-6.685326608665475,3.0,1.0,0.4111788007473045,-14827.432259536577,14829.837175076358,0.11105442940061039,1.7939767423613375,2.0,0.0,0.013547135841483458,0.013547135841483458,-3.082463904607659,-14822.882277611772,-14825.96474151638
102,13,0.35711385292341946,-6.689269664354987,3.0,1.0,1.0,-14827.160033676859,14827.614182888592,-0.036001193246193,-0.10789052301151969,2.0,0.0,0.013547135841483458,0.013547135841483458,-3.0906738510692575,-14822.597871557873,-14825.688545408942
103,13,0.35943123139067323,-6.700870162165459,3.0,1.0,1.0,-14826.963480132235,14827.130049823922,-0.048933591604509274,-0.09962445574456069,2.0,0.0,0.013547135841483458,0.013547135841483458,-3.114917728279583,-14822.379931197904,-14825.494848926184
104,13,0.3595790669478368,-6.727495428119954,3.0,1.0,0.6627973449090461,-14828.718527281524,14829.583378162375,0.42837682433128066,0.4542959178579622,1.0,0.0,0.013547135841483458,0.013547135841483458,-3.1710707498997084,-14824.079005730568,-14827.250076480468
105,13,0.36273180371449676,-6.671124269028825,3.0,1.0,0.8286318795704286,-14829.471127740155,14830.546789829064,0.1351867692101223,0.2754656356864871,2.0,0.0,0.013547135841483458,0.013547135841483458,-3.0530216698210126,-14824.95344983806,-14828.00647150788
106,13,0.3554696717126335,-6.680836269064501,7.0,1.0,0.9827623260042568,-14828.375162609987,14829.645110238054,-0.12116886307558161,-0.5923936521248834,3.0,0.0,0.013547135841483458,0.013547135841483458,-3.0731333774215552,-14823.828480486918,-14826.90161386434
107,13,0.3584644159943687,-6.693195187914776,3.0,1.0,0.8850480079233384,-14826.881176940355,14830.084739702303,-0.5431230213926028,-0.5431230213926028,2.0,0.0,0.013547135841483458,0.013547135841483458,-3.09886273754014,-14822.312497694445,-14825.411360431986
108,13,0.3564234337040915,-6.719869506885721,7.0,1.0,0.9073404370342898,-14827.731151230788,14827.765450859855,0.15528315261508396,0.15528315261508396,3.0,0.0,0.013547135841483458,0.013547135841483458,-3.1549151421071215,-14823.103885979386,-14826.258801121494
109,13,0.3597862753437431,-6.701715733424305,3.0,1.0,0.8519071876686128,-14827.066847556018,14828.259090781658,-0.06262493780377554,0.31428114728987566,2.0,0.0,0.013547135841483458,0.013547135841483458,-3.1166901494419808,-14822.481959089546,-14825.598649238987
110,13,0.35841950047395355,-6.681088381077578,3.0,1.0,0.7804352993096768,-14827.448862995117,14828.075140928851,0.016197398830627208,0.40341990168417396,2.0,0.0,0.013547135841483458,0.013547135841483458,-3.07365670955647,-14822.905334479605,-14825.978991189162
111,13,0.3608478298055292,-6.678341198044429,3.0,1.0,0.8295627792260224,-14827.989953458413,14828.97952572283,0.1324281445977249,0.43200528080888034,2.0,0.0,0.013547135841483458,0.013547135841483458,-3.067957555820024,-14823.455084254058,-14826.523041809878
112,13,0.36066151168519744,-6.685720564326657,1.0,1.0,1.0,-14827.516768046846,14828.035775693214,-0.0676493018399924,-0.0676493018399924,1.0,0.0,0.013547135841483458,0.013547135841483458,-3.0832834716070483,-14822.966347924787,-14826.049631396394
113,13,0.3634598303118592,-6.68497709723928,1.0,1.0,0.52221433451507,-14829.173067080968,14829.256475232167,0.6496771728543536,0.6496771728543536,1.0,0.0,0.013547135841483458,0.013547135841483458,-3.0817369272487776,-14824.627535904818,-14827.709272832066
114,13,0.35510420764661127,-6.697898974891884,3.0,1.0,0.8987177031642397,-14827.649560351012,14829.47757566771,-0.47850285966887895,-0.47850285966887895,2.0,0.0,0.013547135841483458,0.013547135841483458,-3.108695425158041,-14823.066854398456,-14826.175549823614
115,13,0.35867068729798113,-6.6952285308778245,3.0,1.0,0.9877601638948533,-14826.853866894362,14827.412038532879,-0.34458885192543676,-0.34458885192543676,1.0,0.0,0.013547135841483458,0.013547135841483458,-3.103110475726279,-14822.281193595963,-14825.38430407169
116,13,0.3593127597428461,-6.723161264785747,3.0,1.0,0.6849780495824186,-14828.171214621781,14829.201410763158,0.35077948120306246,0.4351722188639542,2.0,0.0,0.013547135841483458,0.013547135841483458,-3.1618816381379027,-14823.540557045082,-14826.70243868322
117,13,0.36135218481631703,-6.678392878778605,7.0,1.0,1.0,-14828.179358883006,14828.24113187979,-0.0167648508977436,-0.2889012828363775,3.0,0.0,0.013547135841483458,0.013547135841483458,-3.068064700155448,-14823.644989841348,-14826.713054541504
118,13,0.35686248659724645,-6.713341702794786,3.0,1.0,0.6888579901627717,-14827.264862835029,14829.311474685906,-0.23503495261866192,0.6470592310924985,2.0,0.0,0.013547135841483458,0.013547135841483458,-3.1411321053421926,-14822.651929251278,-14825.79306135662
119,13,0.3566039633526373,-6.710310852510467,1.0,1.0,0.9981789305877261,-14827.185371676482,14827.324749353664,0.0018227295749966288,0.0018227295749966288,1.0,0.0,0.013547135841483458,0.013547135841483458,-3.1347471461278102,-14822.57850024681,-14825.713247392938
120,13,0.36009890704437014,-6.676332176689639,3.0,1.0,0.7501739499731038,-14827.940688295517,14830.160037226387,0.09405040749152249,0.593868191641377,1.0,0.0,0.013547135841483458,0.013547135841483458,-3.063794529068073,-14823.409075566145,-14826.472870095213
121,13,0.3605384115145868,-6.680784286241602,3.0,1.0,0.47621034097592596,-14827.729447902806,14831.082830367888,-0.012574799444337259,1.857550510791043,2.0,0.0,0.013547135841483458,0.013547135841483458,-3.0730254797902687,-14823.189136921063,-14826.262162400853
122,13,0.357216135205149,-6.697707122462239,3.0,1.0,1.0,-14826.906080567896,14827.625475543704,-0.1589150004892872,-0.1589150004892872,2.0,0.0,0.013547135841483458,0.013547135841483458,-3.1082939484589787,-14822.326425612911,-14825.43471956137
123,13,0.36158947180376105,-6.69864475214168,3.0,1.0,0.7938714721051615,-14827.789495262576,14827.861494398649,0.36946273918874795,0.3703264438208862,2.0,0.0,0.013547135841483458,0.013547135841483458,-3.1102564127706525,-14823.213219341884,-14826.323475754654
124,13,0.35330133223626287,-6.715675991572808,3.0,1.0,0.9104467713730058,-14828.99146679194,14829.142950728274,0.31287638157482434,0.31287638157482434,2.0,0.0,0.013547135841483458,0.013547135841483458,-3.1460559109080704,-14824.36910209666,-14827.515158007567
125,13,0.35330133223626287,-6.715675991572808,3.0,1.0,0.5997794719452312,-14828.99146679194,14831.555916155388,0.0,1.2762025213214656,1.0,0.0,0.013547135841483458,0.013547135841483458,-3.1460559109080704,-14824.36910209666,-14827.515158007567
126,13,0.35840009152121,-6.678144431197634,7.0,1.0,0.934593589266153,-14827.680382646287,14828.888158594016,-0.5592066856224847,-0.7051694878537091,2.0,0.0,0.013547135841483458,0.013547135841483458,-3.0675496438557093,-14823.142937294835,-14826.210486938691
127,13,0.35937785797443633,-6.684280356353387,1.0,1.0,1.0,-14827.281226015064,14827.621036025579,-0.08586185606509389,-0.08586185606509389,1.0,0.0,0.013547135841483458,0.013547135841483458,-3.080288083462878,-14822.73224153887,-14825.812529622333
128,13,0.3599270169701569,-6.679240335679574,3.0,1.0,0.975379791764218,-14827.68240362726,14827.695912631927,0.07673054238694021,0.07673054238694021,2.0,0.0,0.013547135841483458,0.013547135841483458,-3.069822026125298,-14823.144554529264,-14826.21437655539
129,13,0.35792154657683245,-6.71230785790808,7.0,1.0,0.8115268106226688,-14827.143160172256,14828.429970584779,-0.0977006051416538,0.5092220009428274,2.0,0.0,0.013547135841483458,0.013547135841483458,-3.1389531174168677,-14822.533720813437,-14825.672673930854
130,13,0.359161867147196,-6.6872375996634075,7.0,1.0,1.0,-14827.114742691929,14827.138974965505,-0.00483825648916536,-0.05192909154720837,3.0,0.0,0.013547135841483458,0.013547135841483458,-3.0864408907489835,-14822.559341315686,-14825.645782206435
131,13,0.35957460854505024,-6.676874437026343,3.0,1.0,0.8642612990399501,-14827.811803531926,14828.35652585816,0.12097255266053253,0.2902009396930225,2.0,0.0,0.013547135841483458,0.013547135841483458,-3.064917785089655,-14823.278429508404,-14826.343347293494
132,13,0.360154797307324,-6.681227566423922,3.0,1.0,0.732854515266664,-14827.59845571785,14829.36026685702,-0.01927194509516994,0.7083926540872199,2.0,0.0,0.013547135841483458,0.013547135841483458,-3.073945656635715,-14823.056759711108,-14826.130705367743
133,13,0.359693339546791,-6.693146029426888,7.0,1.0,0.6157007904270779,-14827.030033544825,14831.855444482891,-0.05987372832532856,0.8644515251180565,3.0,0.0,0.013547135841483458,0.013547135841483458,-3.098760094596651,-14822.462961944657,-14825.561722039254
134,13,0.35817854588721104,-6.688118408857212,3.0,1.0,0.9956082158319361,-14827.055025693384,14827.135124345308,-0.01817997550824657,-0.03517489271143859,2.0,0.0,0.013547135841483458,0.013547135841483458,-3.088275182781488,-14822.496581702395,-14825.584856885176
135,13,0.3567244619852023,-6.708519417111008,3.0,1.0,0.898637734394522,-14827.102049318244,14827.967962015357,0.0278394519827998,0.1558669055593782,1.0,0.0,0.013547135841483458,0.013547135841483458,-3.1309775272373557,-14822.499098053566,-14825.630075580802
136,13,0.3577633437522663,-6.6875235898553775,3.0,1.0,0.9144953719168996,-14827.122561495467,14828.01262307152,-0.0023031469081615796,0.14360468556878914,1.0,0.0,0.013547135841483458,0.013547135841483458,-3.08703638250351,-14822.564843131042,-14825.651879513545
137,13,0.3557376726689032,-6.718123672510118,7.0,1.0,0.8086254702938714,-14827.796178671268,14829.16789947157,0.15358795291831484,0.33076142199024616,3.0,0.0,0.013547135841483458,0.013547135841483458,-3.151224751307468,-14823.171742930437,-14826.322967681745
138,13,0.3557376726689032,-6.718123672510118,3.0,1.0,0.6352152081829535,-14827.796178671268,14831.115957324826,0.0,0.7324937339817552,2.0,0.0,0.013547135841483458,0.013547135841483458,-3.151224751307468,-14823.171742930437,-14826.322967681745
139,13,0.3561057247356912,-6.725659761551691,1.0,1.0,0.9640792355756732,-14828.264484105957,14828.376265774694,0.03658179316880705,0.03658179316880705,1.0,0.0,0.013547135841483458,0.013547135841483458,-3.167176553241622,-14823.624559204893,-14826.791735758134
140,13,0.35928743609230257,-6.726274416713373,3.0,1.0,0.9447175261043652,-14828.4811218411,14828.849015046606,0.1437093871736579,-0.1580035281167511,2.0,0.0,0.013547135841483458,0.013547135841483458,-3.1684801120050183,-14823.843834835014,-14827.012314947018
141,13,0.35774253668844463,-6.692472328200486,3.0,1.0,0.5933670351521769,-14826.93361591296,14829.540181695897,-0.3782374947095377,1.0391537288469408,2.0,0.0,0.013547135841483458,0.013547135841483458,-3.0973536496468994,-14822.365554518252,-14825.4629081679
142,13,0.35774253668844463,-6.692472328200486,3.0,1.0,0.9550557175859026,-14826.93361591296,14827.180642090645,0.0,0.08761724126088666,1.0,0.0,0.013547135841483458,0.013547135841483458,-3.0973536496468994,-14822.365554518252,-14825.4629081679
143,13,0.35973861305643645,-6.684795587140126,3.0,1.0,0.9617719398495672,-14827.310882791491,14827.41914253853,0.06477496877414524,0.06477496877414524,2.0,0.0,0.013547135841483458,0.013547135841483458,-3.081359437763054,-14822.761266998725,-14825.842626436488
144,13,0.35981606742972483,-6.723143593517077,3.0,1.0,0.5931808436214604,-14828.348476736232,14830.859758425042,0.38420430076439516,0.6780927500549296,2.0,0.0,0.013547135841483458,0.013547135841483458,-3.1618442107046443,-14823.718470474345,-14826.88031468505
145,13,0.35970513922589165,-6.719844824265648,1.0,1.0,1.0,-14828.000180296067,14828.525713107781,-0.08589913491596235,-0.08589913491596235,1.0,0.0,0.013547135841483458,0.013547135841483458,-3.1548629460918307,-14823.377020220358,-14826.53188316645
146,13,0.3545389391515416,-6.698476083533342,3.0,1.0,0.7557347778139417,-14827.966002111541,14829.047743771986,0.15559621235297527,0.4400253969888581,2.0,0.0,0.013547135841483458,0.013547135841483458,-3.109903323553538,-14823.381371296875,-14826.491274620428
147,13,0.35639441909272085,-6.6820815411223995,7.0,1.0,0.9901315558627461,-14827.830017669448,14828.19784348053,-0.15942754251409497,-0.4444451535346161,3.0,0.0,0.013547135841483458,0.013547135841483458,-3.0757189217475878,-14823.281912312572,-14826.35763123432
148,13,0.3547312143626142,-6.705267933675655,3.0,1.0,0.8135165916104808,-14827.80433456059,14828.999394250866,0.046583215582359117,0.3775123717459792,2.0,0.0,0.013547135841483458,0.013547135841483458,-3.124143808125863,-14823.205707506468,-14826.329851314593
149,13,0.3597277874936508,-6.6889977962774685,3.0,1.0,1.0,-14827.137032890245,14827.567839865287,-0.30284423406556016,-0.3786426069582376,2.0,0.0,0.013547135841483458,0.013547135841483458,-3.0901072879068416,-14822.578656061918,-14825.668763349824
150,13,0.3595916803087966,-6.723797556468222,3.0,1.0,0.6215098630435762,-14828.328133648112,14830.299979755579,0.3621039746594761,0.6133883094080375,1.0,0.0,0.013547135841483458,0.013547135841483458,-3.16322950067845,-14823.696468728276,-14826.859698228955
51,14,0.35670930542188334,-6.7197976945379265,1.0,1.0,1.5789375899750353e-7,-14827.676149777366,14829.249846346082,0.0,15.661343441497593,1.0,0.0,0.03039877292423074,0.03039877292423074,-3.154763283162515,-14823.04939382897,-14826.204157112132
52,14,0.3569903846091747,-6.712631848186696,1.0,1.0,1.0,-14827.212573066641,14827.608136337763,-0.08037422814049933,-0.08037422814049933,1.0,0.0,0.014152311365064608,0.014152311365064608,-3.1396358620231264,-14822.60129517228,-14825.740931034303
53,14,0.35810938365609557,-6.718220490714774,3.0,1.0,0.8786212052417529,-14827.515026238543,14828.14617947905,0.0653377436883602,0.28644694495596923,2.0,0.0,0.014152311365064608,0.014152311365064608,-3.1514293283574375,-14822.89334274254,-14826.044772070898
54,14,0.35869556870628344,-6.688362845128423,7.0,1.0,0.8798157162726946,-14827.037107542807,14828.709195735473,-0.12772361190218362,0.27697372107650153,2.0,0.0,0.014152311365064608,0.014152311365064608,-3.0887843607527565,-14822.478790930783,-14825.567575291536
55,14,0.35336256342007194,-6.7067548032314726,7.0,1.0,0.6850914700355124,-14828.738220728765,14828.78218484686,0.7771729174473876,0.7771729174473876,2.0,0.0,0.014152311365064608,0.014152311365064608,-3.127267484921678,-14824.134723068757,-14827.26199055368
56,14,0.3646471753842463,-6.662191520899142,7.0,1.0,0.8933395373843498,-14831.841199457738,14831.854543070805,0.5793708023720683,-0.6102301709652238,2.0,0.0,0.014152311365064608,0.014152311365064608,-3.0346069193442933,-14827.344192697634,-14830.378799616978
57,14,0.3533776157312371,-6.70686044084131,7.0,1.0,1.0,-14828.72701479495,14831.265386427258,-0.5863453623132955,-1.1902029903376388,2.0,0.0,0.014152311365064608,0.014152311365064608,-3.127489496877167,-14824.123314441344,-14827.250803938221
58,14,0.35766611916812696,-6.684297002353844,3.0,1.0,0.9350784705106993,-14827.31672768169,14829.24899274499,-0.6783285474793956,-0.6783285474793956,2.0,0.0,0.014152311365064608,0.014152311365064608,-3.080322692470269,-14822.765602586569,-14825.84592527904
59,14,0.3600626301068636,-6.6986297891492255,3.0,1.0,0.7416065761200308,-14827.108875901213,14828.107116276808,-0.004232113768011914,0.5412990872609953,2.0,0.0,0.014152311365064608,0.014152311365064608,-3.1102250882384603,-14822.530788555872,-14825.64101364411
60,14,0.35567687404369974,-6.711272192516269,3.0,1.0,0.8939063648585478,-14827.489656765863,14828.210150118435,0.08035925260810473,0.17258092149495496,2.0,0.0,0.014152311365064608,0.014152311365064608,-3.136771364155681,-14822.879597853895,-14826.01636921805
61,14,0.3571941219097278,-6.671223574843027,3.0,1.0,0.6368472462519627,-14828.625933038667,14831.060656415562,0.2232489790148975,0.6130105385764182,1.0,0.0,0.014152311365064608,0.014152311365064608,-3.0532268360041552,-14824.101317815877,-14827.154544651881
62,14,0.3504888327892925,-6.715189142216732,3.0,1.0,0.4653554429099382,-14831.794768193822,14832.706096240574,1.5365049035553966,1.709619452483821,2.0,0.0,0.014152311365064608,0.014152311365064608,-3.1450285310267754,-14827.169777979509,-14830.314806510536
63,14,0.3657963752084952,-6.694722577149194,7.0,1.0,0.9854051895163297,-14831.579008315566,14832.544987032541,0.1077674916414253,-1.6657435750967124,2.0,0.0,0.014152311365064608,0.014152311365064608,-3.102053130908214,-14827.015891531008,-14830.117944661915
64,14,0.3601954143009946,-6.688398229671163,3.0,1.0,1.0,-14827.27160145247,14829.661565202408,-2.02156278264556,-2.1404236849230074,2.0,0.0,0.014152311365064608,0.014152311365064608,-3.0888580741984732,-14822.715042316871,-14825.80390039107
65,14,0.3581398456497234,-6.6754321018340175,3.0,1.0,0.9091306139197406,-14827.954166878562,14828.49422295426,0.12214524403862015,0.17153352568857372,2.0,0.0,0.014152311365064608,0.014152311365064608,-3.061930733305696,-14823.422019579571,-14826.483950312877
66,14,0.3578199839949269,-6.714488530069007,7.0,1.0,0.6072405514327252,-14827.258156946982,14829.323023209168,-0.15749361734560807,1.1868920110809995,2.0,0.0,0.014152311365064608,0.014152311365064608,-3.143550471542801,-14822.643994602555,-14825.787545074098
67,14,0.35513861482007325,-6.698985403109042,3.0,1.0,0.7185811488059555,-14827.61168213448,14829.260795338969,0.2665000238484936,0.6169321252709778,2.0,0.0,0.014152311365064608,0.014152311365064608,-3.1109696149282997,-14823.026745526135,-14826.137715141063
68,14,0.35509901477021216,-6.735591401148597,3.0,1.0,0.4622213436044329,-14829.605904587366,14834.8452197653,0.3199586020564311,1.511044289354686,2.0,0.0,0.014152311365064608,0.014152311365064608,-3.188285810207657,-14824.943601678366,-14828.131887488573
69,14,0.35509901477021216,-6.735591401148597,1.0,1.0,0.6017579670709691,-14829.605904587366,14830.652335693172,0.0,0.5078999625711731,1.0,0.0,0.014152311365064608,0.014152311365064608,-3.188285810207657,-14824.943601678366,-14828.131887488573
70,14,0.3557905117617057,-6.750152291827939,3.0,1.0,0.9222859894909038,-14831.57329138073,14831.712693997293,0.26545367276412435,-0.5736031879041548,2.0,0.0,0.014152311365064608,0.014152311365064608,-3.2194126503912464,-14826.880734245418,-14830.10014689581
71,14,0.35649545152309964,-6.749875860169223,3.0,1.0,1.0,-14831.447890906635,14832.289727424468,-0.016105963892186992,-0.7549809641841421,2.0,0.0,0.014152311365064608,0.014152311365064608,-3.2188197476370455,-14826.756811177456,-14829.975630925093
72,14,0.35753188225880445,-6.750493575899558,3.0,1.0,0.9747071982522982,-14831.602118274144,14832.384103432378,0.07891161994120921,-0.7419315802726487,2.0,0.0,0.014152311365064608,0.014152311365064608,-3.220144756855287,-14826.911004691972,-14830.131149448827
73,14,0.35664950380389365,-6.6853108415319635,3.0,1.0,1.0,-14827.50726504596,14831.366112137805,-0.6849319163593464,-0.6849319163593464,2.0,0.0,0.014152311365064608,0.014152311365064608,-3.0824311066279186,-14822.952766569722,-14826.03519767635
74,14,0.35664950380389365,-6.6853108415319635,1.0,1.0,0.5788669559831908,-14827.50726504596,14828.490957188456,0.0,0.5466826102256164,1.0,0.0,0.014152311365064608,0.014152311365064608,-3.0824311066279186,-14822.952766569722,-14826.03519767635
75,14,0.3555135537259023,-6.7160610873008215,3.0,1.0,0.9544386217339477,-14827.758125345752,14828.193850565242,0.01852343574319093,0.1259388076614414,2.0,0.0,0.014152311365064608,0.014152311365064608,-3.1468687318271087,-14823.137763222616,-14826.284631954442
76,14,0.35942985855088483,-6.6936089841710595,3.0,1.0,0.5818901140036863,-14826.969251726954,14828.954288859086,-0.203963844844111,1.0179712976769224,2.0,0.0,0.014152311365064608,0.014152311365064608,-3.0997268400826337,-14822.40089200449,-14825.500618844573
77,14,0.3572651556358416,-6.724596077464399,3.0,1.0,0.2833587121600248,-14828.018337642949,14832.746057642473,0.20030193359707482,4.2110176823862275,2.0,0.0,0.014152311365064608,0.014152311365064608,-3.164921587934745,-14823.382116002518,-14826.547037590453
78,14,0.3581375166801481,-6.693804755863685,7.0,1.0,1.0,-14826.871313647442,14827.808736474364,-0.21032419901530375,-0.21300686218273768,2.0,0.0,0.014152311365064608,0.014152311365064608,-3.1001357164443757,-14822.30095849079,-14825.401094207235
79,14,0.3554620535011443,-6.71157262990929,3.0,1.0,0.8094018062526471,-14827.583184423169,14827.960719425662,0.24138940234843176,0.2417929530965921,2.0,0.0,0.014152311365064608,0.014152311365064608,-3.1374041610832735,-14822.972221904529,-14826.109626065612
80,14,0.3547343114301322,-6.713697975191662,1.0,1.0,0.862923307143038,-14827.998184732178,14828.196695710076,0.1474294595846004,0.1474294595846004,1.0,0.0,0.014152311365064608,0.014152311365064608,-3.1418832521265228,-14823.381822165094,-14826.523705417221
81,14,0.3547343114301322,-6.713697975191662,1.0,1.0,0.42612205828949,-14827.998184732178,14829.613233213424,0.0,0.8530294519459858,1.0,0.0,0.014152311365064608,0.014152311365064608,-3.1418832521265228,-14823.381822165094,-14826.523705417221
82,14,0.3613692556357232,-6.697861767841867,3.0,1.0,0.9911259517306221,-14827.656479741283,14828.367115851695,-0.014906819784300751,-0.07178623181425792,2.0,0.0,0.014152311365064608,0.014152311365064608,-3.1086175615855027,-14823.081578348594,-14826.19019591018
83,14,0.35959515053984226,-6.712457283496687,3.0,1.0,0.9543047292581525,-14827.42656007957,14828.162693745977,-0.16936507255559263,-0.17193748442150536,1.0,0.0,0.014152311365064608,0.014152311365064608,-3.1392679888677746,-14822.818860903179,-14825.958128892047
84,14,0.3602698899901687,-6.712841324434552,3.0,1.0,0.9504480855515522,-14827.697116583506,14827.90418205087,0.12890877559948422,0.12890877559948422,2.0,0.0,0.014152311365064608,0.014152311365064608,-3.1400773471247736,-14823.089428507705,-14826.22950585483
85,14,0.3548745117316958,-6.7189883039531715,3.0,1.0,0.9423805085775135,-14828.19158928003,14828.895018654628,0.043987088231006055,0.13906069426411705,2.0,0.0,0.014152311365064608,0.014152311365064608,-3.15305205112339,-14823.564235763173,-14826.717287814297
86,14,0.3598837098324535,-6.698949068470593,3.0,1.0,0.7377828271301152,-14827.057480646074,14828.735648019501,-0.2677808575426752,0.5533738818612619,2.0,0.0,0.014152311365064608,0.014152311365064608,-3.1108935375695093,-14822.478507364796,-14825.589400902365
87,14,0.35921652392118214,-6.691072137126634,3.0,1.0,0.9134227656538622,-14826.98873864757,14828.016444044348,-0.07597522212927288,0.21965958699911425,2.0,0.0,0.014152311365064608,0.014152311365064608,-3.0944320080864625,-14822.425413027924,-14825.519845036011
88,14,0.35983583344005576,-6.668867713132059,3.0,1.0,0.5459103717389728,-14828.642015337053,14829.829994018472,0.31743382458262204,0.9922177204225591,2.0,0.0,0.014152311365064608,0.014152311365064608,-3.0483622749747368,-14824.125515067044,-14827.173877342018
89,14,0.3571327538176997,-6.720591428420598,7.0,1.0,0.9792820344224344,-14827.687684539253,14828.848981081717,-0.16808069262879144,-0.32676815016384353,3.0,0.0,0.014152311365064608,0.014152311365064608,-3.156442049672019,-14823.05977774657,-14826.216219796243
90,14,0.35751149139136973,-6.719724855214468,3.0,1.0,0.9158860449537363,-14827.60549956152,14828.688184878163,-0.012501603343480383,0.2908094444374001,2.0,0.0,0.014152311365064608,0.014152311365064608,-3.15460925777821,-14822.979896182324,-14826.1345054401
91,14,0.3602105913042693,-6.723892817820129,1.0,1.0,0.6574398912510148,-14828.595666716647,14828.69391928246,0.41940193925984204,0.41940193925984204,1.0,0.0,0.014152311365064608,0.014152311365064608,-3.163431328523312,-14823.964552739715,-14827.127984068238
92,14,0.35847996717768416,-6.721526208516447,3.0,1.0,1.0,-14827.823724789789,14828.44404277579,-0.33939836710669624,-0.5188747426545888,2.0,0.0,0.014152311365064608,0.014152311365064608,-3.1584199402506936,-14823.195507482153,-14826.353927422404
93,14,0.3588315016152294,-6.7127829625802855,3.0,1.0,1.0,-14827.259358321273,14827.790669501035,-0.10217347880461602,-0.165555041981861,2.0,0.0,0.014152311365064608,0.014152311365064608,-3.1399543412320026,-14822.650038635924,-14825.789992977156
94,14,0.36071381005220954,-6.723366395494067,1.0,1.0,0.5715477254708992,-14828.798271696895,14828.851099084399,0.5594072900985338,0.5594072900985338,1.0,0.0,0.014152311365064608,0.014152311365064608,-3.1623161241874156,-14824.168882114434,-14827.331198238622
95,14,0.36102689066795646,-6.726715279467048,1.0,1.0,0.831480571667278,-14829.353933228445,14829.955496932977,0.18454734602528333,0.18454734602528333,1.0,0.0,0.014152311365064608,0.014152311365064608,-3.1694153250369914,-14824.717822161458,-14827.887237486495
96,14,0.36104741992408773,-6.678958344000949,7.0,1.0,0.9478267764477624,-14828.019250158117,14829.153288007554,-0.5768074491843436,-0.8258451839774352,2.0,0.0,0.014152311365064608,0.014152311365064608,-3.0692371953618545,-14823.483341953668,-14826.552579149029
97,14,0.3576972379130598,-6.678378606978368,3.0,1.0,1.0,-14827.754372737129,14828.175933849143,-0.05978250046064204,-0.14038694460214174,2.0,0.0,0.014152311365064608,0.014152311365064608,-3.0680351116371725,-14823.215573776526,-14826.283608888163
98,14,0.3570303890556433,-6.717585329066157,7.0,1.0,1.0,-14827.483770968523,14827.667911724855,-0.11053550082397123,-0.22876395326238708,2.0,0.0,0.014152311365064608,0.014152311365064608,-3.1500874015574363,-14822.862091372323,-14826.01217877388
99,14,0.3574555223920612,-6.722122273622658,3.0,1.0,0.9166565848483984,-14827.796944471658,14828.58536799549,0.0575103812461748,0.21584814602829283,2.0,0.0,0.014152311365064608,0.014152311365064608,-3.159681603874848,-14823.166199291547,-14826.325880895422
100,14,0.35808049250520774,-6.701468078881151,3.0,1.0,0.8798869315309719,-14826.825511253082,14828.022765671716,-0.184171860688366,0.2574799773410632,2.0,0.0,0.014152311365064608,0.014152311365064608,-3.116170961078614,-14822.239050452663,-14825.355221413742
101,14,0.36040948869203904,-6.727140764648191,3.0,1.0,0.5758251935761912,-14829.051019900104,14829.551887571422,0.7173452939296112,0.7173452939296112,2.0,0.0,0.014152311365064608,0.014152311365064608,-3.1703181015542135,-14824.413260239693,-14827.583578341248
102,14,0.35439740073697046,-6.707109993086013,3.0,1.0,1.0,-14828.017504928754,14829.202891020803,-0.21649384233569435,-0.5563074896654143,2.0,0.0,0.014152311365064608,0.014152311365064608,-3.1280140095360984,-14823.41458338876,-14826.542597398296
103,14,0.36074587710930983,-6.696839192836675,3.0,1.0,1.0,-14827.350053795475,14828.090607220993,-0.2577284867857088,-0.2577284867857088,2.0,0.0,0.014152311365064608,0.014152311365064608,-3.1064781503101444,-14822.776540919851,-14825.883019070161
104,14,0.3599733903278075,-6.6908966506226095,3.0,1.0,0.9834012293659442,-14827.141791879023,14827.392716774513,-0.13504746987382532,-0.19259204230911564,1.0,0.0,0.014152311365064608,0.014152311365064608,-3.0940659758430766,-14822.57975521128,-14825.673821187123
105,14,0.3599733903278075,-6.6908966506226095,1.0,1.0,0.9579079754425116,-14827.141791879023,14827.375833994445,0.0,0.0430035646622855,1.0,0.0,0.014152311365064608,0.014152311365064608,-3.0940659758430766,-14822.57975521128,-14825.673821187123
106,14,0.35684345688715335,-6.694076653747645,3.0,1.0,0.9632830871085017,-14827.053648950838,14827.35477450085,0.0018894899858423742,0.061094399252397125,2.0,0.0,0.014152311365064608,0.014152311365064608,-3.1007036487285218,-14822.481120085657,-14825.581823734385
107,14,0.35684345688715335,-6.694076653747645,1.0,1.0,0.9692187402186128,-14827.053648950838,14827.190710739544,0.0,0.03126495446667832,1.0,0.0,0.014152311365064608,0.014152311365064608,-3.1007036487285218,-14822.481120085657,-14825.581823734385
108,14,0.3586751073733908,-6.713185499876781,3.0,1.0,0.8583633352528861,-14827.25599534641,14827.6218615587,0.00786890636663884,0.2594828454693925,2.0,0.0,0.014152311365064608,0.014152311365064608,-3.1408028149992893,-14822.645635140078,-14825.786437955077
109,14,0.3572118838908925,-6.686328184974166,3.0,1.0,0.8557905757687778,-14827.286483438314,14827.81610712725,0.035282247972645564,0.23917866119154496,2.0,0.0,0.014152311365064608,0.014152311365064608,-3.0845478415765353,-14822.730569302792,-14825.815117144368
110,14,0.35833316069434107,-6.68935983306183,1.0,1.0,1.0,-14826.997289281859,14827.18996869286,-0.11442245394391648,-0.11442245394391648,1.0,0.0,0.014152311365064608,0.014152311365064608,-3.090861775689351,-14822.436449345418,-14825.527311121106
111,14,0.3576996599661518,-6.710629959703104,3.0,1.0,0.9269697413279978,-14827.066452754705,14827.29042513462,0.01026519561855821,0.13946421141190513,2.0,0.0,0.014152311365064608,0.014152311365064608,-3.135418962570709,-14822.460272943486,-14825.595691906057
112,14,0.35717837167180083,-6.707831305771388,3.0,1.0,0.7619066602020306,-14827.006812597745,14827.800458963513,-0.0020628658530768007,0.49610563029818877,2.0,0.0,0.014152311365064608,0.014152311365064608,-3.1295304255288476,-14822.405874192144,-14825.535404617673
113,14,0.3557098817963031,-6.698105151987578,3.0,1.0,0.8703324331787569,-14827.35419171096,14827.54646992819,0.20486549626366468,0.2278541253581352,2.0,0.0,0.014152311365064608,0.014152311365064608,-3.10912691915631,-14822.77181881244,-14825.880945731597
114,14,0.3589149027478891,-6.721685477163296,3.0,1.0,0.6890501858394799,-14827.924604903026,14828.995521566703,0.019876158832630608,0.6892970689423237,2.0,0.0,0.014152311365064608,0.014152311365064608,-3.158757022093905,-14823.296584848791,-14826.455341870886
115,14,0.3582993992246995,-6.704321843378481,3.0,1.0,1.0,-14826.87253019777,14827.853998134513,-0.26700518638790527,-0.26700518638790527,2.0,0.0,0.014152311365064608,0.014152311365064608,-3.1221573735670836,-14822.28035305479,-14825.402510428357
116,14,0.359341465272482,-6.681157221811224,3.0,1.0,0.5970975824532845,-14827.464873719779,14828.325506279525,0.11181113626116712,0.8214781494534691,2.0,0.0,0.014152311365064608,0.014152311365064608,-3.0737996196575326,-14822.92233324318,-14825.996132862836
117,14,0.3606257653154673,-6.68175489469639,1.0,1.0,0.9099357925316409,-14827.698871900015,14827.807389249896,0.09438123961808742,0.09438123961808742,1.0,0.0,0.014152311365064608,0.014152311365064608,-3.0750405594252377,-14823.15665148181,-14826.231692041234
118,14,0.3551048026716726,-6.684592262746166,3.0,1.0,0.7613993711670591,-14828.279967062135,14828.807231259363,0.3987456222257606,0.48933046667298186,2.0,0.0,0.014152311365064608,0.014152311365064608,-3.080936619859105,-14823.725020667844,-14826.805957287703
119,14,0.35518465796776527,-6.685555108948715,1.0,1.0,1.0,-14828.162767175958,14828.793113633445,-0.045019661885817186,-0.045019661885817186,1.0,0.0,0.014152311365064608,0.014152311365064608,-3.0829392470456134,-14823.605919172858,-14826.688858419904
120,14,0.35620457284496393,-6.7028607519436285,3.0,1.0,0.9758895376199009,-14827.141171183777,14828.127557872396,-0.4378232937906432,-0.4378232937906432,2.0,0.0,0.014152311365064608,0.014152311365064608,-3.1190913884541045,-14822.549455461933,-14825.668546850387
121,14,0.35845771182886255,-6.70481115062055,3.0,1.0,0.40567583361161913,-14826.893039755434,14829.81462788624,-0.12418961309231236,2.294436036450861,2.0,0.0,0.014152311365064608,0.014152311365064608,-3.1231846233860345,-14822.300030371178,-14825.423214994564
122,14,0.3574350391838982,-6.722505971502096,3.0,1.0,0.37488977293128317,-14827.829595597626,14830.124507852604,0.1777845122251165,2.0487738655756402,2.0,0.0,0.014152311365064608,0.014152311365064608,-3.160493947513776,-14823.19801264718,-14826.358506594695
123,14,0.35660905957921185,-6.693040745819518,3.0,1.0,0.3617899877708708,-14827.149519762292,14831.720443864446,-0.018507464201320545,3.1950924824777758,2.0,0.0,0.014152311365064608,0.014152311365064608,-3.098540270510071,-14822.578861578279,-14825.677401848789
124,14,0.3564308659436069,-6.703063060099163,3.0,1.0,0.9825497262090804,-14827.074380278893,14827.37268438575,-0.03970017632491363,0.05377090995716571,1.0,0.0,0.014152311365064608,0.014152311365064608,-3.1195157888276803,-14822.482523684424,-14825.602039473251
125,14,0.3562595122886675,-6.702763678436734,1.0,1.0,0.9768524829507658,-14827.123364887586,14827.227150832658,0.023419628154442762,0.023419628154442762,1.0,0.0,0.014152311365064608,0.014152311365064608,-3.1188877629861214,-14822.531921674521,-14825.650809437508
126,14,0.3575870530375376,-6.682490078685895,3.0,1.0,0.8985462955900893,-14827.451099046744,14828.14363742424,0.03652255110682745,0.19975315386727743,1.0,0.0,0.014152311365064608,0.014152311365064608,-3.07656750150368,-14822.903631141247,-14825.980198642752
127,14,0.35605856933942004,-6.693550273215385,3.0,1.0,0.947136817758631,-14827.323753372428,14827.852976912654,0.05871779079461703,0.10709801752091153,2.0,0.0,0.014152311365064608,0.014152311365064608,-3.0996042275684124,-14822.75134160062,-14825.85094582819
128,14,0.35341226522894553,-6.722956050625886,3.0,1.0,0.6195218946633998,-14829.303088241268,14830.632161320316,0.5516315241093253,0.5516315241093253,2.0,0.0,0.014152311365064608,0.014152311365064608,-3.1614470174344986,-14824.665474827823,-14827.826921845257
129,14,0.3568357031228582,-6.722047562642168,1.0,1.0,1.0,-14827.830554912258,14828.809553175175,-0.5831445059047837,-0.5831445059047837,1.0,0.0,0.014152311365064608,0.014152311365064608,-3.159523447099597,-14823.199196575439,-14826.358720022537
130,14,0.36072574181064493,-6.664386849109793,7.0,1.0,0.6077772974921978,-14829.35600043427,14830.461648337452,0.29200532946924795,1.026677480303988,2.0,0.0,0.014152311365064608,0.014152311365064608,-3.0391251660437106,-14824.84981622323,-14827.888941389274
131,14,0.3567445062904495,-6.693626418115068,3.0,1.0,0.4319712209713717,-14827.092519288595,14831.82855281372,-0.3250080437774159,2.0361539550958696,2.0,0.0,0.014152311365064608,0.014152311365064608,-3.0997632499596777,-14822.52080732926,-14825.62057057922
132,14,0.35838366926875487,-6.694632506703073,7.0,1.0,0.964335455909041,-14826.85235608483,14827.50581733113,-0.11388301969236636,-0.11388301969236636,3.0,0.0,0.014152311365064608,0.014152311365064608,-3.1018649280484913,-14822.280575222587,-14825.382440150635
133,14,0.35912906118932925,-6.677698228857787,3.0,1.0,0.8103768362853193,-14827.707135085253,14828.003483237993,0.15848328177526128,0.27726622838599724,2.0,0.0,0.014152311365064608,0.014152311365064608,-3.0666247774453197,-14823.171509668786,-14826.238134446232
134,14,0.3559320775436097,-6.6980246068103755,3.0,1.0,0.8941837290185225,-14827.264361507978,14828.52239029103,0.03884868978639133,0.30085536004116875,1.0,0.0,0.014152311365064608,0.014152311365064608,-3.1089583465823627,-14822.68243671286,-14825.791395059441
135,14,0.355657821492295,-6.681548246896439,3.0,1.0,0.6339031891347853,-14828.2116344394,14829.856605184623,0.33523779153620126,0.5929898758804484,2.0,0.0,0.014152311365064608,0.014152311365064608,-3.074611459115428,-14823.663711433448,-14826.738322892563
136,14,0.3605846091594827,-6.688339183884609,3.0,1.0,1.0,-14827.396885849173,14828.083467939674,-0.35709783068159595,-0.35709783068159595,2.0,0.0,0.014152311365064608,0.014152311365064608,-3.0887350701032643,-14822.840921156856,-14825.92965622696
137,14,0.3553402804590353,-6.730458861805371,3.0,1.0,0.6044211095154585,-14828.945438978764,14829.770047296031,0.26358911728493695,0.7477993036209227,2.0,0.0,0.014152311365064608,0.014152311365064608,-3.177364510983256,-14824.294362387674,-14827.471726898657
138,14,0.35742097258782507,-6.731335000632975,3.0,1.0,0.624301875559524,-14828.721208450617,14832.047251560369,-0.0763567169487942,1.3499547286701272,2.0,0.0,0.014152311365064608,0.014152311365064608,-3.17922694272163,-14824.070875041,-14827.250101983722
139,14,0.3568391495900383,-6.710941859273524,3.0,1.0,0.987914400856336,-14827.163610199004,14828.931103527362,-0.2750970971392235,-0.3277081897322205,2.0,0.0,0.014152311365064608,0.014152311365064608,-3.1360757032103397,-14822.555703905815,-14825.691779609026
140,14,0.3609899823934192,-6.675026192903212,7.0,1.0,0.45006190156438963,-14828.293630733615,14829.959647407162,0.25203663769389095,1.6494180306417547,2.0,0.0,0.014152311365064608,0.014152311365064608,-3.0610904778859784,-14823.76580003737,-14826.826890515256
141,14,0.3556068855640994,-6.713211955043913,7.0,1.0,0.7427307809790408,-14827.589725828055,14831.029698321225,-0.07819626385753509,0.7146166280290345,2.0,0.0,0.014152311365064608,0.014152311365064608,-3.140858583246672,-14822.975491519537,-14826.116350102784
142,14,0.3557633970043863,-6.668986684640052,7.0,1.0,0.5574922152153791,-14829.550995215452,14832.333202984273,0.5865658892180363,1.161345769147374,2.0,0.0,0.014152311365064608,0.014152311365064608,-3.048607803258692,-14825.029208803557,-14828.077816606816
143,14,0.3608068496800415,-6.721299741365566,3.0,1.0,1.0,-14828.641787995535,14829.678738901635,-0.206788651568786,-0.784786654958225,2.0,0.0,0.014152311365064608,0.014152311365064608,-3.1579406807757087,-14824.016886207879,-14827.174826888655
144,14,0.3608068496800415,-6.721299741365566,1.0,1.0,0.6299861293193648,-14828.641787995535,14830.29634332723,0.0,0.46205747679232445,1.0,0.0,0.014152311365064608,0.014152311365064608,-3.1579406807757087,-14824.016886207879,-14827.174826888655
145,14,0.35828812406521277,-6.690766608072677,3.0,1.0,1.0,-14826.948567425132,14828.462208449499,-0.6277393306645536,-0.6277393306645536,2.0,0.0,0.014152311365064608,0.014152311365064608,-3.0937947511106856,-14822.384739006166,-14825.478533757276
146,14,0.36273962179288205,-6.707024911438778,3.0,1.0,0.5869374075194226,-14828.884468465743,14829.142831609903,0.934578220543699,0.9995073070167564,2.0,0.0,0.014152311365064608,0.014152311365064608,-3.127835176654365,-14824.291986341725,-14827.419821518379
147,14,0.36248925688386435,-6.687877751708073,3.0,1.0,0.9113042890833757,-14828.379411016145,14829.781601489272,-0.35844686441123486,-0.46322930647693283,1.0,0.0,0.014152311365064608,0.014152311365064608,-3.087773935358299,-14823.826692489334,-14826.914466424692
148,14,0.35947648724390474,-6.690852571593988,1.0,1.0,1.0,-14827.034606052353,14827.843526089082,-0.5520052264710102,-0.5520052264710102,1.0,0.0,0.014152311365064608,0.014152311365064608,-3.093974040018025,-14822.472056056009,-14825.566030096026
149,14,0.3619320668640197,-6.68740527035032,1.0,1.0,0.6719699931900617,-14828.045121383193,14828.063279778824,0.39754159244694165,0.39754159244694165,1.0,0.0,0.014152311365064608,0.014152311365064608,-3.0867900064791622,-14823.492722108314,-14826.579512114793
150,14,0.3591143160181029,-6.690811104904588,1.0,1.0,1.0,-14826.983287109972,14827.630605382905,-0.4183634465262003,-0.4183634465262003,1.0,0.0,0.014152311365064608,0.014152311365064608,-3.0938875545340982,-14822.420380865187,-14825.514268419722
51,15,0.360192826909903,-6.696401963634673,7.0,1.0,0.8387728395133527,-14827.141930017993,14827.52735833211,0.02606199485126126,0.3215586202113627,2.0,0.0,0.014879420739853056,0.014879420739853056,-3.105563707124115,-14822.56866211017,-14825.674225817294
52,15,0.3581790490480501,-6.684165822380191,3.0,1.0,0.9961070965003378,-14827.26151934446,14827.402082949475,-0.05238935992383631,-0.12842716481463867,2.0,0.0,0.01549827491019042,0.01549827491019042,-3.0800499612733687,-14822.711301195795,-14825.79135115707
53,15,0.35862165107471144,-6.706642955237563,7.0,1.0,1.0,-14826.959196608224,14827.201162958989,-0.0654801242017129,-0.09849914389997139,2.0,0.0,0.01549827491019042,0.01549827491019042,-3.127032433153196,-14822.362541083854,-14825.489573517007
54,15,0.35862165107471144,-6.706642955237563,1.0,1.0,0.28409087440368586,-14826.959196608224,14828.038711536568,0.0,1.258461111709039,1.0,0.0,0.01549827491019042,0.01549827491019042,-3.127032433153196,-14822.362541083854,-14825.489573517007
55,15,0.35862165107471144,-6.706642955237563,3.0,1.0,0.20659635103121718,-14826.959196608224,14830.492399737754,0.0,3.6103570826962823,1.0,0.0,0.01549827491019042,0.01549827491019042,-3.127032433153196,-14822.362541083854,-14825.489573517007
56,15,0.3597113211131206,-6.685642101934444,3.0,1.0,0.8900510934877025,-14827.265307363838,14827.763402047225,0.060870344772411045,0.19649666441728186,1.0,0.0,0.01549827491019042,0.01549827491019042,-3.0831202297254166,-14822.713897535536,-14825.79701776526
57,15,0.3597113211131206,-6.685642101934444,3.0,1.0,0.3024699078387822,-14827.265307363838,14829.614893037735,0.0,2.24569987976065,1.0,0.0,0.01549827491019042,0.01549827491019042,-3.0831202297254166,-14822.713897535536,-14825.79701776526
58,15,0.35819087818654943,-6.701635704088214,3.0,1.0,0.6306710703829919,-14826.82746798438,14827.84957868673,-0.10790500672555936,0.8153596845713764,2.0,0.0,0.01549827491019042,0.01549827491019042,-3.1165223674960814,-14822.240792023957,-14825.357314391453
59,15,0.3584475062599391,-6.678195778509195,3.0,1.0,0.6873763652384444,-14827.672702321259,14828.057269445091,0.21647034050874936,0.5477404804423713,2.0,0.0,0.01549827491019042,0.01549827491019042,-3.067656086828411,-14823.13520891012,-14826.202864996949
60,15,0.3593161678571527,-6.6840881824323075,1.0,1.0,1.0,-14827.284337318311,14827.608272275638,-0.10887981641099032,-0.10887981641099032,1.0,0.0,0.01549827491019042,0.01549827491019042,-3.0798885511744905,-14822.735676994142,-14825.815565545316
61,15,0.35805308932334046,-6.705102560320203,3.0,1.0,0.8978744851590207,-14826.88318115036,14827.393684872895,-0.08786384698942129,0.17329702717506734,2.0,0.0,0.01549827491019042,0.01549827491019042,-3.123796521588723,-14822.289060947032,-14825.412857468622
62,15,0.35786039543622533,-6.681385804284103,3.0,1.0,0.5423619362112365,-14827.484460944825,14828.209468749963,0.1863160995508224,0.9944283631739381,2.0,0.0,0.01549827491019042,0.01549827491019042,-3.0742741800328184,-14822.939624892935,-14826.013899072968
63,15,0.3537574016566313,-6.718080450819727,3.0,1.0,0.6817157005898652,-14828.776287897865,14829.274563635037,0.6156917858170345,0.6156917858170345,2.0,0.0,0.01549827491019042,0.01549827491019042,-3.15113342682012,-14824.149430257747,-14827.300563684566
64,15,0.3594077085498125,-6.6948087171603765,3.0,1.0,0.9859276556408977,-14826.949681419383,14828.750084378396,-0.7191237840161193,-0.7191237840161193,2.0,0.0,0.01549827491019042,0.01549827491019042,-3.102233128684606,-14822.378788359014,-14825.481021487698
65,15,0.35910898281814424,-6.663285665231399,3.0,1.0,0.7125108671554372,-14829.341994133574,14830.13728164519,0.5392385174054652,0.5899762909866695,2.0,0.0,0.01549827491019042,0.01549827491019042,-3.0368581961551286,-14824.836110717652,-14827.872968913807
66,15,0.36188653541679505,-6.694994343283448,3.0,1.0,0.8567094101058362,-14827.929389947294,14830.017043240003,-0.004283245982151129,0.5618939779851644,1.0,0.0,0.01549827491019042,0.01549827491019042,-3.1026210374122978,-14823.361105188242,-14826.463726225655
67,15,0.3607099122240044,-6.707030398074472,3.0,1.0,1.0,-14827.581802229177,14828.160444210678,-0.16943392880602914,-0.23865511682015494,2.0,0.0,0.01549827491019042,0.01549827491019042,-3.1278467087805755,-14822.986877353329,-14826.11472406211
68,15,0.3618169964428901,-6.709544745607383,1.0,1.0,0.6604652764738708,-14828.342575101524,14828.782798717015,0.41481072797796514,0.41481072797796514,1.0,0.0,0.01549827491019042,0.01549827491019042,-3.1331346767911175,-14823.743693497725,-14826.876828174516
69,15,0.3536636189237605,-6.7024283636069875,3.0,1.0,0.9729165582791176,-14828.512758209907,14828.674556515849,0.08474158237368101,-0.8135487051313248,2.0,0.0,0.01549827491019042,0.01549827491019042,-3.11818446499934,-14823.918729501293,-14827.036913966293
70,15,0.3563456384940578,-6.701614749106669,1.0,1.0,1.0,-14827.093898382409,14827.931556713253,-0.7624291394313332,-0.7624291394313332,1.0,0.0,0.01549827491019042,0.01549827491019042,-3.116478436319396,-14822.504972418901,-14825.62145085522
71,15,0.3563456384940578,-6.701614749106669,3.0,1.0,0.6795740000417325,-14827.093898382409,14828.387464000441,0.0,0.6687141465117747,1.0,0.0,0.01549827491019042,0.01549827491019042,-3.116478436319396,-14822.504972418901,-14825.62145085522
72,15,0.3583770945001213,-6.736754371644752,3.0,1.0,0.7512557974759936,-14829.533723171662,14829.952728870667,0.5495731398223143,0.5495731398223143,2.0,0.0,0.01549827491019042,0.01549827491019042,-3.1907641034754577,-14824.873035035353,-14828.063799138828
73,15,0.3580643336726387,-6.731392293250101,1.0,1.0,1.0,-14828.781122623559,14829.649904814323,-0.20150122610357357,-0.20150122610357357,1.0,0.0,0.01549827491019042,0.01549827491019042,-3.179348757909524,-14824.131464071394,-14827.310812829302
74,15,0.35880264027770964,-6.722503773296331,1.0,1.0,1.0,-14827.97289707221,14828.815625447192,-0.13139113967554295,-0.13139113967554295,1.0,0.0,0.01549827491019042,0.01549827491019042,-3.1604892931764623,-14823.343007012872,-14826.50349630605
75,15,0.35646388833964293,-6.722485050645066,3.0,1.0,0.5639887272363411,-14827.920981318244,14830.295063383577,-0.08565727773384424,1.3613768156246806,2.0,0.0,0.01549827491019042,0.01549827491019042,-3.1604496512533644,-14823.288232191808,-14826.448681843061
76,15,0.35646388833964293,-6.722485050645066,1.0,1.0,0.11900503331924372,-14827.920981318244,14831.029663939975,0.0,2.1285894899647246,1.0,0.0,0.01549827491019042,0.01549827491019042,-3.1604496512533644,-14823.288232191808,-14826.448681843061
77,15,0.35966233170296347,-6.689497874255898,7.0,1.0,0.9711584181305246,-14827.10793612676,14827.921597467273,-0.1577851944057329,-0.1577851944057329,2.0,0.0,0.01549827491019042,0.01549827491019042,-3.091149489244583,-14822.548437347275,-14825.63958683652
78,15,0.357962835729597,-6.697064469230222,3.0,1.0,0.8074644161361588,-14826.829294825355,14827.36881641845,-0.08209695402365469,0.341421320426889,2.0,0.0,0.01549827491019042,0.01549827491019042,-3.106949379335227,-14822.251910248542,-14825.358859627877
79,15,0.3562720404425772,-6.702534035869032,3.0,1.0,0.8996795116310258,-14827.118491059166,14827.173586775903,0.14608498733468878,0.16827071215629985,1.0,0.0,0.01549827491019042,0.01549827491019042,-3.1184060925983745,-14822.527545219991,-14825.64595131259
80,15,0.3562720404425772,-6.702534035869032,1.0,1.0,0.4404836774888378,-14827.118491059166,14828.03255608113,0.0,0.8198818888013193,1.0,0.0,0.01549827491019042,0.01549827491019042,-3.1184060925983745,-14822.527545219991,-14825.64595131259
81,15,0.3581545300083664,-6.715172272400727,3.0,1.0,0.5490131466911855,-14827.313850061835,14832.458214391268,-0.0019209333004255313,1.268458756918335,2.0,0.0,0.01549827491019042,0.01549827491019042,-3.144992935537511,-14822.69865868344,-14825.843651618976
82,15,0.3567223923811635,-6.693703594899484,3.0,1.0,0.9320392686895338,-14827.096388668628,14827.77400182468,0.012094321544282138,0.1607139927436947,2.0,0.0,0.01549827491019042,0.01549827491019042,-3.099924433274194,-14822.524487913492,-14825.624412346766
83,15,0.35722486550648447,-6.705429024232513,3.0,1.0,0.9785262231071986,-14826.941993827004,14827.26377714516,-0.10438488027466519,-0.10569731356918055,2.0,0.0,0.01549827491019042,0.01549827491019042,-3.124482127016578,-14822.346161550882,-14825.4706436779
84,15,0.35833727650360714,-6.707209235646559,3.0,1.0,0.9875685212363144,-14826.95191684384,14827.121875680272,-0.0008577010012231767,0.0380076629389805,2.0,0.0,0.01549827491019042,0.01549827491019042,-3.1282226163492104,-14822.35372113839,-14825.48194375474
85,15,0.3581605155253353,-6.681214121564698,7.0,1.0,0.8752204953310748,-14827.459807569443,14827.553777265217,0.1327960957041796,0.2393153213615733,2.0,0.0,0.01549827491019042,0.01549827491019042,-3.0739177444268755,-14822.915698768602,-14825.989616513029
86,15,0.357512802833665,-6.684765725810175,1.0,1.0,1.0,-14827.315003836175,14827.576113518899,-0.004074930504430085,-0.004074930504430085,1.0,0.0,0.01549827491019042,0.01549827491019042,-3.0812973378286257,-14822.762714003979,-14825.844011341807
87,15,0.35292376806458287,-6.704887831084671,3.0,1.0,0.5348645325665381,-14829.100992611238,14830.011553186252,1.0280059873348364,1.3988769893603603,1.0,0.0,0.01549827491019042,0.01549827491019042,-3.123345627769636,-14824.500852615887,-14827.624198243657
88,15,0.3565494817963086,-6.695752852764406,3.0,1.0,0.9509095366843386,-14827.094249702657,14829.242464800467,-1.0679391240919358,-1.0679391240919358,2.0,0.0,0.01549827491019042,0.01549827491019042,-3.104206476517458,-14822.517850826558,-14825.622057303075
89,15,0.36077565046943116,-6.71682597892058,7.0,1.0,0.39840030701815854,-14828.22638524327,14830.359078018633,0.4563457735621341,3.135872025781282,2.0,0.0,0.01549827491019042,0.01549827491019042,-3.1484836271173426,-14823.610902843971,-14826.759386471089
90,15,0.3598817451149751,-6.693387003302827,3.0,1.0,0.9905243300354448,-14827.071925343538,14828.883616910423,-0.5384666408845078,-0.5384666408845078,2.0,0.0,0.01549827491019042,0.01549827491019042,-3.0992632712627155,-14822.50457993855,-14825.603843209812
91,15,0.360804876281275,-6.701143533505375,3.0,1.0,0.8340019418920868,-14827.43252388643,14827.641864542087,0.23415098978875903,0.34141555105270527,1.0,0.0,0.01549827491019042,0.01549827491019042,-3.1154906699560776,-14822.850069727496,-14825.965560397452
92,15,0.36217942352541055,-6.708353670538806,1.0,1.0,0.5513061483746184,-14828.52683993603,14828.946072972234,0.5954650009462057,0.5954650009462057,1.0,0.0,0.01549827491019042,0.01549827491019042,-3.130628918048116,-14823.930897209846,-14827.061526127894
93,15,0.35843469614259243,-6.695517917231136,7.0,1.0,0.9967464106738915,-14826.840139519512,14827.699176347602,-0.9354473863568273,-0.9354473863568273,2.0,0.0,0.01549827491019042,0.01549827491019042,-3.103715351961146,-14822.266571071998,-14825.370286423959
94,15,0.35760667788486117,-6.677959029090848,5.0,1.0,0.3361985928283374,-14827.809726628715,14829.718127124706,0.3209824554542138,2.4145029092851473,2.0,0.0,0.01549827491019042,0.01549827491019042,-3.0671653272503066,-14823.271685228165,-14826.338850555416
95,15,0.3585205070607126,-6.721083735434652,3.0,1.0,1.0,-14827.792378056207,14828.093527762354,-0.02484539951728948,-0.2565937066447077,2.0,0.0,0.01549827491019042,0.01549827491019042,-3.157483607570445,-14823.165146967662,-14826.322630575232
96,15,0.3624724612869424,-6.695230229520852,3.0,1.0,0.6179040529797902,-14828.314948535637,14829.816141876569,0.5309626845064486,0.5309626845064486,1.0,0.0,0.01549827491019042,0.01549827491019042,-3.1031140259907555,-14823.746869928307,-14826.849983954298
97,15,0.360072605401382,-6.705116332399434,3.0,1.0,0.9283947121188926,-14827.2462658157,14828.162022307408,-0.5705137564327742,-0.693797251318756,1.0,0.0,0.01549827491019042,0.01549827491019042,-3.123825442118597,-14822.654590232381,-14825.7784156745
98,15,0.3565732005986175,-6.673627916021541,3.0,1.0,0.7408527100048343,-14828.569746370325,14828.946928316731,0.42108334505064704,0.42108334505064704,2.0,0.0,0.01549827491019042,0.01549827491019042,-3.0581972236722392,-14824.03938640546,-14827.097583629133
99,15,0.36109643072034464,-6.724521046377993,3.0,1.0,0.4212155422120363,-14829.147234932014,14830.70183965268,0.3594428658288962,1.6429267590192467,2.0,0.0,0.01549827491019042,0.01549827491019042,-3.164762567922382,-14824.515860384094,-14827.680622952015
100,15,0.3614642060665444,-6.724845920100206,1.0,1.0,0.856081283584212,-14829.424811545652,14830.4276557762,0.15538994989037747,0.15538994989037747,1.0,0.0,0.01549827491019042,0.01549827491019042,-3.1654511420965394,-14824.793190600569,-14827.958641742665
101,15,0.3635071272718562,-6.678837087412175,3.0,1.0,0.9672399227979952,-14829.461978138046,14830.975068976852,-0.16726825792648015,-0.6794550314734806,2.0,0.0,0.01549827491019042,0.01549827491019042,-3.0689857422355535,-14824.929253962315,-14827.99823970455
102,15,0.3556027393688582,-6.689021817747758,3.0,1.0,1.0,-14827.722372648364,14829.195016914702,-0.6155385244965146,-0.6155385244965146,2.0,0.0,0.01549827491019042,0.01549827491019042,-3.090157344798386,-14823.158834352978,-14826.248991697777
103,15,0.3556027393688582,-6.689021817747758,1.0,1.0,0.11183531467707848,-14827.722372648364,14830.097563104508,0.0,2.1907278944618156,1.0,0.0,0.01549827491019042,0.01549827491019042,-3.090157344798386,-14823.158834352978,-14826.248991697777
104,15,0.3614805541110941,-6.6904195255171865,3.0,1.0,1.0,-14827.7338499121,14828.079888109747,-0.04260767873893201,-0.2777124551066663,2.0,0.0,0.01549827491019042,0.01549827491019042,-3.0930709372079375,-14823.174628795447,-14826.267699732654
105,15,0.3614805541110941,-6.6904195255171865,3.0,1.0,0.06801118940352381,-14827.7338499121,14835.312095442774,0.0,9.247014452403164,2.0,0.0,0.01549827491019042,0.01549827491019042,-3.0930709372079375,-14823.174628795447,-14826.267699732654
106,15,0.3592670819199027,-6.710792125742646,3.0,1.0,1.0,-14827.245063010376,14827.55139351334,-0.25290295004379004,-0.3160042082090513,2.0,0.0,0.01549827491019042,0.01549827491019042,-3.1357604097925407,-14822.640470820916,-14825.776231230708
107,15,0.3622159679314994,-6.73308763716745,3.0,1.0,0.3304620957729787,-14831.072944943206,14831.371952246747,1.6563125937609584,1.6636140426926431,2.0,0.0,0.01549827491019042,0.01549827491019042,-3.1829548727215022,-14826.424719861257,-14829.60767473398
108,15,0.3604049276843421,-6.697474542933818,3.0,1.0,0.8762622648096347,-14827.218353363449,14830.630088207638,-1.654030551411779,-1.654030551411779,1.0,0.0,0.01549827491019042,0.01549827491019042,-3.107807294251708,-14822.643098986302,-14825.750906280553
109,15,0.3573464984693558,-6.665696196871229,3.0,1.0,0.5835450005866419,-14829.308586553745,14830.00706626725,0.5520128368661972,0.5520128368661972,2.0,0.0,0.01549827491019042,0.01549827491019042,-3.0418222539676623,-14824.79556533795,-14827.837387591919
110,15,0.3574706858387097,-6.699529396065963,3.0,1.0,0.9940391228295643,-14826.85747229163,14829.303514307272,-0.7182883102050255,-0.7182883102050255,2.0,0.0,0.01549827491019042,0.01549827491019042,-3.112108783623677,-14822.274318752041,-14825.386427535665
111,15,0.3616845289675468,-6.700699639272054,3.0,1.0,0.7122504228918393,-14827.8872783557,14827.899295814108,0.5731906581695512,0.5731906581695512,1.0,0.0,0.01549827491019042,0.01549827491019042,-3.1145603779949655,-14823.306812414516,-14826.42137279251
112,15,0.3594148503118233,-6.692674295869803,3.0,1.0,0.9744731079105685,-14826.982628996644,14827.499546809067,-0.538808010674984,-0.538808010674984,2.0,0.0,0.01549827491019042,0.01549827491019042,-3.0977752375911916,-14822.416202549344,-14825.513977786935
113,15,0.35914500712753594,-6.700975729802208,3.0,1.0,0.9738834669698785,-14826.908615020899,14827.078564537425,-0.0071211107442650246,0.049513216230479884,2.0,0.0,0.01549827491019042,0.01549827491019042,-3.1151389719456657,-14822.32449492866,-14825.439633900605
114,15,0.35914500712753594,-6.700975729802208,3.0,1.0,0.38451895356327964,-14826.908615020899,14828.989509645848,0.0,2.5850562110354076,1.0,0.0,0.01549827491019042,0.01549827491019042,-3.1151389719456657,-14822.32449492866,-14825.439633900605
115,15,0.360496672093839,-6.687808192308681,3.0,1.0,0.8714295946700769,-14827.383729422289,14827.583054379467,0.15524637551789056,0.2113940694471239,1.0,0.0,0.01549827491019042,0.01549827491019042,-3.087629065890175,-14822.828764348678,-14825.916393414569
116,15,0.35819963130760657,-6.685651816756359,5.0,1.0,1.0,-14827.174862502465,14827.350105678808,-0.11291730836637726,-0.20322183314783615,2.0,0.0,0.01549827491019042,0.01549827491019042,-3.0831404411867678,-14822.621579266788,-14825.704719707976
117,15,0.35720435450881116,-6.70819735057173,3.0,1.0,0.9563211985210617,-14827.01444041188,14827.667419678142,-0.0371561072224722,0.14045404692660668,2.0,0.0,0.01549827491019042,0.01549827491019042,-3.130300160693023,-14822.412764592382,-14825.543064753076
118,15,0.3562018702599757,-6.71145881819276,3.0,1.0,0.9461290048393508,-14827.326620616563,14827.3526140772,0.11371569443690532,0.11371569443690532,2.0,0.0,0.01549827491019042,0.01549827491019042,-3.137164434281981,-14822.716828459575,-14825.853992893857
119,15,0.3611126745533444,-6.681870894113256,3.0,1.0,0.7108170387342451,-14827.868961970584,14829.193511303807,0.17282299103680998,0.4604935742172529,2.0,0.0,0.01549827491019042,0.01549827491019042,-3.0752814487684543,-14823.327088100688,-14826.402369549456
120,15,0.3603705519113367,-6.720936194669133,3.0,1.0,0.8708840658510583,-14828.379971411687,14828.466361937426,0.3026659168426704,0.3026659168426704,2.0,0.0,0.01549827491019042,0.01549827491019042,-3.157171434949727,-14823.755311253024,-14826.912482687974
121,15,0.3572033256785459,-6.713275333265256,1.0,1.0,1.0,-14827.218592014138,14827.86194309205,-0.5453738539599726,-0.5453738539599726,1.0,0.0,0.01549827491019042,0.01549827491019042,-3.140992189192911,-14822.606222886461,-14825.747215075655
122,15,0.3581300059163386,-6.715627061933998,3.0,1.0,0.8511081278396658,-14827.340409241853,14828.126565362503,0.0395293787769333,0.35599957552403794,2.0,0.0,0.01549827491019042,0.01549827491019042,-3.1459526458183515,-14822.724227885325,-14825.870180531143
123,15,0.35783261717566567,-6.689511982469921,3.0,1.0,0.9117016668841199,-14827.025649260524,14828.201178156944,-0.07852172456478002,0.2525118271205429,2.0,0.0,0.01549827491019042,0.01549827491019042,-3.091178895485224,-14822.46387412497,-14825.555053020455
124,15,0.3577898238295894,-6.707967051018703,3.0,1.0,0.9621369888382075,-14826.964640880831,14827.405473082683,-0.028331432329650852,0.11218690071655146,1.0,0.0,0.01549827491019042,0.01549827491019042,-3.129815860995958,-14822.364175818922,-14825.493991679918
125,15,0.35879650240056243,-6.713641229836726,3.0,1.0,0.39508401836292234,-14827.302527843574,14829.056712908334,0.11513524427937227,1.975689359522221,2.0,0.0,0.01549827491019042,0.01549827491019042,-3.1417636045787485,-14822.691355938612,-14825.833119543191
126,15,0.356782620510475,-6.702152606313038,3.0,1.0,1.0,-14826.980227574342,14827.362567702281,-0.07628938750167436,-0.15882468951531337,2.0,0.0,0.01549827491019042,0.01549827491019042,-3.117606168780609,-14822.390720275636,-14825.508326444417
127,15,0.3568281361841635,-6.6981904820096,3.0,1.0,0.9832557522878674,-14826.980653098779,14827.090268054639,0.01154061848319543,0.03952956148168596,1.0,0.0,0.01549827491019042,0.01549827491019042,-3.1093055129836547,-14822.399503255287,-14825.50880876827
128,15,0.35939362397065905,-6.712774493880365,7.0,1.0,0.8952186124072273,-14827.386480100893,14827.564020226711,0.13097135832686035,0.2253595687852794,2.0,0.0,0.01549827491019042,0.01549827491019042,-3.1399364925277076,-14822.777866474173,-14825.9178029667
129,15,0.3558092354632186,-6.7105362236360415,3.0,1.0,1.0,-14827.417330172066,14827.884826666943,-0.0010009785273723537,-0.1935196679969522,2.0,0.0,0.01549827491019042,0.01549827491019042,-3.1352216094453884,-14822.80898763691,-14825.944209246356
130,15,0.35604979599580155,-6.713295931061471,3.0,1.0,0.9997962708133633,-14827.445706178341,14827.634427367078,-0.02879236790795403,-0.06442175369556935,2.0,0.0,0.01549827491019042,0.01549827491019042,-3.1410356117252696,-14822.831852006255,-14825.97288761798
131,15,0.3568514651050385,-6.682184332942654,3.0,1.0,0.9535141478407979,-14827.659568443063,14827.696129846994,0.12778564705695317,-0.1452568905224325,2.0,0.0,0.01549827491019042,0.01549827491019042,-3.0759324165293687,-14823.111820800146,-14826.187753216676
132,15,0.3559468174892133,-6.700702285558994,3.0,1.0,0.9527083458436859,-14827.231007816052,14828.076808787006,-0.10148335226040217,0.1530054587237828,1.0,0.0,0.01549827491019042,0.01549827491019042,-3.1145659233706913,-14822.643493969568,-14825.758059892938
133,15,0.35660423861245377,-6.731298896523262,3.0,1.0,0.7621557072541453,-14828.752416241054,14829.432820516402,0.21286888345093757,0.5039200157243613,1.0,0.0,0.01549827491019042,0.01549827491019042,-3.1791501800856468,-14824.101142121493,-14827.280292301579
134,15,0.3584301051428629,-6.693721962745672,3.0,1.0,1.0,-14826.86960001763,14828.390516047426,-0.41439639380587323,-0.41439639380587323,2.0,0.0,0.01549827491019042,0.01549827491019042,-3.099962795303296,-14822.299778474131,-14825.399741269433
135,15,0.3584301051428629,-6.693721962745672,1.0,1.0,0.07879153983388548,-14826.86960001763,14829.222071743245,0.0,2.5409496503962146,1.0,0.0,0.01549827491019042,0.01549827491019042,-3.099962795303296,-14822.299778474131,-14825.399741269433
136,15,0.3583545674747224,-6.666142815044834,5.0,1.0,0.25303511907413745,-14829.009530276686,14831.406873096395,0.6044024751117831,2.860753358621878,2.0,0.0,0.01549827491019042,0.01549827491019042,-3.0427426220652047,-14824.4968358702,-14827.539578492266
137,15,0.35791742071430255,-6.664878823723919,1.0,1.0,0.8908286626254025,-14829.269512015626,14829.848937905526,0.11560316784198221,0.11560316784198221,1.0,0.0,0.01549827491019042,0.01549827491019042,-3.0401383693864634,-14824.758882303262,-14827.799020672648
138,15,0.35947976126731196,-6.699863296239597,3.0,1.0,0.9203479872262293,-14826.962541599298,14829.413296066554,-0.61927605974779,-0.61927605974779,2.0,0.0,0.01549827491019042,0.01549827491019042,-3.112808146272237,-14822.381161492916,-14825.493969639188
139,15,0.36064464309546923,-6.696704574912263,1.0,1.0,0.8357388269836391,-14827.307637840064,14827.41304194338,0.17943912262126105,0.17943912262126105,1.0,0.0,0.01549827491019042,0.01549827491019042,-3.106196583230878,-14822.734284218132,-14825.840480801362
140,15,0.3611305204458061,-6.698267686231871,1.0,1.0,0.8739645579691578,-14827.538543114615,14827.819537379703,0.13471545567153953,0.13471545567153953,1.0,0.0,0.01549827491019042,0.01549827491019042,-3.109467105968053,-14822.962505072319,-14826.071972178286
141,15,0.3567738029915152,-6.6730686855329795,3.0,1.0,0.9373309086408135,-14828.554658754847,14828.899932305154,0.20826389708417992,0.20826389708417992,2.0,0.0,0.01549827491019042,0.01549827491019042,-3.0570406354146735,-14824.025705983584,-14827.082746618998
142,15,0.3594474224332274,-6.707512855726782,3.0,1.0,0.6975057107166324,-14827.14269548333,14828.77717695183,-0.47584444449785224,0.7690005188233044,2.0,0.0,0.01549827491019042,0.01549827491019042,-3.1288608837066767,-14822.545223162484,-14825.67408404619
143,15,0.35696198641922944,-6.688196022116994,7.0,1.0,0.943469025988918,-14827.24913174686,14827.64191660885,0.026688641130022006,0.2084399369377934,2.0,0.0,0.01549827491019042,0.01549827491019042,-3.0884368501949306,-14822.689017475781,-14825.777454325977
144,15,0.35696198641922944,-6.688196022116994,1.0,1.0,0.2343325406818873,-14827.24913174686,14829.216703311933,0.0,1.4510140584261535,1.0,0.0,0.01549827491019042,0.01549827491019042,-3.0884368501949306,-14822.689017475781,-14825.777454325977
145,15,0.35500322861064104,-6.691650252450944,1.0,1.0,0.6628406770395833,-14827.913619808527,14828.198786646364,0.4112206237987266,0.4112206237987266,1.0,0.0,0.01549827491019042,0.01549827491019042,-3.095638067078088,-14823.343843378781,-14826.43948144586
146,15,0.3561822394322042,-6.697254169807717,1.0,1.0,1.0,-14827.184138521492,14827.766837376183,-0.39333948415878695,-0.39333948415878695,1.0,0.0,0.01549827491019042,0.01549827491019042,-3.107346230881972,-14822.604139946608,-14825.71148617749
147,15,0.36148567645268914,-6.701147245361974,3.0,1.0,0.3783537935768461,-14827.781855017125,14828.96464783138,0.3144818082892016,1.7570117705126904,2.0,0.0,0.01549827491019042,0.01549827491019042,-3.1154984499154676,-14823.200212535863,-14826.315710985778
148,15,0.35850293131846067,-6.699394198289766,1.0,1.0,1.0,-14826.823560065444,14827.268069876583,-0.5344097812121618,-0.5344097812121618,1.0,0.0,0.01549827491019042,0.01549827491019042,-3.1118256400551356,-14822.241965318623,-14825.353790958678
149,15,0.35850293131846067,-6.699394198289766,1.0,1.0,0.5093398725284163,-14826.823560065444,14827.364811108515,0.0,0.6746397592723952,1.0,0.0,0.01549827491019042,0.01549827491019042,-3.1118256400551356,-14822.241965318623,-14825.353790958678
150,15,0.3576877613655429,-6.67564639139277,7.0,1.0,0.42075189977269467,-14828.010625916157,14829.385505374963,0.37175055230545695,1.870964188590733,2.0,0.0,0.01549827491019042,0.01549827491019042,-3.0623743917781523,-14823.477475935764,-14826.539850327543
51,16,0.3554362126899321,-6.685218740271232,1.0,1.0,0.0032379981514270343,-14828.044949671905,14831.907940748813,0.0,5.732799994626475,1.0,0.0,0.03684899784031272,0.03684899784031272,-3.082239527292365,-14823.489119179205,-14826.571358706497
52,16,0.35445858843537853,-6.704859784233207,3.0,1.0,1.0,-14827.961785740403,14828.56590536951,-0.024399044157689787,-0.027854062280312064,2.0,0.0,0.014590761039790632,0.014590761039790632,-3.1232867376940416,-14823.36366932954,-14826.486956067234
53,16,0.36041366221355675,-6.722025249143107,3.0,1.0,0.8260797781082255,-14828.505424055282,14829.503453333547,0.07462556979589863,0.35312272691771796,2.0,0.0,0.014590761039790632,0.014590761039790632,-3.159476212407187,-14823.878511338571,-14827.037987550979
54,16,0.3608395873465175,-6.674566793417269,3.0,1.0,0.8011182729193687,-14828.282766634793,14831.805767161222,-0.3812146379459591,0.907938660830041,1.0,0.0,0.014590761039790632,0.014590761039790632,-3.060139692624369,-14823.75570534729,-14826.815845039915
55,16,0.3608395873465175,-6.674566793417269,1.0,1.0,0.0558236682438826,-14828.282766634793,14833.324947106845,0.0,2.885557337449427,1.0,0.0,0.014590761039790632,0.014590761039790632,-3.060139692624369,-14823.75570534729,-14826.815845039915
56,16,0.35578918662637,-6.718596363907516,3.0,1.0,1.0,-14827.808932257281,14828.536219161431,-0.08283406624104828,-0.31172553314536344,2.0,0.0,0.014590761039790632,0.014590761039790632,-3.152223637962228,-14823.183562466902,-14826.335786104864
57,16,0.3556563997380998,-6.719765785586913,1.0,1.0,0.972115795672594,-14827.927442034103,14828.141879667115,0.02828035026686848,0.02828035026686848,1.0,0.0,0.014590761039790632,0.014590761039790632,-3.154695808126023,-14823.299432888116,-14826.454128696241
58,16,0.3574185687279268,-6.6732286682464,3.0,1.0,0.9549230557784948,-14828.328322768208,14828.429446520624,0.14529266623503645,0.14529266623503645,2.0,0.0,0.014590761039790632,0.014590761039790632,-3.0573714762249438,-14823.799841840442,-14826.857213316667
59,16,0.35417495000712546,-6.709314191716103,3.0,1.0,0.8093956881580261,-14828.191752688892,14830.093064841289,0.14710793230551644,0.5709538678856916,2.0,0.0,0.014590761039790632,0.014590761039790632,-3.132649531625236,-14823.583912246075,-14826.7165617777
60,16,0.35729147546193135,-6.71035819124438,1.0,1.0,1.0,-14827.080226739277,14827.701199790004,-0.5225964398050564,-0.5225964398050564,1.0,0.0,0.014590761039790632,0.014590761039790632,-3.1348468019421487,-14822.47411260183,-14825.608959403773
61,16,0.35816477113502165,-6.7028604681795025,3.0,1.0,0.5759634640244018,-14826.842288728722,14828.16642208477,-0.04704364920507942,1.033931266527361,2.0,0.0,0.014590761039790632,0.014590761039790632,-3.1190907932048146,-14822.253012130526,-14825.372102923731
62,16,0.35493276446588545,-6.728698358925002,3.0,1.0,0.6324161210322852,-14828.922533073364,14829.534963104532,0.4866245582088595,0.5093036633188603,1.0,0.0,0.014590761039790632,0.014590761039790632,-3.173624483833061,-14824.274680959734,-14827.448305443568
63,16,0.3554702860574728,-6.728196910306245,1.0,1.0,1.0,-14828.675971643248,14829.194599913617,-0.08952978134948353,-0.08952978134948353,1.0,0.0,0.014590761039790632,0.014590761039790632,-3.1725597692892085,-14824.029863903404,-14827.202423672694
64,16,0.3551110156024483,-6.711304264290493,3.0,1.0,0.9832573905038305,-14827.727040541502,14828.920835289735,-0.06876422483765054,-0.28321512419279316,2.0,0.0,0.014590761039790632,0.014590761039790632,-3.1368389110980264,-14823.116199717804,-14826.253038628902
65,16,0.3624705163783931,-6.688941999492101,3.0,1.0,0.8332829719924514,-14828.345757507375,14828.615477008281,0.3162537563293881,0.3162537563293881,2.0,0.0,0.014590761039790632,0.014590761039790632,-3.0899910185815687,-14823.790799592469,-14826.88079061105
66,16,0.35599178766697653,-6.701070658089795,3.0,1.0,0.9743368976248724,-14827.212816001616,14828.446585212865,-0.463117972627515,-0.463117972627515,2.0,0.0,0.014590761039790632,0.014590761039790632,-3.115337927682745,-14822.624586656299,-14825.73992458398
67,16,0.36203907074617253,-6.668076611916824,3.0,1.0,0.6790935368794405,-14829.391925423897,14829.84170340031,0.451905371981411,0.451905371981411,2.0,0.0,0.014590761039790632,0.014590761039790632,-3.0467299942737025,-14824.879714049954,-14827.926444044228
68,16,0.35540954736790503,-6.694590599490661,3.0,1.0,0.919166467312618,-14827.578881876858,14830.336240855086,-0.2634676234811195,0.27773253111990925,2.0,0.0,0.014590761039790632,0.014590761039790632,-3.101777365385299,-14823.003479890558,-14826.105257255944
69,16,0.3566266476474759,-6.696456897519078,1.0,1.0,1.0,-14827.057853296832,14827.439437902945,-0.2550653975304158,-0.2550653975304158,1.0,0.0,0.014590761039790632,0.014590761039790632,-3.105678588117718,-14822.480078777411,-14825.585757365528
70,16,0.3610968794885914,-6.676271189645152,3.0,1.0,0.8879006363830065,-14828.231562451681,14828.4337252728,0.22775023215763213,0.22775023215763213,2.0,0.0,0.014590761039790632,0.014590761039790632,-3.0636682168793152,-14823.701282795193,-14826.764951012072
71,16,0.3560182931841007,-6.68980510136015,3.0,1.0,0.9529770103751144,-14827.492714202332,14828.644304713507,-0.04831255893805064,0.1520666499473009,2.0,0.0,0.014590761039790632,0.014590761039790632,-3.091789898398809,-14822.928066180984,-14826.019856079383
72,16,0.3559593696150547,-6.685196415230109,3.0,1.0,0.9556176215285964,-14827.78634651058,14828.07575658854,0.10115012897767883,0.10115012897767883,2.0,0.0,0.014590761039790632,0.014590761039790632,-3.0821930903720576,-14823.231221271062,-14826.313414361433
73,16,0.3605162286556408,-6.7067525726233574,3.0,1.0,0.5365902443688622,-14827.482240362577,14829.31875434377,-0.1047777244784811,1.1925883924832306,2.0,0.0,0.014590761039790632,0.014590761039790632,-3.127262797112464,-14822.887665223883,-14826.014928020995
74,16,0.3565205741914324,-6.679611543478262,7.0,1.0,0.9693307211564909,-14827.986841074384,14828.075157827814,0.09678245905706717,-0.24213022151161567,2.0,0.0,0.014590761039790632,0.014590761039790632,-3.0705920060375043,-14823.444020514387,-14826.514612520425
75,16,0.35466789127225934,-6.692054682167842,3.0,1.0,0.8345476885661173,-14828.099680338417,14828.938646120769,0.209173923563867,0.36760743134982476,1.0,0.0,0.014590761039790632,0.014590761039790632,-3.0964819834023793,-14823.528634712648,-14826.62511669605
76,16,0.35895014251881024,-6.69917754731451,3.0,1.0,0.9909746774535334,-14826.864094116632,14827.676206634427,-0.6031732104129333,-0.6031732104129333,2.0,0.0,0.014590761039790632,0.014590761039790632,-3.1113719478492885,-14822.283502345563,-14825.394874293412
77,16,0.35698777767047357,-6.708111306120723,3.0,1.0,0.9856369700188209,-14827.042401427525,14827.061368530365,0.0344352399915806,0.0344352399915806,2.0,0.0,0.014590761039790632,0.014590761039790632,-3.1301192105770177,-14822.440636936306,-14825.570756146883
78,16,0.3589109283762942,-6.701146098928091,3.0,1.0,0.7369496636988025,-14826.874893089509,14827.587860207954,-0.03262237684975844,0.5105208038239653,2.0,0.0,0.014590761039790632,0.014590761039790632,-3.115496047017006,-14822.290129136416,-14825.405625183434
79,16,0.3593812647319548,-6.704781063431471,1.0,1.0,0.9335473477672322,-14827.034121290466,14827.06624452861,0.06876359659327136,0.06876359659327136,1.0,0.0,0.014590761039790632,0.014590761039790632,-3.1231214515439536,-14822.44230760784,-14825.565429059385
80,16,0.3589618404444186,-6.6843487252147575,3.0,1.0,0.8397074541014891,-14827.240576878014,14828.8879972637,-0.035057898405284504,0.45152922460874834,2.0,0.0,0.014590761039790632,0.014590761039790632,-3.0804302321950403,-14822.690941163102,-14825.771371395298
81,16,0.35517561654990604,-6.711997092701924,7.0,1.0,0.9007574612314029,-14827.720631193713,14827.728217975948,0.2328274810242874,0.2328274810242874,2.0,0.0,0.014590761039790632,0.014590761039790632,-3.138298340631361,-14823.108412662781,-14826.246711003412
82,16,0.356421207959764,-6.677617671547752,3.0,1.0,0.7602587672946939,-14828.211643866338,14830.133991781702,0.1337382383608201,0.41757823133775673,1.0,0.0,0.014590761039790632,0.014590761039790632,-3.066457823405954,-14823.672833147348,-14826.739290970754
83,16,0.356421207959764,-6.677617671547752,3.0,1.0,0.4765638617805951,-14828.211643866338,14830.371715288687,0.0,1.5923886311920796,1.0,0.0,0.014590761039790632,0.014590761039790632,-3.066457823405954,-14823.672833147348,-14826.739290970754
84,16,0.356421207959764,-6.677617671547752,1.0,1.0,0.4753094362755403,-14828.211643866338,14829.597228839979,0.0,0.7437892422549339,1.0,0.0,0.014590761039790632,0.014590761039790632,-3.066457823405954,-14823.672833147348,-14826.739290970754
85,16,0.3573960480079499,-6.7090775990258145,7.0,1.0,0.9398992531744845,-14827.023341376946,14828.926184247694,-0.4118729066231026,-0.4118729066231026,2.0,0.0,0.014590761039790632,0.014590761039790632,-3.132151734522216,-14822.420052226173,-14825.552203960695
86,16,0.3605855576094948,-6.705371948851254,3.0,1.0,0.8380927542747578,-14827.458275146448,14827.617041608195,0.26759545812456054,0.2889348810294905,2.0,0.0,0.014590761039790632,0.014590761039790632,-3.1243622555714414,-14822.86668441566,-14825.991046671232
87,16,0.35897421759746373,-6.696680409446831,3.0,1.0,0.9976435171270247,-14826.86841987597,14827.256094992346,-0.2895311323172791,-0.2895311323172791,1.0,0.0,0.014590761039790632,0.014590761039790632,-3.106146040620887,-14822.293083524284,-14825.399229564906
88,16,0.36017559814021977,-6.7038995210178705,3.0,1.0,0.880450250518054,-14827.245121991677,14827.316874796192,0.18759673359818407,0.19700759303486848,1.0,0.0,0.014590761039790632,0.014590761039790632,-3.121270944061943,-14822.656125941403,-14825.777396885465
89,16,0.3609460410917226,-6.715826147039128,3.0,1.0,0.7738396619488896,-14828.239498896135,14828.518653089528,0.39147528034118295,0.39147528034118295,2.0,0.0,0.014590761039790632,0.014590761039790632,-3.1463728261648116,-14823.626332882055,-14826.77270570822
90,16,0.36204833626603294,-6.715228562012881,3.0,1.0,0.8200801891268976,-14828.905135586789,14829.528172058865,0.3541587923082261,0.3541587923082261,2.0,0.0,0.014590761039790632,0.014590761039790632,-3.1451117083208606,-14824.294553567313,-14827.439665275635
91,16,0.36023216734239777,-6.662481529401275,3.0,1.0,0.8057754534817237,-14829.520129395494,14833.152639030202,-0.565775278619185,0.8738867243282584,1.0,0.0,0.014590761039790632,0.014590761039790632,-3.0352035150729537,-14825.017269404394,-14828.052472919468
92,16,0.3579129345297115,-6.700781514858264,3.0,1.0,0.6744306363197103,-14826.824428552529,14830.212654396215,-0.5047642112240283,0.7988100681650394,2.0,0.0,0.014590761039790632,0.014590761039790632,-3.1147319540491782,-14822.239199708194,-14825.353931662243
93,16,0.35856159661973497,-6.691370896886195,3.0,1.0,0.4838699059912142,-14826.929456485854,14828.414638757886,0.017540231356178992,1.4608289637399139,2.0,0.0,0.014590761039790632,0.014590761039790632,-3.0950552362805492,-14822.36470431429,-14825.459759550571
94,16,0.35698256743245294,-6.7039501572044715,3.0,1.0,0.9514936517016519,-14826.955706770546,14827.264220406149,0.02896833546583366,0.10272053068911191,1.0,0.0,0.014590761039790632,0.014590761039790632,-3.1213772169941882,-14822.362677780628,-14825.484054997622
95,16,0.355574290189992,-6.6960299351016515,3.0,1.0,0.8378412364846074,-14827.458234567779,14827.584039174357,0.2652454660874355,0.29235154494381277,1.0,0.0,0.014590761039790632,0.014590761039790632,-3.104785778436283,-14822.880031980392,-14825.984817758828
96,16,0.36145891908453187,-6.69159279908213,3.0,1.0,0.4649138732940879,-14827.705327235652,14829.588933677032,0.04712211516198295,1.5531216440376738,2.0,0.0,0.014590761039790632,0.014590761039790632,-3.0955181934197524,-14823.143632892385,-14826.239151085805
97,16,0.3624955166684149,-6.705859180063556,3.0,1.0,0.6319912025862694,-14828.63149764354,14830.124206150529,0.5389472103561275,0.8148350963147095,2.0,0.0,0.014590761039790632,0.014590761039790632,-3.125385658119568,-14824.041174843549,-14827.166560501668
98,16,0.36147050756250865,-6.708834081903832,3.0,1.0,1.0,-14828.080600133173,14828.981810588182,-0.29402957997081103,-0.3233332679410523,2.0,0.0,0.014590761039790632,0.014590761039790632,-3.131639426694369,-14823.482798467876,-14826.61443789457
99,16,0.3541239493100357,-6.707657277483212,3.0,1.0,0.3852671490427952,-14828.197276645094,14831.346097602625,0.03908698388477205,2.406383778879899,2.0,0.0,0.014590761039790632,0.014590761039790632,-3.129164518156479,-14823.592856173493,-14826.72202069165
100,16,0.3611485452403536,-6.713006890098684,3.0,1.0,1.0,-14828.14724918527,14828.521682374887,-0.007260259619215503,-0.5576797973062639,2.0,0.0,0.014590761039790632,0.014590761039790632,-3.140426318802576,-14823.540273627048,-14826.680699945851
101,16,0.3578916524192718,-6.733978813171738,3.0,1.0,0.881001384063893,-14829.07964475231,14829.89186042743,-0.13281904354516882,0.4416040972355404,1.0,0.0,0.014590761039790632,0.014590761039790632,-3.1848516187904354,-14824.424269924428,-14827.609121543219
102,16,0.35805515598040094,-6.671414619240786,3.0,1.0,0.9276398743970188,-14828.393920593451,14829.758297129318,-0.12978293185733492,-0.2655853645519528,2.0,0.0,0.014590761039790632,0.014590761039790632,-3.0536215621785487,-14823.869977902084,-14826.923599464262
103,16,0.3548053827578653,-6.711738531435452,7.0,1.0,0.6958472812071952,-14827.891213144689,14831.093636151869,0.061097050909665995,0.7863771926367917,2.0,0.0,0.014590761039790632,0.014590761039790632,-3.137753630225088,-14823.279070381508,-14826.416824011732
104,16,0.35885668315484737,-6.699153636266051,3.0,1.0,0.9973119335618522,-14826.852606241828,14827.767554703118,-0.3805977069587243,-0.3805977069587243,2.0,0.0,0.014590761039790632,0.014590761039790632,-3.1113218782236682,-14822.271949918306,-14825.383271796529
105,16,0.3601175486191359,-6.696537161237526,3.0,1.0,0.89095091721947,-14827.11779717854,14827.405465441532,0.11989042399545724,0.16270320643889136,2.0,0.0,0.014590761039790632,0.014590761039790632,-3.105846445786658,-14822.54415516665,-14825.650001612437
106,16,0.35891521128506954,-6.702583536220784,3.0,1.0,1.0,-14826.896584808728,14827.073475721056,-0.10282162451767363,-0.10282162451767363,2.0,0.0,0.014590761039790632,0.014590761039790632,-3.1185099140718373,-14822.30881224088,-14825.427322154952
107,16,0.35664067173249264,-6.689495067506363,3.0,1.0,0.8780790587297308,-14827.27946874001,14827.446556687553,0.15679227547661867,0.1822725264901237,2.0,0.0,0.014590761039790632,0.014590761039790632,-3.0911436390627522,-14822.716246695169,-14825.807390334232
108,16,0.3562481932696165,-6.6841634068128055,1.0,1.0,0.8430981319805443,-14827.733465617051,14827.905240924767,0.17067191971182183,0.17067191971182183,1.0,0.0,0.014590761039790632,0.014590761039790632,-3.080044939322233,-14823.180851038356,-14826.260895977679
109,16,0.36114670333577487,-6.694879960568098,3.0,1.0,1.0,-14827.527585113703,14827.88697024264,-0.03846042454460985,-0.35392347073320707,2.0,0.0,0.014590761039790632,0.014590761039790632,-3.102382004192285,-14822.958651653096,-14826.061033657288
110,16,0.35861865843988044,-6.714513616638877,3.0,1.0,0.949723772327462,-14827.32588267904,14828.05525391764,-0.19582201722550963,-0.2086890965456405,2.0,0.0,0.014590761039790632,0.014590761039790632,-3.1436033874194864,-14822.712652521477,-14825.856255908897
111,16,0.3577255768689294,-6.6842327213722434,3.0,1.0,1.0,-14827.311134402617,14827.499604608392,-0.002480995000951225,-0.13429769518552348,2.0,0.0,0.014590761039790632,0.014590761039790632,-3.080189046223663,-14822.760216608543,-14825.840405654768
112,16,0.3603297157702828,-6.679872852914937,3.0,1.0,0.9755872564790726,-14827.729350674541,14827.803734425357,0.07605873734246416,0.07605873734246416,2.0,0.0,0.014590761039790632,0.014590761039790632,-3.0711341112813573,-14823.190678357436,-14826.261812468718
113,16,0.3568873970862974,-6.70302714079806,3.0,1.0,1.0,-14826.963888871414,14827.62692006142,-0.1537438233553985,-0.1537438233553985,2.0,0.0,0.014590761039790632,0.014590761039790632,-3.119440434626951,-14822.372678026604,-14825.49211846123
114,16,0.35828425336558756,-6.68488209293057,3.0,1.0,0.9105554836858712,-14827.21221723372,14827.687994629781,0.026316717094232445,0.1631687658973533,2.0,0.0,0.014590761039790632,0.014590761039790632,-3.081539341143834,-14822.660639453165,-14825.742178794308
115,16,0.35856953338494457,-6.699643729934218,3.0,1.0,0.45584761247257416,-14826.828519579878,14828.95630281115,-0.07955315949038777,1.7021693515143852,2.0,0.0,0.014590761039790632,0.014590761039790632,-3.1123482463497973,-14822.24648415955,-14825.3588324059
116,16,0.35690084743523226,-6.7138765399162965,3.0,1.0,0.5987124316265932,-14827.28554532712,14828.12244394835,0.08992271654460637,0.8377794673961034,2.0,0.0,0.014590761039790632,0.014590761039790632,-3.142259776753266,-14822.671531912734,-14825.813791689488
117,16,0.36006170359425976,-6.700190923988597,3.0,1.0,0.816894318394612,-14827.125830223455,14828.884112700709,0.04665120742356521,0.4433306063674536,2.0,0.0,0.014590761039790632,0.014590761039790632,-3.113494479530765,-14822.544472361436,-14825.657966840967
118,16,0.359841984554938,-6.694388636358644,3.0,1.0,0.9921933750602224,-14827.049815741535,14827.225721801336,-0.05853264676989056,-0.06600702431387617,1.0,0.0,0.014590761039790632,0.014590761039790632,-3.1013553998890404,-14822.480329831993,-14825.581685231882
119,16,0.36098336105896983,-6.713283404944332,3.0,1.0,0.7079733631946515,-14828.073464140456,14828.558238321413,0.46487688039451314,0.5436638766241231,1.0,0.0,0.014590761039790632,0.014590761039790632,-3.141009205173695,-14823.46570673641,-14826.606715941583
120,16,0.3559025599264596,-6.677084058292719,7.0,1.0,0.5219366071618834,-14828.503185000349,14830.684867474489,0.10038427378276538,1.6935074702814745,2.0,0.0,0.014590761039790632,0.014590761039790632,-3.065352080328852,-14823.964829366492,-14827.03018144682
121,16,0.36179422915800047,-6.697855052757268,3.0,1.0,1.0,-14827.898426242216,14828.926078192426,-0.11244045444800577,-0.2292381758488773,2.0,0.0,0.014590761039790632,0.014590761039790632,-3.108603509007036,-14823.32404855389,-14826.432652062897
122,16,0.35926317203414226,-6.708812718671599,7.0,1.0,0.9882507452567287,-14827.151121299656,14827.899454053759,-0.39926448133337544,-0.39926448133337544,2.0,0.0,0.014590761039790632,0.014590761039790632,-3.1315944858622142,-14822.550690253307,-14825.682284739169
123,16,0.35808737584668127,-6.672187536824937,3.0,1.0,0.7491522013089629,-14828.300963934893,14828.673252562685,0.232511515609076,0.325880907876126,2.0,0.0,0.014590761039790632,0.014590761039790632,-3.0552188975349583,-14823.775463697604,-14826.830682595139
124,16,0.3563971648618888,-6.6574852111348655,3.0,1.0,0.6906853478202301,-14831.064909436362,14831.196830838051,0.9371191385016573,0.9371191385016573,2.0,0.0,0.014590761039790632,0.014590761039790632,-3.0249370144262757,-14826.567589424836,-14829.592526439263
125,16,0.3592223139294396,-6.672950347958771,3.0,1.0,1.0,-14828.148983809378,14830.084188066558,-1.0254573165620968,-1.1598505027832289,2.0,0.0,0.014590761039790632,0.014590761039790632,-3.056795932324419,-14823.623301347932,-14826.680097280258
126,16,0.3576055251975532,-6.677083203775616,1.0,1.0,0.9830840937529787,-14827.89001392706,14828.361562524511,0.017060614423826337,0.017060614423826337,1.0,0.0,0.014590761039790632,0.014590761039790632,-3.0653503098433763,-14823.353786114936,-14826.41913642478
127,16,0.35913265360029006,-6.712193294284737,3.0,1.0,0.8631206949397554,-14827.287735778145,14828.297028369347,-0.12569703482586192,0.27292236478751875,2.0,0.0,0.014590761039790632,0.014590761039790632,-3.138711722652703,-14822.68002781401,-14825.818739536664
128,16,0.35913265360029006,-6.712193294284737,3.0,1.0,0.9036453452815124,-14827.287735778145,14827.586774951573,0.0,0.1851119922775979,1.0,0.0,0.014590761039790632,0.014590761039790632,-3.138711722652703,-14822.68002781401,-14825.818739536664
129,16,0.35679412614756045,-6.694276524893561,7.0,1.0,1.0,-14827.06112549353,14827.325780160865,-0.04023216435780341,-0.09314831942720048,2.0,0.0,0.014590761039790632,0.014590761039790632,-3.101121180832181,-14822.488117542769,-14825.589238723602
130,16,0.36033924223814795,-6.690722497144415,3.0,1.0,0.8548928177191414,-14827.252080293818,14827.631866282987,0.04233410694905615,0.24787483527506993,2.0,0.0,0.014590761039790632,0.014590761039790632,-3.093702754489414,-14822.690850878464,-14825.784553632953
131,16,0.36016615883111286,-6.712887083303172,3.0,1.0,0.8133314014463323,-14827.656868072827,14828.487847507342,0.1939730919948488,0.35854247099086933,1.0,0.0,0.014590761039790632,0.014590761039790632,-3.140173792818428,-14823.048957718793,-14826.189131511612
132,16,0.3557996554267722,-6.692803609528373,7.0,1.0,1.0,-14827.457894036173,14827.719264286634,-0.03284977901967068,-0.23842152783799975,2.0,0.0,0.014590761039790632,0.014590761039790632,-3.0980451887459326,-14822.88671586803,-14825.984761056776
133,16,0.35637176996393666,-6.710250993323166,3.0,1.0,0.9643493327698304,-14827.23776143156,14827.863643886487,-0.1802222919959604,-0.1802222919959604,1.0,0.0,0.014590761039790632,0.014590761039790632,-3.134621135909919,-14822.63072549815,-14825.76534663406
134,16,0.35765402125498597,-6.690251203439288,3.0,1.0,0.95195959472615,-14827.01881970989,14827.803213394625,-0.06384532129050058,0.10110313064978982,1.0,0.0,0.014590761039790632,0.014590761039790632,-3.0927199578723314,-14822.455282358327,-14825.5480023162
135,16,0.3573585641486641,-6.687151665785643,1.0,1.0,0.9359791937463905,-14827.209554180134,14827.256100459885,0.06616203165503975,0.06616203165503975,1.0,0.0,0.014590761039790632,0.014590761039790632,-3.086261974314674,-14822.652108233115,-14825.73837020743
136,16,0.35813388340020075,-6.684592159231162,3.0,1.0,1.0,-14827.239827965968,14827.342348545182,-0.028852731367805973,-0.10289221770653967,2.0,0.0,0.014590761039790632,0.014590761039790632,-3.0809364046077263,-14822.688667636685,-14825.769604041292
137,16,0.35966954717723826,-6.686440027466238,3.0,1.0,0.9105527620908652,-14827.221947593562,14827.902497296223,-0.004321139749663416,0.2449816559710598,2.0,0.0,0.014590761039790632,0.014590761039790632,-3.084780609727909,-14822.668826486897,-14825.753607096625
138,16,0.3605453988967504,-6.707675015371211,3.0,1.0,0.7915009452076305,-14827.535329674442,14828.285895631012,0.24973375815352483,0.3742473627462459,1.0,0.0,0.014590761039790632,0.014590761039790632,-3.1292018119943443,-14822.938850813678,-14826.068052625673
139,16,0.3605453988967504,-6.707675015371211,3.0,1.0,0.5287782332558484,-14827.535329674442,14832.640969028,0.0,1.206790526424811,1.0,0.0,0.014590761039790632,0.014590761039790632,-3.1292018119943443,-14822.938850813678,-14826.068052625673
140,16,0.3618508513404256,-6.708648908693432,3.0,1.0,0.6627409636884255,-14828.313797938703,14829.893819594483,0.3885027824653662,0.6324035485504282,2.0,0.0,0.014590761039790632,0.014590761039790632,-3.131249901641719,-14823.716841624502,-14826.848091526144
141,16,0.3612269726406657,-6.696056624250237,3.0,1.0,0.9846633944515814,-14827.568629315696,14828.493770589961,-0.37157585063141596,-0.37157585063141596,1.0,0.0,0.014590761039790632,0.014590761039790632,-3.104841582058954,-14822.997332861041,-14826.1021744431
142,16,0.3559594099412998,-6.68571433076948,3.0,1.0,0.9855540710062036,-14827.751752774542,14828.124036990388,0.04430491428865935,-0.0862313921443274,2.0,0.0,0.014590761039790632,0.014590761039790632,-3.0832705023967337,-14823.195550173674,-14826.27882067607
143,16,0.35838918827875904,-6.691063374214806,1.0,1.0,1.0,-14826.937360064205,14827.385829791043,-0.37263021868420765,-0.37263021868420765,1.0,0.0,0.014590761039790632,0.014590761039790632,-3.0944137295499767,-14822.3730371983,-14825.46745092785
144,16,0.3579454374302685,-6.706671043324628,3.0,1.0,0.8784124009012851,-14826.923123543233,14827.20008501286,-0.003250493849918712,0.2177748879948922,2.0,0.0,0.014590761039790632,0.014590761039790632,-3.1270914598977737,-14822.32557537925,-14825.452666839146
145,16,0.3592461247054118,-6.701180615415951,3.0,1.0,0.9684214638076929,-14826.92964711991,14827.04543278973,0.03484881844269694,0.06239364181055862,1.0,0.0,0.014590761039790632,0.014590761039790632,-3.1155683933398537,-14822.345221319614,-14825.460789712954
146,16,0.3602618016697663,-6.695800859815719,3.0,1.0,0.9110416855746326,-14827.165421641204,14827.408069222778,0.10073494010430295,0.1240821073843108,2.0,0.0,0.014590761039790632,0.014590761039790632,-3.1043068403791545,-14822.593494264425,-14825.697801104805
147,16,0.3579814582627459,-6.70584885123413,3.0,1.0,0.9977643465794815,-14826.900955546922,14827.069481899018,-0.14197134562527935,-0.15689347294028266,2.0,0.0,0.014590761039790632,0.014590761039790632,-3.1253639605146124,-14822.305179405424,-14825.43054336594
148,16,0.35877587315812726,-6.690234894325757,3.0,1.0,0.9480994859856238,-14826.972399329898,14827.33121725019,0.011056787663619616,0.09015343710052548,1.0,0.0,0.014590761039790632,0.014590761039790632,-3.0926859521822907,-14822.410279752192,-14825.502965704374
149,16,0.35877200914177326,-6.683781376792687,3.0,1.0,0.6269114877143426,-14827.266162772294,14828.306863701644,0.0569318344223575,0.8405464758943708,2.0,0.0,0.014590761039790632,0.014590761039790632,-3.079250774473722,-14822.71747362822,-14825.796724402693
150,16,0.35412270946786145,-6.682537088953951,3.0,1.0,0.5900674459908034,-14829.126527718969,14829.287332733078,0.9664851799625467,0.9664851799625467,2.0,0.0,0.014590761039790632,0.014590761039790632,-3.076665157973657,-14824.574605026017,-14827.651270183991
51,17,0.35226969686198306,-6.698701730703042,1.0,1.0,4.586523560577183e-35,-14829.826960278117,14831.836110413955,0.0,79.06735591189681,1.0,0.0,0.02604400846571483,0.02604400846571483,-3.110375697562957,-14825.238945499941,-14828.349321197504
52,17,0.35571819481250105,-6.731005753729782,3.0,1.0,0.9106985894955907,-14828.889198137356,14831.728052850358,-0.7852104688845429,-0.8180700020220684,2.0,0.0,0.012944766456123215,0.012944766456123215,-3.178526963742492,-14824.237435661513,-14827.415962625255
53,17,0.35274116089514795,-6.704950670271391,3.0,1.0,0.6836142651919744,-14829.263301477948,14831.291286419315,0.5517602561048989,0.7446348700395902,2.0,0.0,0.012944766456123215,0.012944766456123215,-3.123477574293177,-14824.662794153344,-14827.786271727637
54,17,0.35509131085144724,-6.693384984240056,3.0,1.0,1.0,-14827.78977310381,14829.312784263653,-0.5219990285513632,-0.7828319332511455,2.0,0.0,0.012944766456123215,0.012944766456123215,-3.0992590550239196,-14823.216487200452,-14826.315746255475
55,17,0.3616058686357161,-6.698392976717539,3.0,1.0,1.0,-14827.794994586086,14828.05014370207,-0.00106301343839732,-0.1784300748950045,2.0,0.0,0.012944766456123215,0.012944766456123215,-3.109729359019262,-14823.21926538049,-14826.32899473951
56,17,0.355789443157544,-6.681821352596583,3.0,1.0,0.9864546391914587,-14828.121464699687,14828.200668293965,0.04148479998730181,-0.32373296485457104,2.0,0.0,0.012944766456123215,0.012944766456123215,-3.0751785670928786,-14823.573140302986,-14826.648318870079
57,17,0.3615811651748795,-6.695867818467911,3.0,1.0,1.0,-14827.75526739781,14828.154224846336,-0.06832908750038769,-0.3601387051057827,2.0,0.0,0.012944766456123215,0.012944766456123215,-3.1044468284330353,-14823.184791099988,-14826.28923792842
58,17,0.36086267960829566,-6.706229054351455,7.0,1.0,0.953999482140526,-14827.620998623504,14828.236807960304,-0.042626947099051904,-0.3384676402220066,2.0,0.0,0.012944766456123215,0.012944766456123215,-3.1261627173688433,-14823.027942175424,-14826.154104892792
59,17,0.3596172738787542,-6.701043555959874,1.0,1.0,1.0,-14827.010015247091,14827.44999325954,-0.2296860223814292,-0.2296860223814292,1.0,0.0,0.012944766456123215,0.012944766456123215,-3.1152811246831122,-14822.42632990944,-14825.541611034123
60,17,0.35724706234276593,-6.654243287746067,3.0,1.0,0.434248914393955,-14831.289815118693,14831.948506803026,0.8442360425560764,0.9296802153876342,2.0,0.0,0.012944766456123215,0.012944766456123215,-3.0182888213786994,-14826.800203749739,-14829.818492571118
61,17,0.3586749369824762,-6.661304276691648,1.0,1.0,1.0,-14829.674441159033,14831.103083121207,-0.45493500172051426,-0.45493500172051426,1.0,0.0,0.012944766456123215,0.012944766456123215,-3.0327822326813436,-14825.172101325648,-14828.20488355833
62,17,0.356531460347776,-6.731861505650525,3.0,1.0,0.8928552114373917,-14828.824957642175,14831.480779815603,-0.14260854987514904,0.3877740699535934,2.0,0.0,0.012944766456123215,0.012944766456123215,-3.180346517768446,-14824.172396186634,-14827.352742704403
63,17,0.35622011569091244,-6.724065173945634,1.0,1.0,1.0,-14828.099596445816,14828.786242483682,-0.089878165808841,-0.089878165808841,1.0,0.0,0.012944766456123215,0.012944766456123215,-3.1637965182004715,-14823.463195085065,-14826.626991603265
64,17,0.361533295154695,-6.711711136934258,3.0,1.0,0.7440992218167888,-14828.292753519478,14829.595125413205,0.33857770416216226,0.5984867581100843,2.0,0.0,0.012944766456123215,0.012944766456123215,-3.1376959222112633,-14823.688970707657,-14826.826666629868
65,17,0.361533295154695,-6.711711136934258,3.0,1.0,0.7656535602490648,-14828.292753519478,14829.990621933395,0.0,0.5581157650340174,1.0,0.0,0.012944766456123215,0.012944766456123215,-3.1376959222112633,-14823.688970707657,-14826.826666629868
66,17,0.3581859129684589,-6.7005276039467745,3.0,1.0,1.0,-14826.818672718957,14827.865703227537,-0.5386278551904979,-0.5386278551904979,1.0,0.0,0.012944766456123215,0.012944766456123215,-3.1141998877019135,-14822.234313112554,-14825.348513000255
67,17,0.3562339602586928,-6.6911916260048745,3.0,1.0,0.8404576619725997,-14827.34463194079,14827.540782740896,0.19128501942395815,0.280117869764581,2.0,0.0,0.012944766456123215,0.012944766456123215,-3.0946812573095204,-14822.77736320002,-14825.87204445733
68,17,0.3595433563949929,-6.709745018580054,3.0,1.0,1.0,-14827.266283853369,14827.42974710318,-0.05051768736120721,-0.159647135895284,2.0,0.0,0.012944766456123215,0.012944766456123215,-3.133556146194417,-14822.664233348594,-14825.797789494789
69,17,0.359543871583563,-6.702492314198243,3.0,1.0,0.9891683311103251,-14827.017341037188,14827.32520576,-0.06233272512872645,-0.08067781521458528,1.0,0.0,0.012944766456123215,0.012944766456123215,-3.1183185879446533,-14822.430528719151,-14825.548847307096
70,17,0.3633552869282941,-6.713005200448055,3.0,1.0,0.5973971311989789,-14829.829210215266,14829.883217286588,1.0664683866343694,1.0664683866343694,2.0,0.0,0.012944766456123215,0.012944766456123215,-3.140422757296392,-14825.224869757165,-14828.365292514462
71,17,0.3610493185428915,-6.681744260800514,3.0,1.0,0.9824900073131188,-14827.850634210668,14830.891808757176,-0.948976594805572,-0.948976594805572,1.0,0.0,0.012944766456123215,0.012944766456123215,-3.0750184772962075,-14823.308947011452,-14826.383965488749
72,17,0.3580858884328292,-6.705086448802376,3.0,1.0,0.9355498822459006,-14826.883144032368,14828.765380941812,-0.21592688341661415,-0.21592688341661415,1.0,0.0,0.012944766456123215,0.012944766456123215,-3.12376268862063,-14822.289098167368,-14825.41286085599
73,17,0.35849751513753775,-6.707827751744984,1.0,1.0,0.9745625191524374,-14826.986057298558,14826.986249037682,0.025766606984689133,0.025766606984689133,1.0,0.0,0.012944766456123215,0.012944766456123215,-3.129522952622023,-14822.38675857428,-14825.516281526901
74,17,0.3595067124627993,-6.698462753915904,3.0,1.0,0.9336671981329778,-14826.958573380145,14827.329804033578,0.018117247009286075,0.12772853088972624,2.0,0.0,0.012944766456123215,0.012944766456123215,-3.1098754206755816,-14822.380158891401,-14825.490034312077
75,17,0.3615876037799362,-6.713002647576218,3.0,1.0,0.7432791313996235,-14828.415784514747,14828.674139479044,0.5254458554427401,0.5254458554427401,2.0,0.0,0.012944766456123215,0.012944766456123215,-3.140417376267004,-14823.80934539045,-14826.949762766717
76,17,0.3542122751502131,-6.697418127735084,3.0,1.0,1.0,-14828.206422441095,14828.876006573286,-0.03867482038549497,-0.2573913704636652,2.0,0.0,0.012944766456123215,0.012944766456123215,-3.1076892580769364,-14823.623589856266,-14826.731279114343
77,17,0.35401143380925215,-6.696491269490132,1.0,1.0,0.9357990630531939,-14828.375854816153,14828.895271734842,0.06635450177600433,0.06635450177600433,1.0,0.0,0.012944766456123215,0.012944766456123215,-3.105750470354749,-14823.794704803573,-14826.900455273928
78,17,0.3562712812228486,-6.690969899761233,3.0,1.0,1.0,-14827.340076466542,14828.210490644833,-0.4141974585963908,-0.4141974585963908,1.0,0.0,0.012944766456123215,0.012944766456123215,-3.0942187561927326,-14822.773317012172,-14825.867535768364
79,17,0.3589493465987038,-6.692168893501934,3.0,1.0,0.8330262003402576,-14826.931047465207,14828.038804434667,-0.1693567500278732,0.4401467412153579,2.0,0.0,0.012944766456123215,0.012944766456123215,-3.096720335786899,-14822.36510633043,-14825.461826666216
80,17,0.36133284179730873,-6.675714231811508,3.0,1.0,0.8035231891507171,-14828.366855774722,14828.675160497763,0.29084488937587594,0.29084488937587594,2.0,0.0,0.012944766456123215,0.012944766456123215,-3.0625148560520747,-14823.838013333188,-14826.90052818924
81,17,0.3557898166018979,-6.724049806474268,3.0,1.0,0.9606728179151031,-14828.206309067664,14829.40181984463,-0.05998769195684872,-0.1882275564767042,2.0,0.0,0.012944766456123215,0.012944766456123215,-3.163763956260495,-14823.569399751723,-14826.733163707984
82,17,0.3557898166018979,-6.724049806474268,1.0,1.0,0.8641410435695119,-14828.206309067664,14828.633344277776,0.0,0.14601927862895536,1.0,0.0,0.012944766456123215,0.012944766456123215,-3.163763956260495,-14823.569399751723,-14826.733163707984
83,17,0.3551807292142543,-6.725313014932903,3.0,1.0,0.9745201833582814,-14828.517801489943,14828.687131076067,0.0795189156287961,-0.1812132244613167,2.0,0.0,0.012944766456123215,0.012944766456123215,-3.1664413407677277,-14823.87744642472,-14827.043887765487
84,17,0.35597043861305383,-6.668445148993297,7.0,1.0,0.8469209157176681,-14829.511072898295,14830.13912308874,0.35683616729329515,0.44437339679825527,3.0,0.0,0.012944766456123215,0.012944766456123215,-3.04749031968674,-14824.99066433827,-14828.038154657956
85,17,0.3639367228469735,-6.69131499048363,3.0,1.0,0.9078582561516834,-14829.499613997303,14831.014222195905,0.2450828701021237,0.2450828701021237,2.0,0.0,0.012944766456123215,0.012944766456123215,-3.094938605866539,-14824.941442898435,-14828.036381504302
86,17,0.36101939623140306,-6.698065131927262,3.0,1.0,1.0,-14827.482276802197,14829.003977650988,-0.7192283423155459,-0.9005388606365159,2.0,0.0,0.012944766456123215,0.012944766456123215,-3.109043160573535,-14822.906528869598,-14826.015572030172
87,17,0.36322554269972424,-6.686691650579096,3.0,1.0,0.728649950118699,-14828.941583953287,14829.305775764456,0.44867237459038734,0.44867237459038734,1.0,0.0,0.012944766456123215,0.012944766456123215,-3.0853043369812143,-14824.392208552115,-14827.477512889096
88,17,0.36133543342985286,-6.68185290640493,1.0,1.0,1.0,-14827.964088584025,14828.798384115726,-0.42726685276466014,-0.42726685276466014,1.0,0.0,0.012944766456123215,0.012944766456123215,-3.0752440938436143,-14823.422520019214,-14826.497764113057
89,17,0.3590217322673165,-6.6659870263273415,7.0,1.0,0.9268503824081878,-14828.969084290771,14829.635285102328,0.07430314023804385,-0.23529064219474094,3.0,0.0,0.012944766456123215,0.012944766456123215,-3.042421557917599,-14824.457530649763,-14827.49995220768
90,17,0.3605157061658604,-6.68079461563611,3.0,1.0,0.9600983062345998,-14827.722014942065,14829.690917215972,-0.18801150784565834,-0.31293155788080185,2.0,0.0,0.012944766456123215,0.012944766456123215,-3.0730469196805044,-14823.18165504857,-14826.25470196825
91,17,0.35929819842041655,-6.708432799356704,3.0,1.0,0.8756080590623654,-14827.143160214006,14829.169034108503,-0.05833641405297385,0.2994870728944079,1.0,0.0,0.012944766456123215,0.012944766456123215,-3.130795343601756,-14822.543571132941,-14825.674366476544
92,17,0.356389063509283,-6.703359862556449,3.0,1.0,0.9513299821978679,-14827.088357043354,14827.338908938767,-0.006977992879910744,0.08045148158271331,2.0,0.0,0.012944766456123215,0.012944766456123215,-3.120138492633689,-14822.495825409538,-14825.615963902172
93,17,0.3578532468370722,-6.681148425078193,3.0,1.0,0.5469633530038275,-14827.50315703887,14829.467702281128,0.04333443906944012,1.183100498152271,2.0,0.0,0.012944766456123215,0.012944766456123215,-3.073781357792494,-14822.958804965483,-14826.032586323276
94,17,0.359001669657886,-6.687763451629047,15.0,1.0,0.9983548059519641,-14827.078176020623,14827.563432473818,-0.09515899715370324,-0.13667120663740207,3.0,0.0,0.012944766456123215,0.012944766456123215,-3.0875358882512045,-14822.52148346589,-14825.60901935414
95,17,0.35890349243032904,-6.704037177567668,3.0,1.0,0.9515752468274395,-14826.924381921674,14827.569745964076,-0.0024644259738124674,0.10816850376613729,1.0,0.0,0.012944766456123215,0.012944766456123215,-3.121559857375824,-14822.333545038788,-14825.455104896164
96,17,0.3549368391800551,-6.706660160358381,3.0,1.0,0.7985313168242983,-14827.707344087503,14828.212008609009,0.266957458721663,0.3533570217077795,2.0,0.0,0.012944766456123215,0.012944766456123215,-3.127068589394094,-14823.10605303174,-14826.233121621135
97,17,0.35986391750764174,-6.719090876375954,7.0,1.0,0.9917819327247245,-14827.995253109524,14828.238924843916,0.01790489746235835,-0.27026958519672917,3.0,0.0,0.012944766456123215,0.012944766456123215,-3.1532688758296215,-14823.373880411442,-14826.52714928727
98,17,0.35804575860847343,-6.714461995306146,7.0,1.0,1.0,-14827.26424721687,14827.772455275435,-0.24134664741177403,-0.2776967578829499,3.0,0.0,0.012944766456123215,0.012944766456123215,-3.14349450163279,-14822.650419978905,-14825.793914480539
99,17,0.35832283164626005,-6.7137144955068395,1.0,1.0,0.9961976864582466,-14827.241860967688,14827.334174323489,0.003809560712397797,0.003809560712397797,1.0,0.0,0.012944766456123215,0.012944766456123215,-3.141918085806621,-14822.629951992532,-14825.771870078339
100,17,0.3549916937880227,-6.706094567736041,3.0,1.0,0.8281572095517086,-14827.672075377077,14827.957050576524,0.21324619888036977,0.2933684767522209,2.0,0.0,0.012944766456123215,0.012944766456123215,-3.125880162116175,-14823.072042242979,-14826.197922405096
101,17,0.3569598655574642,-6.711711924064471,3.0,1.0,0.5208640041312479,-14827.175953464593,14830.332343916434,-0.23618771709880093,1.6370245462530875,2.0,0.0,0.012944766456123215,0.012944766456123215,-3.137697580333602,-14822.566575820121,-14825.704273400455
102,17,0.3580675819407504,-6.690268023109517,3.0,1.0,0.9981695829254167,-14826.975994186558,14827.223700069875,-0.032617326418403536,-0.032617326418403536,2.0,0.0,0.012944766456123215,0.012944766456123215,-3.0927550283888965,-14822.412933375488,-14825.505688403877
103,17,0.35824122751162807,-6.702728036403017,3.0,1.0,0.9800701434359126,-14826.841967636168,14827.218889698363,-0.02440752315123973,0.04464106246814481,1.0,0.0,0.012944766456123215,0.012944766456123215,-3.1188130011233155,-14822.253063145725,-14825.371876146848
104,17,0.35849004105420634,-6.695996876103437,7.0,1.0,0.9902859923103803,-14826.836124110714,14826.890076103497,-0.0016388698659284273,0.01911494018531812,2.0,0.0,0.012944766456123215,0.012944766456123215,-3.1047166572540195,-14822.261622484066,-14825.36633914132
105,17,0.357251858265896,-6.695333912806501,3.0,1.0,0.9693811185880404,-14826.935523943062,14826.94962602949,0.040015300597588066,0.04361923697433667,2.0,0.0,0.012944766456123215,0.012944766456123215,-3.103330735658386,-14822.360876622843,-14825.464207358502
106,17,0.3601522707245092,-6.712068567755064,3.0,1.0,0.7971797930978148,-14827.600846276617,14828.028260994051,0.21093053570257325,0.3366766483286483,2.0,0.0,0.012944766456123215,0.012944766456123215,-3.138448928750817,-14822.994643931197,-14826.133092859947
107,17,0.35591502446299583,-6.696031111200808,3.0,1.0,1.0,-14827.31048793128,14827.758015779787,-0.06352434895961778,-0.11236529605412215,2.0,0.0,0.012944766456123215,0.012944766456123215,-3.1047882374953626,-14822.732711809842,-14825.837500047337
108,17,0.35774017262401725,-6.713931817435887,3.0,1.0,0.779597696185061,-14827.226386351496,14828.463475280074,-0.13119357845607738,0.5558616871221602,2.0,0.0,0.012944766456123215,0.012944766456123215,-3.1423763423378572,-14822.613299336654,-14825.75567567899
109,17,0.35821189821063953,-6.720075983214155,1.0,1.0,0.9190533249398213,-14827.666536251998,14827.667479739264,0.08441113334811234,0.08441113334811234,1.0,0.0,0.012944766456123215,0.012944766456123215,-3.1553517987748796,-14823.041056790693,-14826.196408589467
110,17,0.3580375808335832,-6.723194737681201,1.0,1.0,0.9663115029600678,-14827.914791201294,14827.994112397835,0.03426902991850511,0.03426902991850511,1.0,0.0,0.012944766456123215,0.012944766456123215,-3.1619525339920727,-14823.282495829477,-14826.444448363469
111,17,0.3649643816338439,-6.691596050753797,3.0,1.0,0.3360235589636799,-14830.546979541105,14833.849826127513,1.1917817215271498,1.5600767044506938,1.0,0.0,0.012944766456123215,0.012944766456123215,-3.0955249777863356,-14825.989424858844,-14829.084949836631
112,17,0.35794835203639497,-6.7221157772838325,7.0,1.0,0.8099160107244734,-14827.81194799714,14833.526177580263,-1.0996065380131768,-1.0996065380131768,3.0,0.0,0.012944766456123215,0.012944766456123215,-3.159667851457911,-14823.181827044651,-14826.341494896109
113,17,0.356468523631269,-6.717546184537946,3.0,1.0,0.9762698451837535,-14827.567824407097,14828.368448233652,-0.036955587807824486,-0.16546347058101674,2.0,0.0,0.012944766456123215,0.012944766456123215,-3.1500047128294217,-14822.945526019665,-14826.095530732495
114,17,0.35647610086601134,-6.719901047467559,1.0,1.0,0.9811999555706787,-14827.723149014897,14827.802021031317,0.018979011878400343,0.018979011878400343,1.0,0.0,0.012944766456123215,0.012944766456123215,-3.154981841451519,-14823.095882980482,-14826.250864821934
115,17,0.3587050224336318,-6.702642938571088,15.0,1.0,0.9998315482209387,-14826.871579545521,14827.613788536013,-0.12874992699471477,-0.13360887963972345,3.0,0.0,0.012944766456123215,0.012944766456123215,-3.118634507118721,-14822.283424401125,-14825.402058908243
116,17,0.35866682446161713,-6.6971420883649,3.0,1.0,0.9977614464362312,-14826.836451603294,14826.920119696744,-0.012293589426917606,-0.012293589426917606,1.0,0.0,0.012944766456123215,0.012944766456123215,-3.107111753371695,-14822.259772280477,-14825.366884033849
117,17,0.36120600481557136,-6.7070806596971275,3.0,1.0,0.7542418485711487,-14827.838094400937,14827.946984409988,0.38273602944173035,0.38273602944173035,1.0,0.0,0.012944766456123215,0.012944766456123215,-3.127952352948546,-14823.243661952203,-14826.371614305152
118,17,0.35571522635854186,-6.705632846811647,3.0,1.0,0.9978773172883711,-14827.339903365571,14828.135845929375,-0.21609319085837342,-0.29396544840346905,2.0,0.0,0.012944766456123215,0.012944766456123215,-3.1249102279616596,-14822.741753887887,-14825.866664115849
119,17,0.359106804421417,-6.69462416543458,3.0,1.0,0.9995894165664517,-14826.904055799661,14827.23161119259,-0.1491770875873044,-0.15281824557132495,2.0,0.0,0.012944766456123215,0.012944766456123215,-3.1018474993170573,-14822.333180413449,-14825.435027912767
120,17,0.36028109309820416,-6.6849496900527035,3.0,1.0,0.7737123461941121,-14827.430475490915,14828.979804743745,0.09852104830315511,0.36647915322100744,2.0,0.0,0.012944766456123215,0.012944766456123215,-3.0816799259682957,-14822.881198419826,-14825.962878345794
121,17,0.3582493555455357,-6.691157214631371,3.0,1.0,0.9648706550442943,-14826.937169962132,14827.633258071452,-0.11007886874540418,0.1113652132316929,2.0,0.0,0.012944766456123215,0.012944766456123215,-3.0946094750386828,-14822.372479020905,-14825.467088495943
122,17,0.35808230766115523,-6.6813745320677675,7.0,1.0,0.8298081888097736,-14827.456376720409,14828.596444574569,0.08668267829125398,0.33029819030889485,3.0,0.0,0.012944766456123215,0.012944766456123215,-3.0742507765447415,-14822.911838345935,-14825.98608912248
123,17,0.36047786234258183,-6.7014575416420445,3.0,1.0,0.8881892418418017,-14827.299183578316,14828.541008154627,0.07726947905939596,0.3025556764932844,2.0,0.0,0.012944766456123215,0.012944766456123215,-3.1161488719419954,-14822.715675932599,-14825.831824804542
124,17,0.35567550892897765,-6.686162874985753,3.0,1.0,0.9230958428203705,-14827.856667657625,14828.101647531335,0.1709878235051292,0.1709878235051292,2.0,0.0,0.012944766456123215,0.012944766456123215,-3.0842038190355323,-14823.299174571372,-14826.383378390407
125,17,0.3610961086270181,-6.713251673444209,3.0,1.0,0.9670072089216291,-14828.134168048076,14828.290318115127,0.10422601859318092,-0.3247513558908395,2.0,0.0,0.012944766456123215,0.012944766456123215,-3.1409423120822733,-14823.526613368142,-14826.667555680224
126,17,0.3579347150327703,-6.689846215855207,3.0,1.0,0.6749520218033173,-14827.002183997014,14829.656298975771,-0.41578352862961765,0.9863066427842568,2.0,0.0,0.012944766456123215,0.012944766456123215,-3.0918756079559326,-14822.439838429122,-14825.531714037077
127,17,0.356407596826619,-6.723506972147308,7.0,1.0,0.8659101767462728,-14828.015146269237,14828.396109504904,0.16296618273554486,0.2568172524406691,3.0,0.0,0.012944766456123215,0.012944766456123215,-3.162613903002353,-14823.380162430492,-14826.542776333496
128,17,0.358565529211046,-6.696583239842368,7.0,1.0,0.927726436862295,-14826.833927536367,14829.102817801506,-0.1959703023039765,0.24564846261819184,2.0,0.0,0.012944766456123215,0.012944766456123215,-3.105942814120709,-14822.258292623677,-14825.364235437799
129,17,0.3613496638125732,-6.667270873648248,3.0,1.0,0.6104086094135485,-14829.18997567482,14829.863376488041,0.41736970246165583,0.672158257344563,2.0,0.0,0.012944766456123215,0.012944766456123215,-3.0450681562289197,-14824.678600147883,-14827.723668304112
130,17,0.3576388467771983,-6.700114735926642,3.0,1.0,1.0,-14826.83969346993,14828.95019097832,-0.40858086948901473,-0.40858086948901473,2.0,0.0,0.012944766456123215,0.012944766456123215,-3.1133348668632927,-14822.255522403912,-14825.368857270774
131,17,0.3580931503525918,-6.691966092665596,7.0,1.0,0.9823000030666668,-14826.919416811434,14827.044286265227,0.011415302280511241,0.028479224603870534,2.0,0.0,0.012944766456123215,0.012944766456123215,-3.096297111267668,-14822.352845490428,-14825.449142601696
132,17,0.357840983013877,-6.6819825491912,3.0,1.0,0.729835260777452,-14827.44408120507,14828.231518798773,0.10782346315681934,0.5437189684962505,2.0,0.0,0.012944766456123215,0.012944766456123215,-3.0755133291813133,-14822.897981987153,-14825.973495316333
133,17,0.35724787501836097,-6.707355194892603,3.0,1.0,1.0,-14826.98477621634,14827.529674973746,-0.09884193172729283,-0.09884193172729283,2.0,0.0,0.012944766456123215,0.012944766456123215,-3.1285294390361047,-14822.384925240187,-14825.513454679223
134,17,0.360388121774115,-6.6973557374084525,3.0,1.0,0.789243804316622,-14827.211605701348,14827.85675538857,0.11489882287787623,0.3926913667401095,2.0,0.0,0.012944766456123215,0.012944766456123215,-3.1075587239907336,-14822.636579538255,-14825.744138262246
135,17,0.355888355904717,-6.677060725536753,3.0,1.0,0.8313024832593953,-14828.512765868545,14828.836828233172,0.3507322897166887,0.3507322897166887,2.0,0.0,0.012944766456123215,0.012944766456123215,-3.0653037371402965,-14823.974440719574,-14827.039744456713
136,17,0.35754560282833053,-6.673525942573684,3.0,1.0,1.0,-14828.263126765974,14828.780896512477,-0.1894718199782801,-0.48537527006556047,2.0,0.0,0.012944766456123215,0.012944766456123215,-3.0579863011050525,-14823.734188658349,-14826.792174959453
137,17,0.3585182013002404,-6.690256752312578,3.0,1.0,0.7796784807292966,-14826.963535950312,14829.20290418628,-0.2817554438915977,0.6248597627309209,2.0,0.0,0.012944766456123215,0.012944766456123215,-3.092731527738093,-14822.401054104692,-14825.49378563243
138,17,0.35953830410026333,-6.6949696088957475,3.0,1.0,0.9795534203986921,-14826.973732841001,14827.06414033557,0.026145210531467455,0.036180029886963894,2.0,0.0,0.012944766456123215,0.012944766456123215,-3.10256934719726,-14822.402662971701,-14825.505232318897
139,17,0.35302984024810863,-6.710089086134945,3.0,1.0,0.6146325593988587,-14829.046740804337,14829.420172997447,0.7223272340343101,0.8430845538769063,2.0,0.0,0.012944766456123215,0.012944766456123215,-3.1342803213023944,-14824.43580268421,-14827.570083005512
140,17,0.3558331148420109,-6.733470114066972,7.0,1.0,0.9741633989791892,-14829.136804172958,14830.534188979917,-0.4069788707583939,-0.6550500804332842,3.0,0.0,0.012944766456123215,0.012944766456123215,-3.1837688251349587,-14824.479944463244,-14827.663713288379
141,17,0.35688109577248767,-6.733811098814342,7.0,1.0,0.9927712725130144,-14829.025160158051,14829.42520489762,-0.01905515928956447,-0.3333478618351364,3.0,0.0,0.012944766456123215,0.012944766456123215,-3.18449460108356,-14824.368887288421,-14827.553381889506
142,17,0.357136299977087,-6.741356056130272,3.0,1.0,0.9526105543654845,-14830.051534371549,14830.128234803735,0.15334739560057642,-0.3095445553008176,2.0,0.0,0.012944766456123215,0.012944766456123215,-3.2005835691022257,-14825.379490472738,-14828.58007404184
143,17,0.3609122937985304,-6.708045350152975,3.0,1.0,0.8692472772510226,-14827.727886052104,14832.029208181004,-0.15498069702880457,0.4980051060192636,2.0,0.0,0.012944766456123215,0.012944766456123215,-3.1299805112354173,-14823.131071658612,-14826.261052169848
144,17,0.35667474275815414,-6.696327780814411,3.0,1.0,1.0,-14827.046944145126,14827.528012952462,-0.24819178431789624,-0.3181779500337143,2.0,0.0,0.012944766456123215,0.012944766456123215,-3.105408576404572,-14822.469499732179,-14825.574908308583
145,17,0.359783650524202,-6.688506884489956,3.0,1.0,1.0,-14827.16513971465,14827.312522618346,-0.01445432768741739,-0.057954958065238316,2.0,0.0,0.012944766456123215,0.012944766456123215,-3.089084432866999,-14822.607853769132,-14825.696938202
146,17,0.35826614073396224,-6.680827613883036,7.0,1.0,0.962784948748301,-14827.47853681362,14827.764837444534,0.0449479537546722,0.09328940257182694,3.0,0.0,0.012944766456123215,0.012944766456123215,-3.073115412192402,-14822.935360631853,-14826.008476044046
147,17,0.36083741977843603,-6.69328431133654,3.0,1.0,0.7946702206103803,-14827.396640182504,14828.327041591958,0.07422125986522587,0.3241721817303187,2.0,0.0,0.012944766456123215,0.012944766456123215,-3.099048833444532,-14822.830667138418,-14825.929715971863
148,17,0.3541953602836379,-6.703321549755016,3.0,1.0,0.8744609473174961,-14828.128925404104,14828.518862506626,0.2875194787466171,0.2875194787466171,2.0,0.0,0.012944766456123215,0.012944766456123215,-3.1200581058431758,-14823.533702409162,-14826.653760515006
149,17,0.3523253327880067,-6.704269687874977,1.0,1.0,0.5659483401564855,-14829.659965187455,14830.001750668662,0.5692524767528084,0.5692524767528084,1.0,0.0,0.012944766456123215,0.012944766456123215,-3.1220478926155586,-14825.060350240008,-14828.182398132623
150,17,0.3547112234590868,-6.731953903761983,3.0,1.0,0.9707485004175251,-14829.345910544,14831.455964852395,-0.5768605805260449,-0.9009888048149151,2.0,0.0,0.012944766456123215,0.012944766456123215,-3.1805430242987427,-14824.690858897302,-14827.8714019216
51,18,0.36084148755042184,-6.683613141215683,7.0,1.0,0.9995134911091813,-14827.675058716044,14828.218460261429,-0.018149727409763727,-0.05582560242146428,3.0,0.0,0.005787226531534492,0.005787226531534492,-3.0789010922722757,-14823.129238321968,-14826.20813941424
52,18,0.3575762360010623,-6.702627213703445,3.0,1.0,0.9761821612897617,-14826.860391812379,14828.275771248107,-0.19773471762346162,-0.19773471762346162,2.0,0.0,0.01367595165452079,0.01367595165452079,-3.118601524760936,-14822.270876471084,-14825.389477995845
53,18,0.35921853629012857,-6.671747131376621,3.0,1.0,0.7513000455259075,-14828.274893447431,14829.549868206426,0.22992946389240387,0.5130412022554083,2.0,0.0,0.01367595165452079,0.01367595165452079,-3.0543086688103656,-14823.751693628665,-14826.806002297475
54,18,0.3567756221648456,-6.712975606683426,3.0,1.0,0.7700813491101828,-14827.261696714799,14829.051906415114,-0.15826731735432986,0.5101312957340269,2.0,0.0,0.01367595165452079,0.01367595165452079,-3.1403603789609926,-14822.649426470727,-14825.789786849688
55,18,0.35840036945976717,-6.6744227080767295,3.0,1.0,0.9087961571218233,-14828.024170638884,14828.300480601303,0.15115641909869737,0.15115641909869737,2.0,0.0,0.01367595165452079,0.01367595165452079,-3.059841533289769,-14823.4944337403,-14826.55427527359
56,18,0.3557436644217907,-6.728427877511033,3.0,1.0,0.9675664674437184,-14828.616562114663,14828.724527228807,0.10236566876847064,-0.1579532274572557,2.0,0.0,0.01367595165452079,0.01367595165452079,-3.1730501455103384,-14823.970308522446,-14827.143358667956
57,18,0.35583804004734326,-6.680343251352626,3.0,1.0,0.8393046750862512,-14828.224085685459,14829.7660440985,0.11547777695523109,0.4668507586357009,2.0,0.0,0.01367595165452079,0.01367595165452079,-3.072110158811894,-14823.678890837426,-14826.751000996237
58,18,0.36280707048066735,-6.692610695003399,3.0,1.0,0.9158811485590782,-14828.550076470048,14829.44149131905,0.2034107911931642,-0.2813435064290388,2.0,0.0,0.01367595165452079,0.01367595165452079,-3.097642472543717,-14823.98786712804,-14827.085509600583
59,18,0.35467465444947244,-6.7058507184941565,3.0,1.0,1.0,-14827.840857188163,14829.018295598366,-0.2946534041857376,-0.2946534041857376,2.0,0.0,0.01367595165452079,0.01367595165452079,-3.1253678830296563,-14823.240934251422,-14826.366302134451
60,18,0.35970691970791413,-6.7244762878960245,3.0,1.0,0.9868193353112784,-14828.440409190101,14828.879395602464,0.04034501877686125,-0.16498343166313134,2.0,0.0,0.01367595165452079,0.01367595165452079,-3.164667709996773,-14823.807446519588,-14826.972114229584
61,18,0.3637883291359536,-6.709213783140253,3.0,1.0,0.5555072420563039,-14829.971057183931,14831.265572684686,0.9337970705764747,1.2965877670594637,1.0,0.0,0.01367595165452079,0.01367595165452079,-3.132438262563178,-14825.375211872328,-14828.50765013489
62,18,0.36144286062336545,-6.709775814785586,3.0,1.0,1.0,-14828.116822146649,14829.628894297603,-0.8274264771025628,-1.1758388940525037,2.0,0.0,0.01367595165452079,0.01367595165452079,-3.1336209595877227,-14823.517005757789,-14826.650626717377
63,18,0.3612834620178828,-6.693412955978821,3.0,1.0,0.8733614136961917,-14827.599626074307,14828.948640567643,-0.23515363615661045,0.3508300582616357,2.0,0.0,0.01367595165452079,0.01367595165452079,-3.099317466413951,-14823.033921666913,-14826.133239133327
64,18,0.3565328109673821,-6.692223509948516,3.0,1.0,0.9848947853831603,-14827.201014050073,14827.836595829087,-0.14895585498743458,-0.14895585498743458,2.0,0.0,0.01367595165452079,0.01367595165452079,-3.0968343217318015,-14822.631966479812,-14825.728800801544
65,18,0.3593544601080887,-6.695438009763213,3.0,1.0,0.9797411787576786,-14826.934031513585,14827.555043973858,-0.11338149847688328,-0.11338149847688328,2.0,0.0,0.01367595165452079,0.01367595165452079,-3.1035483207594643,-14822.36175821438,-14825.46530653514
66,18,0.36041742165634905,-6.694153925754624,1.0,1.0,0.8917278102378459,-14827.22716199558,14827.251854352311,0.11459433844174782,0.11459433844174782,1.0,0.0,0.01367595165452079,0.01367595165452079,-3.100865065709158,-14822.658864978479,-14825.759730044188
67,18,0.3589244521032031,-6.689527161161176,3.0,1.0,0.853810472662975,-14827.005556287042,14828.903522978453,-0.12585292098628997,0.3417205478708638,2.0,0.0,0.01367595165452079,0.01367595165452079,-3.091210533181019,-14822.445094431825,-14825.536304965006
68,18,0.36057428608035497,-6.718639633738731,3.0,1.0,0.7199308047277628,-14828.273686774639,14828.487026019979,0.4577195664278406,0.46019743750730413,2.0,0.0,0.01367595165452079,0.01367595165452079,-3.1523150864923712,-14823.65412958122,-14826.806444667713
69,18,0.36271180338401215,-6.68269963430348,3.0,1.0,0.7548619867011327,-14828.694271864937,14830.018830119565,0.10331117587884364,0.385624256261508,2.0,0.0,0.01367595165452079,0.01367595165452079,-3.0770028375134957,-14824.15258903955,-14827.229591877063
70,18,0.3598075960815828,-6.689097457653829,1.0,1.0,1.0,-14827.151046897585,14828.191593950598,-0.5305669632671197,-0.5305669632671197,1.0,0.0,0.01367595165452079,0.01367595165452079,-3.090314970000776,-14822.592559565164,-14825.682874535165
71,18,0.3599394832443654,-6.705802789674254,3.0,1.0,0.9000547764351179,-14827.224225431013,14827.82137351526,0.08706755658749898,0.16529509357314964,1.0,0.0,0.01367595165452079,0.01367595165452079,-3.1252672010393274,-14822.630946316543,-14825.756213517583
72,18,0.3611997266311463,-6.686978607577928,3.0,1.0,0.8680274618545288,-14827.684703074003,14828.396431031735,0.10082509482526802,0.23402259154863714,1.0,0.0,0.01367595165452079,0.01367595165452079,-3.0859016853058576,-14823.132313739721,-14826.218215425028
73,18,0.3614181772119812,-6.694141862728608,3.0,1.0,0.9784054290456249,-14827.66496009049,14828.096249014638,0.0669774533034797,-0.17370337761531118,2.0,0.0,0.01367595165452079,0.01367595165452079,-3.100839866316716,-14823.097895155475,-14826.198735021791
74,18,0.35758791304168724,-6.708902726017924,3.0,1.0,0.9860430410001341,-14827.003990208785,14827.488801140673,-0.30752667666456546,-0.3187015847724979,2.0,0.0,0.01367595165452079,0.01367595165452079,-3.1317838331948598,-14822.401307037906,-14825.5330908711
75,18,0.35794730504481403,-6.710586960566736,1.0,1.0,0.9881166897920401,-14827.06358150451,14827.082427162915,0.011954481131397188,0.011954481131397188,1.0,0.0,0.01367595165452079,0.01367595165452079,-3.1353284305432445,-14822.457798678648,-14825.59312710919
76,18,0.3578925322952492,-6.697360729566295,3.0,1.0,1.0,-14826.830538379663,14827.02716178284,-0.03909231012403325,-0.03909231012403325,2.0,0.0,0.01367595165452079,0.01367595165452079,-3.1075691685237037,-14822.25244709025,-14825.360016258774
77,18,0.35965004681371976,-6.688268042635814,3.0,1.0,0.8770748491070551,-14827.146304757774,14827.31778416543,0.06932531081110938,0.16583951022766996,2.0,0.0,0.01367595165452079,0.01367595165452079,-3.088586873389841,-14822.589353621664,-14825.677940495054
78,18,0.3590934398275326,-6.698194334000219,3.0,1.0,0.9902275269086376,-14826.88135712562,14827.223464320243,-0.046642852434160886,-0.046642852434160886,1.0,0.0,0.01367595165452079,0.01367595165452079,-3.109313575285619,-14822.302999299396,-14825.412312874681
79,18,0.35910152762917275,-6.699807915476681,3.0,1.0,0.9922113251137592,-14826.889723462184,14826.922538898483,0.0050477134573156945,0.01850112470674503,1.0,0.0,0.01367595165452079,0.01367595165452079,-3.1126921421032305,-14822.307996972328,-14825.420689114431
80,18,0.35774550078020734,-6.718343705533816,3.0,1.0,0.8792424698606461,-14827.505131840418,14827.988766292903,0.09229696494003292,0.20978395548081608,1.0,0.0,0.01367595165452079,0.01367595165452079,-3.1516896950593067,-14822.882738070684,-14826.034427765744
81,18,0.35774550078020734,-6.718343705533816,3.0,1.0,0.4118537960497867,-14827.505131840418,14833.347095309817,0.0,1.3118510325111856,1.0,0.0,0.01367595165452079,0.01367595165452079,-3.1516896950593067,-14822.882738070684,-14826.034427765744
82,18,0.3581235341795821,-6.692969795158762,3.0,1.0,0.9195731888849159,-14826.8910519843,14828.330920248036,-0.12068165258460795,0.1359275338018051,1.0,0.0,0.01367595165452079,0.01367595165452079,-3.0983921372312753,-14822.322423147856,-14825.420815285088
83,18,0.3584264022638444,-6.697062441124235,3.0,1.0,0.987202296865965,-14826.824801505865,14826.93045927494,-0.014251712740588118,0.028489317252024193,2.0,0.0,0.01367595165452079,0.01367595165452079,-3.1069451367539633,-14822.24799306161,-14825.354938198365
84,18,0.35715232931765595,-6.7034178669293984,3.0,1.0,0.9772147027763562,-14826.920557205487,14826.945745237817,0.03099250620834937,0.03099250620834937,2.0,0.0,0.01367595165452079,0.01367595165452079,-3.1202601984924603,-14822.328856624668,-14825.449116823162
85,18,0.35747485401800705,-6.711658388972049,3.0,1.0,0.7786330189002495,-14827.120768588202,14827.742383741608,0.01769122406585666,0.43947955049770826,2.0,0.0,0.01367595165452079,0.01367595165452079,-3.1375848078599655,-14822.512144197344,-14825.649729005205
86,18,0.35763082742779334,-6.701969033762165,3.0,1.0,0.9341146035432745,-14826.849461287218,14827.28799271796,-0.04176418589850073,0.12530475309540634,2.0,0.0,0.01367595165452079,0.01367595165452079,-3.1172212372180144,-14822.261393911653,-14825.378615148871
87,18,0.3561318014555369,-6.693578263902147,3.0,1.0,0.8585183976737243,-14827.294557439396,14827.392177538564,0.19263920218691055,0.2426579333423433,2.0,0.0,0.01367595165452079,0.01367595165452079,-3.099662683153013,-14822.722179133934,-14825.821841817087
88,18,0.36063212708841763,-6.68297038140555,3.0,1.0,0.880881599535063,-14827.634446154907,14828.156251958706,-0.008943072010879405,0.20688740418700036,2.0,0.0,0.01367595165452079,0.01367595165452079,-3.077565359243088,-14823.089708627605,-14826.167273986848
89,18,0.3599624101208456,-6.689443539900382,7.0,1.0,0.8377837262042631,-14827.177152731929,14828.099150893759,-0.10640837593382457,0.4143498715438909,3.0,0.0,0.01367595165452079,0.01367595165452079,-3.091036240119068,-14822.618132452328,-14825.709168692447
90,18,0.35904365010721917,-6.693103866474584,3.0,1.0,0.4610306726182552,-14826.920755177418,14829.503454556467,-0.07228365238006518,1.7865657079782977,2.0,0.0,0.01367595165452079,0.01367595165452079,-3.09867206025961,-14822.352977886045,-14825.451649946304
91,18,0.3582611628862143,-6.7053376821947275,7.0,1.0,0.999980410817968,-14826.894139204796,14826.916448053542,-0.007938226483020117,-0.019146371671013185,3.0,0.0,0.01367595165452079,0.01367595165452079,-3.124290289266099,-14822.29978200843,-14825.424072297696
92,18,0.35729302064625096,-6.688877865204256,7.0,1.0,0.7794768527014558,-14827.138339339555,14827.82115151374,0.08393030276965874,0.4710924400460499,3.0,0.0,0.01367595165452079,0.01367595165452079,-3.0898573794168818,-14822.577216545164,-14825.66707392458
93,18,0.355830503260219,-6.693046309297339,3.0,1.0,0.7616597301823687,-14827.435466539067,14828.607237217546,0.16042784676028532,0.45616356475693465,2.0,0.0,0.01367595165452079,0.01367595165452079,-3.0985518863470993,-14822.863820482962,-14825.96237236931
94,18,0.3609104589548556,-6.71781685470999,3.0,1.0,0.862480346668801,-14828.38204839325,14828.84186255637,0.29966098974182387,0.29966098974182387,2.0,0.0,0.01367595165452079,0.01367595165452079,-3.150576506635541,-14823.764635791473,-14826.915212298109
95,18,0.3603886790279825,-6.672912386084474,3.0,1.0,0.890241261041584,-14828.309411970122,14829.734453691215,-0.3350536380567064,-0.4246264615594555,2.0,0.0,0.01367595165452079,0.01367595165452079,-3.0567174362343876,-14823.785227769806,-14826.84194520604
96,18,0.35399815252393063,-6.7218141037550545,7.0,1.0,0.8986729507004981,-14828.84219056067,14829.02356056699,0.2780006481862074,0.2780006481862074,2.0,0.0,0.01367595165452079,0.01367595165452079,-3.159029270514613,-14824.207744790101,-14827.366774060616
97,18,0.35915752111966676,-6.682080485489636,3.0,1.0,1.0,-14827.388460918148,14828.4988849703,-0.4709785460399871,-0.4709785460399871,2.0,0.0,0.01367595165452079,0.01367595165452079,-3.0757167292924716,-14822.843778384582,-14825.919495113874
98,18,0.35773648620748677,-6.687437362723053,3.0,1.0,1.0,-14827.130426505984,14827.423355754707,-0.022010768469044706,-0.09047350293076306,2.0,0.0,0.01367595165452079,0.01367595165452079,-3.086856830858567,-14822.572854437578,-14825.659711268436
99,18,0.35693844393832186,-6.6997500560160885,3.0,1.0,0.9769242491082716,-14826.944886284047,14827.376411259902,-0.023725112670945236,0.07174012674840924,1.0,0.0,0.01367595165452079,0.01367595165452079,-3.1125709491679245,-14822.36060857014,-14825.473179519307
100,18,0.35707715313020566,-6.721054042140844,3.0,1.0,0.8683128229249477,-14827.727776249714,14828.266420824835,0.10684435406255943,0.24497573230837588,1.0,0.0,0.01367595165452079,0.01367595165452079,-3.157420779568595,-14823.098821513544,-14826.256242293113
101,18,0.35791503978986644,-6.697876075124686,3.0,1.0,1.0,-14826.82553989758,14827.675785586038,-0.14932744413272303,-0.14932744413272303,2.0,0.0,0.01367595165452079,0.01367595165452079,-3.108647502418166,-14822.24639810812,-14825.355045610539
102,18,0.36043792165947164,-6.716716099920358,3.0,1.0,0.7005173323293007,-14828.048124799425,14828.694347203804,0.4191951761913515,0.47571013733067957,2.0,0.0,0.01367595165452079,0.01367595165452079,-3.1482516065266997,-14823.432466065717,-14826.580717672243
103,18,0.355883193781472,-6.713223507747246,3.0,1.0,0.6816383579114697,-14827.494112118498,14829.60982839323,-0.24247388186267926,0.9180857800620288,2.0,0.0,0.01367595165452079,0.01367595165452079,-3.140882936894577,-14822.880201279071,-14826.021084215965
104,18,0.3580735934443895,-6.668236119987938,3.0,1.0,0.7903229190812925,-14828.778432211824,14829.653215346476,0.24803691768465796,0.3792616065857146,2.0,0.0,0.01367595165452079,0.01367595165452079,-3.0470590572200034,-14824.26107479578,-14827.308133853001
105,18,0.35796351551057004,-6.713008938354024,7.0,1.0,0.7775660896318394,-14827.18012212732,14829.469694289399,-0.32820995185647917,0.6449903388402163,2.0,0.0,0.01367595165452079,0.01367595165452079,-3.1404306361924594,-14822.569257133886,-14825.709687770079
106,18,0.35955187446475123,-6.699313127795567,3.0,1.0,0.9644849472144662,-14826.974106682768,14827.54140842642,0.0013061110075796023,0.10501497323093645,2.0,0.0,0.01367595165452079,0.01367595165452079,-3.111655863565708,-14822.393966851616,-14825.505622715182
107,18,0.3592142110774736,-6.694409841804577,3.0,1.0,0.9919857174641681,-14826.922033664048,14827.016919400457,-0.03701925775203563,-0.05688912689765857,1.0,0.0,0.01367595165452079,0.01367595165452079,-3.1013997029227682,-14822.351737520361,-14825.453137223283
108,18,0.3579768568574087,-6.722545187005923,3.0,1.0,0.7569835413045545,-14827.851526013728,14829.047349984687,0.17825481372892682,0.37053760554226756,1.0,0.0,0.01367595165452079,0.01367595165452079,-3.160576980672305,-14823.220531165302,-14826.381108145973
109,18,0.35800737000665017,-6.699054120573423,3.0,1.0,0.8751809774505858,-14826.817416448132,14828.025335838074,-0.1973379871215002,0.21379635702942323,2.0,0.0,0.01367595165452079,0.01367595165452079,-3.1111134989619473,-14822.235922787868,-14825.34703628683
110,18,0.35800737000665017,-6.699054120573423,3.0,1.0,0.7941017402073958,-14826.817416448132,14828.250512902468,0.0,0.2959722747800697,1.0,0.0,0.01367595165452079,0.01367595165452079,-3.1111134989619473,-14822.235922787868,-14825.34703628683
111,18,0.35731365326230574,-6.6983959974052025,1.0,1.0,0.9715252306161797,-14826.884099753019,14826.884293582973,0.02888803971836751,0.02888803971836751,1.0,0.0,0.01367595165452079,0.01367595165452079,-3.1097356819960855,-14822.30312429823,-14825.412859980226
112,18,0.35731365326230574,-6.6983959974052025,3.0,1.0,0.3080831508886611,-14826.884099753019,14830.223795949854,0.0,2.51713015399946,1.0,0.0,0.01367595165452079,0.01367595165452079,-3.1097356819960855,-14822.30312429823,-14825.412859980226
113,18,0.35775326216515485,-6.720426778179504,3.0,1.0,0.9050275912255246,-14827.662039814673,14827.743284747554,0.12090383650138392,0.12090383650138392,2.0,0.0,0.01367595165452079,0.01367595165452079,-3.156093758609287,-14823.035251591757,-14826.191345350366
114,18,0.3546844630773059,-6.714096049206128,3.0,1.0,0.5691859896585245,-14828.040166250237,14832.466196396505,0.21711188901281275,0.9729285807934502,2.0,0.0,0.01367595165452079,0.01367595165452079,-3.1427226814796434,-14823.422900970323,-14826.565623651803
115,18,0.35699615184325495,-6.68670964401805,3.0,1.0,0.977719950716171,-14827.3190346677,14828.332322482773,-0.22823474661527143,-0.22823474661527143,2.0,0.0,0.01367595165452079,0.01367595165452079,-3.0853417908725005,-14822.762058030345,-14825.847399821218
116,18,0.3577829231628389,-6.686657904760326,1.0,1.0,1.0,-14827.16364535438,14827.332492157726,-0.07614030154763896,-0.07614030154763896,1.0,0.0,0.01367595165452079,0.01367595165452079,-3.0852340949044934,-14822.607753516573,-14825.692987611477
117,18,0.35768177700604387,-6.70300624689834,3.0,1.0,0.9965722088559578,-14826.856778834439,14827.296529165827,-0.07573653414510773,-0.07573653414510773,2.0,0.0,0.01367595165452079,0.01367595165452079,-3.1193966024323885,-14822.26659922943,-14825.385995831863
118,18,0.3605109218016214,-6.684135642687473,3.0,1.0,0.5569569318114466,-14827.53707670801,14828.54613275868,0.1672208025775035,0.9197770232694893,2.0,0.0,0.01367595165452079,0.01367595165452079,-3.079987218279309,-14822.989770726506,-14826.069757944786
119,18,0.35968718199798505,-6.684462725409717,3.0,1.0,1.0,-14827.318238302349,14827.533993326831,-0.07696177738216647,-0.16136507984811033,2.0,0.0,0.01367595165452079,0.01367595165452079,-3.0806672654518903,-14822.76925202881,-14825.849919294262
120,18,0.36064073548998704,-6.684509361566261,1.0,1.0,0.9125337309508686,-14827.561967831185,14827.638789679928,0.09153022878308548,0.09153022878308548,1.0,0.0,0.01367595165452079,0.01367595165452079,-3.0807642367517243,-14823.014041832388,-14826.094806069139
121,18,0.35706553324746165,-6.685257634561622,3.0,1.0,0.9987610859195363,-14827.386201054856,14827.962188246596,-0.016676552393619204,-0.1652290452075249,2.0,0.0,0.01367595165452079,0.01367595165452079,-3.0823204300612437,-14822.832332199368,-14825.91465262943
122,18,0.3581119499757226,-6.67219500168403,3.0,1.0,0.938963895004355,-14828.296246737244,14828.482045066887,0.14363697085536842,0.14363697085536842,2.0,0.0,0.01367595165452079,0.01367595165452079,-3.0552343275560885,-14823.770761410246,-14826.825995737801
123,18,0.3606271439886936,-6.707562665703626,7.0,1.0,0.8009750884642202,-14827.567155731369,14829.368638153272,-0.001654986434004968,0.4576534516309039,3.0,0.0,0.01367595165452079,0.01367595165452079,-3.1289656025868906,-14822.971011936708,-14826.099977539296
124,18,0.36252573940906013,-6.705415487649463,1.0,1.0,0.6180410397960999,-14828.633433096005,14828.937004097868,0.4812004162922676,0.4812004162922676,1.0,0.0,0.01367595165452079,0.01367595165452079,-3.1244536967800074,-14824.044078218974,-14827.168531915755
125,18,0.36194068662925777,-6.694251578041597,3.0,1.0,0.9238214078355685,-14827.960851785843,14828.958933121261,-0.32720366165813175,-0.5546586763193773,1.0,0.0,0.01367595165452079,0.01367595165452079,-3.1010690645167807,-14823.394183759363,-14826.49525282388
126,18,0.35897992168086884,-6.721884821917677,3.0,1.0,0.8893304856121865,-14827.958340376555,14829.828704393522,-0.1830476916165935,0.40347989469410095,1.0,0.0,0.01367595165452079,0.01367595165452079,-3.1591789581839334,-14823.329978098727,-14826.48915705691
127,18,0.3591877993590862,-6.698380984004029,3.0,1.0,0.9793433150575398,-14826.89657675206,14828.42134365637,-0.2479254764130019,-0.2479254764130019,1.0,0.0,0.01367595165452079,0.01367595165452079,-3.109704255669932,-14822.317943743403,-14825.427647999073
128,18,0.3578627935891642,-6.670170995998081,3.0,1.0,0.6124029406720966,-14828.57757909585,14829.147586472209,0.3457374807767337,0.5833386768281343,2.0,0.0,0.01367595165452079,0.01367595165452079,-3.0510527058756303,-14824.055967484825,-14827.1070201907
129,18,0.3590455798048112,-6.669629932735935,3.0,1.0,1.0,-14828.511428542693,14828.881081546082,-0.07693421225849306,-0.370004007643729,2.0,0.0,0.01367595165452079,0.01367595165452079,-3.0499355561757593,-14823.99239011928,-14827.042325675455
130,18,0.356229810541468,-6.730124038289988,3.0,1.0,0.760572128446689,-14828.679102634325,14830.394838777827,0.038853685748108546,0.6868309907295043,2.0,0.0,0.01367595165452079,0.01367595165452079,-3.176652970411009,-14824.029856977515,-14827.206509947926
131,18,0.3614290113328793,-6.661617914454403,7.0,1.0,0.7378756240047613,-14829.936270430517,14831.504020900804,0.22826670407266647,0.8878080384092755,2.0,0.0,0.01367595165452079,0.01367595165452079,-3.033427163161801,-14825.436631208846,-14828.470058372008
132,18,0.3576416581010601,-6.692828675964857,3.0,1.0,1.0,-14826.935487111457,14829.686487078578,-0.5494294059553795,-0.5494294059553795,2.0,0.0,0.01367595165452079,0.01367595165452079,-3.0980975185907083,-14822.366556877914,-14825.464654396505
133,18,0.3520403667422646,-6.698006178828403,3.0,1.0,0.44682643653172344,-14830.088397713496,14830.289222529878,1.3619449262641865,1.3619449262641865,1.0,0.0,0.01367595165452079,0.01367595165452079,-3.10891977966862,-14825.501541623189,-14828.610461402857
134,18,0.3644216967163977,-6.669278105935682,3.0,1.0,0.9815310072248349,-14830.908259889198,14832.997307675858,-0.26646273097139783,-0.5027607347165031,2.0,0.0,0.01367595165452079,0.01367595165452079,-3.049209285799858,-14826.396387048258,-14829.445596334059
135,18,0.3658747061518403,-6.662716063240643,1.0,1.0,0.5467519089120106,-14832.995332658384,14833.842390946153,0.6037601280513627,0.6037601280513627,1.0,0.0,0.01367595165452079,0.01367595165452079,-3.035686051704159,-14828.498673549868,-14831.534359601572
136,18,0.3576527407353442,-6.7148857248076395,7.0,1.0,0.8975370781993854,-14827.280892348363,14832.423775814379,-1.6767721858341247,-1.6767721858341247,3.0,0.0,0.01367595165452079,0.01367595165452079,-3.144388360573002,-14822.665685007263,-14825.810073367837
137,18,0.35844921939738844,-6.690013911680094,3.0,1.0,1.0,-14826.971634898757,14827.305187730226,-0.05469826836815628,-0.06970311931945616,2.0,0.0,0.01367595165452079,0.01367595165452079,-3.092225213483328,-14822.409574469973,-14825.501799683458
138,18,0.35990616058040587,-6.708116161105781,3.0,1.0,0.3744126359942574,-14827.304493995302,14830.107670760966,0.15257072263375449,2.184787120500914,2.0,0.0,0.01367595165452079,0.01367595165452079,-3.130129420336518,-14822.706312139117,-14825.836441559453
139,18,0.35847179639503746,-6.686487175999979,3.0,1.0,0.4755710530040586,-14827.119852832404,14829.635113886916,-0.1246616118678503,1.6777526159330591,2.0,0.0,0.01367595165452079,0.01367595165452079,-3.084878739660745,-14822.565166668759,-14825.65004540842
140,18,0.3596625347113009,-6.680960156063084,3.0,1.0,0.9301031081910476,-14827.518851758428,14827.921230142949,0.07275551481870934,0.1502635193101014,2.0,0.0,0.01367595165452079,0.01367595165452079,-3.073390533136643,-14822.97711218246,-14826.050502715596
141,18,0.3574248634213609,-6.713480188565073,7.0,1.0,0.9552891089226936,-14827.211784263107,14827.84962197761,-0.05706610497327347,0.17642788169359847,2.0,0.0,0.01367595165452079,0.01367595165452079,-3.141424066687749,-14822.599258560276,-14825.740682626963
142,18,0.3616993024796535,-6.680532959060904,3.0,1.0,0.8343735403349051,-14828.206752355356,14828.339335455143,0.3015708380644355,0.3015708380644355,2.0,0.0,0.01367595165452079,0.01367595165452079,-3.0725038531329107,-14823.668360639806,-14826.740864492938
143,18,0.3545187276111512,-6.704668963556963,7.0,1.0,0.9061868871150981,-14827.924670387607,14828.920628032725,0.06827260717182071,0.35263898428092944,2.0,0.0,0.01367595165452079,0.01367595165452079,-3.122886091711267,-14823.327031108049,-14826.44991719976
144,18,0.36044091838448783,-6.7372615808536995,3.0,1.0,0.8324000421790881,-14830.423324062887,14830.78596298249,0.5318202880498575,0.5318202880498575,2.0,0.0,0.01367595165452079,0.01367595165452079,-3.191845391234661,-14825.76407517296,-14828.955920564194
145,18,0.35305576193422594,-6.728525151689199,3.0,1.0,1.0,-14829.990245960127,14832.179498394016,-0.11334697658821824,-1.0138233636771474,2.0,0.0,0.01367595165452079,0.01367595165452079,-3.17325668838845,-14825.340364829468,-14828.513621517857
146,18,0.3603001129460999,-6.724059583168202,7.0,1.0,1.0,-14828.655802088944,14829.89017221697,-0.2513536383812607,-0.7837387689032767,3.0,0.0,0.01367595165452079,0.01367595165452079,-3.1637846719458205,-14824.024443330161,-14827.188228002107
147,18,0.3561955213854749,-6.698739622001104,3.0,1.0,0.9890598320029292,-14827.15796180228,14829.820255281486,-0.4189704374202847,-0.4189704374202847,2.0,0.0,0.01367595165452079,0.01367595165452079,-3.110455024908595,-14822.57487109224,-14825.685326117149
148,18,0.35208793079974077,-6.704655220848603,1.0,1.0,0.3260821518850363,-14829.89416444123,14830.05299640821,1.1206059297146567,1.1206059297146567,1.0,0.0,0.01367595165452079,0.01367595165452079,-3.122857239006296,-14825.293432583536,-14828.416289822542
149,18,0.35604592689311915,-6.6891625248770605,3.0,1.0,1.0,-14827.513129563946,14829.663068153151,-0.992837354177027,-0.992837354177027,1.0,0.0,0.01367595165452079,0.01367595165452079,-3.090450567478632,-14822.94985557767,-14826.040306145149
150,18,0.3574381689257348,-6.667462888706233,3.0,1.0,0.8689336113677438,-14829.033209550826,14829.662554179584,0.25441090465574234,0.25441090465574234,2.0,0.0,0.01367595165452079,0.01367595165452079,-3.0454641290469215,-14824.51666030421,-14827.562124433258
51,19,0.36015612946252185,-6.707437462515942,3.0,1.0,0.99045154322175,-14827.36471210417,14828.354981605522,-0.4104092380239308,-0.4104092380239308,2.0,0.0,0.01570486658748933,0.01570486658748933,-3.128702384184586,-14822.768260986712,-14825.896963370897
52,19,0.3595977124156168,-6.6962181886667045,3.0,1.0,1.0,-14826.97832197692,14827.426391591607,-0.16252680864818103,-0.16252680864818103,1.0,0.0,0.013855397617167212,0.013855397617167212,-3.1051794079577824,-14822.40471450534,-14825.509893913297
53,19,0.35863263747709484,-6.709815967927418,3.0,1.0,0.9619022705207977,-14827.08038946684,14827.44007585677,0.005273801238217857,0.07251604504926945,1.0,0.0,0.013855397617167212,0.013855397617167212,-3.1337054669221738,-14822.4770744138,-14825.610779880722
54,19,0.3570985930549374,-6.69698735926512,3.0,1.0,1.0,-14826.936598576905,14827.121629159046,-0.014403122504518251,-0.016657345371640986,2.0,0.0,0.013855397617167212,0.013855397617167212,-3.1067880764130225,-14822.358303236782,-14825.465091313195
55,19,0.3588230924597431,-6.67622744907377,3.0,1.0,0.3707138647880856,-14827.829187753263,14830.644230677035,0.12128937541638152,2.257380491564618,2.0,0.0,0.013855397617167212,0.013855397617167212,-3.0635776266946446,-14823.296234462618,-14826.359812089313
56,19,0.36023209850225846,-6.701683248141387,3.0,1.0,0.426441840287044,-14827.21025087578,14830.620669741054,-0.033116753793365206,2.111607409469798,2.0,0.0,0.013855397617167212,0.013855397617167212,-3.116622043094367,-14822.62597227316,-14825.742594316254
57,19,0.36219592281953816,-6.695047589248971,3.0,1.0,0.7646227780998545,-14828.12516128933,14828.35418954572,0.3793111032427987,0.3793111032427987,1.0,0.0,0.013855397617167212,0.013855397617167212,-3.1027323135348928,-14823.55713485363,-14826.659867167165
58,19,0.36219592281953816,-6.695047589248971,1.0,1.0,0.2342930447501344,-14828.12516128933,14830.490542569338,0.0,1.4511826191410364,1.0,0.0,0.013855397617167212,0.013855397617167212,-3.1027323135348928,-14823.55713485363,-14826.659867167165
59,19,0.3515678199957826,-6.735180061072237,3.0,1.0,0.4562169928210211,-14831.895291284058,14832.80086329148,0.8679067940956884,1.0238723666425358,2.0,0.0,0.013855397617167212,0.013855397617167212,-3.187409567182662,-14827.229331214556,-14830.416740781739
60,19,0.3566810173066942,-6.730633894165245,3.0,1.0,1.0,-14828.669753367296,14830.85071281735,-1.1243478980213695,-1.238978087925716,2.0,0.0,0.013855397617167212,0.013855397617167212,-3.1777365205937618,-14824.019988848442,-14827.197725369037
61,19,0.35786306082254965,-6.692718394786577,3.0,1.0,0.9284319941258364,-14826.914739456213,14828.742009989153,-0.2910164856348274,-0.2910164856348274,2.0,0.0,0.013855397617167212,0.013855397617167212,-3.097867295233556,-14822.346313586415,-14825.444180881648
62,19,0.3584602738681516,-6.694524509458822,7.0,1.0,0.9263676839090591,-14826.855387298721,14827.542170522309,-0.01986928227415774,0.13114652561125695,3.0,0.0,0.013855397617167212,0.013855397617167212,-3.101639277707591,-14822.283926413944,-14825.385565691651
63,19,0.35700192745239445,-6.6968936791456155,3.0,1.0,0.5412221040510247,-14826.957813394238,14828.360674508793,0.058893729372357484,1.1325880030944973,2.0,0.0,0.013855397617167212,0.013855397617167212,-3.1065921191182313,-14822.379593624586,-14825.486185743704
64,19,0.356349256851365,-6.715878455798143,3.0,1.0,0.8844186974516358,-14827.495599168124,14827.995196803688,0.08462564684850804,0.20847365331974288,1.0,0.0,0.013855397617167212,0.013855397617167212,-3.146483233326945,-14822.876672940021,-14826.023156173349
65,19,0.3566461326823849,-6.703018032340736,3.0,1.0,0.3524936407790093,-14827.01763866721,14832.136846198233,-0.05641655189356243,3.636555045703062,2.0,0.0,0.013855397617167212,0.013855397617167212,-3.1194213264278874,-14822.426145758862,-14825.54556708529
66,19,0.3580504632823978,-6.6837873642033285,3.0,1.0,0.9214113036479273,-14827.296650755356,14827.935666725883,0.02534817594278138,0.1651086630881764,1.0,0.0,0.013855397617167212,0.013855397617167212,-3.0792632199904113,-14822.747060610114,-14825.826323830104
67,19,0.35588621617780236,-6.699949747484537,3.0,1.0,0.8942473859041863,-14827.259176008214,14828.01007510287,0.08735295087171835,0.24738947450714477,1.0,0.0,0.013855397617167212,0.013855397617167212,-3.112989238836293,-14822.67316266715,-14825.786151905986
68,19,0.35890571161639434,-6.689530820678477,3.0,1.0,0.9714801153431688,-14827.004055685471,14827.483816185566,-0.15752098793018376,-0.15752098793018376,1.0,0.0,0.013855397617167212,0.013855397617167212,-3.0912181609281264,-14822.443563220699,-14825.534781381626
69,19,0.35780355083359394,-6.718881560905398,7.0,1.0,0.7058276689467429,-14827.545696070274,14828.326508597855,0.10675675208403845,0.6790847034717444,2.0,0.0,0.013855397617167212,0.013855397617167212,-3.1528264214320796,-14822.922237438446,-14826.075063859878
70,19,0.36194668492195026,-6.695291850160952,3.0,1.0,0.7092534243267853,-14827.967390948254,14829.522240440969,0.3529606990505272,0.647978053884799,1.0,0.0,0.013855397617167212,0.013855397617167212,-3.103242818727039,-14823.398556339127,-14826.501799157853
71,19,0.36194668492195026,-6.695291850160952,1.0,1.0,0.01426588521908461,-14827.967390948254,14834.111915634012,0.0,4.249884240925894,1.0,0.0,0.013855397617167212,0.013855397617167212,-3.103242818727039,-14823.398556339127,-14826.501799157853
72,19,0.35981871457182046,-6.690651890497812,1.0,1.0,1.0,-14827.10960693992,14827.66034060923,-0.40436853316532506,-0.40436853316532506,1.0,0.0,0.013855397617167212,0.013855397617167212,-3.093555503127059,-14822.547892607536,-14825.641448110662
73,19,0.35658239292909016,-6.717513598284685,3.0,1.0,0.8552314573946359,-14827.543849197451,14827.902039827333,0.05876885124962428,0.2646788195015688,2.0,0.0,0.013855397617167212,0.013855397617167212,-3.1499358789410827,-14822.921762070007,-14826.071697948948
74,19,0.35658239292909016,-6.717513598284685,3.0,1.0,0.7214786963383834,-14827.543849197451,14829.231760235383,0.0,0.5837242751931626,1.0,0.0,0.013855397617167212,0.013855397617167212,-3.1499358789410827,-14822.921762070007,-14826.071697948948
75,19,0.3601706618230258,-6.689450882635195,7.0,1.0,0.9796918829933553,-14827.232790963946,14827.755298078726,-0.016627793511361233,-0.11535825918144837,3.0,0.0,0.013855397617167212,0.013855397617167212,-3.0910515444125415,-14822.674008323003,-14825.765059867415
76,19,0.3549567052171472,-6.705558861630984,7.0,1.0,0.549831160121179,-14827.684657645596,14829.446174522302,0.23187280494676088,1.5220688459921803,2.0,0.0,0.013855397617167212,0.013855397617167212,-3.1247548275891264,-14823.085705523183,-14826.210460350772
77,19,0.36200310696554916,-6.688502929637595,3.0,1.0,0.963926524212292,-14828.059571973745,14828.21371878668,0.11453629281822941,-0.24097400599202956,2.0,0.0,0.013855397617167212,0.013855397617167212,-3.089076193585758,-14823.504971430242,-14826.594047623828
78,19,0.3550747248130586,-6.700100718023553,3.0,1.0,1.0,-14827.629814824235,14827.97088593013,-0.10407213435973972,-0.4208539910887339,2.0,0.0,0.013855397617167212,0.013855397617167212,-3.113305500231864,-14823.042461483456,-14826.155766983687
79,19,0.357600446971941,-6.681350895768898,3.0,1.0,0.9582001644760151,-14827.531578188557,14828.485522040553,-0.17449238535118639,-0.17449238535118639,1.0,0.0,0.013855397617167212,0.013855397617167212,-3.0742017030376414,-14822.986492687623,-14826.06069439066
80,19,0.3604968935162811,-6.673779332022145,3.0,1.0,0.7661804896768668,-14828.25456891586,14829.542615517603,0.09330790238345799,0.6008907856848964,2.0,0.0,0.013855397617167212,0.013855397617167212,-3.058510432732541,-14823.72872274338,-14826.787233176114
81,19,0.35789606661704443,-6.6937301370609745,7.0,1.0,0.9939827929244581,-14826.886755663227,14828.258759900307,-0.2622501906553225,-0.2622501906553225,3.0,0.0,0.013855397617167212,0.013855397617167212,-3.0999798678174555,-14822.316258045576,-14825.416237913392
82,19,0.35937779171802187,-6.679648481362719,3.0,1.0,0.8444308036140876,-14827.573773144566,14827.885187515762,0.11453827095283486,0.25552051419072086,2.0,0.0,0.013855397617167212,0.013855397617167212,-3.0706686321948835,-14823.0344080387,-14826.105076670896
83,19,0.3570604405417628,-6.69077619281291,3.0,1.0,0.5069522904307268,-14827.109226436118,14829.60615313691,-0.019396815390791744,1.4803393421498185,2.0,0.0,0.013855397617167212,0.013855397617167212,-3.0938147410565566,-14822.543856927872,-14825.637671668928
84,19,0.3570604405417628,-6.69077619281291,3.0,1.0,0.740263166557433,-14827.109226436118,14828.249341606239,0.0,0.35799165619573614,1.0,0.0,0.013855397617167212,0.013855397617167212,-3.0938147410565566,-14822.543856927872,-14825.637671668928
85,19,0.3570604405417628,-6.69077619281291,1.0,1.0,0.21173253599255648,-14827.109226436118,14829.113265906537,0.0,1.5524314235026395,1.0,0.0,0.013855397617167212,0.013855397617167212,-3.0938147410565566,-14822.543856927872,-14825.637671668928
86,19,0.35704760781391054,-6.683590430400709,3.0,1.0,0.9676016130892678,-14827.499895637293,14827.595050232627,0.10224887376534753,0.10224887376534753,2.0,0.0,0.013855397617167212,0.013855397617167212,-3.078853889396777,-14822.94947099939,-14826.028324888788
87,19,0.35967795224049826,-6.712573469670008,3.0,1.0,0.9950315897703357,-14827.459515245739,14827.728411564287,0.015017429939689464,-0.15952449477663322,2.0,0.0,0.013855397617167212,0.013855397617167212,-3.1395128332413353,-14822.851672157916,-14825.991184991157
88,19,0.3584409826488069,-6.708370199496615,1.0,1.0,1.0,-14827.000556125868,14827.299922713153,-0.17352988332095265,-0.17352988332095265,1.0,0.0,0.013855397617167212,0.013855397617167212,-3.130663681615801,-14822.400047088573,-14825.530710770188
89,19,0.3566992430095709,-6.697541040646265,3.0,1.0,0.7139979301909162,-14827.020714826585,14827.747814264676,0.049996510226264945,0.5404243450957438,2.0,0.0,0.013855397617167212,0.013855397617167212,-3.107946429916162,-14822.44076316401,-14825.548709593926
90,19,0.3604942970623012,-6.702405099811534,3.0,1.0,0.7006913095546358,-14827.327730763536,14828.062854840895,0.13217460650048451,0.5723690402483044,2.0,0.0,0.013855397617167212,0.013855397617167212,-3.1181356750846847,-14822.742256206353,-14825.860391881437
91,19,0.35747456951856504,-6.674448416611455,3.0,1.0,0.9560395530869513,-14828.182049993573,14828.445434557276,0.11159195228901808,0.11159195228901808,2.0,0.0,0.013855397617167212,0.013855397617167212,-3.059894731070552,-14823.651115326431,-14826.711010057501
92,19,0.3610306129544096,-6.722775033039407,3.0,1.0,0.8086150138898188,-14828.920080152868,14829.19861124609,0.40221121425929596,0.40221121425929596,2.0,0.0,0.013855397617167212,0.013855397617167212,-3.161063677332287,-14824.292325218368,-14827.453388895701
93,19,0.3527064038716507,-6.698930016054315,3.0,1.0,0.4196856039534645,-14829.392441747,14831.752967887345,0.43289869174077467,1.3866645697835338,2.0,0.0,0.013855397617167212,0.013855397617167212,-3.1108536462041445,-14824.804513508918,-14827.915367155121
94,19,0.35705747300145646,-6.699640331352606,1.0,1.0,1.0,-14826.921430455111,14828.32665524785,-1.0830143163038883,-1.0830143163038883,1.0,0.0,0.013855397617167212,0.013855397617167212,-3.1123411281162996,-14822.337530864312,-14825.449871992429
95,19,0.3590573498122419,-6.720973758974222,3.0,1.0,0.660576835378959,-14827.8970023956,14828.558836755095,0.22999845929734875,0.6146213441770669,2.0,0.0,0.013855397617167212,0.013855397617167212,-3.157250912935112,-14823.270663032845,-14826.42791394578
96,19,0.3559411554166624,-6.696961642214099,3.0,1.0,1.0,-14827.279719967533,14828.046565242066,-0.06538986237319477,-0.06538986237319477,2.0,0.0,0.013855397617167212,0.013855397617167212,-3.106734281374734,-14822.700030647116,-14825.806764928491
97,19,0.35524239845116884,-6.707554155579279,3.0,1.0,0.9770527750490184,-14827.571604135823,14827.906591370105,0.0713259569292859,0.0713259569292859,2.0,0.0,0.013855397617167212,0.013855397617167212,-3.128947711001674,-14822.968820670469,-14826.09776838147
98,19,0.35524239845116884,-6.707554155579279,1.0,1.0,0.7137828447087543,-14827.571604135823,14828.240537460038,0.0,0.3371765019655868,1.0,0.0,0.013855397617167212,0.013855397617167212,-3.128947711001674,-14822.968820670469,-14826.09776838147
99,19,0.3593876553331467,-6.719711442203062,3.0,1.0,0.9944824230574589,-14827.882115263157,14828.315530669126,0.01669125807347882,-0.11969779600804031,2.0,0.0,0.013855397617167212,0.013855397617167212,-3.1545808953222667,-14823.258849943108,-14826.41343083843
100,19,0.36049745484098106,-6.675400349060421,3.0,1.0,0.9650253552492122,-14828.111872986665,14828.560101638848,-0.0599170350615168,-0.21293769282237918,2.0,0.0,0.013855397617167212,0.013855397617167212,-3.0618649972519165,-14823.582672929,-14826.644537926251
101,19,0.35522197608249734,-6.696019379726598,3.0,1.0,0.8454663009743252,-14827.6321765922,14829.381139271862,0.10115072529515601,0.34407098546762427,2.0,0.0,0.013855397617167212,0.013855397617167212,-3.104763708683156,-14823.053551312956,-14826.15831502164
102,19,0.355327055582342,-6.697314266242983,3.0,1.0,1.0,-14827.54680585708,14827.916112403582,-0.03824447701299505,-0.17620975191312027,2.0,0.0,0.013855397617167212,0.013855397617167212,-3.1074719594774662,-14822.9656051136,-14826.073077073079
103,19,0.35510064854078893,-6.697915596537795,1.0,1.0,0.9559209039489432,-14827.651122693196,14827.969526581768,0.045080105808665394,0.045080105808665394,1.0,0.0,0.013855397617167212,0.013855397617167212,-3.108730209893098,-14823.068377452017,-14826.17710766191
104,19,0.35709624808321266,-6.694572274491519,3.0,1.0,0.9855712680559696,-14826.982302550774,14827.44808760523,-0.3002082958792016,-0.3460518881074677,1.0,0.0,0.013855397617167212,0.013855397617167212,-3.101739076925917,-14822.409053290858,-14825.510792367784
105,19,0.3607338983725227,-6.69407746751019,3.0,1.0,0.8621301157661233,-14827.347754149754,14828.017081949045,0.1407420132909465,0.2086359365057433,2.0,0.0,0.013855397617167212,0.013855397617167212,-3.100705348602695,-14822.779999608254,-14825.880704956857
106,19,0.36175761203619683,-6.684660540810876,3.0,1.0,0.9416194312602827,-14828.039596901328,14828.260756461485,0.1813471076220594,0.1813471076220594,2.0,0.0,0.013855397617167212,0.013855397617167212,-3.0810786011051694,-14823.49270027944,-14826.573778880544
107,19,0.3543126915560248,-6.702615444315767,3.0,1.0,0.8212810338756515,-14828.055298304682,14829.808777785416,0.1285548356736399,0.3411743303131516,2.0,0.0,0.013855397617167212,0.013855397617167212,-3.1185768390452986,-14823.461706084337,-14826.580282923383
108,19,0.3606925765285814,-6.718686795061575,3.0,1.0,0.996439237262663,-14828.338807280092,14828.581717175233,0.010739753459347412,-0.49332840106944786,2.0,0.0,0.013855397617167212,0.013855397617167212,-3.1524147616194114,-14823.71929340705,-14826.87170816867
109,19,0.356199484131578,-6.728792357052686,3.0,1.0,0.9671022167635649,-14828.545816115775,14829.151165346875,-0.23901714673775132,-0.4760681468396797,2.0,0.0,0.013855397617167212,0.013855397617167212,-3.1738240959232256,-14823.899361304637,-14827.07318540056
110,19,0.3574594664465317,-6.7266699562427945,1.0,1.0,1.0,-14828.215715548053,14828.646531893944,-0.055973689051825204,-0.055973689051825204,1.0,0.0,0.013855397617167212,0.013855397617167212,-3.1693191708000525,-14823.575337696448,-14826.744656867248
111,19,0.3580349568692611,-6.7189593891882655,1.0,1.0,1.0,-14827.563816819738,14828.145257546414,-0.09990927806029504,-0.09990927806029504,1.0,0.0,0.013855397617167212,0.013855397617167212,-3.152990930987487,-14822.94047980956,-14826.093470740549
112,19,0.3557957961113672,-6.726714838193906,3.0,1.0,0.8529146146189048,-14828.438516239437,14829.334396904256,0.15881433015601942,0.3487222300736903,2.0,0.0,0.013855397617167212,0.013855397617167212,-3.1694143888562185,-14823.795964015091,-14826.965378403947
113,19,0.3601879628669803,-6.71444431877755,3.0,1.0,0.9215669795956908,-14827.768821566495,14828.951629770749,0.03837850535819598,0.22020746465204866,2.0,0.0,0.013855397617167212,0.013855397617167212,-3.143457216832036,-14823.157654247205,-14826.301111464038
114,19,0.35640790995016397,-6.708151333919165,3.0,1.0,0.5292287176067565,-14827.164871953873,14829.690133065002,-0.22835049075365532,1.4455069356918102,2.0,0.0,0.013855397617167212,0.013855397617167212,-3.130203387481422,-14822.56229902268,-14825.692502410162
115,19,0.3561340249211281,-6.697652479586376,3.0,1.0,0.930824437170311,-14827.194571518363,14827.519940897004,0.06585860080303974,0.15523952441071742,1.0,0.0,0.013855397617167212,0.013855397617167212,-3.108179607715842,-14822.613679078398,-14825.721858686115
116,19,0.3545411399978343,-6.707082831848983,3.0,1.0,0.7062262894791744,-14827.931309689673,14828.907255788341,0.274478325387463,0.49139729248781805,2.0,0.0,0.013855397617167212,0.013855397617167212,-3.127956918619641,-14823.328628077817,-14826.456584996437
117,19,0.3537480946006602,-6.694162479627915,3.0,1.0,0.7377140404210061,-14828.661163137407,14829.359549946066,0.3800750292321027,0.636139407479277,1.0,0.0,0.013855397617167212,0.013855397617167212,-3.1008829346479585,-14824.084544081661,-14827.18542701631
118,19,0.35904553331233935,-6.693363614461765,3.0,1.0,0.9671779419232985,-14826.916088274307,14828.188729776786,-0.7942108968854882,-0.7942108968854882,2.0,0.0,0.013855397617167212,0.013855397617167212,-3.0992144305649907,-14822.34777091955,-14825.446985350116
119,19,0.36088693405821376,-6.694529708585933,1.0,1.0,0.8058524529882991,-14827.409700109069,14827.422697251151,0.21585461404174566,0.21585461404174566,1.0,0.0,0.013855397617167212,0.013855397617167212,-3.1016501405398142,-14822.841185498517,-14825.942835639056
120,19,0.3550628997486968,-6.704889372991323,3.0,1.0,0.9734554805700247,-14827.624718694373,14827.76170832013,0.08298338203530875,-0.13339401784469374,2.0,0.0,0.013855397617167212,0.013855397617167212,-3.1233488653394295,-14823.027307020291,-14826.15065588563
121,19,0.3560929619294964,-6.699263236276248,3.0,1.0,1.0,-14827.18823353002,14827.643098277162,-0.15983757861431513,-0.15983757861431513,1.0,0.0,0.013855397617167212,0.013855397617167212,-3.111551384837251,-14822.603917777858,-14825.715469162697
122,19,0.3592226530558208,-6.719938442010661,3.0,1.0,0.9643122913106916,-14827.852618159666,14827.894332358424,0.11323939048998,-0.11903998531852267,2.0,0.0,0.013855397617167212,0.013855397617167212,-3.1550609215450436,-14823.228671123816,-14826.38373204536
123,19,0.35808098754716733,-6.714314613401932,3.0,1.0,1.0,-14827.257626664148,14827.685826218745,-0.1869659890417097,-0.23628730402197107,2.0,0.0,0.013855397617167212,0.013855397617167212,-3.143183641050102,-14822.644153795054,-14825.787337436104
124,19,0.35759188062815017,-6.727150115791029,7.0,1.0,0.8342096827596104,-14828.267647660614,14828.485465792375,0.18427139293089567,0.33697171954372607,3.0,0.0,0.013855397617167212,0.013855397617167212,-3.170337944447914,-14823.626415297738,-14826.796753242186
125,19,0.355672069713167,-6.725359519255417,7.0,1.0,0.9953712997286124,-14828.352407311178,14828.355369472387,0.03293743234644353,-0.2355918582270533,3.0,0.0,0.013855397617167212,0.013855397617167212,-3.166539937654948,-14823.71257377442,-14826.879113712075
126,19,0.3589806768071614,-6.716395812820552,3.0,1.0,0.9677960765070494,-14827.517517387596,14828.922665143155,-0.11957298237030045,-0.19725181918147427,2.0,0.0,0.013855397617167212,0.013855397617167212,-3.147575356901731,-14822.900759636574,-14826.048334993475
127,19,0.3568006380487152,-6.70476872172898,7.0,1.0,0.9627057472125392,-14827.002724577944,14827.753065549234,-0.12357656249514548,0.13092005345242796,3.0,0.0,0.013855397617167212,0.013855397617167212,-3.123095538847316,-14822.407750395963,-14825.53084593481
128,19,0.3568006380487152,-6.70476872172898,3.0,1.0,0.5890187291936916,-14827.002724577944,14828.209946525121,0.0,0.8407245114685793,1.0,0.0,0.013855397617167212,0.013855397617167212,-3.123095538847316,-14822.407750395963,-14825.53084593481
129,19,0.36120912766359353,-6.682353111019113,3.0,1.0,0.5195156644471947,-14827.883359766354,14828.936452158892,0.23013356766023207,1.0482502416689385,2.0,0.0,0.013855397617167212,0.013855397617167212,-3.076282985224889,-14823.340600442249,-14826.416883427473
130,19,0.3559459738761294,-6.691212976430908,3.0,1.0,0.9767957869472957,-14827.458686830469,14828.34653088443,-0.016495867712364998,-0.1011766601131967,2.0,0.0,0.013855397617167212,0.013855397617167212,-3.0947257949839,-14822.891012052163,-14825.985737847148
131,19,0.35767469394590945,-6.665872264079552,3.0,1.0,0.7648835474329122,-14829.187371261985,14830.013161248884,0.2827036489161401,0.5231537554918759,1.0,0.0,0.013855397617167212,0.013855397617167212,-3.0421850605299063,-14824.674394423273,-14827.716579483804
132,19,0.35951398849401894,-6.703131698503126,3.0,1.0,0.9237741592962331,-14827.023728728016,14829.249571547749,-0.44520323630240455,-0.44520323630240455,2.0,0.0,0.013855397617167212,0.013855397617167212,-3.1196597872018605,-14822.435538751364,-14825.555198538566
133,19,0.35951398849401894,-6.703131698503126,3.0,1.0,0.7191471208199828,-14827.023728728016,14828.152731567518,0.0,0.41412911611405434,1.0,0.0,0.013855397617167212,0.013855397617167212,-3.1196597872018605,-14822.435538751364,-14825.555198538566
134,19,0.3595217455370875,-6.704130423112674,1.0,1.0,0.9913072528406076,-14827.05029281479,14827.136921491066,0.008730749475944322,0.008730749475944322,1.0,0.0,0.013855397617167212,0.013855397617167212,-3.1217555717197154,-14822.460016518602,-14825.581772090321
135,19,0.35800913387385147,-6.680370203974751,3.0,1.0,0.910573679633079,-14827.540388605752,14827.749487918876,0.0630267301130516,0.13033434096723795,2.0,0.0,0.013855397617167212,0.013855397617167212,-3.0721660905305894,-14822.997844533316,-14826.070010623847
136,19,0.35707686675320227,-6.70272280140746,7.0,1.0,1.0,-14826.92579189168,14827.44077231432,-0.11916741684035514,-0.1209876994980732,3.0,0.0,0.013855397617167212,0.013855397617167212,-3.1188020204309908,-14822.335455558072,-14825.454257578504
137,19,0.3587857728303621,-6.673410529566768,3.0,1.0,0.7432746815148065,-14828.101733527063,14829.264661128836,0.19123457527166465,0.4268759527858492,1.0,0.0,0.013855397617167212,0.013855397617167212,-3.0577475926078943,-14823.574564462639,-14826.632312055246
138,19,0.3556967050356117,-6.70684086592135,3.0,1.0,0.8395748725317679,-14827.365795374566,14830.050477439478,-0.027771319535531802,0.5212037649707781,1.0,0.0,0.013855397617167212,0.013855397617167212,-3.127448356650237,-14822.765084445693,-14825.892532802343
139,19,0.36040196697203325,-6.7027344926058,3.0,1.0,0.9942877244446061,-14827.298954933916,14827.507367561555,0.0172853614694759,-0.11112391326241777,2.0,0.0,0.013855397617167212,0.013855397617167212,-3.1188265434029883,-14822.712677721654,-14825.831504265057
140,19,0.35705122609588685,-6.684834092929305,3.0,1.0,0.9538073487364271,-14827.416563950319,14828.263343633393,-0.03412896712688962,0.14917071322634,2.0,0.0,0.013855397617167212,0.013855397617167212,-3.0814395161216694,-14822.863558191913,-14825.944997708035
141,19,0.362582734699903,-6.682173943561669,3.0,1.0,0.34218177930933,-14828.631141504507,14831.403749269833,0.3950818035827979,2.109147431772726,2.0,0.0,0.013855397617167212,0.013855397617167212,-3.0759108376920548,-14824.09039727945,-14827.166308117141
142,19,0.35810937023896183,-6.718088763276229,7.0,1.0,0.8724457116731953,-14827.505480875787,14830.865408456271,-0.43267668012776994,0.4790421952475299,2.0,0.0,0.013855397617167212,0.013855397617167212,-3.1511509903293367,-14822.884075701248,-14826.035226691576
143,19,0.3630870499898197,-6.692591237572331,3.0,1.0,0.6222866091813072,-14828.76616056282,14829.562542303425,0.6844422067370033,0.9269578494440793,2.0,0.0,0.013855397617167212,0.013855397617167212,-3.0976018565032,-14824.204323751052,-14827.301925607555
144,19,0.35807172146105826,-6.71399512138984,3.0,1.0,0.9552893948591296,-14827.238754258005,14828.443019356431,-0.7324510393573291,-0.7324510393573291,2.0,0.0,0.013855397617167212,0.013855397617167212,-3.1425098372907687,-14822.62594375014,-14825.76845358743
145,19,0.36025779203534425,-6.679877908855821,3.0,1.0,0.35474252297857095,-14827.71068187617,14831.068682733352,0.09844811182483681,2.5590365175394254,2.0,0.0,0.013855397617167212,0.013855397617167212,-3.0711446008681738,-14823.171911876658,-14826.243056477526
146,19,0.3572998710789542,-6.6993809934206805,3.0,1.0,1.0,-14826.881002616932,14827.585307848763,-0.15663515951382578,-0.15663515951382578,2.0,0.0,0.013855397617167212,0.013855397617167212,-3.111797986188402,-14822.29794772996,-14825.409745716148
147,19,0.35746762937900706,-6.681317886375325,3.0,1.0,0.2951929720939962,-14827.561277541427,14832.715337809615,0.16108814788276504,4.171262840616691,2.0,0.0,0.013855397617167212,0.013855397617167212,-3.074133170116273,-14823.016095821979,-14826.090228992094
148,19,0.35653413653475385,-6.703428214658883,3.0,1.0,0.9466019856314388,-14827.049241499008,14828.141715618442,-0.11013655968417879,0.13298445568216266,2.0,0.0,0.013855397617167212,0.013855397617167212,-3.1202819106453927,-14822.456747997725,-14825.57702990837
149,19,0.35653413653475385,-6.703428214658883,3.0,1.0,0.317690427872056,-14827.049241499008,14830.551736870588,0.0,2.5335527294373605,2.0,0.0,0.013855397617167212,0.013855397617167212,-3.1202819106453927,-14822.456747997725,-14825.57702990837
150,19,0.3555422116253704,-6.703867120922232,1.0,1.0,0.865398422208818,-14827.394334886945,14827.462191300243,0.14456527438596822,0.14456527438596822,1.0,0.0,0.013855397617167212,0.013855397617167212,-3.121202945555652,-14822.799674689451,-14825.920877635008
51,20,0.3613681021921908,-6.70673932985942,1.0,1.0,0.9814054676618031,-14827.914194900659,14828.00508734567,0.01876958405409823,0.01876958405409823,1.0,0.0,0.007779520639585917,0.007779520639585917,-3.127234966440707,-14823.320674717357,-14826.447909683799
52,20,0.36131467211038526,-6.708799514358798,1.0,1.0,0.9827727309416193,-14827.986016847788,14828.387126089554,0.01737738501469721,0.01737738501469721,1.0,0.0,0.01279687066067887,0.01279687066067887,-3.131566708795369,-14823.388100716045,-14826.51966742484
53,20,0.36138290357330566,-6.693119598410472,7.0,1.0,0.9614874252002341,-14827.65155425681,14828.616692681564,-0.14697191604682303,-0.4192751893751847,2.0,0.0,0.01279687066067887,0.01279687066067887,-3.0987049076221553,-14823.086581913809,-14826.185286821432
54,20,0.36138290357330566,-6.693119598410472,3.0,1.0,0.9195963502490753,-14827.65155425681,14828.028266762001,0.0,-0.22205863106501056,1.0,0.0,0.01279687066067887,0.01279687066067887,-3.0987049076221553,-14823.086581913809,-14826.185286821432
55,20,0.35868218675162666,-6.711056368065914,3.0,1.0,0.8783945512151901,-14827.144662203858,14828.387877647736,-0.2130966330787487,0.3664490252303949,2.0,0.0,0.01279687066067887,0.01279687066067887,-3.1363168391378276,-14822.538796672034,-14825.675113511172
56,20,0.3571676991068266,-6.722964892855821,3.0,1.0,0.8676135886587079,-14827.877906199188,14828.39463798,0.08591992983383534,0.2875864849665959,2.0,0.0,0.01279687066067887,0.01279687066067887,-3.161465743423161,-14823.245019197582,-14826.406484941006
57,20,0.35993801245783535,-6.676352654361338,11.0,1.0,0.9977508321141041,-14827.908567043938,14827.911866939437,0.015493421935389051,-0.15779901477617386,3.0,0.0,0.01279687066067887,0.01279687066067887,-3.063836941853021,-14823.376716400326,-14826.44055334218
58,20,0.358828031561549,-6.678144036160269,1.0,1.0,1.0,-14827.663871142968,14827.95508122955,-0.038686398720528814,-0.038686398720528814,1.0,0.0,0.01279687066067887,0.01279687066067887,-3.0675488249535046,-14823.126952715487,-14826.19450154044
59,20,0.3601439944067423,-6.67688032882734,7.0,1.0,0.8564315752206121,-14827.905321025608,14828.551864077195,0.05028577857774508,0.3122899472655263,3.0,0.0,0.01279687066067887,0.01279687066067887,-3.064929991176184,-14823.372627572187,-14826.437557563364
60,20,0.36193173114651606,-6.701675860189052,3.0,1.0,0.7754099687225177,-14828.068410580592,14829.657885129924,0.3161182424555591,0.5154083472825732,2.0,0.0,0.01279687066067887,0.01279687066067887,-3.1166065541830865,-14823.486194356585,-14826.602800910769
61,20,0.36193173114651606,-6.701675860189052,3.0,1.0,0.4716264012576962,-14828.068410580592,14830.93641339991,0.0,1.0735117103467928,1.0,0.0,0.01279687066067887,0.01279687066067887,-3.1166065541830865,-14823.486194356585,-14826.602800910769
62,20,0.35660914014286416,-6.713467992546329,3.0,1.0,0.9281065111069285,-14827.315687504823,14828.655124916933,-0.39051032651877904,-0.39051032651877904,1.0,0.0,0.01279687066067887,0.01279687066067887,-3.141398353773812,-14822.702171338246,-14825.843569692019
63,20,0.3621634132338265,-6.699905012513704,3.0,1.0,0.476922114018591,-14828.174613070929,14830.328656499418,0.41376303224024014,1.3432892113614798,2.0,0.0,0.01279687066067887,0.01279687066067887,-3.112895529934318,-14823.596384627714,-14826.709280157647
64,20,0.3584725162971689,-6.708130777321738,7.0,1.0,1.0,-14826.99460618481,14828.044290784928,-0.4785139419072948,-0.4785139419072948,2.0,0.0,0.01279687066067887,0.01279687066067887,-3.1301601575558546,-14822.394639489352,-14825.524799646908
65,20,0.3584725162971689,-6.708130777321738,3.0,1.0,0.7517823259288393,-14826.99460618481,14828.047808145857,0.0,0.33921129944246786,1.0,0.0,0.01279687066067887,0.01279687066067887,-3.1301601575558546,-14822.394639489352,-14825.524799646908
66,20,0.358700752026265,-6.696520583016846,3.0,1.0,0.9897814829812771,-14826.84283357568,14827.070878031562,-0.030006424349267036,-0.030006424349267036,2.0,0.0,0.01279687066067887,0.01279687066067887,-3.1058117747808383,-14822.267495917498,-14825.37330769228
67,20,0.361899731059523,-6.701484978306426,3.0,1.0,0.6023356161914537,-14828.042163379432,14828.915071150357,0.457679995593935,0.8746017495650449,2.0,0.0,0.01279687066067887,0.01279687066067887,-3.1162063874510046,-14823.460309053797,-14826.576515441247
68,20,0.3561507617524492,-6.669238046419257,3.0,1.0,0.9491368336253562,-14829.308175797198,14829.407906746332,0.16557004899004824,-0.35316054224858817,2.0,0.0,0.01279687066067887,0.01279687066067887,-3.0491265994371184,-14824.786357365669,-14827.835483965106
69,20,0.3563245446921205,-6.7012191870068145,3.0,1.0,0.742753870046736,-14827.100422524918,14831.378404183079,-0.5569599811715307,0.6026614913480444,2.0,0.0,0.01279687066067887,0.01279687066067887,-3.1156492405404674,-14822.512299332058,-14825.627948572599
70,20,0.3590136474480751,-6.687147349745426,3.0,1.0,0.9712089433829384,-14827.105257677857,14827.762175891918,-0.05738112255312444,0.06546540750787244,2.0,0.0,0.01279687066067887,0.01279687066067887,-3.0862529884081913,-14822.549862700249,-14825.636115688658
71,20,0.3579178081135188,-6.692130503512205,7.0,1.0,0.9151553721911136,-14826.926575412173,14828.080793355399,-0.019404640272114193,0.1775515136669128,3.0,0.0,0.01279687066067887,0.01279687066067887,-3.096640216664848,-14822.359444331552,-14825.456084548217
72,20,0.35763143642763245,-6.7018070339165305,3.0,1.0,0.9854528698606431,-14826.84808313933,14827.097338470312,-0.015394297242892208,0.029439156016451307,1.0,0.0,0.01279687066067887,0.01279687066067887,-3.116881569250324,-14822.26035618655,-14825.377237755802
73,20,0.3599485062815583,-6.696225892032842,7.0,1.0,0.896008329798806,-14827.067524164047,14827.32640017949,0.07886699492701155,0.2289768485534296,2.0,0.0,0.01279687066067887,0.01279687066067887,-3.1051955160958298,-14822.494327705152,-14825.599523221248
74,20,0.36213551316609544,-6.678964159952381,3.0,1.0,0.8186310750110088,-14828.52880005013,14828.99465614576,0.32670742545269604,0.32670742545269604,2.0,0.0,0.01279687066067887,0.01279687066067887,-3.0692492564299734,-14823.994184580975,-14827.063433837406
75,20,0.35465246300973174,-6.693060060671047,3.0,1.0,0.9752709869176964,-14828.065058463993,14829.02722860784,0.05574739036455867,-0.17284864623798057,2.0,0.0,0.01279687066067887,0.01279687066067887,-3.0985805976064773,-14823.491894629675,-14826.590475227282
76,20,0.3605221368610885,-6.686627405167905,3.0,1.0,0.9379105254597225,-14827.433919160936,14828.774981510489,-0.3224198559219076,-0.35711575272398477,2.0,0.0,0.01279687066067887,0.01279687066067887,-3.0851706108425554,-14822.881443357495,-14825.966613968338
77,20,0.35624131855291985,-6.732458197843824,3.0,1.0,0.8623151382004725,-14828.936190661436,14829.436737973618,0.1676040342390479,0.2994081786782772,2.0,0.0,0.01279687066067887,0.01279687066067887,-3.181615675897232,-14824.281996727515,-14827.463612403413
78,20,0.36418571915551357,-6.6708276214811795,7.0,1.0,0.4995364281219071,-14830.568808955422,14834.559344681697,0.5781531626726064,1.6440219877767959,3.0,0.0,0.01279687066067887,0.01279687066067887,-3.0524088536086142,-14826.053460008274,-14829.105868861883
79,20,0.36178753882192116,-6.654490850402223,7.0,1.0,0.9111528079914962,-14831.162051791602,14834.031867094689,-0.26838517723444966,0.6621310337777686,3.0,0.0,0.01279687066067887,0.01279687066067887,-3.018796126002063,-14826.677473476992,-14829.696269602993
80,20,0.3617408611609901,-6.665683004415412,1.0,1.0,1.0,-14829.529164823869,14831.075809872145,-0.24361439913445793,-0.24361439913445793,1.0,0.0,0.01279687066067887,0.01279687066067887,-3.041795070656323,-14825.02153167219,-14828.063326742846
81,20,0.3628049169142013,-6.681790645992318,3.0,1.0,0.9736745944916847,-14828.797407091666,14830.211241121537,0.0806094956024026,-0.46596312192741607,2.0,0.0,0.01279687066067887,0.01279687066067887,-3.075114800658756,-14824.257722865446,-14827.332837666105
82,20,0.3587929735139754,-6.7531077477413115,7.0,1.0,0.8286482300049618,-14832.409376164835,14832.701071941183,0.4929897571055335,0.4929897571055335,3.0,0.0,0.01279687066067887,0.01279687066067887,-3.225756417799858,-14827.714207114783,-14830.939963532583
83,20,0.3571376831696612,-6.675537631289662,7.0,1.0,1.0,-14828.162474629891,14832.128026765355,-0.7225643143829075,-0.7643737169000815,3.0,0.0,0.01279687066067887,0.01279687066067887,-3.062149212486949,-14823.628866809086,-14826.691016021572
84,20,0.3582375812795818,-6.7020040206551945,3.0,1.0,0.8000199342233304,-14826.83233493062,14828.642602652759,-0.30033082225418184,0.3876472514511988,2.0,0.0,0.01279687066067887,0.01279687066067887,-3.1172945983070477,-14822.244944346401,-14825.362238944708
85,20,0.3559850205269675,-6.699833532062588,3.0,1.0,0.89756482714653,-14827.222468408454,14827.253375227572,0.1480830360960681,0.1602623026301444,1.0,0.0,0.01279687066067887,0.01279687066067887,-3.112745799898676,-14822.636822689272,-14825.749568489171
86,20,0.35596601298054636,-6.711571936988785,3.0,1.0,0.7889292118497209,-14827.401137355466,14828.850322048735,-0.0059330371714167995,0.4474366289268801,2.0,0.0,0.01279687066067887,0.01279687066067887,-3.1374027015140684,-14822.790810852714,-14825.928213554227
87,20,0.35522667883383524,-6.710441055870187,7.0,1.0,0.9669877360025797,-14827.647526928942,14827.76889956707,0.09844684866220632,-0.12339754452113993,3.0,0.0,0.01279687066067887,0.01279687066067887,-3.1350212509917315,-14823.038650052587,-14826.173671303579
88,20,0.3564131115999426,-6.69246880036296,3.0,1.0,0.7866489243341325,-14827.231478491816,14828.890187641857,-0.09525551895603712,0.39463124542089645,2.0,0.0,0.01279687066067887,0.01279687066067887,-3.0973462859902963,-14822.661769174412,-14825.759115460403
89,20,0.3560788175908867,-6.688913308593216,1.0,1.0,0.9140381372766383,-14827.51229128102,14827.634719162561,0.08988298271287931,0.08988298271287931,1.0,0.0,0.01279687066067887,0.01279687066067887,-3.0899312337067517,-14822.949577924475,-14826.039509158181
90,20,0.3533756989287424,-6.717347073189585,7.0,1.0,0.7721607619707639,-14829.008331071032,14829.485226652434,0.38518160584681027,0.5298042247522972,3.0,0.0,0.01279687066067887,0.01279687066067887,-3.14958413461877,-14824.382533619764,-14827.532117754383
91,20,0.3561942400399014,-6.725344295985646,3.0,1.0,1.0,-14828.216728730677,14829.029203707429,-0.4121911508827907,-0.5759931884731486,2.0,0.0,0.01279687066067887,0.01279687066067887,-3.166507661556636,-14823.577583776942,-14826.744091438499
92,20,0.36012455815658007,-6.69606373368402,3.0,1.0,0.8554617065470181,-14827.120420728108,14830.093840445534,-0.11889359257838805,0.4192127327369235,1.0,0.0,0.01279687066067887,0.01279687066067887,-3.1048564471029065,-14822.547777224821,-14825.652633671923
93,20,0.36213863987905376,-6.698157372432412,3.0,1.0,0.8367372262518264,-14828.121973413772,14828.16877128435,0.3825302154964447,0.3825302154964447,2.0,0.0,0.01279687066067887,0.01279687066067887,-3.1092362145147305,-14823.547374718735,-14826.65661093325
94,20,0.3597873463136068,-6.68289071885158,3.0,1.0,0.9955720212477538,-14827.421446315795,14828.336674756249,-0.3896949178124487,-0.3896949178124487,2.0,0.0,0.01279687066067887,0.01279687066067887,-3.0773998395459423,-14822.875849463066,-14825.95324930261
95,20,0.35738590384840474,-6.692265293212164,3.0,1.0,0.998485859555481,-14826.990310790645,14827.505273938857,-0.05076941509832977,-0.07510551345148997,2.0,0.0,0.01279687066067887,0.01279687066067887,-3.096921526504005,-14822.42223924986,-14825.519160776363
96,20,0.3567513264579671,-6.701364091723387,3.0,1.0,0.9167461114797604,-14826.984803571082,14827.40243306095,0.00669004702467646,0.1411991359491367,2.0,0.0,0.01279687066067887,0.01279687066067887,-3.1159529784255704,-14822.396910398256,-14825.512863376682
97,20,0.3559153908599416,-6.693719073487816,3.0,1.0,0.8933503915424392,-14827.376057409247,14827.503417285192,0.14895157842693152,0.14895157842693152,1.0,0.0,0.01279687066067887,0.01279687066067887,-3.0999567609428413,-14822.803113224947,-14825.90306998589
98,20,0.35792756424038813,-6.706091316515866,3.0,1.0,0.9832059911472381,-14826.907462745623,14827.471503753492,-0.19242930434120353,-0.19242930434120353,1.0,0.0,0.01279687066067887,0.01279687066067887,-3.1258733315537244,-14822.31111061312,-14825.436983944674
99,20,0.35754230385918334,-6.719017013176976,3.0,1.0,0.9264132305554176,-14827.552689914959,14827.660511405815,0.09711768444685731,0.10682859757798724,2.0,0.0,0.01279687066067887,0.01279687066067887,-3.153112737612931,-14822.928621279008,-14826.081734016621
100,20,0.36349183874868035,-6.706057953755682,3.0,1.0,0.3692767443747815,-14829.489806766009,14832.586502786,0.916610338321334,1.9785715253183298,2.0,0.0,0.01279687066067887,0.01279687066067887,-3.1258032395824182,-14824.900247053314,-14828.026050292896
101,20,0.3613631131690292,-6.715074107547351,3.0,1.0,0.9787497736781142,-14828.426513685075,14829.790594659,-0.4767809599543398,-0.4951815343556518,1.0,0.0,0.01279687066067887,0.01279687066067887,-3.144785812310245,-14823.815436661896,-14826.960222474207
102,20,0.3613631131690292,-6.715074107547351,1.0,1.0,0.02354880909656908,-14828.426513685075,14834.568159068087,0.0,3.7486800289461826,1.0,0.0,0.01279687066067887,0.01279687066067887,-3.144785812310245,-14823.815436661896,-14826.960222474207
103,20,0.3643247107379638,-6.729387252995241,1.0,1.0,0.2339880189081766,-14832.704005414396,14833.022676435061,1.4524853661823727,1.4524853661823727,1.0,0.0,0.01279687066067887,0.01279687066067887,-3.1750876070869016,-14828.066140663286,-14831.241228270374
104,20,0.3587902273650234,-6.732844580530222,3.0,1.0,1.0,-14829.109399417677,14831.83886396037,-1.5747376121362322,-1.5747376121362322,2.0,0.0,0.01279687066067887,0.01279687066067887,-3.1824376977997852,-14824.457545716512,-14827.639983414312
105,20,0.3572069612354056,-6.663955192303219,3.0,1.0,0.9314690560440163,-14829.613779812697,14831.0876760137,0.09690956550184637,-0.4427599456303142,2.0,0.0,0.01279687066067887,0.01279687066067887,-3.038236384318664,-14825.10417101182,-14828.142407396139
106,20,0.35405565298249103,-6.7302017018815565,7.0,1.0,1.0,-14829.494446824905,14829.686152541024,-0.04727671156251745,-0.4924410280036682,3.0,0.0,0.01279687066067887,0.01279687066067887,-3.176818004974913,-14824.842285724502,-14828.019103729477
107,20,0.3620685060808216,-6.7076705694883385,3.0,1.0,0.973670707405769,-14828.410049995804,14830.477139815324,0.05930352053292154,-0.3794632022290898,2.0,0.0,0.01279687066067887,0.01279687066067887,-3.129192464514017,-14823.815411311842,-14826.944603776356
108,20,0.3560513712322822,-6.686609882026452,7.0,1.0,0.9768166021639644,-14827.654368046917,14828.509089895844,-0.320322590525393,-0.5452135892501246,2.0,0.0,0.01279687066067887,0.01279687066067887,-3.0851341373268046,-14823.09641732721,-14826.181551464537
109,20,0.3560513712322822,-6.686609882026452,3.0,1.0,0.48370268001903916,-14827.654368046917,14831.215258174563,0.0,0.858756407036708,1.0,0.0,0.01279687066067887,0.01279687066067887,-3.0851341373268046,-14823.09641732721,-14826.181551464537
110,20,0.35746296207088674,-6.699451390411003,3.0,1.0,0.9211449973076974,-14826.858570962193,14828.137547374308,-0.26257202081797004,0.2699273027774325,2.0,0.0,0.01279687066067887,0.01279687066067887,-3.111945414804214,-14822.275571205282,-14825.387516620087
111,20,0.3635721294652055,-6.670448048933866,3.0,1.0,0.4307389338303877,-14830.10713848161,14833.254767435063,0.692431053472319,0.9582039439519576,2.0,0.0,0.01279687066067887,0.01279687066067887,-3.051624858791607,-14825.59185186214,-14828.643476720932
112,20,0.3560177266278001,-6.712768219804814,3.0,1.0,0.7900262783064017,-14827.432531688635,14834.290515981947,-0.6193911116715753,0.7017427959108318,2.0,0.0,0.01279687066067887,0.01279687066067887,-3.1399232692787313,-14822.819749584809,-14825.959672854087
113,20,0.3560177266278001,-6.712768219804814,1.0,1.0,0.5726429285096208,-14827.432531688635,14828.518053074875,0.0,0.5574929179274477,1.0,0.0,0.01279687066067887,0.01279687066067887,-3.1399232692787313,-14822.819749584809,-14825.959672854087
114,20,0.3609480480362457,-6.700262575743836,7.0,1.0,0.893986293109547,-14827.48116969879,14828.086122958906,0.11530238011437177,0.2839654918443557,2.0,0.0,0.01279687066067887,0.01279687066067887,-3.1136445940108923,-14822.900734336587,-14826.014378930597
115,20,0.3532772785871901,-6.692565009146661,3.0,1.0,0.7029783836345871,-14829.126592869974,14829.89452196201,0.6302603650055971,0.6302603650055971,2.0,0.0,0.01279687066067887,0.01279687066067887,-3.097547107079272,-14824.552706087505,-14827.650253194584
116,20,0.3548624469379652,-6.667821764190265,3.0,1.0,0.9569879747796035,-14830.30476968136,14832.092093129524,0.1381547216569743,-0.5017002341082843,2.0,0.0,0.01279687066067887,0.01279687066067887,-3.046204299734632,-14825.784248619255,-14828.83045291899
117,20,0.35927706355242944,-6.736622565046796,3.0,1.0,1.0,-14829.779505397102,14830.59506764607,-0.3895495076030784,-0.9756798919752327,2.0,0.0,0.01279687066067887,0.01279687066067887,-3.190483155302179,-14825.120202666485,-14828.310685821787
118,20,0.35636218136668824,-6.721755507632686,3.0,1.0,0.8877736514318926,-14827.882796897107,14830.816889239473,-0.41904403143962554,-0.41904403143962554,2.0,0.0,0.01279687066067887,0.01279687066067887,-3.1589052451053496,-14823.25146484559,-14826.410370090696
119,20,0.3571239383459802,-6.7176729266808595,1.0,1.0,1.0,-14827.480389943628,14827.830714192372,-0.06803091750043677,-0.06803091750043677,1.0,0.0,0.01279687066067887,0.01279687066067887,-3.150272447921902,-14822.858641781018,-14826.00891422894
120,20,0.359321146728414,-6.716245318131939,3.0,1.0,0.9489342057290718,-14827.592405170417,14827.809842745113,0.09184659123820893,0.09184659123820893,2.0,0.0,0.01279687066067887,0.01279687066067887,-3.147257639982756,-14822.976381842647,-14826.12363948263
121,20,0.3584192717881105,-6.711620797143532,1.0,1.0,1.0,-14827.1398742309,14827.474919759477,-0.1276619163709256,-0.1276619163709256,1.0,0.0,0.01279687066067887,0.01279687066067887,-3.137505621823239,-14822.532496521522,-14825.670002143346
122,20,0.35492297973130266,-6.696961396303127,7.0,1.0,0.8080042225826054,-14827.770863461496,14828.319573457773,0.2965350684498844,0.46208141338320274,3.0,0.0,0.01279687066067887,0.01279687066067887,-3.1067337669802946,-14823.18988966492,-14826.296623431901
123,20,0.355906101534727,-6.728966247240139,3.0,1.0,0.4264543510170508,-14828.628051159872,14832.483278351981,-0.09663156933311257,2.0647953868719924,2.0,0.0,0.01279687066067887,0.01279687066067887,-3.1741933880995297,-14823.980858670682,-14827.155052058783
124,20,0.3557249759529035,-6.727532490954751,3.0,1.0,1.0,-14828.535042784577,14828.857529009116,-0.0025856876873149304,-0.23794240931238164,2.0,0.0,0.01279687066067887,0.01279687066067887,-3.171149409976369,-14823.890666400384,-14827.06181581036
125,20,0.3606660689014156,-6.702376243097379,3.0,1.0,0.8635359129837564,-14827.399773578692,14829.14145360861,-0.05970024410817132,0.2798661993438145,2.0,0.0,0.01279687066067887,0.01279687066067887,-3.1180751561926154,-14822.814567279638,-14825.932642435831
126,20,0.35724804478831923,-6.711507606160665,3.0,1.0,0.7912168553775248,-14827.131890064165,14828.482520370724,-0.16878737058505067,0.564849678085011,2.0,0.0,0.01279687066067887,0.01279687066067887,-3.1372671970143,-14822.52330154112,-14825.660568738134
127,20,0.3587680726197813,-6.711630767199364,3.0,1.0,0.9475285227312042,-14827.1866326813,14827.570904168047,0.03363089502454386,0.13278055302725988,2.0,0.0,0.01279687066067887,0.01279687066067887,-3.13752662330314,-14822.579662855143,-14825.717189478446
128,20,0.3587680726197813,-6.711630767199364,1.0,1.0,0.6770751758091752,-14827.1866326813,14827.85694294717,0.0,0.389972969680457,1.0,0.0,0.01279687066067887,0.01279687066067887,-3.13752662330314,-14822.579662855143,-14825.717189478446
129,20,0.3598568696473905,-6.710493003706736,3.0,1.0,0.9622417793822026,-14827.402356912931,14827.502000813294,0.1013355775612581,0.1013355775612581,2.0,0.0,0.01279687066067887,0.01279687066067887,-3.13513061660806,-14822.799113898964,-14825.934244515573
130,20,0.3580475899505894,-6.6819112173953785,3.0,1.0,0.9868074364043863,-14827.421900889442,14827.68670967506,-0.0752757341360848,-0.18445235062426946,2.0,0.0,0.01279687066067887,0.01279687066067887,-3.075365188969975,-14822.87620522619,-14825.95157041516
131,20,0.3595085085012826,-6.6956202410967665,3.0,1.0,1.0,-14826.962333855496,14827.410803284394,-0.06707519808333018,-0.08769855941318383,2.0,0.0,0.01279687066067887,0.01279687066067887,-3.103929249656605,-14822.389867729446,-14825.493796979103
132,20,0.35639913587672967,-6.697068073954935,7.0,1.0,0.9568724676243416,-14827.114854526564,14827.216345083414,0.06710696323898446,0.11419099439626734,2.0,0.0,0.01279687066067887,0.01279687066067887,-3.1069569200447447,-14822.535517077318,-14825.642473997363
133,20,0.3575937625978175,-6.6979583569766294,3.0,1.0,0.9495568240340417,-14826.850799026808,14827.354584183488,-0.10053871379568591,0.14658447613146564,2.0,0.0,0.01279687066067887,0.01279687066067887,-3.108819697519449,-14822.271087244188,-14825.379906941707
134,20,0.35458441741950336,-6.709126828870278,3.0,1.0,0.7873455449128105,-14827.941281004607,14828.232179955558,0.3405785942413786,0.3405785942413786,2.0,0.0,0.01279687066067887,0.01279687066067887,-3.132255310768713,-14823.334356007834,-14826.466611318603
135,20,0.36175662597021613,-6.683864051602947,3.0,1.0,1.0,-14828.071488697566,14828.42426260997,-0.01829235692275688,-0.3369172848324524,2.0,0.0,0.01279687066067887,0.01279687066067887,-3.0794226266770885,-14823.526246869305,-14826.605669495983
136,20,0.3568906475072452,-6.7068805427941935,3.0,1.0,1.0,-14827.026429691432,14827.962731287582,-0.28108182465439313,-0.28108182465439313,2.0,0.0,0.01279687066067887,0.01279687066067887,-3.1275317451576905,-14822.427131589526,-14825.554663334684
137,20,0.3565102951897684,-6.720629859120525,3.0,1.0,0.7540669405342001,-14827.769581048582,14829.586108709134,0.1139406251568289,0.43390012066265626,2.0,0.0,0.01279687066067887,0.01279687066067887,-3.1565233475294643,-14823.140816289204,-14826.297339636734
138,20,0.3570885928822818,-6.688680809055085,3.0,1.0,0.8351248594123711,-14827.193295724544,14829.749111089342,-0.07172692261156044,0.3230148484963138,1.0,0.0,0.01279687066067887,0.01279687066067887,-3.0894467914211794,-14822.6323292197,-14825.72177601112
139,20,0.36501334259514473,-6.694347547142939,3.0,1.0,0.48431900591886357,-14830.635235258986,14831.20007129482,1.2845039273015573,1.5779858280766348,2.0,0.0,0.01279687066067887,0.01279687066067887,-3.101269556385639,-14826.071993039317,-14829.173262595703
140,20,0.3538944458603909,-6.687946223244577,3.0,1.0,1.0,-14828.885373008901,14830.283776365512,-0.6297577885270584,-1.3947563376623293,2.0,0.0,0.01279687066067887,0.01279687066067887,-3.087916543889588,-14824.32190748712,-14827.409824031009
141,20,0.35724064393154714,-6.682143790536171,3.0,1.0,1.0,-14827.552312678712,14828.69109151617,-0.5838793049260858,-0.7374439636423631,2.0,0.0,0.01279687066067887,0.01279687066067887,-3.0758482101993945,-14823.00513394023,-14826.08098215043
142,20,0.3575915289179233,-6.6804856998169,3.0,1.0,1.0,-14827.600028870425,14827.755684225645,-0.008714884696018999,-0.1562553275070968,2.0,0.0,0.01279687066067887,0.01279687066067887,-3.0724057741739403,-14823.05672824176,-14826.129134015933
143,20,0.3614464230228999,-6.667065542191809,3.0,1.0,0.8444708266570906,-14829.249433726858,14829.92041238438,0.2522470220574178,0.27923820275827893,2.0,0.0,0.01279687066067887,0.01279687066067887,-3.044644763171901,-14824.738597811576,-14827.783242574747
144,20,0.3556434647370106,-6.703076972779957,3.0,1.0,1.0,-14827.348342883468,14829.287464009303,-0.22859693296231853,-0.22859693296231853,2.0,0.0,0.01279687066067887,0.01279687066067887,-3.1195449762383594,-14822.755468273825,-14825.875013250063
145,20,0.35818485449722204,-6.712700619676942,3.0,1.0,0.8458551777621025,-14827.174976128497,14827.964198591635,-0.12600233657030913,0.27903948743733054,2.0,0.0,0.01279687066067887,0.01279687066067887,-3.13978079766703,-14822.565034306223,-14825.704815103889
146,20,0.35828141937056324,-6.718195580184315,1.0,1.0,0.939218568137501,-14827.529915824573,14827.539404248913,0.06270705994029413,0.06270705994029413,1.0,0.0,0.01279687066067887,0.01279687066067887,-3.1513766914637276,-14822.908497200026,-14826.059873891489
147,20,0.3615970013746065,-6.672243074732917,3.0,1.0,0.7990377495911821,-14828.774014922205,14829.39426308138,0.22070631562746712,0.26542438178512384,2.0,0.0,0.01279687066067887,0.01279687066067887,-3.055333696896612,-14824.252670746388,-14827.308004443285
148,20,0.3613070656993402,-6.675701052574722,1.0,1.0,1.0,-14828.357456998005,14828.897857045995,-0.07284850619907957,-0.07284850619907957,1.0,0.0,0.01279687066067887,0.01279687066067887,-3.0624875679486645,-14823.828610864257,-14826.891098432205
149,20,0.35899363393636585,-6.711990813329608,3.0,1.0,0.8000231964582215,-14827.246770652517,14830.935979092154,-0.15608911457820795,0.4677350443034811,1.0,0.0,0.01279687066067887,0.01279687066067887,-3.138285111100525,-14822.639319027343,-14825.777604138444
150,20,0.36111746268237244,-6.692105191060466,7.0,1.0,0.9075191736196749,-14827.532410678412,14828.25587411572,0.11787406993062177,0.1995090489544964,3.0,0.0,0.01279687066067887,0.01279687066067887,-3.0965873909028896,-14822.969236631161,-14826.065824022064
51,21,0.3605445142833772,-6.69092950769203,3.0,1.0,0.9809776607182551,-14827.317327193105,14827.377319885702,0.05876006763901387,-0.06685487111099064,2.0,0.0,0.012744776754533624,0.012744776754533624,-3.0941345072421114,-14822.755914566935,-14825.850049074177
52,21,0.35695649876462765,-6.70228914956976,3.0,1.0,0.9163278982558722,-14826.944560171032,14827.486653397724,-0.11536550566961523,0.1823546205614548,2.0,0.0,0.013417465280925,0.013417465280925,-3.117892506911599,-14822.354983403815,-14825.472875910726
53,21,0.3576806005974514,-6.6880859521734966,3.0,1.0,0.9430146262517104,-14827.107138349193,14827.488453729764,0.025712214122904697,0.10382332926019444,1.0,0.0,0.013417465280925,0.013417465280925,-3.0882075777165405,-14822.548146311416,-14825.636353889133
54,21,0.35942985300781494,-6.704147768433001,3.0,1.0,0.982793179454903,-14827.028236266719,14827.233450664226,0.009394193310072296,0.043189645099118934,2.0,0.0,0.013417465280925,0.013417465280925,-3.1217919790078117,-14822.437811398562,-14825.55960337757
55,21,0.35689426176847644,-6.7021940841609675,3.0,1.0,0.9956411999960776,-14826.956430814349,14827.230943211223,-0.031823307857848704,-0.031823307857848704,2.0,0.0,0.013417465280925,0.013417465280925,-3.1176931479587564,-14822.36697581668,-14825.484668964638
56,21,0.35689426176847644,-6.7021940841609675,1.0,1.0,0.47418145659072397,-14826.956430814349,14828.106619898941,0.0,0.7461652107322152,1.0,0.0,0.013417465280925,0.013417465280925,-3.1176931479587564,-14822.36697581668,-14825.484668964638
57,21,0.35729108547089533,-6.681198415055463,3.0,1.0,0.348865095633989,-14827.611325095748,14831.088194738106,0.14947472483254387,2.5310122781756945,2.0,0.0,0.013417465280925,0.013417465280925,-3.0738851371469775,-14823.06617213837,-14826.140057275516
58,21,0.3614931473244295,-6.6701611450720995,3.0,1.0,0.8575405184279475,-14828.932145623161,14829.709845322257,0.21493179202298052,0.2665403412793239,2.0,0.0,0.013417465280925,0.013417465280925,-3.0510323637540195,-14824.41497819451,-14827.466010558264
59,21,0.3614931473244295,-6.6701611450720995,1.0,1.0,0.9053202654582247,-14828.932145623161,14829.48421320621,0.0,0.09946651340032986,1.0,0.0,0.013417465280925,0.013417465280925,-3.0510323637540195,-14824.41497819451,-14827.466010558264
60,21,0.3579161337053165,-6.725860087649777,7.0,1.0,0.9887157551845951,-14828.157180269185,14829.022928900487,-0.16340330557068228,-0.38995194507515407,2.0,0.0,0.013417465280925,0.013417465280925,-3.167601362709599,-14823.519085972091,-14826.6866873348
61,21,0.35743868137972074,-6.733277489341851,1.0,1.0,0.8922477721920208,-14828.95519127985,14829.016572431345,0.11401141345777432,0.11401141345777432,1.0,0.0,0.013417465280925,0.013417465280925,-3.1833588804984787,-14824.30074791795,-14827.484106798449
62,21,0.35597836806983524,-6.693405481536808,3.0,1.0,0.7497312609571519,-14827.360666273678,14830.018087021443,-0.13233079281599203,0.5698193840598833,2.0,0.0,0.013417465280925,0.013417465280925,-3.0993018579923914,-14822.788456138373,-14825.887757996365
63,21,0.3563748426147412,-6.691926788376441,3.0,1.0,1.0,-14827.264514735129,14827.494413785107,-0.04707514947040181,-0.15922936626520823,2.0,0.0,0.013417465280925,0.013417465280925,-3.096215092010358,-14822.695888693655,-14825.792103785665
64,21,0.3566211829073198,-6.70183589900253,7.0,1.0,0.9238773469592755,-14827.0176392244,14827.547431275649,-0.09857852163622738,0.25827067454883945,2.0,0.0,0.013417465280925,0.013417465280925,-3.116942089269846,-14822.428594374138,-14825.545536463407
65,21,0.3596897806376832,-6.676258501422766,3.0,1.0,0.8075933313280373,-14827.878229536374,14829.337974236088,0.09557801374648989,0.4607699203679658,2.0,0.0,0.013417465280925,0.013417465280925,-3.063641938369693,-14823.346271756214,-14826.409913694584
66,21,0.3587464521217211,-6.717284884431448,3.0,1.0,0.5707595696178315,-14827.532971215307,14829.733125285436,-0.012771450872605783,1.1151487032038858,2.0,0.0,0.013417465280925,0.013417465280925,-3.14945278289491,-14822.914048681141,-14826.063501464036
67,21,0.35828501383257816,-6.713889845616332,1.0,1.0,1.0,-14827.248343983922,14827.494312099483,-0.07534679255149968,-0.07534679255149968,1.0,0.0,0.013417465280925,0.013417465280925,-3.142287834655994,-14822.63601864732,-14825.778306481976
68,21,0.35761816891407106,-6.724061762955312,7.0,1.0,0.9210618625064539,-14827.968417491997,14828.1355785455,0.11174184778064955,0.18387557421374368,3.0,0.0,0.013417465280925,0.013417465280925,-3.1637892906759912,-14823.333766372654,-14826.49755566333
69,21,0.35991806628603246,-6.686595939150025,3.0,1.0,0.9813734905230022,-14827.26665418782,14828.143555570301,-0.09560602022793319,-0.1311455075374397,2.0,0.0,0.013417465280925,0.013417465280925,-3.0851051161675347,-14822.713511115173,-14825.798616231341
70,21,0.35738301309978704,-6.722061423218023,3.0,1.0,0.6450845787042573,-14827.793099935803,14828.971566505741,0.07206202949782892,0.7485876185601228,2.0,0.0,0.013417465280925,0.013417465280925,-3.1595527883351098,-14823.162393542974,-14826.321946331309
71,21,0.3608474352756755,-6.704524634402764,3.0,1.0,0.8544594162072552,-14827.548322511399,14828.808619818557,0.14601218481220712,0.3577740120181261,2.0,0.0,0.013417465280925,0.013417465280925,-3.1225830832439114,-14822.958827303548,-14826.081410386792
72,21,0.36010670870605505,-6.706529141833627,1.0,1.0,1.0,-14827.30940210244,14827.638142585516,-0.11069214779308822,-0.11069214779308822,1.0,0.0,0.013417465280925,0.013417465280925,-3.126793263860794,-14822.714800111316,-14825.841593375177
73,21,0.3557033066814888,-6.7007573284220685,3.0,1.0,0.9954585144329107,-14827.327125793943,14827.380947304335,0.013718121337660705,-0.17303074675692187,2.0,0.0,0.013417465280925,0.013417465280925,-3.1146812689719745,-14822.739190266107,-14825.853871535079
74,21,0.36068852274438107,-6.7121092256889865,3.0,1.0,0.9002357490714522,-14827.842761936019,14828.48052239212,0.17388303400548466,0.17388303400548466,2.0,0.0,0.013417465280925,0.013417465280925,-3.138534591712539,-14823.23712333481,-14826.375657926523
75,21,0.35986419972329564,-6.6980954789923315,3.0,1.0,0.9238088328925457,-14827.04633314046,14828.340117492553,-0.28158299052483926,-0.28158299052483926,2.0,0.0,0.013417465280925,0.013417465280925,-3.1091066742531157,-14822.469122987313,-14825.578229661567
76,21,0.35504821365883626,-6.723836851306685,3.0,1.0,0.9107079891127903,-14828.450577826361,14828.471284604284,0.25186719575685856,0.25186719575685856,2.0,0.0,0.013417465280925,0.013417465280925,-3.1633127525707785,-14823.813183673346,-14826.976496425918
77,21,0.35693634899232807,-6.710038020146207,3.0,1.0,0.4493779982501574,-14827.113506228776,14831.334842659857,-0.2814621725665347,2.0445064048490167,2.0,0.0,0.013417465280925,0.013417465280925,-3.1341728328414127,-14822.507624019734,-14825.641796852575
78,21,0.3600143052909814,-6.69890972264431,3.0,1.0,0.7666834283000963,-14827.09611616241,14827.788715018662,0.053739698425488314,0.42103030345788284,2.0,0.0,0.013417465280925,0.013417465280925,-3.1108111568833725,-14822.51738403923,-14825.628195196114
79,21,0.36033208160765556,-6.705711666928246,3.0,1.0,0.9246607556063714,-14827.364487215342,14827.530202610791,0.10497795900118945,0.10844556265510619,1.0,0.0,0.013417465280925,0.013417465280925,-3.1250757897798027,-14822.771876086941,-14825.89695187672
80,21,0.36416025753416664,-6.718151763543418,3.0,1.0,0.5186661824429394,-14831.12947038017,14831.278762044567,1.510284718389812,1.510284718389812,2.0,0.0,0.013417465280925,0.013417465280925,-3.151284106748771,-14826.51521630849,-14829.666500415238
81,21,0.3561620940719522,-6.707629641591801,3.0,1.0,0.9063369312665581,-14827.221107379302,14831.37027855391,-1.6007698309913394,-1.6007698309913394,2.0,0.0,0.013417465280925,0.013417465280925,-3.1291064144333967,-14822.61932335011,-14825.748429764544
82,21,0.35614769535336543,-6.707699358044017,1.0,1.0,0.9982669403448049,-14827.227114062152,14827.347004681153,0.001734563140416867,0.001734563140416867,1.0,0.0,0.013417465280925,0.013417465280925,-3.1292529928777624,-14822.625165389905,-14825.754418382783
83,21,0.3623603482712227,-6.6706807061516775,7.0,1.0,0.6809177067566782,-14829.29520429876,14829.751495518698,0.44069182560451736,0.7052342305414641,2.0,0.0,0.013417465280925,0.013417465280925,-3.052105387657898,-14824.778000821634,-14827.830106209292
84,21,0.3577697611905168,-6.66504559517304,3.0,1.0,1.0,-14829.280985926725,14830.031578035367,-0.016982539445962175,-0.17852062217389175,2.0,0.0,0.013417465280925,0.013417465280925,-3.0404818838871033,-14824.769830006042,-14827.810311889929
85,21,0.3595865624154216,-6.703538022017591,3.0,1.0,1.0,-14827.051751238061,14828.982222524271,-0.42126175725752546,-0.42126175725752546,2.0,0.0,0.013417465280925,0.013417465280925,-3.120512320846237,-14822.46279725702,-14825.583309577865
86,21,0.3598237069324902,-6.708631289655087,3.0,1.0,0.9469663854041782,-14827.300026055973,14827.394870372267,0.07960007466681418,0.08619691778949345,1.0,0.0,0.013417465280925,0.013417465280925,-3.1312128405246615,-14822.700660462366,-14825.83187330289
87,21,0.354415103464296,-6.67923359197268,3.0,1.0,0.6802549777298191,-14829.216094561309,14829.358184285764,0.714821238307195,0.714821238307195,2.0,0.0,0.013417465280925,0.013417465280925,-3.0698080392268694,-14824.67140152116,-14827.741209560387
88,21,0.3569329384380248,-6.684143796973749,1.0,1.0,1.0,-14827.494839232562,14828.63280074394,-0.6858491031143785,-0.6858491031143785,1.0,0.0,0.013417465280925,0.013417465280925,-3.0800041707920456,-14822.943121434037,-14826.023125604828
89,21,0.3558601230458453,-6.683983663633225,1.0,1.0,0.8298088331183535,-14827.918072036575,14828.106999819318,0.18655992626372608,0.18655992626372608,1.0,0.0,0.013417465280925,0.013417465280925,-3.0796712706242015,-14823.365343851596,-14826.445015122219
90,21,0.35788711310061966,-6.691027191546305,1.0,1.0,1.0,-14826.964000058642,14827.568423123163,-0.3528885631549201,-0.3528885631549201,1.0,0.0,0.013417465280925,0.013417465280925,-3.094338257022813,-14822.39913297832,-14825.493471235342
91,21,0.35740066542400145,-6.684493922273435,3.0,1.0,0.9567068869252896,-14827.35442283904,14827.370328202633,0.10610611075389897,0.10610611075389897,2.0,0.0,0.013417465280925,0.013417465280925,-3.080732133344495,-14822.802559023465,-14825.88329115681
92,21,0.35571485978099565,-6.702734379157599,3.0,1.0,0.8983604728535051,-14827.318266955392,14828.228414247482,0.05590078481873206,0.14530169387580827,1.0,0.0,0.013417465280925,0.013417465280925,-3.1188263054380974,-14822.726200938663,-14825.8450272441
93,21,0.35299709952315206,-6.692887396221807,1.0,1.0,0.4227987047099878,-14829.361633542643,14829.57604595319,0.8608590885905869,0.8608590885905869,1.0,0.0,0.013417465280925,0.013417465280925,-3.0982201081576983,-14824.786713494226,-14827.884933602383
94,21,0.36130994686667406,-6.723782683682035,3.0,1.0,1.0,-14829.203136791839,14830.103562166538,-0.27540703174236114,-0.5511424076230469,2.0,0.0,0.013417465280925,0.013417465280925,-3.1631979908971597,-14824.573583698353,-14827.736781689251
95,21,0.36006433243353925,-6.687125369908527,3.0,1.0,0.933459824212263,-14827.281012796984,14829.317197916474,-0.6678857957431319,-0.6678857957431319,2.0,0.0,0.013417465280925,0.013417465280925,-3.086207227131261,-14822.726945380451,-14825.813152607583
96,21,0.35792612795197376,-6.695636939307772,3.0,1.0,1.0,-14826.848581650429,14827.296114366072,-0.10087243024281634,-0.10087243024281634,2.0,0.0,0.013417465280925,0.013417465280925,-3.1039641565721374,-14822.274136917065,-14825.378101073637
97,21,0.35902285730897326,-6.698894557461716,3.0,1.0,0.9761694698548377,-14826.87281108031,14826.941177615021,0.014044168699911097,0.03985841482972319,2.0,0.0,0.013417465280925,0.013417465280925,-3.110779405055986,-14822.292900970591,-14825.403680375648
98,21,0.36003616565161395,-6.706615624903424,3.0,1.0,0.91171088008956,-14827.287442540575,14827.360823611889,0.15952036679118464,0.15952036679118464,2.0,0.0,0.013417465280925,0.013417465280925,-3.1269749995737017,-14822.692573135511,-14825.819548135085
99,21,0.3568310299084245,-6.67601728122454,3.0,1.0,0.9432375833572556,-14828.214026388543,14828.243292580359,0.1866757223433524,0.1866757223433524,2.0,0.0,0.013417465280925,0.013417465280925,-3.063142379129293,-14823.67904328929,-14826.74218566842
100,21,0.35780806562859485,-6.681889344951614,3.0,1.0,1.0,-14827.455766264171,14828.033712076582,-0.23617041212128242,-0.3320784030456707,2.0,0.0,0.013417465280925,0.013417465280925,-3.075319765807754,-14822.909819875707,-14825.985139641514
101,21,0.3613673113699976,-6.680686390980269,3.0,1.0,0.9073092901444298,-14828.042644310632,14828.197223604699,0.16153446228054236,0.16153446228054236,2.0,0.0,0.013417465280925,0.013417465280925,-3.0728222917972396,-14823.503535851867,-14826.576358143664
102,21,0.3644066120459434,-6.685451336605342,1.0,1.0,0.424908037071593,-14830.010485731042,14830.279512477135,0.8558825168329349,0.8558825168329349,1.0,0.0,0.013417465280925,0.013417465280925,-3.08272336601139,-14825.465081149076,-14828.547804515087
103,21,0.356139733898819,-6.669295450898648,3.0,1.0,0.8787324084563627,-14829.306009695227,14831.145849705108,-0.4369068609394162,0.4522466609323601,2.0,0.0,0.013417465280925,0.013417465280925,-3.0492450878257116,-14824.784058938685,-14827.833304026512
104,21,0.3552405474657265,-6.705880084621559,7.0,1.0,1.0,-14827.547296570536,14828.937653659039,-0.41947986071681953,-0.6332502132809168,3.0,0.0,0.013417465280925,0.013417465280925,-3.125429572312991,-14822.94802890419,-14826.073458476503
105,21,0.3578007743525159,-6.721198742486119,3.0,1.0,0.5743408838905742,-14827.726072023133,14829.634745772357,-0.11812696267224965,1.0335542324792186,2.0,0.0,0.013417465280925,0.013417465280925,-3.157726959162237,-14823.097709417158,-14826.25543637632
106,21,0.3569075068816613,-6.704820593961702,3.0,1.0,0.9967759357652675,-14826.982243654647,14827.787413608803,-0.10813510614752886,-0.10813510614752886,2.0,0.0,0.013417465280925,0.013417465280925,-3.123204451056548,-14822.387293869584,-14825.51049832064
107,21,0.354486567696093,-6.7001885565815975,3.0,1.0,0.6452472915281512,-14827.96869453061,14828.849778603466,0.4216967361680872,0.7254246929369401,2.0,0.0,0.013417465280925,0.013417465280925,-3.113489519766808,-14823.380410926506,-14826.493900446272
108,21,0.36063906158480097,-6.7163201345611405,3.0,1.0,1.0,-14828.115397525273,14828.298133771952,-0.027099557615656522,-0.4479100390744861,2.0,0.0,0.013417465280925,0.013417465280925,-3.1474155858846675,-14823.500818153949,-14826.648233739834
109,21,0.3553321331593388,-6.693769031909334,3.0,1.0,1.0,-14827.646068301925,14828.474279331955,-0.10389214103270206,-0.16610895897974842,2.0,0.0,0.013417465280925,0.013417465280925,-3.1000611027964475,-14823.072284828657,-14826.172345931453
110,21,0.35671199240703855,-6.684597274202663,3.0,1.0,1.0,-14827.533019216315,14828.01512568966,-0.11716420879565703,-0.26588566920690937,2.0,0.0,0.013417465280925,0.013417465280925,-3.0809470408049404,-14822.980082866003,-14826.061029906808
111,21,0.3562603414038918,-6.681969244737769,1.0,1.0,0.8834493626271107,-14827.89341072331,14828.07430229812,0.12392130337866547,0.12392130337866547,1.0,0.0,0.013417465280925,0.013417465280925,-3.0754856984164474,-14823.345370614126,-14826.420856312543
112,21,0.35514211096616,-6.681564838565656,3.0,1.0,0.9230883965427917,-14828.502707748308,14828.822593125265,0.26231951895169914,-0.2662446034973982,2.0,0.0,0.013417465280925,0.013417465280925,-3.074645909831026,-14823.954099267905,-14827.028745177737
113,21,0.36204580848676376,-6.692475794884793,3.0,1.0,1.0,-14828.030088866519,14828.619913496923,-0.1520555593942845,-0.6056353440271778,2.0,0.0,0.013417465280925,0.013417465280925,-3.097360885670488,-14823.467254650115,-14826.564615535786
114,21,0.35807588028208637,-6.679229529883474,3.0,1.0,0.5469048336758239,-14827.62251360642,14830.614261906094,-0.2778824866654759,1.5257447068524925,2.0,0.0,0.013417465280925,0.013417465280925,-3.069799614204547,-14823.082418457407,-14826.152218071611
115,21,0.3537710059446347,-6.707019275654295,3.0,1.0,0.6126030469471585,-14828.432305703705,14830.498452862768,0.4499489266818273,0.7362234923821234,1.0,0.0,0.013417465280925,0.013417465280925,-3.1278233310699974,-14823.82877556356,-14826.956598894629
116,21,0.361680993349378,-6.703040709128045,3.0,1.0,1.0,-14827.953333994941,14828.312465574225,-0.13265872186457273,-0.5932405552212003,2.0,0.0,0.013417465280925,0.013417465280925,-3.1194688991344246,-14823.367955296117,-14826.487424195251
117,21,0.35985762397180776,-6.689704461413183,3.0,1.0,0.8968770975012824,-14827.144195097835,14828.681862079537,-0.4008597653482866,-0.4008597653482866,2.0,0.0,0.013417465280925,0.013417465280925,-3.0915801059156798,-14822.584503512368,-14825.676083618284
118,21,0.35985762397180776,-6.689704461413183,3.0,1.0,0.3905632572302231,-14827.144195097835,14829.383470983292,0.0,1.592680213478161,1.0,0.0,0.013417465280925,0.013417465280925,-3.0915801059156798,-14822.584503512368,-14825.676083618284
119,21,0.35873984504589335,-6.696260358402135,3.0,1.0,1.0,-14826.847866523287,14827.112967070012,-0.07498017305442772,-0.07498017305442772,2.0,0.0,0.013417465280925,0.013417465280925,-3.105267587787971,-14822.273121070262,-14825.37838865805
120,21,0.3568714768675421,-6.713804725082697,3.0,1.0,0.8837193450671896,-14827.286296833003,14827.827257273528,0.07851742099228431,0.16310744570728275,1.0,0.0,0.013417465280925,0.013417465280925,-3.142108342936033,-14822.672398225008,-14825.814506567944
121,21,0.3533639786922611,-6.713403551822671,1.0,1.0,0.5412217347406295,-14828.862578775572,14828.892123457816,0.6139262232172769,0.6139262232172769,1.0,0.0,0.013417465280925,0.013417465280925,-3.1412624956137734,-14824.245087921354,-14827.386350416968
122,21,0.3585468063636115,-6.700294782917435,3.0,1.0,0.9917187313152196,-14826.83052640592,14828.603105027398,-0.688989395623139,-0.688989395623139,2.0,0.0,0.013417465280925,0.013417465280925,-3.1137120715338464,-14822.247099207083,-14825.360811278617
123,21,0.36028097869296255,-6.712648706563745,3.0,1.0,0.8135197491940875,-14827.689661684462,14827.81889602805,0.3014878350259096,0.3014878350259096,2.0,0.0,0.013417465280925,0.013417465280925,-3.1396713905485467,-14823.082393010085,-14826.222064400634
124,21,0.35896365379300593,-6.683003377122106,3.0,1.0,0.9104817289806536,-14827.319053646272,14829.063082053517,-0.25162479552818695,0.31273299373970076,1.0,0.0,0.013417465280925,0.013417465280925,-3.0776339182937553,-14822.772216468124,-14825.849850386418
125,21,0.35740297166386376,-6.688496973618205,3.0,1.0,0.7103305441031987,-14827.134193407861,14828.467496543873,0.008895467324691708,0.6846648461760196,2.0,0.0,0.013417465280925,0.013417465280925,-3.0890637852332787,-14822.57400080426,-14825.663064589493
126,21,0.36200461913864923,-6.677685575170887,3.0,1.0,0.6671684424709698,-14828.538717997237,14829.407073192135,0.3479852893979114,0.6649136566302332,2.0,0.0,0.013417465280925,0.013417465280925,-3.0665985524044315,-14824.006596901952,-14827.073195454357
127,21,0.3615243270042775,-6.679419664795884,1.0,1.0,1.0,-14828.189128147242,14828.71394010106,-0.09835802734232857,-0.09835802734232857,1.0,0.0,0.013417465280925,0.013417465280925,-3.070193983371874,-14823.652836514362,-14826.723030497735
128,21,0.35869329206066963,-6.67612521860271,3.0,1.0,0.7696248653764294,-14827.841712931253,14829.978787580498,-0.14943637540272903,0.7627837738964445,2.0,0.0,0.013417465280925,0.013417465280925,-3.063365906760582,-14823.308811976205,-14826.372177882966
129,21,0.35650813856414804,-6.72272841829208,3.0,1.0,0.8019972966885227,-14827.932935215658,14829.160122540661,0.0185070299776271,0.4782363700269343,2.0,0.0,0.013417465280925,0.013417465280925,-3.1609649668038706,-14823.29972613917,-14826.460691105975
130,21,0.3574611789013036,-6.722517314875156,7.0,1.0,1.0,-14827.83029780685,14827.925264436908,-0.016701273156286334,-0.17838380956527544,3.0,0.0,0.013417465280925,0.013417465280925,-3.1605179653078217,-14823.198723286218,-14826.359241251525
131,21,0.3585660321829243,-6.720893842633616,3.0,1.0,0.5919811785345558,-14827.783996083726,14830.083589496142,0.030593362354920828,1.1773328245162702,2.0,0.0,0.013417465280925,0.013417465280925,-3.1570818288494293,-14823.157222774904,-14826.314304603753
132,21,0.35461508490289373,-6.733238766809815,3.0,1.0,0.7969688433506409,-14829.527823908444,14830.457511636141,0.313561977351128,0.4154132553612726,2.0,0.0,0.013417465280925,0.013417465280925,-3.183276475544966,-14824.86991671468,-14828.053193190226
133,21,0.3627470080491758,-6.6689003985296855,7.0,1.0,0.5732679562103723,-14829.692084629989,14832.267631593197,0.14735980058503628,1.5637821751115553,3.0,0.0,0.013417465280925,0.013417465280925,-3.0484297282831605,-14825.179016725844,-14828.227446454128
134,21,0.35410462434573126,-6.700079401987094,3.0,1.0,0.9496261704443784,-14828.223059615437,14830.363325217857,-0.0755127635475219,0.16383919910185796,2.0,0.0,0.013417465280925,0.013417465280925,-3.1132608448434516,-14823.63451816457,-14826.747779009414
135,21,0.3571707802435529,-6.690277364454279,7.0,1.0,0.9905970816891582,-14827.103993461762,14828.100523163706,-0.4798340704946895,-0.5149366000532609,2.0,0.0,0.013417465280925,0.013417465280925,-3.092774506050287,-14822.539801530998,-14825.63257603705
136,21,0.35925980657106543,-6.7064213074063375,3.0,1.0,1.0,-14827.057906926295,14827.139566430664,-0.009050672464582021,-0.09306769184513541,2.0,0.0,0.013417465280925,0.013417465280925,-3.126566670835392,-14822.462499579722,-14825.589066250557
137,21,0.35954732968395686,-6.705226680954001,3.0,1.0,0.9933461498972843,-14827.088449295119,14827.181435559907,0.020163473707725643,-0.056030790708973655,2.0,0.0,0.013417465280925,0.013417465280925,-3.124057174228925,-14822.495902609324,-14825.619959783553
138,21,0.35761362157360344,-6.7072783843506025,3.0,1.0,0.9614880650695775,-14826.950476495518,14827.650950352998,-0.08122312316845637,0.12277324646311172,2.0,0.0,0.013417465280925,0.013417465280925,-3.128367972016115,-14822.351241057975,-14825.479609029991
139,21,0.3589098669927717,-6.693097283087288,3.0,1.0,1.0,-14826.907148532171,14826.954323217256,-0.004071328801728669,-0.022882334767928114,2.0,0.0,0.013417465280925,0.013417465280925,-3.098658314605212,-14822.339221009845,-14825.43787932445
140,21,0.3557207433222593,-6.700476713007949,3.0,1.0,0.878012742123283,-14827.321703740588,14827.409229087547,0.1858773639323772,0.21857549621381622,2.0,0.0,0.013417465280925,0.013417465280925,-3.114093254290682,-14822.734378182986,-14825.848471437277
141,21,0.35563485070261547,-6.703263046485672,3.0,1.0,0.9681115975585101,-14827.352513032472,14827.556373570553,-0.0001136304927058518,-0.12178589928407746,1.0,0.0,0.013417465280925,0.013417465280925,-3.1199353588401335,-14822.75923718729,-14825.87917254613
142,21,0.3578828931850434,-6.6986278951008025,3.0,1.0,0.9747634965186128,-14826.823706482339,14827.385349862956,-0.20255361887939216,-0.20255361887939216,2.0,0.0,0.013417465280925,0.013417465280925,-3.110221123126394,-14822.242951316552,-14825.353172439678
143,21,0.35646674593613237,-6.719954816754736,3.0,1.0,0.7373008704125749,-14827.728750024027,14828.173958131923,0.15343545786527102,0.40189778116109665,2.0,0.0,0.013417465280925,0.013417465280925,-3.155095550468081,-14823.101358574384,-14826.256454124852
144,21,0.358726735211469,-6.692509374119213,7.0,1.0,0.985053518251618,-14826.906333602003,14827.711517855989,-0.1445024537424615,-0.1445024537424615,2.0,0.0,0.013417465280925,0.013417465280925,-3.097430976358619,-14822.339408659265,-14825.436839635624
145,21,0.3597640677826977,-6.6581476548218435,7.0,1.0,0.6756416941309814,-14830.138903385861,14830.56351139435,0.5575782948308188,0.5883692734641954,3.0,0.0,0.013417465280925,0.013417465280925,-3.0262967769741933,-14825.644381252767,-14828.67067802974
146,21,0.3595644079823294,-6.660226083014049,1.0,1.0,1.0,-14829.79932581898,14830.526274957489,-0.06084187467058655,-0.06084187467058655,1.0,0.0,0.013417465280925,0.013417465280925,-3.0305659031552548,-14825.300291236239,-14828.330857139394
147,21,0.35767718645934277,-6.72624665044707,7.0,1.0,0.9630765814449462,-14828.179771274312,14830.314508090467,-0.2466638185469492,-0.48634294122348365,2.0,0.0,0.013417465280925,0.013417465280925,-3.1684212172455744,-14823.54056136706,-14826.708982584305
148,21,0.35926598231161394,-6.702256578859679,3.0,1.0,0.534972509088835,-14826.950609564483,14829.921942615367,-0.19128485079636448,1.302047009456146,2.0,0.0,0.013417465280925,0.013417465280925,-3.117824202788256,-14822.363952237494,-14825.481776440283
149,21,0.3630790279683344,-6.704464975889147,1.0,1.0,0.41575338227315395,-14829.03900729348,14829.054735833368,0.8776630255888449,0.8776630255888449,1.0,0.0,0.013417465280925,0.013417465280925,-3.1224578406575323,-14824.452304998462,-14827.57476283912
150,21,0.3600530290021523,-6.705679746250749,3.0,1.0,0.8423977355725705,-14827.258700032078,14829.821783615947,-0.7552273414530646,-0.7552273414530646,2.0,0.0,0.013417465280925,0.013417465280925,-3.1250087395820856,-14822.665817373023,-14825.790826112605
51,22,0.357403797935438,-6.716439501501375,7.0,1.0,0.9697271900590173,-14827.382057930185,14827.495702163073,0.05238179396656051,0.06260879314868362,3.0,0.0,0.012244255983105112,0.012244255983105112,-3.147667594518638,-14822.76326254334,-14825.910930137858
52,22,0.3594075274346493,-6.711919036838377,3.0,1.0,0.9551377039499386,-14827.341301630087,14827.617981206084,0.06895162643195363,-0.08642732965563482,2.0,0.0,0.013525507919435171,0.013525507919435171,-3.1381338934841727,-14822.734507583722,-14825.872641477206
53,22,0.3594075274346493,-6.711919036838377,3.0,1.0,0.7632579906743904,-14827.341301630087,14828.073400422985,0.0,0.4970278847213194,1.0,0.0,0.013525507919435171,0.013525507919435171,-3.1381338934841727,-14822.734507583722,-14825.872641477206
54,22,0.3594075274346493,-6.711919036838377,1.0,1.0,0.813365072328296,-14827.341301630087,14827.849330637255,0.0,0.20657522676992812,1.0,0.0,0.013525507919435171,0.013525507919435171,-3.1381338934841727,-14822.734507583722,-14825.872641477206
55,22,0.3565777481241748,-6.680126131988633,3.0,1.0,0.9365940668534188,-14827.920298953894,14828.231190586233,0.16494144666830834,0.16494144666830834,2.0,0.0,0.013525507919435171,0.013525507919435171,-3.071659622126175,-14823.376482276215,-14826.448141898341
56,22,0.3565500006188319,-6.695065170501246,3.0,1.0,0.9952754418380859,-14827.10992891407,14828.020506304947,-0.21057658507925225,-0.21057658507925225,1.0,0.0,0.013525507919435171,0.013525507919435171,-3.1027690563512924,-14822.534968106942,-14825.637737163293
57,22,0.3604637777226838,-6.700745477127715,3.0,1.0,0.976203931181543,-14827.27947820958,14827.376133948022,0.07406450312737434,-0.08795851251306885,2.0,0.0,0.013525507919435171,0.013525507919435171,-3.114656433622132,-14822.697445952761,-14825.812102386382
58,22,0.3599497153362215,-6.70588461967895,3.0,1.0,0.9707221556524789,-14827.230533459226,14827.475764601564,-0.03269713467852853,-0.1172665951471572,1.0,0.0,0.013525507919435171,0.013525507919435171,-3.125439099163226,-14822.637094887225,-14825.762533986388
59,22,0.3583989874580428,-6.690204772030098,3.0,1.0,0.5474825718421175,-14826.965364686452,14828.982555833374,-0.13319829881402256,1.2725842318450304,2.0,0.0,0.013525507919435171,0.013525507919435171,-3.092623145700355,-14822.402844473414,-14825.495467619114
60,22,0.3575473658698453,-6.702165997627435,3.0,1.0,0.9738139024285184,-14826.858461128008,14827.206474873881,-0.013327603501238627,0.04882844094572647,1.0,0.0,0.013525507919435171,0.013525507919435171,-3.117634250221148,-14822.269877257979,-14825.3875115082
61,22,0.3574035632685646,-6.694164075842716,3.0,1.0,0.6273273906042639,-14826.935158586633,14828.055462686756,0.03145668378965638,0.8304774095031462,2.0,0.0,0.013525507919435171,0.013525507919435171,-3.100886269129651,-14822.363144233776,-14825.464030502904
62,22,0.35837596404442185,-6.694055732128076,7.0,1.0,0.9682662773509877,-14826.862579784016,14827.283954246916,-0.03516056321495853,0.0749206712062005,3.0,0.0,0.013525507919435171,0.013525507919435171,-3.1006599456409445,-14822.291994413028,-14825.39265435867
63,22,0.3581918140786315,-6.695806676919665,3.0,1.0,0.9866916911634943,-14826.835634994173,14826.912461583235,-0.004059852592035895,0.02691959380172193,2.0,0.0,0.013525507919435171,0.013525507919435171,-3.104319001812016,-14822.261163554052,-14825.365482555864
64,22,0.3601346380069054,-6.70317575392297,3.0,1.0,0.8908219927015097,-14827.210509679397,14827.25766755341,0.16177052279635973,0.18826015784179617,2.0,0.0,0.013525507919435171,0.013525507919435171,-3.1197522147475505,-14822.622982645018,-14825.742734859765
65,22,0.357265694118954,-6.673770433981599,3.0,1.0,0.940408005026112,-14828.31143476531,14828.315148913985,0.19695935037998424,0.19695935037998424,2.0,0.0,0.013525507919435171,0.013525507919435171,-3.0584920262040747,-14823.781643356044,-14826.840135382248
66,22,0.36058692146507654,-6.696745913698021,3.0,1.0,1.0,-14827.284692468345,14828.248690781416,-0.1764755704516574,-0.3313055874477868,2.0,0.0,0.013525507919435171,0.013525507919435171,-3.1062830455773347,-14822.711182596902,-14825.81746564248
67,22,0.35624082982913025,-6.702111205727786,3.0,1.0,1.0,-14827.127047789523,14827.321262355576,-0.06786009075403854,-0.1480358950138907,2.0,0.0,0.013525507919435171,0.013525507919435171,-3.1175193533381496,-14822.536949565443,-14825.654468918781
68,22,0.35545253900791846,-6.700181770006998,1.0,1.0,0.8715971231291042,-14827.441852397797,14827.551843560314,0.13742797659506323,0.13742797659506323,1.0,0.0,0.013525507919435171,0.013525507919435171,-3.1134753017913783,-14822.854806733158,-14825.96828203495
69,22,0.3563269607601615,-6.7012347622113575,1.0,1.0,1.0,-14827.09966331469,14827.391171653146,-0.14525701019556436,-0.14525701019556436,1.0,0.0,0.013525507919435171,0.013525507919435171,-3.1156818870536838,-14822.511510502263,-14825.627192389316
70,22,0.359824710244757,-6.666904449944297,3.0,1.0,0.4705379887047343,-14828.877778240952,14830.619860159699,0.22148281878980924,1.2630071291714557,2.0,0.0,0.013525507919435171,0.013525507919435171,-3.0443126207901914,-14824.365314088174,-14827.409626708964
71,22,0.3573600248649739,-6.695374682775771,3.0,1.0,0.826091430541759,-14826.916336062786,14829.376790361068,-0.3065283187497698,0.39303838898194954,2.0,0.0,0.013525507919435171,0.013525507919435171,-3.1034159524003924,-14822.341737952218,-14825.445153904619
72,22,0.35325027454011476,-6.719851746206777,3.0,1.0,0.47764686872335066,-14829.229283204326,14830.684408316996,0.7366445634415868,0.9713660885754507,2.0,0.0,0.013525507919435171,0.013525507919435171,-3.15487758376914,-14824.598031257914,-14827.752908841683
73,22,0.36059886050623513,-6.714541096346632,3.0,1.0,1.0,-14827.962190451457,14829.468960479413,-0.3278344076989015,-0.3278344076989015,2.0,0.0,0.013525507919435171,0.013525507919435171,-3.143661351938082,-14823.35131671108,-14826.494978063018
74,22,0.3547552094188038,-6.712863698230632,3.0,1.0,0.8559194325327303,-14827.955770724291,14830.669892493952,-0.05422459751025599,0.30790503930802515,2.0,0.0,0.013525507919435171,0.013525507919435171,-3.140124503979322,-14823.341193428118,-14826.481317932097
75,22,0.35817490650642236,-6.6863715345538095,3.0,1.0,0.9930919055738768,-14827.138611765517,14827.87160518079,-0.29432262854243163,-0.29432262854243163,2.0,0.0,0.013525507919435171,0.013525507919435171,-3.0846380598405556,-14822.583800406994,-14825.668438466835
76,22,0.36185335526567797,-6.675947976340372,3.0,1.0,0.46652425605562603,-14828.583959885462,14830.38739135605,0.3629733473262604,1.3640472976367164,2.0,0.0,0.013525507919435171,0.013525507919435171,-3.0629988617128103,-14824.0552576072,-14827.118256468913
77,22,0.3559642034422409,-6.665157674770593,3.0,1.0,0.7251276930746803,-14829.99653146029,14830.553089170053,0.4944058816490724,0.4944058816490724,2.0,0.0,0.013525507919435171,0.013525507919435171,-3.040712760174892,-14825.482892625096,-14828.523605385271
78,22,0.3559642034422409,-6.665157674770593,1.0,1.0,0.7933795506275849,-14829.99653146029,14831.598603312605,0.0,0.23145354558801046,1.0,0.0,0.013525507919435171,0.013525507919435171,-3.040712760174892,-14825.482892625096,-14828.523605385271
79,22,0.35687054916878225,-6.675491689707402,1.0,1.0,1.0,-14828.254287218715,14829.678113765834,-0.5212093712034402,-0.5212093712034402,1.0,0.0,0.013525507919435171,0.013525507919435171,-3.062054097585968,-14823.720441699013,-14826.782495796599
80,22,0.3569451757729295,-6.684556663871678,1.0,1.0,1.0,-14827.463949532708,14828.193151271551,-0.19548210433822533,-0.19548210433822533,1.0,0.0,0.013525507919435171,0.013525507919435171,-3.080862595407228,-14822.911388563847,-14825.992251159254
81,22,0.36072891115163774,-6.693308847126606,3.0,1.0,0.9997557651949505,-14827.351912896767,14827.669902702855,0.0007329729742195923,-0.1882319390788325,2.0,0.0,0.013525507919435171,0.013525507919435171,-3.0991000672753484,-14822.78575761274,-14825.884857680016
82,22,0.36072891115163774,-6.693308847126606,1.0,1.0,0.6402626205820605,-14827.351912896767,14828.091703164455,0.0,0.44587684213729517,1.0,0.0,0.013525507919435171,0.013525507919435171,-3.0991000672753484,-14822.78575761274,-14825.884857680016
83,22,0.36109478151103097,-6.691402302778261,1.0,1.0,0.9444901044078251,-14827.531747850047,14827.705907874473,0.05711006916499173,0.05711006916499173,1.0,0.0,0.013525507919435171,0.013525507919435171,-3.09512075576807,-14822.970013128352,-14826.06513388412
84,22,0.3559844195566447,-6.695561386566588,3.0,1.0,1.0,-14827.294283326368,14827.490035196226,-0.05244091642816784,-0.24161262732559408,2.0,0.0,0.013525507919435171,0.013525507919435171,-3.1038062189326783,-14822.717576433122,-14825.821382652055
85,22,0.3572869777416636,-6.696413510617282,1.0,1.0,1.0,-14826.91057329287,14827.15581736972,-0.16283968637253565,-0.16283968637253565,1.0,0.0,0.013525507919435171,0.013525507919435171,-3.1055878546077498,-14822.333712512345,-14825.439300366954
86,22,0.3596055185353812,-6.723091793250278,3.0,1.0,0.5113398702967122,-14828.263269058365,14829.435469671247,0.34893132049546693,1.0324417647207156,2.0,0.0,0.013525507919435171,0.013525507919435171,-3.161734500458696,-14823.6331160125,-14826.794850512957
87,22,0.3585271687892872,-6.719596280910849,1.0,1.0,1.0,-14827.670741581118,14828.16713043133,-0.2010318367902073,-0.2010318367902073,1.0,0.0,0.013525507919435171,0.013525507919435171,-3.1543373886498256,-14823.046664907488,-14826.201002296139
88,22,0.3576926543528828,-6.687150824744167,7.0,1.0,0.9915756223449618,-14827.150986797491,14827.720476794404,-0.10337088625601609,-0.1385061481505545,2.0,0.0,0.013525507919435171,0.013525507919435171,-3.086260223282252,-14822.593957047195,-14825.680217270477
89,22,0.35590860133554575,-6.7037516384718,3.0,1.0,0.894366445592247,-14827.247948967906,14827.94582572135,0.08087686294311425,0.21413297012622934,1.0,0.0,0.013525507919435171,0.013525507919435171,-3.1209605895589903,-14822.653992419877,-14825.774953009435
90,22,0.35987929134905733,-6.712472012455268,3.0,1.0,0.9759634759341025,-14827.521768994005,14827.633636797918,0.07484162665605254,0.07484162665605254,2.0,0.0,0.013525507919435171,0.013525507919435171,-3.139299027120623,-14822.914384848173,-14826.053683875294
91,22,0.35826811990531765,-6.712019228150261,1.0,1.0,1.0,-14827.146053844053,14827.421010046632,-0.17113786561822053,-0.17113786561822053,1.0,0.0,0.013525507919435171,0.013525507919435171,-3.1383449764344995,-14822.53765053823,-14825.675995514664
92,22,0.3625364807193004,-6.695525837205251,7.0,1.0,0.7069848034471679,-14828.362952248792,14829.212113282223,0.567129305238268,0.6662247904223477,2.0,0.0,0.013525507919435171,0.013525507919435171,-3.103731907492431,-14823.794331939771,-14826.898063847264
93,22,0.35933798288805335,-6.706089976462516,7.0,1.0,0.9925416727474234,-14827.06440689989,14828.179355335962,-0.5422687370974018,-0.5905083128291153,2.0,0.0,0.013525507919435171,0.013525507919435171,-3.125870516208223,-14822.46979127129,-14825.5956617875
94,22,0.3590091135618176,-6.718591470733263,3.0,1.0,0.9441160070276156,-14827.687374789552,14827.878296439078,0.12144780834569247,0.12144780834569247,2.0,0.0,0.013525507919435171,0.013525507919435171,-3.1522132966116394,-14823.066013948202,-14826.218227244814
95,22,0.35679332528809277,-6.680853704424513,3.0,1.0,0.9805090514754123,-14827.783146284059,14828.269775275317,0.06025208963728801,-0.11929980818604236,2.0,0.0,0.013525507919435171,0.013525507919435171,-3.0731695675589754,-14823.238088947075,-14826.311258514634
96,22,0.35741268242998825,-6.711386614389468,3.0,1.0,1.0,-14827.112726797732,14827.635190699093,-0.23395562252517266,-0.23395562252517266,2.0,0.0,0.013525507919435171,0.013525507919435171,-3.1370123548385997,-14822.504597682648,-14825.641610037486
97,22,0.3574329396931727,-6.68559566750452,3.0,1.0,0.5796841408323364,-14827.28080211043,14828.658691043322,0.07295903109297797,0.9444261103853933,2.0,0.0,0.013525507919435171,0.013525507919435171,-3.0830236252761063,-14822.72668687579,-14825.809710501067
98,22,0.3554924369865663,-6.71477237146208,3.0,1.0,0.3171685935340334,-14827.702253424372,14832.952150926454,0.1081652540997311,3.6702095737637137,2.0,0.0,0.013525507919435171,0.013525507919435171,-3.1441492236829878,-14823.084584174452,-14826.228733398135
99,22,0.35408305839669085,-6.718638240026843,1.0,1.0,0.7528221574228405,-14828.598184687846,14828.719735447654,0.28392625779815717,0.28392625779815717,1.0,0.0,0.013525507919435171,0.013525507919435171,-3.1523121409258477,-14823.970564424953,-14827.12287656588
100,22,0.35505055187464063,-6.708655293636787,3.0,1.0,1.0,-14827.68483984657,14828.648915191552,-0.2140187214645266,-0.3110878922543634,2.0,0.0,0.013525507919435171,0.013525507919435171,-3.1312633322545964,-14823.079498074061,-14826.210761406315
101,22,0.3540250596956286,-6.68745716506866,3.0,1.0,0.6865107892987566,-14828.816377002882,14829.79836096846,0.5101220273409126,0.7784653122798773,1.0,0.0,0.013525507919435171,0.013525507919435171,-3.0868980648289144,-14824.25409679175,-14827.340994856579
102,22,0.3557375891916355,-6.694117323709297,1.0,1.0,1.0,-14827.439526117705,14828.4638703818,-0.5582916029397893,-0.5582916029397893,1.0,0.0,0.013525507919435171,0.013525507919435171,-3.1007886053014824,-14822.86552641779,-14825.966315023092
103,22,0.357862695420582,-6.6931070907743795,3.0,1.0,1.0,-14826.904555547262,14827.245185380309,-0.23748804908245802,-0.2582986396555498,2.0,0.0,0.013525507919435171,0.013525507919435171,-3.098678792388946,-14822.335317728282,-14825.433996520671
104,22,0.35698922931397925,-6.725644204945715,3.0,1.0,0.8269168475109003,-14828.130515560748,14828.291408811203,0.19452814955548092,0.21538212884479435,2.0,0.0,0.013525507919435171,0.013525507919435171,-3.1671435657418208,-14823.491728523151,-14826.658872088894
105,22,0.35642956203465764,-6.723691816519532,1.0,1.0,1.0,-14828.02672274115,14828.288393916922,-0.007638889677764382,-0.007638889677764382,1.0,0.0,0.013525507919435171,0.013525507919435171,-3.16300548271947,-14823.391374820601,-14826.554380303322
106,22,0.35725357737115293,-6.702776637000678,3.0,1.0,0.9653730943429187,-14826.898666972706,14828.315872074329,-0.18525803432021348,-0.18525803432021348,1.0,0.0,0.013525507919435171,0.013525507919435171,-3.1189149448694833,-14822.30843758067,-14825.42735252554
107,22,0.3568967782512725,-6.732714050420447,3.0,1.0,0.772629980793425,-14828.891551074445,14829.090454550204,0.31190173986215086,0.31190173986215086,2.0,0.0,0.013525507919435171,0.013525507919435171,-3.1821599807465546,-14824.237632381999,-14827.419792362745
108,22,0.3579225874187157,-6.686531643730235,3.0,1.0,0.9850313062289318,-14827.153085930506,14828.900518900984,-0.2765899601945421,-0.2765899601945421,2.0,0.0,0.013525507919435171,0.013525507919435171,-3.084971292091924,-14822.597629683973,-14825.682600976064
109,22,0.35731969713222966,-6.696267436758727,3.0,1.0,0.901407483656041,-14826.907412192104,14828.010706919084,-0.038041968626203015,0.19597745949795353,2.0,0.0,0.013525507919435171,0.013525507919435171,-3.105282389294928,-14822.330897540502,-14825.436179929797
110,22,0.3564073402292843,-6.7064207212802,7.0,1.0,0.954265621837241,-14827.125185806939,14827.323261354653,0.05818036134587601,0.09365372493812174,2.0,0.0,0.013525507919435171,0.013525507919435171,-3.126565439237359,-14822.5262501107,-14825.652815549938
111,22,0.35393834664483986,-6.702393554443551,1.0,1.0,0.598785902579498,-14828.311040314635,14828.386289873673,0.5128511695002089,0.5128511695002089,1.0,0.0,0.013525507919435171,0.013525507919435171,-3.1181114618025068,-14823.717435968672,-14826.835547430475
112,22,0.35734639641601185,-6.678366123615433,3.0,1.0,0.9018219449175021,-14827.833606941858,14829.63451349041,-0.35613845888474316,-0.35613845888474316,1.0,0.0,0.013525507919435171,0.013525507919435171,-3.0680092311019296,-14823.294398622143,-14826.362407853245
113,22,0.35734639641601185,-6.678366123615433,1.0,1.0,0.7151498987613374,-14827.833606941858,14828.562778382482,0.0,0.3352631096440746,1.0,0.0,0.013525507919435171,0.013525507919435171,-3.0680092311019296,-14823.294398622143,-14826.362407853245
114,22,0.3612087780024066,-6.689956800744723,3.0,1.0,0.9505279052172136,-14827.609824404282,14828.238460567343,0.012830767005652888,0.13971138599299593,2.0,0.0,0.013525507919435171,0.013525507919435171,-3.0921061477388827,-14823.051241497013,-14826.143347644751
115,22,0.36133173321176953,-6.681643965681052,3.0,1.0,0.990407205157355,-14827.973615904646,14828.214147889594,0.02920060246651701,-0.1909835484057112,2.0,0.0,0.013525507919435171,0.013525507919435171,-3.074810212080858,-14823.432476774811,-14826.507286986893
116,22,0.35704244436001975,-6.731360907850251,3.0,1.0,0.9306164980089798,-14828.726253386612,14829.258595082729,0.01034421337863023,-0.2308372346633405,2.0,0.0,0.013525507919435171,0.013525507919435171,-3.17928202607104,-14824.075394181222,-14827.254676207293
117,22,0.35681352217170875,-6.721979190495077,1.0,1.0,1.0,-14827.827711765925,14828.598364666954,-0.14022834312345367,-0.14022834312345367,1.0,0.0,0.013525507919435171,0.013525507919435171,-3.1593787139856007,-14823.196470486793,-14826.35584920078
118,22,0.35937189163971295,-6.6971701108731185,3.0,1.0,0.8938478938232204,-14826.928831086489,14828.089015515037,-0.12972332893878047,0.1805353889867547,2.0,0.0,0.013525507919435171,0.013525507919435171,-3.107170376064153,-14822.352957029014,-14825.460127405078
119,22,0.3594373893014034,-6.690035932169117,3.0,1.0,0.9925691876464269,-14827.050715431273,14827.13190397287,0.008204896832467057,-0.025711917905937298,2.0,0.0,0.013525507919435171,0.013525507919435171,-3.092271123004156,-14822.489820621206,-14825.58209174421
120,22,0.3579639099237605,-6.672581986549632,7.0,1.0,0.8854097802355961,-14828.278068893003,14828.284005783355,0.2525204163739545,0.2525204163739545,3.0,0.0,0.013525507919435171,0.013525507919435171,-3.05603430975523,-14823.751600713516,-14826.807635023271
121,22,0.3565732870650233,-6.672524119349644,1.0,1.0,0.8109750621039502,-14828.6977243932,14829.03396297561,0.2095179749030649,0.2095179749030649,1.0,0.0,0.013525507919435171,0.013525507919435171,-3.0559146760974154,-14824.169647084018,-14827.225561760115
122,22,0.36151959052920196,-6.706977392179447,3.0,1.0,1.0,-14828.015289682597,14829.075761403197,-0.016997337483189767,-0.2546106492936815,2.0,0.0,0.013525507919435171,0.013525507919435171,-3.1277352992036302,-14823.421451050783,-14826.549186349986
123,22,0.3540655528686132,-6.7031053030908625,3.0,1.0,0.9788702544711451,-14828.217402238042,14828.26526141974,0.06548749029207102,-0.4550737419649522,2.0,0.0,0.013525507919435171,0.013525507919435171,-3.1196044109911827,-14823.622467366276,-14826.742071777267
124,22,0.3598868163724309,-6.6780264199280275,7.0,1.0,0.9204225113744116,-14827.765170147059,14829.936378411287,-0.3927870263978548,0.4716214192467305,2.0,0.0,0.013525507919435171,0.013525507919435171,-3.0673050164965012,-14823.229789165784,-14826.29709418228
125,22,0.3576264642364246,-6.686167776696152,3.0,1.0,0.9184304071847956,-14827.213222660916,14828.378343395641,-0.06697053051902913,0.2609834381728433,2.0,0.0,0.013525507919435171,0.013525507919435171,-3.0842140194710503,-14822.658157095077,-14825.742371114547
126,22,0.35868397737090335,-6.707991495748595,3.0,1.0,1.0,-14827.013156788478,14827.26143398752,-0.046187146681404556,-0.06891011360312405,2.0,0.0,0.013525507919435171,0.013525507919435171,-3.1298672635961133,-14822.413743032303,-14825.5436102959
127,22,0.3621733299572593,-6.702917896807562,7.0,1.0,0.7621633058886194,-14828.271590585888,14828.462405353232,0.5691427944420866,0.5691427944420866,2.0,0.0,0.013525507919435171,0.013525507919435171,-3.1192112623288377,-14823.687058244248,-14826.806269506576
128,22,0.3551727221618567,-6.715000636266756,3.0,1.0,0.5526371938018729,-14827.844227430365,14830.19313740135,-0.32083263284039276,1.2667209192914015,2.0,0.0,0.013525507919435171,0.013525507919435171,-3.1446307976662093,-14823.225672781826,-14826.370303579492
129,22,0.3603942255463372,-6.6950673001290655,7.0,1.0,1.0,-14827.213396529272,14827.750279752418,-0.12627101576254063,-0.23292123048304347,2.0,0.0,0.013525507919435171,0.013525507919435171,-3.1027735070520595,-14822.64316297666,-14825.745936483712
130,22,0.35651821630840563,-6.698599680216361,3.0,1.0,1.0,-14827.057752852621,14827.186452731714,-0.04977947827501339,-0.1412263346792315,2.0,0.0,0.013525507919435171,0.013525507919435171,-3.1101620568570882,-14822.475359292452,-14825.585521349309
131,22,0.35826473518554647,-6.703636493279818,3.0,1.0,0.9893136671699577,-14826.857636185767,14827.09957765363,-0.09286679902652395,-0.09286679902652395,2.0,0.0,0.013525507919435171,0.013525507919435171,-3.1207189546239618,-14822.266854728598,-14825.387573683221
132,22,0.35966435473915176,-6.680469733122595,3.0,1.0,0.8306254693677294,-14827.551900661429,14828.360949228761,0.11237411516594875,0.25799300772996503,1.0,0.0,0.013525507919435171,0.013525507919435171,-3.072372638373012,-14823.011181198288,-14826.083553836661
133,22,0.35908887624211366,-6.706305887163525,3.0,1.0,0.894699422177265,-14827.018996370336,14828.560284388699,-0.04619311339229171,0.23345912620425224,1.0,0.0,0.013525507919435171,0.013525507919435171,-3.126324150581665,-14822.423622380596,-14825.549946531179
134,22,0.35878751331368364,-6.667406540528488,7.0,1.0,0.7668627454662821,-14828.795271225948,14829.274229135137,0.2877363124734984,0.3722063126388093,3.0,0.0,0.013525507919435171,0.013525507919435171,-3.0453479241987065,-14824.2805039666,-14827.325851890799
135,22,0.36170109669787304,-6.661484283990156,1.0,1.0,0.787819099090504,-14830.054546022391,14830.2319940189,0.23848678516151267,0.23848678516151267,1.0,0.0,0.013525507919435171,0.013525507919435171,-3.033152368025695,-14825.555507941526,-14828.588660309551
136,22,0.3598537996076314,-6.6639727757403735,1.0,1.0,1.0,-14829.265811390182,14830.159448845512,-0.17763414838191238,-0.17763414838191238,1.0,0.0,0.013525507919435171,0.013525507919435171,-3.0382725849900254,-14824.759422672369,-14827.797695257359
137,22,0.3583804431251723,-6.690586907927591,3.0,1.0,0.9714183539022879,-14826.9526919239,14829.381572777473,-0.3969472158514691,-0.3969472158514691,2.0,0.0,0.013525507919435171,0.013525507919435171,-3.0934199852771167,-14822.3893520306,-14825.482772015876
138,22,0.3567959511833171,-6.70222044884223,3.0,1.0,0.9455328054053643,-14826.97759442516,14827.331155038633,0.03589803259819746,0.09921957699771156,1.0,0.0,0.013525507919435171,0.013525507919435171,-3.1177484356729788,-14822.387961497232,-14825.505709932904
139,22,0.3580440031222115,-6.710861035160484,3.0,1.0,0.8938202845264032,-14827.078168110773,14827.478615178628,-0.01337487553973915,0.22332406265741156,2.0,0.0,0.013525507919435171,0.013525507919435171,-3.135905509348849,-14822.471927696708,-14825.607833206057
140,22,0.35918064333034316,-6.716057508531723,1.0,1.0,0.8663179467496048,-14827.541544099011,14827.546018467512,0.14350329374792636,0.14350329374792636,1.0,0.0,0.013525507919435171,0.013525507919435171,-3.146861177442384,-14822.925745412638,-14826.07260659008
141,22,0.35754511064969613,-6.687452584503851,3.0,1.0,1.0,-14827.159195389953,14827.71735257284,-0.10570532863494009,-0.10570532863494009,2.0,0.0,0.013525507919435171,0.013525507919435171,-3.0868885267889463,-14822.601354446186,-14825.688242972974
142,22,0.35743760699018223,-6.7056742315353866,3.0,1.0,0.9630336309103119,-14826.922930373366,14827.647776153768,-0.06406602924471372,-0.06406602924471372,2.0,0.0,0.013525507919435171,0.013525507919435171,-3.1249971558849503,-14822.326847402315,-14825.4518445582
143,22,0.35742466514643856,-6.696759328898771,3.0,1.0,0.9829306928389094,-14826.884300313852,14827.070570607835,0.005767402533820132,0.03483834225880855,1.0,0.0,0.013525507919435171,0.013525507919435171,-3.1063111045755885,-14822.306887326964,-14825.413198431539
144,22,0.35437187644453605,-6.696838109073752,3.0,1.0,0.7432333982790101,-14828.11433691475,14828.134803573348,0.519742883152503,0.519742883152503,2.0,0.0,0.013525507919435171,0.013525507919435171,-3.106475883437415,-14823.532921011421,-14826.63939689486
145,22,0.3544902327003272,-6.713999093997192,3.0,1.0,0.9075396624062207,-14828.14178720159,14829.054209676411,-0.13085989797036746,-0.3600841295447026,1.0,0.0,0.013525507919435171,0.013525507919435171,-3.142518214832101,-14823.524479563603,-14826.666997778435
146,22,0.3554360907059289,-6.715204652634806,3.0,1.0,1.0,-14827.744735924744,14828.188798124023,-0.1735951751070388,-0.36084957284401753,2.0,0.0,0.013525507919435171,0.013525507919435171,-3.145061258423216,-14823.126083546967,-14826.27114480539
147,22,0.3609926332174741,-6.686054120506188,3.0,1.0,1.0,-14827.62878050867,14828.053534047427,-0.0061589109118358465,-0.22083453025516064,2.0,0.0,0.013525507919435171,0.013525507919435171,-3.08397750767243,-14823.078065977481,-14826.162043485154
148,22,0.3577665664569366,-6.731190250609764,3.0,1.0,0.8623417804153307,-14828.72376677457,14829.571167172267,0.0983811261739902,0.3846013979600684,2.0,0.0,0.013525507919435171,0.013525507919435171,-3.178919190791644,-14824.074169591788,-14827.25308878258
149,22,0.3563312223288124,-6.697427735202761,3.0,1.0,0.9715758315794513,-14827.130690638205,14828.9341670098,-0.20239290897734463,-0.20239290897734463,2.0,0.0,0.013525507919435171,0.013525507919435171,-3.1077093593275618,-14822.550515692423,-14825.65822505175
150,22,0.3570253927929286,-6.71238771753881,3.0,1.0,0.972752114691235,-14827.196649558131,14827.60679536625,-0.0611106648848363,0.08527868543205841,2.0,0.0,0.013525507919435171,0.013525507919435171,-3.139121395842026,-14822.58592974418,-14825.725051140022
51,23,0.35675167485753634,-6.700034950441307,7.0,1.0,0.9968925251001064,-14826.985974296646,14829.002318989062,-0.12168667654441379,-0.12623688854364445,2.0,0.0,0.007171114629308664,0.007171114629308664,-3.1131677238784863,-14822.400866813328,-14825.514034537207
52,23,0.35713675658306765,-6.700766606274456,1.0,1.0,1.0,-14826.90580332794,14826.98723563646,-0.04027807901002234,-0.04027807901002234,1.0,0.0,0.01456370113762645,0.01456370113762645,-3.114700711563187,-14822.319642854918,-14825.434343566481
53,23,0.3586081487038878,-6.708263995448752,3.0,1.0,0.8615993203366686,-14827.013974246875,14827.308445817738,0.015445889348484343,0.23518526773659687,2.0,0.0,0.01456370113762645,0.01456370113762645,-3.1304403189005514,-14822.413894237201,-14825.544334556102
54,23,0.36118288012234157,-6.684090456065227,3.0,1.0,0.7694017139884788,-14827.788709110795,14828.681697823686,0.24341848149560974,0.30705535295419395,2.0,0.0,0.01456370113762645,0.01456370113762645,-3.0798932778734684,-14823.242307914192,-14826.322201192066
55,23,0.36118288012234157,-6.684090456065227,1.0,1.0,0.4810559741132776,-14827.788709110795,14829.128586629682,0.0,0.7317716453489993,1.0,0.0,0.01456370113762645,0.01456370113762645,-3.0798932778734684,-14823.242307914192,-14826.322201192066
56,23,0.3598744447174718,-6.6872986843852456,1.0,1.0,1.0,-14827.22885091955,14827.647110685824,-0.20124269008010742,-0.20124269008010742,1.0,0.0,0.01456370113762645,0.01456370113762645,-3.0865680751234676,-14822.674191829648,-14825.760759904771
57,23,0.35901313741454294,-6.667044511018948,3.0,1.0,0.768341206137887,-14828.830621033074,14829.813349264723,0.3195633923205605,0.5472173943744565,2.0,0.0,0.01456370113762645,0.01456370113762645,-3.0446013993153986,-14824.316877019606,-14827.361478418921
58,23,0.3586769766079785,-6.708199880229585,3.0,1.0,0.9147671648543514,-14827.020071916324,14828.814069683973,-0.3662487214933208,-0.3662487214933208,2.0,0.0,0.01456370113762645,0.01456370113762645,-3.1303054806354083,-14822.42021134119,-14825.550516821826
59,23,0.3587204684536188,-6.7055468439897385,1.0,1.0,1.0,-14826.938154333415,14827.031389599337,-0.019554285318008624,-0.019554285318008624,1.0,0.0,0.01456370113762645,0.01456370113762645,-3.124729585943758,-14822.343923083812,-14825.468652669755
60,23,0.3589995749051055,-6.665538636350225,3.0,1.0,0.6068774324208673,-14829.030291111729,14829.553506806442,0.40446122788853245,0.599562869343572,2.0,0.0,0.01456370113762645,0.01456370113762645,-3.041497608828503,-14824.51963426941,-14827.56113187824
61,23,0.3640564292539144,-6.685269908289085,3.0,1.0,0.6579812795128038,-14829.682682502375,14830.851943436664,0.7273050002058881,0.7273050002058881,2.0,0.0,0.01456370113762645,0.01456370113762645,-3.0823459605630084,-14825.137244699054,-14828.219590659617
62,23,0.3517449510098902,-6.722409742073555,3.0,1.0,0.9280401625080055,-14830.68588530424,14831.458452069104,0.24319258737341443,-0.634727874854434,2.0,0.0,0.01456370113762645,0.01456370113762645,-3.16029020213116,-14826.047275099154,-14829.207565301285
63,23,0.35486085663408984,-6.6985173450207816,3.0,1.0,1.0,-14827.77194781437,14830.686186398638,-0.9986048643077083,-0.9986048643077083,2.0,0.0,0.01456370113762645,0.01456370113762645,-3.1099896973197914,-14823.187639338264,-14826.297629035584
64,23,0.35415543588071813,-6.703230777888517,1.0,1.0,0.8533983808470644,-14828.155874782547,14828.62729164537,0.15852880552665738,0.15852880552665738,1.0,0.0,0.01456370113762645,0.01456370113762645,-3.1198676568474553,-14823.560791330921,-14826.680658987769
65,23,0.35730832816679936,-6.689351274750577,7.0,1.0,0.9839434297557554,-14827.11408457306,14828.135693864013,-0.5169524899702083,-0.5169524899702083,2.0,0.0,0.01456370113762645,0.01456370113762645,-3.090843938582264,-14822.551994244082,-14825.642838182664
66,23,0.35869300635877355,-6.705394400612398,3.0,1.0,1.0,-14826.930629073207,14827.135664169644,-0.06664626963174669,-0.06664626963174669,2.0,0.0,0.01456370113762645,0.01456370113762645,-3.1244094090518173,-14822.33668426486,-14825.461093673912
67,23,0.35672698038967465,-6.709061798675125,3.0,1.0,0.685822210801348,-14827.118025539785,14827.85498781942,0.04349281357281143,0.6340625595257734,2.0,0.0,0.01456370113762645,0.01456370113762645,-3.132118492172098,-14822.51393645497,-14825.646054947143
68,23,0.35672698038967465,-6.709061798675125,1.0,1.0,0.5128341789101459,-14827.118025539785,14827.872943402652,0.0,0.6678027240559459,1.0,0.0,0.01456370113762645,0.01456370113762645,-3.132118492172098,-14822.51393645497,-14825.646054947143
69,23,0.35964866031359516,-6.690329006709004,3.0,1.0,0.9438658141753796,-14827.081111150004,14827.338497930112,-0.006165212535051978,0.11697737351096293,2.0,0.0,0.01456370113762645,0.01456370113762645,-3.0928821870197876,-14822.519863010339,-14825.612745197359
70,23,0.3574214338980867,-6.696121349615459,3.0,1.0,0.7887686702518426,-14826.893957315284,14829.081266060766,-0.032724329799748375,0.42780804835274466,2.0,0.0,0.01456370113762645,0.01456370113762645,-3.104976917541995,-14822.317874503604,-14825.422851421146
71,23,0.3574214338980867,-6.696121349615459,1.0,1.0,0.5418151156181749,-14826.893957315284,14827.563439209602,0.0,0.6128304508310976,1.0,0.0,0.01456370113762645,0.01456370113762645,-3.104976917541995,-14822.317874503604,-14825.422851421146
72,23,0.3564909304731521,-6.712363716483567,3.0,1.0,0.8952087923621558,-14827.290681049079,14827.617842071671,0.08595916658487113,0.13499400083674118,2.0,0.0,0.01456370113762645,0.01456370113762645,-3.139070820685668,-14822.679344590488,-14825.818415411173
73,23,0.3575107295029654,-6.681024577738171,3.0,1.0,0.968848181808704,-14827.574550952682,14827.642422299234,0.09811510997678852,0.09811510997678852,2.0,0.0,0.01456370113762645,0.01456370113762645,-3.07352426107872,-14823.030031624932,-14826.103555886011
74,23,0.35834723478292896,-6.678190431127502,1.0,1.0,1.0,-14827.680684782845,14827.84541049112,-0.020126425071794074,-0.020126425071794074,1.0,0.0,0.01456370113762645,0.01456370113762645,-3.0676450015836054,-14823.143078962403,-14826.210723963986
75,23,0.3590774519244383,-6.665933673312844,1.0,1.0,0.76192222605143,-14828.974438374747,14829.01760846599,0.2719107940538379,0.2719107940538379,1.0,0.0,0.01456370113762645,0.01456370113762645,-3.0423116085501105,-14824.46306293676,-14827.50537454531
76,23,0.3577966910634573,-6.668516663461632,1.0,1.0,0.9580471536402171,-14828.799482526538,14829.42432502443,0.04285828130377922,0.04285828130377922,1.0,0.0,0.01456370113762645,0.01456370113762645,-3.0476378762559073,-14824.281203949487,-14827.328841825743
77,23,0.35913718020794405,-6.714629421595271,7.0,1.0,0.6464955881808495,-14827.434755047503,14829.897146599895,-0.2819372664398543,1.181306277470867,2.0,0.0,0.01456370113762645,0.01456370113762645,-3.1438476665488873,-14822.821916680394,-14825.965764346942
78,23,0.3585248900718162,-6.712194857109277,1.0,1.0,1.0,-14827.181085425098,14827.407253391855,-0.09747239501484728,-0.09747239501484728,1.0,0.0,0.01456370113762645,0.01456370113762645,-3.138715015561344,-14822.572628321079,-14825.71134333664
79,23,0.3567859487103007,-6.7078766608083225,3.0,1.0,0.9940984439852256,-14827.071640128088,14827.41222298845,-0.021947355395241175,-0.08396209213969996,2.0,0.0,0.01456370113762645,0.01456370113762645,-3.129625792830135,-14822.470117359344,-14825.599743152174
80,23,0.35901616960655264,-6.7031730509335254,3.0,1.0,0.9219325059377935,-14826.923036770275,14827.276306523578,-0.02664928000558575,0.1391449601160275,2.0,0.0,0.01456370113762645,0.01456370113762645,-3.119746543864298,-14822.334151327615,-14825.453897871479
81,23,0.35901616960655264,-6.7031730509335254,3.0,1.0,0.7415613536464494,-14826.923036770275,14828.853293085534,0.0,0.4032316346401785,1.0,0.0,0.01456370113762645,0.01456370113762645,-3.119746543864298,-14822.334151327615,-14825.453897871479
82,23,0.3567871184851339,-6.702688833871059,3.0,1.0,0.6211980408210397,-14826.982437776154,14827.892619528862,0.02547165508258331,0.8227077374049259,2.0,0.0,0.01456370113762645,0.01456370113762645,-3.1187307723130693,-14822.391811487925,-14825.51054226024
83,23,0.35708930542113004,-6.6897800694220315,3.0,1.0,0.9353057273630919,-14827.143340555644,14827.425044212561,0.05496112568289391,0.09317294036372914,1.0,0.0,0.01456370113762645,0.01456370113762645,-3.0917377162599062,-14822.580084013069,-14825.67182172933
84,23,0.35155778970009377,-6.6972801164351905,7.0,1.0,0.5132993020947847,-14830.648727256985,14831.006690352251,1.7321196322882315,1.7924712317872036,2.0,0.0,0.01456370113762645,0.01456370113762645,-3.107400513742357,-14826.062763178745,-14829.170163692486
85,23,0.36319729201712164,-6.727763814325923,3.0,1.0,0.7225438603946551,-14831.243491202933,14833.923886306997,-0.05327689451951301,0.696891732790391,2.0,0.0,0.01456370113762645,0.01456370113762645,-3.171640388734853,-14826.60774633404,-14829.779386722776
86,23,0.35884553490975474,-6.676632561308539,7.0,1.0,1.0,-14827.792733920844,14829.594976052855,-1.6902068943127233,-1.834985332658107,2.0,0.0,0.01456370113762645,0.01456370113762645,-3.064416719388789,-14823.258969077582,-14826.323385796972
87,23,0.3584298796181565,-6.705657159168373,3.0,1.0,0.9662508862854283,-14826.912407871512,14827.765233120746,-0.1754288168358471,-0.1754288168358471,2.0,0.0,0.01456370113762645,0.01456370113762645,-3.1249612954547046,-14822.31758755018,-14825.442548845635
88,23,0.3573860184079607,-6.703390863470161,3.0,1.0,0.9942426338928114,-14826.888627878638,14826.990629098893,-0.00408862531548948,0.017423001141651184,2.0,0.0,0.01456370113762645,0.01456370113762645,-3.120203538911331,-14822.297274467723,-14825.417478006633
89,23,0.35804228379733616,-6.714501493768869,3.0,1.0,0.9511012096323039,-14827.266373747,14827.386216202389,0.07395633489250031,0.07840338650566991,2.0,0.0,0.01456370113762645,0.01456370113762645,-3.143577816196756,-14822.652458902337,-14825.796036718535
90,23,0.3570666042527167,-6.722387615782082,3.0,1.0,0.9695077578655589,-14827.83597768679,14827.851399522011,0.09593477386624727,0.09593477386624727,2.0,0.0,0.01456370113762645,0.01456370113762645,-3.1602433557164087,-14823.204187239297,-14826.364430595013
91,23,0.3570666042527167,-6.722387615782082,1.0,1.0,0.8070416306043431,-14827.83597768679,14828.292207906265,0.0,0.2143800251724315,1.0,0.0,0.01456370113762645,0.01456370113762645,-3.1602433557164087,-14823.204187239297,-14826.364430595013
92,23,0.35835552914095925,-6.695519839844963,3.0,1.0,1.0,-14826.838816023273,14827.650324503365,-0.19367291400885733,-0.19367291400885733,2.0,0.0,0.01456370113762645,0.01456370113762645,-3.1037193708944457,-14822.265146052765,-14825.36886542366
93,23,0.3558550573281591,-6.702575494637452,7.0,1.0,0.8826328678085377,-14827.262847244316,14827.379691628741,0.19794136778909888,0.222918744535491,2.0,0.0,0.01456370113762645,0.01456370113762645,-3.118493047579934,-14822.671290911425,-14825.789783959004
94,23,0.35780977730898794,-6.689279581227124,7.0,1.0,0.9814125384392968,-14827.037714172064,14827.52825247676,-0.14003029353443708,-0.14003029353443708,2.0,0.0,0.01456370113762645,0.01456370113762645,-3.090694518866477,-14822.476395148948,-14825.567089667815
95,23,0.35780977730898794,-6.689279581227124,1.0,1.0,0.4460121962079653,-14827.037714172064,14827.969046358314,0.0,0.8074089815781917,1.0,0.0,0.01456370113762645,0.01456370113762645,-3.090694518866477,-14822.476395148948,-14825.567089667815
96,23,0.3554170514187876,-6.680367834092149,1.0,1.0,0.5445976889122999,-14828.446949012645,14828.47597485032,0.6077079423939722,0.6077079423939722,1.0,0.0,0.01456370113762645,0.01456370113762645,-3.072161172552979,-14823.901172691121,-14826.973333863674
97,23,0.3567556944009505,-6.704243044607925,3.0,1.0,0.9733840022877948,-14827.004914760757,14828.492164541352,-0.5839427558439638,-0.5839427558439638,2.0,0.0,0.01456370113762645,0.01456370113762645,-3.1219919661018944,-14822.410988053376,-14825.532980019478
98,23,0.3555941514300994,-6.704832602253244,3.0,1.0,0.9037816638907641,-14827.379601815235,14827.439423635267,0.1708745514661132,0.1708745514661132,2.0,0.0,0.01456370113762645,0.01456370113762645,-3.1232296643428836,-14822.78298037664,-14825.906210040983
99,23,0.3635116907739368,-6.670572124943447,3.0,1.0,0.5065432280034806,-14830.050920305912,14832.124574994741,0.7456959173978248,0.8881478282855824,2.0,0.0,0.01456370113762645,0.01456370113762645,-3.0518811179249443,-14825.535306138718,-14828.587187256642
100,23,0.3526132263990419,-6.734088959508215,3.0,1.0,0.9419588652003109,-14830.860847073203,14831.771819846004,0.19130991662132146,-0.9019070412759902,2.0,0.0,0.01456370113762645,0.01456370113762645,-3.1850861053278874,-14826.198566101486,-14829.383652206814
101,23,0.36298844759783694,-6.682061980544828,7.0,1.0,0.9924366905725098,-14828.914775556728,14830.955217837722,-0.3970677329289174,-0.8194349201821751,2.0,0.0,0.01456370113762645,0.01456370113762645,-3.0756782963532237,-14824.374745502417,-14827.45042379877
102,23,0.3549634182174924,-6.686401900294497,3.0,1.0,1.0,-14828.236902641233,14829.343407148424,-0.129239570158461,-0.5580690677106759,2.0,0.0,0.01456370113762645,0.01456370113762645,-3.084701257522063,-14823.678012593768,-14826.762713851289
103,23,0.3625304865210706,-6.691908558542483,3.0,1.0,0.9877826452397692,-14828.352439558093,14828.650382962116,0.03734062847252062,-0.5562676566951268,2.0,0.0,0.01456370113762645,0.01456370113762645,-3.0961770509501494,-14823.791366974581,-14826.88754402553
104,23,0.35453356148318943,-6.696277664092717,3.0,1.0,0.5152027497493535,-14828.025133478115,14830.310955598183,-0.07118381659529405,1.3470128937042318,2.0,0.0,0.01456370113762645,0.01456370113762645,-3.1053037756972173,-14823.445095374607,-14826.550399150305
105,23,0.3558811841336469,-6.696985022922158,1.0,1.0,1.0,-14827.303253557679,14827.906057718586,-0.35260911804471107,-0.35260911804471107,1.0,0.0,0.01456370113762645,0.01456370113762645,-3.106783189213422,-14822.723439938985,-14825.8302231282
106,23,0.36031741619795715,-6.702679577106386,3.0,1.0,0.9411957351770712,-14827.264761717759,14827.629175975935,-0.022510140557642444,0.10321461982130131,2.0,0.0,0.01456370113762645,0.01456370113762645,-3.1187113561193924,-14822.678497248822,-14825.797208604941
107,23,0.35617143315491845,-6.69611742863006,3.0,1.0,0.5225476728411328,-14827.210510501878,14828.774030629509,-0.014677430397568969,1.2841554107362754,2.0,0.0,0.01456370113762645,0.01456370113762645,-3.1049687189607003,-14822.632875883817,-14825.737844602778
108,23,0.35455616720717203,-6.7203257472919855,3.0,1.0,0.7437817766220034,-14828.431389012674,14829.22445348469,0.29819001572104753,0.29819001572104753,2.0,0.0,0.01456370113762645,0.01456370113762645,-3.1558800574620696,-14823.800803364322,-14826.956683421784
109,23,0.36069503175489054,-6.6983350416759535,3.0,1.0,0.9147215476196829,-14827.339577045444,14828.709956545528,-0.22462055108371715,-0.22462055108371715,2.0,0.0,0.01456370113762645,0.01456370113762645,-3.109608089748068,-14822.762872810774,-14825.872480900522
110,23,0.35871061129808673,-6.702483956956196,7.0,1.0,0.9968613454814937,-14826.869573389622,14827.137636849617,-0.2307952633855166,-0.23896812482598762,2.0,0.0,0.01456370113762645,0.01456370113762645,-3.118301060150899,-14822.281758557736,-14825.400059617887
111,23,0.35871061129808673,-6.702483956956196,3.0,1.0,0.4577006469434712,-14826.869573389622,14828.667380755403,0.0,1.5319034040057886,1.0,0.0,0.01456370113762645,0.01456370113762645,-3.118301060150899,-14822.281758557736,-14825.400059617887
112,23,0.3582332092506122,-6.686127887629594,3.0,1.0,0.8509095059954245,-14827.147420836483,14827.363439813478,0.054233437029324705,0.23030896673481038,2.0,0.0,0.01456370113762645,0.01456370113762645,-3.0841310112152156,-14822.593188447521,-14825.677319458737
113,23,0.35997625687107,-6.712296975234153,7.0,1.0,0.7891819437766452,-14827.546557079246,14828.476836558873,0.23621127860860724,0.45692447858709784,2.0,0.0,0.01456370113762645,0.01456370113762645,-3.1389301861838823,-14822.939659685542,-14826.078589871726
114,23,0.36494174283183556,-6.693452290086772,7.0,1.0,0.5255015263968996,-14830.540880619232,14830.88327362411,1.4715616536977905,1.4715616536977905,2.0,0.0,0.01456370113762645,0.01456370113762645,-3.0993996063540803,-14825.979424925334,-14829.078824531687
115,23,0.36149869703488857,-6.697424360080636,1.0,1.0,1.0,-14827.72185148209,14829.645609692994,-1.329760352788071,-1.329760352788071,1.0,0.0,0.01456370113762645,0.01456370113762645,-3.1077022977085123,-14823.148020779818,-14826.255723077526
116,23,0.3561265370827199,-6.683237676806349,3.0,1.0,0.9793738742632927,-14827.852221255998,14828.328880602974,-0.02054851387401868,0.06387567655838211,2.0,0.0,0.01456370113762645,0.01456370113762645,-3.078120781402518,-14823.301378246217,-14826.37949902762
117,23,0.3580238822896065,-6.677153212525282,3.0,1.0,1.0,-14827.808388226775,14828.16473866304,-0.1654585267915536,-0.3302535993843776,2.0,0.0,0.01456370113762645,0.01456370113762645,-3.0654953643337826,-14823.272533102128,-14826.338028466462
118,23,0.35712754263691865,-6.665736459022287,1.0,1.0,0.6140970193761504,-14829.377096196265,14829.46871600777,0.48760235130430374,0.48760235130430374,1.0,0.0,0.01456370113762645,0.01456370113762645,-3.0419052159876907,-14824.863719751564,-14827.90562496755
119,23,0.3563206284923778,-6.7139867290203945,3.0,1.0,0.7787061805758132,-14827.404463741528,14831.80655236718,-0.4701790367362264,0.513096610618959,1.0,0.0,0.01456370113762645,0.01456370113762645,-3.1424921392880303,-14822.789492743423,-14825.93198488271
120,23,0.3563206284923778,-6.7139867290203945,1.0,1.0,0.11697097739325187,-14827.404463741528,14830.071026868953,0.0,2.145829431423408,1.0,0.0,0.01456370113762645,0.01456370113762645,-3.1424921392880303,-14822.789492743423,-14825.93198488271
121,23,0.35975313347140825,-6.68933798052583,3.0,1.0,0.9957220874032234,-14827.13166168849,14827.502743936164,-0.0571663356404315,-0.06245015251261066,2.0,0.0,0.01456370113762645,0.01456370113762645,-3.090816231098825,-14822.572606786223,-14825.663423017322
122,23,0.356873072256748,-6.705253357817133,3.0,1.0,0.9394108997372563,-14826.99608831661,14827.301539201579,-0.028816897131036967,0.10984910392653546,2.0,0.0,0.01456370113762645,0.01456370113762645,-3.124113197504438,-14822.400186843852,-14825.524300041356
123,23,0.35922702505074255,-6.69787069319499,3.0,1.0,1.0,-14826.90239101355,14827.00895116541,-0.019731535479877493,-0.022569728556845803,2.0,0.0,0.01456370113762645,0.01456370113762645,-3.1086362396366796,-14822.324874007265,-14825.433510246901
124,23,0.36060959181217284,-6.7042557025983935,7.0,1.0,0.8676696829385264,-14827.429984985221,14827.502487397913,0.25881151082103315,0.258945475154178,2.0,0.0,0.01456370113762645,0.01456370113762645,-3.122018536226243,-14822.84076703628,-14825.962785572505
125,23,0.3600514667791575,-6.7057181260376275,3.0,1.0,0.9612114514216734,-14827.25950929213,14828.064914621349,-0.09284143450895499,0.11487080299230001,2.0,0.0,0.01456370113762645,0.01456370113762645,-3.1250893574278487,-14822.666544117523,-14825.79163347495
126,23,0.3560145330750433,-6.699674284140081,3.0,1.0,1.0,-14827.21287261719,14827.352899131987,-0.014356558234794647,-0.1275647277234384,2.0,0.0,0.01456370113762645,0.01456370113762645,-3.1124122417924136,-14822.62759752966,-14825.740009771453
127,23,0.35513155213164116,-6.722772559912842,3.0,1.0,0.8001439208929969,-14828.334385368997,14828.960321946595,0.20102561063322355,0.35379505703349423,1.0,0.0,0.01456370113762645,0.01456370113762645,-3.1610584402305437,-14823.69935100022,-14826.860409440449
128,23,0.35885216098861095,-6.729104506087735,3.0,1.0,0.9778443197741075,-14828.669507577577,14828.97894480623,0.06877900936888182,-0.19482875241192232,2.0,0.0,0.01456370113762645,0.01456370113762645,-3.174487031253241,-14824.025680552611,-14827.200167583866
129,23,0.3626905052170981,-6.728575601818776,3.0,1.0,0.5609841248310701,-14830.866122580153,14831.445540174422,1.199483006454102,1.199483006454102,2.0,0.0,0.01456370113762645,0.01456370113762645,-3.1733638131942157,-14826.22805347754,-14829.401417290734
130,23,0.35671424933079227,-6.688717609734113,7.0,1.0,0.9533583372369522,-14827.293953619352,14830.928219270692,-1.5384436415461096,-1.5384436415461096,2.0,0.0,0.01456370113762645,0.01456370113762645,-3.089523466704015,-14822.732443661716,-14825.82196712842
131,23,0.35855152736771223,-6.6907975831161925,3.0,1.0,1.0,-14826.946471912395,14827.149442620808,-0.16869874382427952,-0.19272122834991023,2.0,0.0,0.01456370113762645,0.01456370113762645,-3.093859353030343,-14822.382903239142,-14825.476762592172
132,23,0.35788278078861424,-6.7026757926266844,7.0,1.0,0.6764676446666869,-14826.842455016325,14827.813076356515,-0.018635176929819863,0.8527344259327947,2.0,0.0,0.01456370113762645,0.01456370113762645,-3.1187034181448396,-14822.2532174165,-14825.371920834647
133,23,0.35829446329813164,-6.700600840277111,3.0,1.0,0.9139438020214424,-14826.820870221512,14826.992865167218,-0.003947644927393412,0.14139032593629963,2.0,0.0,0.01456370113762645,0.01456370113762645,-3.1143533466717273,-14822.236491021267,-14825.350844367938
134,23,0.3591245933523937,-6.690160337866642,3.0,1.0,0.8850149354975233,-14827.003643957327,14827.765648553552,0.035271168362669414,0.20846047143459145,2.0,0.0,0.01456370113762645,0.01456370113762645,-3.092530499919944,-14822.442107349036,-14825.534637848956
135,23,0.36358413698412206,-6.709706473557382,3.0,1.0,0.48561008916265025,-14829.803355466047,14830.145715711336,1.4278356003924273,1.497377643492655,2.0,0.0,0.01456370113762645,0.01456370113762645,-3.1334750260526403,-14825.20623283805,-14828.339707864103
136,23,0.3607487301757121,-6.701257633123324,1.0,1.0,1.0,-14827.40969772339,14828.950748752102,-1.1698885425648768,-1.1698885425648768,1.0,0.0,0.01456370113762645,0.01456370113762645,-3.115729826223621,-14822.82693661749,-14825.942666443714
137,23,0.35934416345431386,-6.679016765756329,3.0,1.0,0.9339661211909985,-14827.617515968373,14828.255671008046,-0.14450336567642807,0.22077340785835986,1.0,0.0,0.01456370113762645,0.01456370113762645,-3.069358351412883,-14823.07942005709,-14826.148778408504
138,23,0.35830047417974836,-6.696817742703843,3.0,1.0,0.8901086313062204,-14826.824332595126,14827.792278173783,-0.16103569776532822,0.19615685024109553,2.0,0.0,0.01456370113762645,0.01456370113762645,-3.1064332839621596,-14822.247880866738,-14825.3543141507
139,23,0.35796670181424795,-6.700391936436246,3.0,1.0,0.6787011765150703,-14826.82072445051,14827.50674251015,0.00020175067584204953,0.6615008774842863,2.0,0.0,0.01456370113762645,0.01456370113762645,-3.1139156249801876,-14822.236378406626,-14825.350294031607
140,23,0.3596934750443204,-6.688951203912849,3.0,1.0,0.8189092956987566,-14827.131500452062,14828.30674738439,0.07441547622693179,0.31434823508061527,2.0,0.0,0.01456370113762645,0.01456370113762645,-3.0900101985364423,-14822.573178913044,-14825.663189111581
141,23,0.3619098796178425,-6.683348799558399,1.0,1.0,0.6791714040926178,-14828.175616000879,14828.211416237013,0.3868817472084629,0.3868817472084629,1.0,0.0,0.01456370113762645,0.01456370113762645,-3.078351708155176,-14823.631628492147,-14826.709980200301
142,23,0.3619098796178425,-6.683348799558399,1.0,1.0,0.006763091787284463,-14828.175616000879,14833.630835579364,0.0,4.996275128503839,1.0,0.0,0.01456370113762645,0.01456370113762645,-3.078351708155176,-14823.631628492147,-14826.709980200301
143,23,0.36019448625527506,-6.683066500279553,1.0,1.0,1.0,-14827.50146833582,14828.012855459336,-0.30291366050914803,-0.30291366050914803,1.0,0.0,0.01456370113762645,0.01456370113762645,-3.077765079677694,-14822.956001068747,-14826.033766148425
144,23,0.3560236176296866,-6.711012935357772,3.0,1.0,0.38525529101848627,-14827.362717253349,14830.317851406844,0.019906964003894245,2.505408293180153,2.0,0.0,0.01456370113762645,0.01456370113762645,-3.136225375741101,-14822.753640442044,-14825.889865817786
145,23,0.3603632378420642,-6.688921124331503,3.0,1.0,0.8115292469731061,-14827.305880751588,14827.946971322208,-0.009131297916610492,0.37225078831579594,2.0,0.0,0.01456370113762645,0.01456370113762645,-3.089947519728198,-14822.748435646763,-14825.83838316649
146,23,0.35666287793667,-6.693346491336161,3.0,1.0,0.9925833127535711,-14827.123975068478,14827.45537288832,-0.020018886141770054,-0.02305504074683995,2.0,0.0,0.01456370113762645,0.01456370113762645,-3.0991786743132312,-14822.552745734756,-14825.651924409069
147,23,0.3603625599955035,-6.692839877242623,3.0,1.0,0.9929080190942017,-14827.222227117734,14827.291090431107,0.021505537997654756,-0.12340855022557662,2.0,0.0,0.01456370113762645,0.01456370113762645,-3.098120903096069,-14822.656607808265,-14825.754728711361
148,23,0.3549439139681494,-6.721414919253918,3.0,1.0,0.4038145882365553,-14828.316516880572,14830.012970700816,0.24327197998536576,1.5579703966941452,2.0,0.0,0.01456370113762645,0.01456370113762645,-3.158184418742348,-14823.68411896014,-14826.842303378882
149,23,0.3602386181380333,-6.704357957320028,3.0,1.0,0.655928116474728,-14827.282216687521,14829.286096290696,-0.20070420036427095,0.7618645488528273,2.0,0.0,0.01456370113762645,0.01456370113762645,-3.1222331828594445,-14822.692334852725,-14825.814568035585
150,23,0.3602899007070678,-6.69027857541076,3.0,1.0,0.9731791534383681,-14827.246740524397,14827.687660585041,-0.07680076560063753,0.08388449589256197,1.0,0.0,0.01456370113762645,0.01456370113762645,-3.0927770310250713,-14822.686377026414,-14825.779154057438
51,24,0.3587686316293974,-6.680749831601634,1.0,1.0,0.003228237623752071,-14827.463693573289,14829.358325876312,0.0,5.735818917977667,1.0,0.0,0.02049081656267633,0.02049081656267633,-3.0729539658472937,-14822.921297090948,-14825.994251056796
52,24,0.3596487943915797,-6.700800549339825,3.0,1.0,0.9516660961685647,-14827.014477779328,14827.825570430157,-0.027615655513727688,0.1546117685848003,1.0,0.0,0.014668843469464909,0.014668843469464909,-3.1147718431055336,-14822.431340146999,-14825.546111990105
53,24,0.35813978988396417,-6.709196754672831,3.0,1.0,0.9840030076117571,-14827.012094234464,14827.187926107901,-0.0561538127840322,-0.0581106707577419,2.0,0.0,0.014668843469464909,0.014668843469464909,-3.132402434070314,-14822.40947516588,-14825.54187759995
54,24,0.35813978988396417,-6.709196754672831,3.0,1.0,0.6165161318471201,-14827.012094234464,14828.682573942588,0.0,0.592559938901104,2.0,0.0,0.014668843469464909,0.014668843469464909,-3.132402434070314,-14822.40947516588,-14825.54187759995
55,24,0.3575743976221658,-6.691983964460869,3.0,1.0,0.9551288711696756,-14826.969543442405,14827.415837851226,0.005541273318158346,0.11275224528799299,1.0,0.0,0.014668843469464909,0.014668843469464909,-3.096334406216589,-14822.402292940043,-14825.49862734626
56,24,0.35690657861254366,-6.69321283160437,1.0,1.0,0.9445517288708185,-14827.062292413293,14827.133041725629,0.057044825016419054,0.057044825016419054,1.0,0.0,0.014668843469464909,0.014668843469464909,-3.098899578160788,-14822.491646343698,-14825.59054592186
57,24,0.3580723861748863,-6.681750054767477,3.0,1.0,0.9505087971069242,-14827.430511778899,14827.606625690209,0.039879026140624774,0.11583662706652831,1.0,0.0,0.014668843469464909,0.014668843469464909,-3.0750305089145784,-14822.885181420283,-14825.960211929198
58,24,0.3593779991919409,-6.696428002269045,3.0,1.0,0.9837418392436036,-14826.932096641298,14827.5443000177,-0.10102660096163163,-0.10102660096163163,2.0,0.0,0.014668843469464909,0.014668843469464909,-3.105618160282766,-14822.357782260795,-14825.463400421078
59,24,0.35864945346704796,-6.704701412059807,3.0,1.0,0.9925015520559674,-14826.907852132457,14827.06075414494,-0.018349490977925598,-0.018349490977925598,1.0,0.0,0.014668843469464909,0.014668843469464909,-3.122954217829774,-14822.315308997278,-14825.438263215108
60,24,0.36246588159718135,-6.693489116732088,3.0,1.0,0.6484284177139642,-14828.303479558806,14828.599502817275,0.6631266813346883,0.7170551891085779,1.0,0.0,0.014668843469464909,0.014668843469464909,-3.0994765114565475,-14823.739030634182,-14826.83850714564
61,24,0.35360918877981373,-6.710054358911056,3.0,1.0,0.4412647376048731,-14828.59355986166,14830.828434326733,0.10397706354342517,1.5973383423952328,2.0,0.0,0.014668843469464909,0.014668843469464909,-3.13420722391547,-14823.983438688365,-14827.11764591228
62,24,0.3628738926375758,-6.693803264181379,7.0,1.0,0.860229743951403,-14828.602307829626,14830.297342789865,0.08415590595177491,0.3416099078785919,2.0,0.0,0.014668843469464909,0.014668843469464909,-3.1001326008662575,-14824.037687648219,-14827.137820249085
63,24,0.359180903586253,-6.690141737035158,1.0,1.0,1.0,-14827.010802201163,14827.852005184463,-0.7962078277905675,-0.7962078277905675,1.0,0.0,0.014668843469464909,0.014668843469464909,-3.0924917175424786,-14822.449373293142,-14825.541865010684
64,24,0.359180903586253,-6.690141737035158,3.0,1.0,0.621046880700639,-14827.010802201163,14827.87718313913,0.0,0.8469739774645859,1.0,0.0,0.014668843469464909,0.014668843469464909,-3.0924917175424786,-14822.449373293142,-14825.541865010684
65,24,0.3571325072541489,-6.708424947753963,3.0,1.0,0.686549346456694,-14827.030620524638,14827.763679619247,0.00743589739613526,0.6567749709465716,2.0,0.0,0.014668843469464909,0.014668843469464909,-3.130778829650081,-14822.428376645115,-14825.559155474766
66,24,0.35786341327750376,-6.712095489955221,1.0,1.0,0.9873726690539524,-14827.13181209129,14827.15745919636,0.012707733250863384,0.012707733250863384,1.0,0.0,0.014668843469464909,0.014668843469464909,-3.138505651453164,-14822.52274830128,-14825.661253952734
67,24,0.35703415503319486,-6.690596957257068,7.0,1.0,0.9042904855608562,-14827.122583673827,14827.822468794415,0.04950391361489892,0.2199311535096058,2.0,0.0,0.014668843469464909,0.014668843469464909,-3.093440942367347,-14822.557555227639,-14825.650996170007
68,24,0.35689797842407084,-6.708550693650077,3.0,1.0,0.9913171507428352,-14827.070388584401,14827.231455628737,-0.054822084102852386,-0.0901591672682116,2.0,0.0,0.014668843469464909,0.014668843469464909,-3.1310433132108693,-14822.467588056064,-14825.598631369276
69,24,0.35837464675740477,-6.711796542581042,3.0,1.0,0.8307408034416092,-14827.144194779008,14827.719955292287,0.012780449438650976,0.34231879712206137,2.0,0.0,0.014668843469464909,0.014668843469464909,-3.137875836350718,-14822.536391894642,-14825.674267730992
70,24,0.3584332342424334,-6.679814894968074,3.0,1.0,0.8154564862634582,-14827.543075295402,14828.852171438744,0.04808087977835385,0.32610727057362965,1.0,0.0,0.014668843469464909,0.014668843469464909,-3.0710138674539924,-14823.00220653246,-14826.073220399914
71,24,0.3584332342424334,-6.679814894968074,3.0,1.0,0.4539675172636259,-14827.543075295402,14829.825496042838,0.0,1.8556833812290279,1.0,0.0,0.014668843469464909,0.014668843469464909,-3.0710138674539924,-14823.00220653246,-14826.073220399914
72,24,0.3576421178512891,-6.687905961994826,3.0,1.0,1.0,-14827.121351524123,14827.528649243603,-0.07109920012771909,-0.11826000068504072,2.0,0.0,0.014668843469464909,0.014668843469464909,-3.087832689533861,-14822.562686689418,-14825.650519378953
73,24,0.3602006142948409,-6.683025078376329,3.0,1.0,0.8119445974636341,-14827.505282024018,14828.161725790724,0.07529633735612151,0.3702907369715831,2.0,0.0,0.014668843469464909,0.014668843469464909,-3.077679010115541,-14822.959908261486,-14826.037587271601
74,24,0.3573475520925485,-6.692113171285833,3.0,1.0,0.5503791914276314,-14827.00190197982,14828.848230048074,-0.08626110143450205,1.193361916584763,2.0,0.0,0.014668843469464909,0.014668843469464909,-3.096604045146398,-14822.434100281816,-14825.530704326962
75,24,0.35995666863013426,-6.68772285769762,3.0,1.0,0.4310959713944498,-14827.232099176414,14829.216042825616,0.03923265174853441,1.859115796545666,2.0,0.0,0.014668843469464909,0.014668843469464909,-3.0874513484269226,-14822.676656808639,-14825.764108157065
76,24,0.3573258188531015,-6.693417018612896,3.0,1.0,1.0,-14826.9671582345,14827.319952544674,-0.05309167634550249,-0.06019352552721102,2.0,0.0,0.014668843469464909,0.014668843469464909,-3.0993259501884385,-14822.39660762885,-14825.495933579039
77,24,0.36029684066607887,-6.681633314609292,3.0,1.0,0.9068727581620172,-14827.609570956294,14827.818193493715,0.128700737210238,0.128700737210238,2.0,0.0,0.014668843469464909,0.014668843469464909,-3.0747880954663462,-14823.067204807177,-14826.141992902643
78,24,0.3559329551892732,-6.71962211441686,3.0,1.0,0.8679203197199663,-14827.832649837805,14828.364427213557,0.052487467028186074,0.3162522347247432,2.0,0.0,0.014668843469464909,0.014668843469464909,-3.1543920120227433,-14823.205292480348,-14826.35968449237
79,24,0.36117158574644614,-6.681687908718152,3.0,1.0,0.9634662416059775,-14827.902964249182,14828.11067162816,0.08538512444465596,-0.1684177188999456,2.0,0.0,0.014668843469464909,0.014668843469464909,-3.074901459610693,-14823.361541279819,-14826.43644273943
80,24,0.36277702490078223,-6.679341181125631,3.0,1.0,0.8335216633606793,-14828.901572831168,14829.151285367185,0.4039664154261118,0.4039664154261118,2.0,0.0,0.014668843469464909,0.014668843469464909,-3.070031191739599,-14824.36693910425,-14827.436970295988
81,24,0.36169022499351816,-6.719847135206188,3.0,1.0,0.7672407260538439,-14829.057837731496,14830.741346060222,0.30114593100915954,0.5766940994235483,2.0,0.0,0.014668843469464909,0.014668843469464909,-3.1548678329818522,-14824.437071160237,-14827.591938993219
82,24,0.35419751201339017,-6.685817073580877,7.0,1.0,0.5918272596279959,-14828.802174922128,14831.245846987265,0.016186322371140704,1.2783600610600843,2.0,0.0,0.014668843469464909,0.014668843469464909,-3.0834842686294457,-14824.243528507499,-14827.327012776128
83,24,0.35419751201339017,-6.685817073580877,1.0,1.0,0.5665315079322479,-14828.802174922128,14830.317156974577,0.0,0.5682225814689446,1.0,0.0,0.014668843469464909,0.014668843469464909,-3.0834842686294457,-14824.243528507499,-14827.327012776128
84,24,0.3582998318399498,-6.660040759547394,3.0,1.0,0.8439816269310202,-14829.93513568548,14831.277495483544,-0.1766479518810229,0.631215402539965,1.0,0.0,0.014668843469464909,0.014668843469464909,-3.030185070244643,-14825.434931379064,-14828.46511644931
85,24,0.36115414752195135,-6.684716946856736,3.0,1.0,0.9367078593522083,-14827.749289494895,14831.084664889226,-0.4228901134974876,-0.6538872383443959,2.0,0.0,0.014668843469464909,0.014668843469464909,-3.0811958985243098,-14823.201551099894,-14826.282746998419
86,24,0.3601219076767741,-6.694593888767333,3.0,1.0,1.0,-14827.12657031015,14827.729405568012,-0.17306095046114933,-0.17306095046114933,2.0,0.0,0.014668843469464909,0.014668843469464909,-3.101784238072532,-14822.55699579814,-14825.658780036214
87,24,0.3598784595200733,-6.691174341401916,3.0,1.0,1.0,-14827.111406927388,14827.232158655823,-0.03456931899199844,-0.0656644290775148,2.0,0.0,0.014668843469464909,0.014668843469464909,-3.094645201406545,-14822.548675595343,-14825.64332079675
88,24,0.35959554920535447,-6.7090134018822365,3.0,1.0,0.951987475308746,-14827.246966772413,14827.34773791032,0.07845990429632366,0.07845990429632366,2.0,0.0,0.014668843469464909,0.014668843469464909,-3.132016671736583,-14822.646519399284,-14825.77853607102
89,24,0.35959554920535447,-6.7090134018822365,3.0,1.0,0.6447120323823404,-14827.246966772413,14828.791133221219,0.0,0.6876971511883312,2.0,0.0,0.014668843469464909,0.014668843469464909,-3.132016671736583,-14822.646519399284,-14825.77853607102
90,24,0.35903387410669685,-6.703782159756142,1.0,1.0,1.0,-14826.939068961077,14827.177242920687,-0.12247333402956428,-0.12247333402956428,1.0,0.0,0.014668843469464909,0.014668843469464909,-3.1210246414259903,-14822.34892711237,-14825.469951753797
91,24,0.3563645213266649,-6.718868944883097,3.0,1.0,0.8765563226993045,-14827.674668079508,14827.913850068346,0.1309534082574828,0.2023367928886728,1.0,0.0,0.014668843469464909,0.014668843469464909,-3.1527997548818165,-14823.049444448905,-14826.202244203787
92,24,0.3544965271540891,-6.713967507556086,3.0,1.0,0.8499107725550221,-14828.137023788517,14828.403612997836,0.2978058379394497,0.2978058379394497,2.0,0.0,0.014668843469464909,0.014668843469464909,-3.1424516049308484,-14823.519790765444,-14826.662242370374
93,24,0.3607356795620766,-6.707695462829391,3.0,1.0,1.0,-14827.624060185617,14828.378886066464,-0.0971062900571269,-0.31948934360298153,2.0,0.0,0.014668843469464909,0.014668843469464909,-3.1292448030829654,-14823.027768340999,-14826.157013144082
94,24,0.35889238693217196,-6.680318779894779,3.0,1.0,0.9337246412825833,-14827.49611587573,14828.553170139608,-0.26830329614494985,-0.26830329614494985,2.0,0.0,0.014668843469464909,0.014668843469464909,-3.0720593766011244,-14822.954765852799,-14826.0268252294
95,24,0.35364057932021803,-6.657846173433579,3.0,1.0,0.40539547426444167,-14833.089382637196,14833.097236736417,2.3034684128160734,2.3034684128160734,2.0,0.0,0.014668843469464909,0.014668843469464909,-3.025677887922327,-14828.587831003832,-14831.613508891754
96,24,0.35952091817307785,-6.666648793371411,1.0,1.0,1.0,-14828.886435802771,14831.446755815783,-2.017034247610354,-2.017034247610354,1.0,0.0,0.014668843469464909,0.014668843469464909,-3.0437855575542083,-14824.374128511245,-14827.4179140688
97,24,0.3581499529739706,-6.707601438697433,3.0,1.0,0.9937840793589632,-14826.955078092671,14828.595717591938,-0.3934261792128382,-0.3934261792128382,2.0,0.0,0.014668843469464909,0.014668843469464909,-3.1290471193891602,-14822.355826881872,-14825.484874001262
98,24,0.3568157109287541,-6.689180777536005,3.0,1.0,0.8719551592966089,-14827.241666858747,14827.660834347915,0.13578748412328423,0.2323227520864748,1.0,0.0,0.014668843469464909,0.014668843469464909,-3.0904886060466157,-14822.679318418715,-14825.769807024762
99,24,0.35986814001960127,-6.703206633283964,7.0,1.0,0.9925892838698586,-14827.12348008932,14827.39268738843,-0.024721003263039165,-0.024721003263039165,2.0,0.0,0.014668843469464909,0.014668843469464909,-3.1198170002956167,-14822.535564404043,-14825.655381404338
100,24,0.3560749286543076,-6.687796705831223,3.0,1.0,0.8251240602370071,-14827.574376316406,14828.235577535701,0.18251119106389524,0.23770383819828567,2.0,0.0,0.014668843469464909,0.014668843469464909,-3.0876051437816314,-14823.013984167608,-14826.101589311389
101,24,0.35622413688848903,-6.713495630458585,7.0,1.0,0.9220767689294584,-14827.405956277196,14828.527611676296,-0.16004848937336646,-0.2794485025351605,2.0,0.0,0.014668843469464909,0.014668843469464909,-3.1414566231055256,-14822.791899853744,-14825.93335647685
102,24,0.35743653032775674,-6.713729801767778,3.0,1.0,1.0,-14827.224145967764,14827.395151730398,-0.07631497554757516,-0.14842907724414545,2.0,0.0,0.014668843469464909,0.014668843469464909,-3.141950359853164,-14822.611108456147,-14825.753058816
103,24,0.35835233921152315,-6.696232967596577,3.0,1.0,0.7696876070013884,-14826.830340190967,14827.61994032626,-0.08092402744659921,0.43194162603322184,2.0,0.0,0.014668843469464909,0.014668843469464909,-3.105210311518783,-14822.255175349697,-14825.360385661215
104,24,0.35782416517888405,-6.70420789807048,3.0,1.0,0.5046687875222613,-14826.868110271123,14828.22128419302,0.007906670012744144,1.3560553356437595,2.0,0.0,0.014668843469464909,0.014668843469464909,-3.121918191576707,-14822.275585380812,-14825.397503572389
105,24,0.35782416517888405,-6.70420789807048,1.0,1.0,0.5481368776898331,-14826.868110271123,14827.482140282269,0.0,0.6012302464168897,1.0,0.0,0.014668843469464909,0.014668843469464909,-3.121918191576707,-14822.275585380812,-14825.397503572389
106,24,0.357919747409859,-6.6867631066809325,3.0,1.0,0.9040182125391792,-14827.141474666987,14827.496411910564,0.07068325729596836,0.13827106709504733,1.0,0.0,0.014668843469464909,0.014668843469464909,-3.08545307694395,-14822.585533124015,-14825.67098620096
107,24,0.35871270512101877,-6.704996979617463,3.0,1.0,0.9561476645314344,-14826.922426649026,14827.60774352731,-0.04337735303124646,0.12016760020924266,2.0,0.0,0.014668843469464909,0.014668843469464909,-3.123574814826578,-14822.329340634504,-14825.45291544933
108,24,0.35733268093375464,-6.6988126616214405,3.0,1.0,0.6816378349142558,-14826.878608283256,14827.608517955978,-0.004015154561784584,0.6500659272787743,2.0,0.0,0.014668843469464909,0.014668843469464909,-3.110607941092743,-14822.29678421306,-14825.407392154153
109,24,0.35828875310341807,-6.713512733222304,3.0,1.0,0.6199358879770765,-14827.22727378801,14828.026291181104,0.060664200860628625,0.7804286802747811,2.0,0.0,0.014668843469464909,0.014668843469464909,-3.1414926814436974,-14822.615748214137,-14825.75724089558
110,24,0.3586413329073251,-6.674191108544416,7.0,1.0,0.8884348384762184,-14828.029234308568,14828.189135865385,0.16193316504723043,0.23215670035642688,2.0,0.0,0.014668843469464909,0.014668843469464909,-3.059362322192585,-14823.500273088293,-14826.559635410485
111,24,0.35408162801821585,-6.69962466518191,3.0,1.0,0.6641350567248752,-14828.24713539368,14830.012509412818,0.43329285730578704,0.8559751854008937,2.0,0.0,0.014668843469464909,0.014668843469464909,-3.112308315912198,-14823.659517130614,-14826.771825446527
112,24,0.3572547600919291,-6.694889678806688,3.0,1.0,0.9996632480640381,-14826.94415083595,14827.6689843689,-0.6428615252934833,-0.6429689903688995,2.0,0.0,0.014668843469464909,0.014668843469464909,-3.1024023125376803,-14822.370435546727,-14825.472837859264
113,24,0.35909247612597583,-6.698547260031441,3.0,1.0,0.9764920184993687,-14826.881885309684,14827.192623715706,-0.026397999470646027,0.04358567340023001,2.0,0.0,0.014668843469464909,0.014668843469464909,-3.1100523202698223,-14822.302787558418,-14825.412839878687
114,24,0.35710317868225494,-6.695601096887901,3.0,1.0,0.9557735149487084,-14826.958759212848,14827.148147829554,0.03639227948588086,0.0654207238676463,2.0,0.0,0.014668843469464909,0.014668843469464909,-3.1038892298273777,-14822.383368427843,-14825.48725765767
115,24,0.3524353278088403,-6.70203383301004,3.0,1.0,0.49249447005058183,-14829.581510031785,14829.882399167824,1.27370741573759,1.3116694343643758,2.0,0.0,0.014668843469464909,0.014668843469464909,-3.1173571103057665,-14824.986728170143,-14828.104085280449
116,24,0.35854169603752456,-6.6937609196102175,7.0,1.0,0.9769576223173687,-14826.871352005775,14828.514005564239,-1.3231027469555556,-1.3414750609263137,2.0,0.0,0.014668843469464909,0.014668843469464909,-3.1000441594907793,-14822.301586432757,-14825.401630592249
117,24,0.3588398542520442,-6.68450505854005,3.0,1.0,0.3923565868925971,-14827.22656587267,14829.419668804994,0.07744503595858987,2.14765187392004,2.0,0.0,0.014668843469464909,0.014668843469464909,-3.0807552893100083,-14822.676455489,-14825.757210778309
118,24,0.35752565725799956,-6.6729953598233,1.0,1.0,0.7148900701234878,-14828.326432434995,14828.327458537466,0.335626496187615,0.335626496187615,1.0,0.0,0.014668843469464909,0.014668843469464909,-3.0568890079779796,-14823.798566879663,-14826.85545588764
119,24,0.35752565725799956,-6.6729953598233,3.0,1.0,0.6371540380626731,-14828.326432434995,14829.602201067079,0.0,0.9355710475338128,1.0,0.0,0.014668843469464909,0.014668843469464909,-3.0568890079779796,-14823.798566879663,-14826.85545588764
120,24,0.35592708745473856,-6.672996557604537,1.0,1.0,0.7046936496520331,-14828.944449187431,14829.411882046637,0.34999211011017906,0.34999211011017906,1.0,0.0,0.014668843469464909,0.014668843469464909,-3.0568914847808912,-14824.414584981974,-14827.471476466755
121,24,0.35790842280531904,-6.67443290468809,3.0,1.0,1.0,-14828.090362960867,14828.849292710247,-0.44189122508032597,-0.6463169625149021,2.0,0.0,0.014668843469464909,0.014668843469464909,-3.0598626327055287,-14823.559997858778,-14826.619860491484
122,24,0.3533571306134099,-6.683279450010553,3.0,1.0,0.5494175468287651,-14829.706813625706,14830.512385800967,1.0417708455424872,1.2193459739355603,1.0,0.0,0.014668843469464909,0.014668843469464909,-3.078207589812662,-14825.152368887686,-14828.2305764775
123,24,0.3551887752582666,-6.689101498067784,3.0,1.0,1.0,-14827.936967479876,14829.37636071083,-0.8398282050748094,-0.8795712786140939,2.0,0.0,0.014668843469464909,0.014668843469464909,-3.090323389937769,-14823.372740540546,-14826.463063930483
124,24,0.35560586037920405,-6.7140423682201575,3.0,1.0,0.9288781935411615,-14827.626070083417,14828.841445605174,-0.2692327213517274,-0.2692327213517274,1.0,0.0,0.014668843469464909,0.014668843469464909,-3.142609473700792,-14823.010083592455,-14826.152693066157
125,24,0.35835757913069316,-6.68530545845689,3.0,1.0,1.0,-14827.184838431758,14827.509309694517,-0.1683669789308624,-0.1683669789308624,2.0,0.0,0.014668843469464909,0.014668843469464909,-3.082419909089095,-14822.632470448681,-14825.71489035777
126,24,0.35907958480220137,-6.692953964275444,3.0,1.0,0.776767614155074,-14826.927877509326,14827.741618093114,-0.05394978691947472,0.44776215067213343,2.0,0.0,0.014668843469464909,0.014668843469464909,-3.0983590856445797,-14822.360457206278,-14825.458816291923
127,24,0.35808306812263696,-6.713469429979643,3.0,1.0,0.8969566134404235,-14827.210019014065,14827.781015191487,0.062736395317188,0.19256806488010625,1.0,0.0,0.014668843469464909,0.014668843469464909,-3.1414013843123474,-14822.598330970854,-14825.739732355167
128,24,0.3570602816493054,-6.71685249047305,1.0,1.0,0.9654516552316748,-14827.433889114613,14827.468044064544,0.03515925062856695,0.03515925062856695,1.0,0.0,0.014668843469464909,0.014668843469464909,-3.148539610742126,-14822.813794538813,-14825.962334149555
129,24,0.35844625998041113,-6.698473442176857,3.0,1.0,0.8399941256751088,-14826.82001209748,14827.660029286482,-0.11751899415867229,0.2787113140748261,2.0,0.0,0.014668843469464909,0.014668843469464909,-3.1098977943899175,-14822.24027544449,-14825.35017323888
130,24,0.35764880375734004,-6.706796074529525,3.0,1.0,0.933214207205895,-14826.934948231352,14827.33575158149,0.023790208808350144,0.11505943859629042,2.0,0.0,0.014668843469464909,0.014668843469464909,-3.12735422089846,-14822.336770151076,-14825.464124371974
131,24,0.35377081643355507,-6.698167234896241,3.0,1.0,0.5548062029184985,-14828.506923023233,14829.443147089874,0.8065537489146664,1.0194949395245203,2.0,0.0,0.014668843469464909,0.014668843469464909,-3.109256856573785,-14823.92195911515,-14827.031215971725
132,24,0.3556193288074103,-6.699710394055062,1.0,1.0,1.0,-14827.371628443863,14828.21262674531,-0.5618261478011846,-0.5618261478011846,1.0,0.0,0.014668843469464909,0.014668843469464909,-3.112487874809288,-14822.785780524537,-14825.898268399345
133,24,0.35638724479229206,-6.675064479798667,3.0,1.0,0.777211144086078,-14828.488624237752,14829.338367619,0.294332810330161,0.294332810330161,2.0,0.0,0.014668843469464909,0.014668843469464909,-3.061169726979465,-14823.955059092197,-14827.016228819177
134,24,0.36091924422079424,-6.705014674299038,3.0,1.0,0.9031412042432553,-14827.601029168918,14828.959036730197,-0.17972966634624754,-0.17972966634624754,2.0,0.0,0.014668843469464909,0.014668843469464909,-3.1236119707496046,-14823.010591698056,-14826.134203668806
135,24,0.35696633026403984,-6.665299934269266,3.0,1.0,0.8964984146340186,-14829.50110817469,14829.757945276453,0.3717954796666163,0.3717954796666163,2.0,0.0,0.014668843469464909,0.014668843469464909,-3.0410058230812007,-14824.988430344367,-14828.029436167448
136,24,0.3584780215719976,-6.682203035895548,3.0,1.0,1.0,-14827.36861755514,14828.852468235877,-0.6717630898747302,-0.6717630898747302,2.0,0.0,0.014668843469464909,0.014668843469464909,-3.0759712630020197,-14822.822846530164,-14825.898817793166
137,24,0.3584780215719976,-6.682203035895548,3.0,1.0,0.5658956755072676,-14827.36861755514,14829.62721480828,0.0,1.1336137448797672,1.0,0.0,0.014668843469464909,0.014668843469464909,-3.0759712630020197,-14822.822846530164,-14825.898817793166
138,24,0.35991630673746405,-6.701893590209922,3.0,1.0,0.9270602092353274,-14827.10887514639,14827.828309703087,0.03326668869885907,0.18883961077517597,1.0,0.0,0.014668843469464909,0.014668843469464909,-3.1170630501104646,-14822.523771999979,-14825.64083505009
139,24,0.3562250307816201,-6.701095391982099,3.0,1.0,0.9987028052107778,-14827.132135290896,14827.141370423298,0.0038991762849036604,-0.1441587692934263,2.0,0.0,0.014668843469464909,0.014668843469464909,-3.1153897677651847,-14822.54414684362,-14825.659536611385
140,24,0.36133431035601415,-6.672615263640048,3.0,1.0,0.6829375021951538,-14828.631772587323,14829.799429552317,0.28629472276406887,0.46717154463840416,2.0,0.0,0.014668843469464909,0.014668843469464909,-3.056103107758326,-14824.109343658944,-14827.165446766701
141,24,0.35875633109663113,-6.662325972647869,3.0,1.0,0.7218433682250306,-14829.508397931606,14832.72703210813,0.16762205714621814,1.1398821516959288,2.0,0.0,0.014668843469464909,0.014668843469464909,-3.0348834984985777,-14825.004056813099,-14828.038940311597
142,24,0.36098708180515515,-6.7395898944756345,7.0,1.0,0.7183347628065923,-14831.129673638312,14831.362010989698,0.8241573024733952,0.834988018787044,2.0,0.0,0.014668843469464909,0.014668843469464909,-3.196812279194698,-14826.466117644812,-14829.662929924007
143,24,0.3543687660755598,-6.679906828121428,7.0,1.0,1.0,-14829.183733982449,14830.964063382584,-0.3891002772925276,-1.2606761480092246,2.0,0.0,0.014668843469464909,0.014668843469464909,-3.0712046003100304,-14824.63758540265,-14827.70879000296
144,24,0.3576148693269297,-6.723643432334066,3.0,1.0,0.8454699644013889,-14827.930311605223,14831.050542506388,-0.7313433334293222,-0.7313433334293222,1.0,0.0,0.014668843469464909,0.014668843469464909,-3.162902980946501,-14823.29654270548,-14826.459445686427
145,24,0.3612675746259373,-6.670890881445427,3.0,1.0,0.9036141515910155,-14828.771604993153,14829.120408759645,0.198449111678201,0.198449111678201,2.0,0.0,0.014668843469464909,0.014668843469464909,-3.0525395290250423,-14824.25265942094,-14827.305198949964
146,24,0.3626316822761711,-6.695351478822224,3.0,1.0,0.7580830852855033,-14828.430522245828,14830.069430049285,0.33132286057661986,0.586490831716219,2.0,0.0,0.014668843469464909,0.014668843469464909,-3.103367451661557,-14823.862379601247,-14826.96574705291
147,24,0.3542805435349643,-6.693089292728652,3.0,1.0,1.0,-14828.312107573129,14828.515704440088,-0.029989351165568223,-0.6842502531526407,2.0,0.0,0.014668843469464909,0.014668843469464909,-3.098641631350823,-14823.738409610487,-14826.837051241839
148,24,0.3563579528268412,-6.686865639550728,3.0,1.0,0.8710822404926329,-14827.51550650204,14830.212186838202,-0.44680389917812136,0.4889879420006764,2.0,0.0,0.014668843469464909,0.014668843469464909,-3.0856665138963493,-14822.957407885544,-14826.04307439944
149,24,0.35591235537300325,-6.695128596494694,3.0,1.0,0.9953827045829317,-14827.334671767014,14827.781309482356,-0.03539834133516706,-0.03539834133516706,1.0,0.0,0.014668843469464909,0.014668843469464909,-3.102901612028316,-14822.758778915777,-14825.861680527805
150,24,0.3556944242522783,-6.716260605541249,3.0,1.0,0.929597198889641,-14827.703952317252,14828.381987750752,-0.004540406205705949,0.21695858946804947,1.0,0.0,0.014668843469464909,0.014668843469464909,-3.1472899129692378,-14823.083396959797,-14826.230686872766
51,25,0.3577517346340736,-6.676205670234732,7.0,1.0,1.0,-14827.943117731003,14828.922888305913,-0.04766022590047214,-0.06338508786211605,3.0,0.0,0.004794018098481531,0.004794018098481531,-3.0635325217090323,-14823.408888853603,-14826.472421375312
52,25,0.35586686566891573,-6.6740965368209455,1.0,1.0,0.7637530944406105,-14828.846736704047,14828.958349603783,0.269510716863806,0.269510716863806,1.0,0.0,0.011383501655296885,0.011383501655296885,-3.059166655789949,-14824.314521613425,-14827.373688269216
53,25,0.3614749518731026,-6.698703128794565,3.0,1.0,1.0,-14827.725665611983,14829.3024709401,-0.17506503596814582,-0.2289062575346179,2.0,0.0,0.011383501655296885,0.011383501655296885,-3.110378624512641,-14823.149130083624,-14826.259508708137
54,25,0.3533819596693871,-6.703339222533664,3.0,1.0,0.697340602216836,-14828.72504038152,14830.929424236721,0.28331481980421813,1.0825247762095387,2.0,0.0,0.011383501655296885,0.011383501655296885,-3.120095186163962,-14824.128739913262,-14827.248835099426
55,25,0.35708166621840565,-6.718665144295349,7.0,1.0,0.9748797735130496,-14827.551278616686,14829.188018719758,-0.458145876738854,-0.4936609719625267,2.0,0.0,0.011383501655296885,0.011383501655296885,-3.1523690025997713,-14822.92738127671,-14826.07975027931
56,25,0.35690310271756276,-6.6986493948168695,5.0,1.0,0.975216692256257,-14826.959138390703,14827.736721408777,-0.04381528944213642,0.09172476398816798,2.0,0.0,0.011383501655296885,0.011383501655296885,-3.110266132103857,-14822.377121433115,-14825.48738756522
57,25,0.35915002408905017,-6.718389249417346,3.0,1.0,0.900069681209175,-14827.706709712786,14828.031288382212,0.11645500378836005,0.14196598821763473,2.0,0.0,0.011383501655296885,0.011383501655296885,-3.151785938225081,-14823.085948794775,-14826.237734733
58,25,0.3540273576653073,-6.685458052297111,3.0,1.0,0.6724202356535901,-14828.959690024383,14829.780109413774,0.44709973221506516,0.6150193627381668,2.0,0.0,0.011383501655296885,0.011383501655296885,-3.0827373365609407,-14824.401573475105,-14827.484310811666
59,25,0.3591371581491759,-6.702058260515368,3.0,1.0,0.9253189331928927,-14826.922943085254,14829.34096930079,-0.5811563230836327,-0.5811563230836327,1.0,0.0,0.011383501655296885,0.011383501655296885,-3.1174083317520274,-14822.336544025939,-14825.453952357691
60,25,0.36031909668527,-6.703603899612055,1.0,1.0,0.8957929970911691,-14827.290279748058,14827.292179764407,0.11004592273093294,0.11004592273093294,1.0,0.0,0.011383501655296885,0.011383501655296885,-3.1206505584415036,-14822.702078113627,-14825.822728672068
61,25,0.3603280633322367,-6.690656124139746,3.0,1.0,0.8187107338856126,-14827.249976510751,14828.647898761965,-0.04538520513960975,0.5284748460016999,2.0,0.0,0.011383501655296885,0.011383501655296885,-3.0935643323188176,-14822.688871969956,-14825.782436302276
62,25,0.35622661386971777,-6.736173254555707,3.0,1.0,0.7106291339293366,-14829.390577255233,14830.866976936215,0.19055105219376856,0.6607499037163507,2.0,0.0,0.011383501655296885,0.011383501655296885,-3.189525572326971,-14824.72845498838,-14827.917980560707
63,25,0.35711121624972353,-6.73844422407034,3.0,1.0,0.9898886072959977,-14829.628791807545,14829.86169283454,0.030803780360656674,-0.19461318530920835,2.0,0.0,0.011383501655296885,0.011383501655296885,-3.194367593982546,-14824.962932663633,-14828.157300257615
64,25,0.3601501069704662,-6.712460918907832,3.0,1.0,0.9032220858407646,-14827.623813380918,14830.581520013222,-0.131089458884162,0.3429604792872851,2.0,0.0,0.011383501655296885,0.011383501655296885,-3.139275649729382,-14823.016781688279,-14826.156057338008
65,25,0.35876736843042506,-6.690619195553935,3.0,1.0,0.9429903876168693,-14826.959808977352,14828.658373514127,-0.19599011002719635,-0.19599011002719635,1.0,0.0,0.011383501655296885,0.011383501655296885,-3.093487318954252,-14822.396877590925,-14825.49036490988
66,25,0.35448159125708334,-6.7169372186981295,7.0,1.0,0.5382375654091273,-14828.278369108655,14831.059193669878,0.29947175685083494,0.9569923272665619,3.0,0.0,0.011383501655296885,0.011383501655296885,-3.1487185334251535,-14823.654850161596,-14826.80356869502
67,25,0.3574103127081177,-6.694908803063626,5.0,1.0,0.8777382520829816,-14826.917629525515,14829.001362874043,-0.2690161353766598,0.294251207878915,2.0,0.0,0.011383501655296885,0.011383501655296885,-3.1024422770530578,-14822.344067545757,-14825.44650982281
68,25,0.35562133312577404,-6.674925995277425,3.0,1.0,0.6075541610744165,-14828.885975633864,14830.289307478046,0.4467150638320163,0.9352466068794456,2.0,0.0,0.011383501655296885,0.011383501655296885,-3.0608830882481457,-14824.351735026754,-14827.412618115002
69,25,0.3602382777245265,-6.711531880347044,7.0,1.0,0.9802994865182868,-14827.604032126726,14829.046485624116,-0.2738673365147406,-0.4625814479604742,2.0,0.0,0.011383501655296885,0.011383501655296885,-3.1373183269360325,-14822.999064734982,-14826.136383061918
70,25,0.3538320652291165,-6.69602497539973,3.0,1.0,0.5191078130710788,-14828.524869104725,14830.271815764736,0.3132710516892985,0.961855608089536,2.0,0.0,0.011383501655296885,0.011383501655296885,-3.104775408407468,-14823.944464977865,-14827.049240386272
71,25,0.35602703849590017,-6.690535261831394,3.0,1.0,0.9894770282955913,-14827.454772061776,14828.434191011474,-0.3313550907132594,-0.33863422189097037,1.0,0.0,0.011383501655296885,0.011383501655296885,-3.0933122829781445,-14822.888612639614,-14825.981924922591
72,25,0.3601953669445805,-6.689515191700352,5.0,1.0,1.0,-14827.238114402386,14827.549066273543,-0.09462303966756735,-0.1643880132742197,2.0,0.0,0.011383501655296885,0.011383501655296885,-3.091185584623495,-14822.679227698905,-14825.77041328353
73,25,0.3581011130415891,-6.695853555386113,7.0,1.0,1.0,-14826.837227376562,14827.224073057723,-0.08130453417652461,-0.08130453417652461,3.0,0.0,0.011383501655296885,0.011383501655296885,-3.1044170087434053,-14822.262545989377,-14825.36696299812
74,25,0.35730772613111844,-6.694110394793862,3.0,1.0,0.8175877338505658,-14826.95253818213,14827.916472659264,0.03298629687014909,0.3404617674277688,2.0,0.0,0.011383501655296885,0.011383501655296885,-3.1007741311874217,-14822.380516912366,-14825.481291043554
75,25,0.35923072163391156,-6.679603112589603,3.0,1.0,0.9392453605473107,-14827.564418869153,14827.709956569372,0.05508111447306874,0.07184246647557302,2.0,0.0,0.011383501655296885,0.011383501655296885,-3.070574516688929,-14823.024968107185,-14826.095542623874
76,25,0.3575384691980979,-6.701610143974145,3.0,1.0,0.9808092673324377,-14826.855006899606,14827.758529043831,-0.0827333705019555,-0.0827333705019555,2.0,0.0,0.011383501655296885,0.011383501655296885,-3.116468781924957,-14822.267577462948,-14825.384046244873
77,25,0.3562735562431828,-6.71144590371478,7.0,1.0,0.915608694659542,-14827.30664432031,14827.524781524668,0.07485979024386324,0.14833371638087556,3.0,0.0,0.011383501655296885,0.011383501655296885,-3.137137232747212,-14822.69696924087,-14825.834106473616
78,25,0.35384280458022455,-6.710057791070513,3.0,1.0,0.8661666504853516,-14828.427531055948,14828.457415852617,0.3278716338536469,0.3278716338536469,2.0,0.0,0.011383501655296885,0.011383501655296885,-3.13421444821948,-14823.817701620163,-14826.951916068381
79,25,0.35794156729016197,-6.74608429671901,3.0,1.0,0.8809346008018015,-14830.89131763142,14831.648528908634,0.10197982417957974,0.2227517919272941,2.0,0.0,0.011383501655296885,0.011383501655296885,-3.2106951479680537,-14826.210160994937,-14829.420856142904
80,25,0.35690974776965095,-6.737770743490267,1.0,1.0,1.0,-14829.538069450567,14830.738886302639,-0.19180160795986012,-0.19180160795986012,1.0,0.0,0.011383501655296885,0.011383501655296885,-3.1929311021339686,-14824.873395808474,-14828.066326910608
81,25,0.35944562161218024,-6.671160225879221,7.0,1.0,0.9787385354617484,-14828.348785151098,14829.922408492039,-0.1546962454158347,-0.2921631675471872,3.0,0.0,0.011383501655296885,0.011383501655296885,-3.0530959556693484,-14823.827075559659,-14826.880171515328
82,25,0.3549837542666265,-6.727088663992393,7.0,1.0,0.691718646468254,-14828.751817288761,14830.889099276497,0.1028957357739273,0.806956562675623,3.0,0.0,0.011383501655296885,0.011383501655296885,-3.170207546852719,-14824.107446713406,-14827.277654260259
83,25,0.3583020270388204,-6.692818945736396,3.0,1.0,0.7554467645655953,-14826.889694798767,14830.509960873536,-0.2953757458981272,0.5240961870658793,2.0,0.0,0.011383501655296885,0.011383501655296885,-3.0980772052439907,-14822.321601063126,-14825.41967826837
84,25,0.35627655785640944,-6.709605064573053,3.0,1.0,0.8795198280154821,-14827.241784221378,14828.169182507629,0.073077511469819,0.1846689310787042,1.0,0.0,0.011383501655296885,0.011383501655296885,-3.1332616123071255,-14822.635988524484,-14825.769250136791
85,25,0.36138915361071994,-6.706039029129321,3.0,1.0,0.8042775668366388,-14827.894975065761,14828.225060971521,0.23928382742633403,0.29681530132802436,2.0,0.0,0.011383501655296885,0.011383501655296885,-3.1257634812454573,-14823.302951656888,-14826.428715138132
86,25,0.35570619420431393,-6.707089680507614,3.0,1.0,1.0,-14827.366679060715,14827.867223537449,-0.1879015995946247,-0.2950392568563984,2.0,0.0,0.011383501655296885,0.011383501655296885,-3.1279713139252756,-14822.765457124002,-14825.893428437927
87,25,0.3564865229915741,-6.698304054582206,3.0,1.0,0.8309307713663644,-14827.070275548764,14828.388953647986,-0.05507152105383284,0.445899505944908,2.0,0.0,0.011383501655296885,0.011383501655296885,-3.109543229132555,-14822.488461167244,-14825.598004396377
88,25,0.3570505818271405,-6.697888849045582,1.0,1.0,1.0,-14826.9351322092,14827.049706786482,-0.040244515585072804,-0.040244515585072804,1.0,0.0,0.011383501655296885,0.011383501655296885,-3.1086742345592393,-14822.354890929993,-14825.463565164553
89,25,0.358972210996109,-6.736147796274527,7.0,1.0,0.6052849724442967,-14829.607238050372,14832.935474145945,0.4409127437957068,0.8424993560347502,2.0,0.0,0.011383501655296885,0.011383501655296885,-3.1894713209757177,-14824.94857395879,-14828.138045279766
90,25,0.35333251167041596,-6.695424828342632,3.0,1.0,0.8136264976139973,-14828.94969521313,14831.075070154913,0.21105640946007043,0.46020997824598453,2.0,0.0,0.011383501655296885,0.011383501655296885,-3.103520768147028,-14824.369905693995,-14827.473426462142
91,25,0.3548762963213268,-6.6976178608291566,1.0,1.0,1.0,-14827.781899576483,14828.733295275359,-0.3486551827627409,-0.3486551827627409,1.0,0.0,0.011383501655296885,0.011383501655296885,-3.1081071691785636,-14823.199493204078,-14826.307600373257
92,25,0.3548762963213268,-6.6976178608291566,1.0,1.0,0.5949234959444957,-14827.781899576483,14829.095566623459,0.0,0.5193224599479436,1.0,0.0,0.011383501655296885,0.011383501655296885,-3.1081071691785636,-14823.199493204078,-14826.307600373257
93,25,0.3608971341594516,-6.692239303579791,7.0,1.0,0.9356118149046045,-14827.433330034946,14829.172981268359,-0.1361826668962749,0.24188036615123565,3.0,0.0,0.011383501655296885,0.011383501655296885,-3.096867284007172,-14822.869610584605,-14825.966477868611
94,25,0.3582422231735138,-6.667160384660018,3.0,1.0,0.9488798431056011,-14828.889968297344,14829.088350540947,0.14215012361455592,0.14215012361455592,2.0,0.0,0.011383501655296885,0.011383501655296885,-3.0448403229142187,-14824.37503771295,-14827.419878035866
95,25,0.3538583019938156,-6.716797084453357,13.0,1.0,0.761449751559158,-14828.646582844938,14831.653627586475,0.148017009423711,0.6547321166090114,3.0,0.0,0.011383501655296885,0.011383501655296885,-3.148422612365692,-14824.022565057245,-14827.17098766961
96,25,0.35449527640909256,-6.717518033595917,1.0,1.0,1.0,-14828.300820869206,14828.780995149693,-0.10546432774935965,-0.10546432774935965,1.0,0.0,0.011383501655296885,0.011383501655296885,-3.149945247851381,-14823.6760926126,-14826.826037860452
97,25,0.35480371343594347,-6.688746536251102,3.0,1.0,0.8258900256854739,-14828.187610177614,14831.031374678738,0.07568430430001172,0.4559629010873323,1.0,0.0,0.011383501655296885,0.011383501655296885,-3.089583736892338,-14823.623635190172,-14826.713218927063
98,25,0.3532980691404953,-6.682699918244431,3.0,1.0,0.8773177837118006,-14829.813383427134,14830.005241213748,0.45893969905409904,0.45893969905409904,2.0,0.0,0.011383501655296885,0.011383501655296885,-3.077003427409223,-14825.260067025058,-14828.337070452468
99,25,0.36307694053239853,-6.693294829823258,3.0,1.0,1.0,-14828.759263753267,14829.681017683166,-0.31045440744492225,-0.7521916034747846,2.0,0.0,0.011383501655296885,0.011383501655296885,-3.0990707973005445,-14824.19594602971,-14827.295016827009
100,25,0.36074895809114155,-6.705013190010668,3.0,1.0,0.9706277151901302,-14827.519163910383,14828.978207980355,-0.3421349895434105,-0.36366049544631096,1.0,0.0,0.011383501655296885,0.011383501655296885,-3.1236088539759526,-14822.928524051982,-14826.052132905957
101,25,0.35781454235528964,-6.723593855410294,3.0,1.0,0.8892644550711671,-14827.934008085485,14829.216983210676,-0.06583548520757176,0.40377648681169376,2.0,0.0,0.011383501655296885,0.011383501655296885,-3.1627979547887883,-14823.3005915236,-14826.46338947839
102,25,0.3586720467184833,-6.683577746093976,5.0,1.0,0.990893754061308,-14827.277344622384,14828.014355655976,-0.08513161918745027,-0.08513161918745027,2.0,0.0,0.011383501655296885,0.011383501655296885,-3.078827526157321,-14822.728955944016,-14825.807783470173
103,25,0.360683918505698,-6.708879071646234,3.0,1.0,0.7378048196608767,-14827.656965596707,14829.53725289149,0.19819946878305927,0.44143655107109225,1.0,0.0,0.011383501655296885,0.011383501655296885,-3.1317340710031862,-14823.058121952834,-14826.189856023837
104,25,0.3569119278324396,-6.682847549483002,7.0,1.0,0.934066231602848,-14827.591657295283,14829.369096427512,-0.08289957664055692,0.26760977764024574,3.0,0.0,0.011383501655296885,0.011383501655296885,-3.077310146594255,-14823.042607326888,-14826.119917473483
105,25,0.3569119278324396,-6.682847549483002,3.0,1.0,0.8003878846826195,-14827.591657295283,14829.332989406927,0.0,0.6119363717898523,1.0,0.0,0.011383501655296885,0.011383501655296885,-3.077310146594255,-14823.042607326888,-14826.119917473483
106,25,0.35954129135005186,-6.712500949060659,7.0,1.0,1.0,-14827.412786053572,14827.600211254781,-0.027340772772731725,-0.14234684180337354,2.0,0.0,0.011383501655296885,0.011383501655296885,-3.1393600057006785,-14822.80492917008,-14825.94428917578
107,25,0.3635835892405192,-6.703700106793411,3.0,1.0,0.5868539528453015,-14829.4567846087,14830.039316264181,0.6674734277348762,0.6674734277348762,1.0,0.0,0.011383501655296885,0.011383501655296885,-3.1208524474622643,-14824.87228391345,-14827.993136360912
108,25,0.3612694558361453,-6.690604713815954,3.0,1.0,1.0,-14827.626096633561,14829.314171507127,-0.5997919051951612,-0.5997919051951612,1.0,0.0,0.011383501655296885,0.011383501655296885,-3.0934571181329846,-14823.066235734244,-14826.159692852378
109,25,0.35435779280159824,-6.699289771649912,3.0,1.0,0.9483479956325321,-14828.06613709262,14828.297825815627,0.16836659747968952,0.16836659747968952,2.0,0.0,0.011383501655296885,0.011383501655296885,-3.1116069527308916,-14823.47957219028,-14826.59117914301
110,25,0.3544314284863168,-6.7204961568477035,3.0,1.0,0.6699681635896018,-14828.50817373694,14831.95459835745,-0.06083576540731883,1.335367904355735,2.0,0.0,0.011383501655296885,0.011383501655296885,-3.156240514701254,-14823.877068994623,-14827.033309509325
111,25,0.3553856436095229,-6.714739674229265,1.0,1.0,1.0,-14827.742693393178,14828.43579138436,-0.13938164333922032,-0.13938164333922032,1.0,0.0,0.011383501655296885,0.011383501655296885,-3.1440802460637376,-14823.124958349948,-14826.269038596012
112,25,0.35603025760436247,-6.710343141448153,1.0,1.0,1.0,-14827.337769494046,14827.716945385806,-0.0716577167459036,-0.0716577167459036,1.0,0.0,0.011383501655296885,0.011383501655296885,-3.134815119404898,-14822.730111278332,-14825.864926397737
113,25,0.35447306989508665,-6.712956617785522,1.0,1.0,0.8244717076421745,-14828.112584504795,14828.123178512216,0.19301245213500806,0.19301245213500806,1.0,0.0,0.011383501655296885,0.011383501655296885,-3.1403203542393467,-14823.49745289841,-14826.637773252649
114,25,0.3600862433926898,-6.7064167978970985,3.0,1.0,0.9751191013944621,-14827.297647811998,14828.547017137727,-0.16199341223182273,-0.17955906745919492,2.0,0.0,0.011383501655296885,0.011383501655296885,-3.1265571952342146,-14822.70325703851,-14825.829814233744
115,25,0.3604330023723245,-6.706719801840448,1.0,1.0,0.9563718283100535,-14827.445235403846,14827.555251854406,0.04460849980205239,0.04460849980205239,1.0,0.0,0.011383501655296885,0.011383501655296885,-3.1271939271492672,-14822.850628392956,-14825.977822320106
116,25,0.3570070371840535,-6.712143086753174,3.0,1.0,0.9662913744677876,-14827.188088425768,14827.851481892476,-0.13221292745402025,-0.13221292745402025,1.0,0.0,0.011383501655296885,0.011383501655296885,-3.1386059354838864,-14822.577861205784,-14825.716467141268
117,25,0.35677792272763936,-6.711478645178952,7.0,1.0,0.9649916275604207,-14827.195818496857,14827.953332351597,0.0046736211097595515,0.1035431179079751,3.0,0.0,0.011383501655296885,0.011383501655296885,-3.1372061958341617,-14822.58670530748,-14825.723911503314
118,25,0.35885340006853955,-6.6804849814081155,7.0,1.0,0.9669071795483212,-14827.483403549071,14827.972432409784,0.024990854051793576,0.09511883410414157,3.0,0.0,0.011383501655296885,0.011383501655296885,-3.072404283249302,-14822.941660792403,-14826.014065075653
119,25,0.35947901248293473,-6.696663083490439,9.0,1.0,0.9936557541951068,-14826.951211569434,14827.534139533987,-0.046238523351348704,-0.06919506603298942,3.0,0.0,0.011383501655296885,0.011383501655296885,-3.1061098033560555,-14822.376528892024,-14825.482638695381
120,25,0.356741449431102,-6.683048206288646,7.0,1.0,0.808747721894579,-14827.63104712149,14828.446891541162,0.1435072744752688,0.3724264835091162,2.0,0.0,0.011383501655296885,0.011383501655296885,-3.07772706682875,-14823.081367528643,-14826.159094595472
121,25,0.35922917740568483,-6.689436573125422,3.0,1.0,0.9970398297722487,-14827.039257728891,14827.629070255418,-0.1475784752474283,-0.1475784752474283,2.0,0.0,0.011383501655296885,0.011383501655296885,-3.091021719479925,-14822.47935787537,-14825.57037959485
122,25,0.35734060149500235,-6.689505462396838,3.0,1.0,0.9797138531552002,-14827.101034654102,14827.259329693441,0.03066594813935808,0.031137708570895484,2.0,0.0,0.011383501655296885,0.011383501655296885,-3.091165305445636,-14822.53866306051,-14825.629828365956
123,25,0.3583978392089878,-6.683081858957071,3.0,1.0,0.9949575887387151,-14827.314718435146,14827.444508317914,0.005679362060618587,-0.05301414936548099,2.0,0.0,0.011383501655296885,0.011383501655296885,-3.077796993535046,-14822.767022960099,-14825.844819953634
124,25,0.3583978392089878,-6.683081858957071,3.0,1.0,0.47652678055079994,-14827.314718435146,14829.9776482482,0.0,0.9973786287246185,2.0,0.0,0.011383501655296885,0.011383501655296885,-3.077796993535046,-14822.767022960099,-14825.844819953634
125,25,0.3597253534258049,-6.687966064742828,7.0,1.0,0.9958464783347785,-14827.172034289484,14827.503534203748,-0.01069421619286004,-0.06281500252589467,3.0,0.0,0.011383501655296885,0.011383501655296885,-3.087957869483532,-14822.615803914747,-14825.70376178423
126,25,0.3574374764281036,-6.698675955039728,13.0,1.0,0.9987031629398102,-14826.864769434636,14827.228784543067,-0.04097707067921874,-0.04581848757152329,3.0,0.0,0.011383501655296885,0.011383501655296885,-3.1103217357309156,-14822.283361721658,-14825.393683457389
127,25,0.3577057136561874,-6.6997871688517,3.0,1.0,0.8742498160427635,-14826.83381842287,14827.571971532929,-0.00981839868836687,0.22291442910864134,2.0,0.0,0.011383501655296885,0.011383501655296885,-3.1126486856549977,-14822.250416387313,-14825.363065072968
128,25,0.35774092006901975,-6.708769610017441,5.0,1.0,0.9865363020417254,-14826.993140176906,14827.013280529845,0.01579573365052056,0.022725093784174533,2.0,0.0,0.011383501655296885,0.011383501655296885,-3.13150380159298,-14822.390926628383,-14825.522430429975
129,25,0.3546671130961306,-6.698598103091914,3.0,1.0,0.7606312476795435,-14827.884476037847,14828.264952418036,0.29605690376592975,0.33382378741043794,1.0,0.0,0.011383501655296885,0.011383501655296885,-3.1101587552594987,-14823.299752651972,-14826.409911407232
130,25,0.35947219364470956,-6.700729079467385,3.0,1.0,0.9325772626784946,-14826.970763799387,14828.165223167327,-0.27337878846265085,-0.27337878846265085,1.0,0.0,0.011383501655296885,0.011383501655296885,-3.1146220712247534,-14822.387560530971,-14825.502182602197
131,25,0.3579678630629384,-6.707361361837005,3.0,1.0,0.9815586954185479,-14826.94367054564,14827.191166867604,-0.030922907240892528,0.056913176113084774,2.0,0.0,0.011383501655296885,0.011383501655296885,-3.1285424031131934,-14822.344699158923,-14825.473241562036
132,25,0.36022937606644817,-6.683192426506196,7.0,1.0,0.8483577389457382,-14827.50372224111,14828.741605762221,0.07773724817161565,0.2670545868786576,3.0,0.0,0.011383501655296885,0.011383501655296885,-3.0780267492486146,-14822.9580356302,-14826.036062379448
133,25,0.36055276780646306,-6.679996425495368,1.0,1.0,0.9606448830171315,-14827.783687402101,14827.823959189469,0.040150466902559856,0.040150466902559856,1.0,0.0,0.011383501655296885,0.011383501655296885,-3.0713904952786266,-14823.245028772268,-14826.316419267547
134,25,0.3557903179590222,-6.6782743861708544,3.0,1.0,0.7275200789562452,-14828.441442194935,14829.178517814938,0.24057331866606546,0.429241361325694,2.0,0.0,0.011383501655296885,0.011383501655296885,-3.0678190456123806,-14823.90047842053,-14826.968297466143
135,25,0.3574520614577694,-6.672909170763334,3.0,1.0,1.0,-14828.354997231061,14828.850210030365,-0.12068310731774545,-0.36345168261505023,2.0,0.0,0.011383501655296885,0.011383501655296885,-3.056710787784349,-14823.827218571134,-14826.883929358919
136,25,0.35984453467249605,-6.6969893871474095,3.0,1.0,1.0,-14827.038032338281,14828.162923463131,-0.19297417823145224,-0.19297417823145224,2.0,0.0,0.011383501655296885,0.011383501655296885,-3.1067923183740778,-14822.463112613417,-14825.569904931792
137,25,0.3566027131209121,-6.690096578493194,7.0,1.0,0.9823615093368164,-14827.26413644104,14827.277287369085,0.054831805511639686,0.054831805511639686,3.0,0.0,0.011383501655296885,0.011383501655296885,-3.092397564286845,-14822.699613030438,-14825.792010594725
138,25,0.3552813217636708,-6.711799368576177,7.0,1.0,0.9132581758195238,-14827.66689060655,14828.478655306508,0.07305313560573268,0.2346754919126397,3.0,0.0,0.011383501655296885,0.011383501655296885,-3.137881789670546,-14823.055222254114,-14826.193104043785
139,25,0.36092017905691953,-6.686516494746339,3.0,1.0,0.8020267301284602,-14827.582682453884,14830.950040392627,-0.024903155490392237,0.5205918806168484,2.0,0.0,0.011383501655296885,0.011383501655296885,-3.0849397616954652,-14823.030918319444,-14826.115858081139
140,25,0.3582192391194569,-6.7003789389571695,3.0,1.0,0.9693310177160699,-14826.818159086983,14827.696962145037,-0.15607122742949286,-0.15607122742949286,2.0,0.0,0.011383501655296885,0.011383501655296885,-3.1138883924637932,-14822.234152086703,-14825.348040479166
141,25,0.35788859780836885,-6.7100557985002585,3.0,1.0,0.979177859874293,-14827.04055797929,14827.048707688273,0.02709065254566667,0.02709065254566667,2.0,0.0,0.011383501655296885,0.011383501655296885,-3.134210254085034,-14822.435820738207,-14825.570030992292
142,25,0.355670296166185,-6.70079607950082,7.0,1.0,0.9089697835653551,-14827.340738220886,14827.688827522295,0.12423568061967671,0.19508919034524297,2.0,0.0,0.011383501655296885,0.011383501655296885,-3.114762475985184,-14822.752679911868,-14825.867442387853
143,25,0.3570819215290874,-6.700558448185418,1.0,1.0,1.0,-14826.915327318557,14827.218230118848,-0.1240794217101211,-0.1240794217101211,1.0,0.0,0.011383501655296885,0.011383501655296885,-3.114264517881839,-14822.329534781178,-14825.44379929906
144,25,0.3592787565779964,-6.68229554987767,3.0,1.0,0.9053106242009149,-14827.385260532305,14827.859272063439,0.04310612497465627,0.19132653415908862,2.0,0.0,0.011383501655296885,0.011383501655296885,-3.0761634218613816,-14822.840279605058,-14825.91644302692
145,25,0.36018661015840886,-6.686499370679779,3.0,1.0,0.7273137954342676,-14827.337766333536,14829.998785977607,0.02237871017860016,0.5786840893833869,2.0,0.0,0.011383501655296885,0.011383501655296885,-3.0849041207293557,-14822.785150469004,-14825.870054589734
146,25,0.35736164668701376,-6.718347352652678,7.0,1.0,0.9543828568179862,-14827.51007429355,14828.025586951819,-0.00503295196176623,0.16601177308984916,3.0,0.0,0.011383501655296885,0.011383501655296885,-3.151697402060959,-14822.887196747963,-14826.038894150024
147,25,0.3575299248209185,-6.718545834400568,3.0,1.0,0.9993348924307551,-14827.518943106155,14827.597405377715,0.001997316016058903,-0.05652265365642961,2.0,0.0,0.011383501655296885,0.011383501655296885,-3.1521168488561018,-14822.895855003846,-14826.047971852702
148,25,0.3598302983606492,-6.693201276093512,3.0,1.0,0.858152463227498,-14827.061561764216,14829.5092735102,-0.037927233899608837,0.24466342820596765,1.0,0.0,0.011383501655296885,0.011383501655296885,-3.0988754498280886,-14822.494541583306,-14825.593417033135
149,25,0.35581963452903786,-6.69599552049519,3.0,1.0,0.8761807763808948,-14827.350703915905,14827.908896300381,0.10473463505331893,0.2930217213543074,1.0,0.0,0.011383501655296885,0.011383501655296885,-3.104713822913034,-14822.772882250409,-14825.877596073322
150,25,0.36119852764462085,-6.6915582527561455,7.0,1.0,0.9877523725957614,-14827.577376407662,14827.640545777962,0.03380094480053231,-0.1485974889674253,2.0,0.0,0.011383501655296885,0.011383501655296885,-3.0954461157807427,-14823.01544120038,-14826.11088731616
51,26,0.3559906106806701,-6.707793971860605,3.0,1.0,0.9926320217721649,-14827.279415479608,14827.426593157497,0.02235188727718196,-0.0430167967624584,2.0,0.0,0.00999249282495708,0.00999249282495708,-3.129451925663105,-14822.677070657679,-14825.806522583342
52,26,0.3603908430847045,-6.692072397173956,3.0,1.0,1.0,-14827.24316377069,14827.398124675257,-0.0003216461045667529,-0.13506192681052198,2.0,0.0,0.01316650589987171,0.01316650589987171,-3.0965189527309,-14822.679180675248,-14825.775699627979
53,26,0.3590012941891373,-6.674416444073328,3.0,1.0,0.925775982097521,-14827.99823904809,14828.354231533933,0.060561228992810356,0.17901685137803725,2.0,0.0,0.01316650589987171,0.01316650589987171,-3.059828571504551,-14823.469253349991,-14826.529081921495
54,26,0.3601469447167797,-6.692742794240593,3.0,1.0,0.9239575549297107,-14827.155058327613,14828.514399079837,-0.09516411987533502,0.24123137380956905,2.0,0.0,0.01316650589987171,0.01316650589987171,-3.0979182305677506,-14822.58938021589,-14825.687298446457
55,26,0.3614385327974621,-6.715146639873437,3.0,1.0,0.6444420371808325,-14828.479554744012,14829.33108589203,0.5040909941744758,0.5040909941744758,1.0,0.0,0.01316650589987171,0.01316650589987171,-3.1449388511799623,-14823.868415267227,-14827.013354118406
56,26,0.3614385327974621,-6.715146639873437,3.0,1.0,0.7713094227554756,-14828.479554744012,14829.473739865636,0.0,0.6098077839487814,1.0,0.0,0.01316650589987171,0.01316650589987171,-3.1449388511799623,-14823.868415267227,-14827.013354118406
57,26,0.35908566226977817,-6.707628147905407,3.0,1.0,1.0,-14827.065037924835,14827.976789068978,-0.5224264440585102,-0.5653682536958513,2.0,0.0,0.01316650589987171,0.01316650589987171,-3.1291032740194296,-14822.466880875945,-14825.595984149964
58,26,0.36077127599550785,-6.680622034745124,3.0,1.0,0.8244367271351112,-14827.814018548102,14828.571899631708,0.11872902148024878,0.30049207264528377,2.0,0.0,0.01316650589987171,0.01316650589987171,-3.072688721459165,-14823.274325772583,-14826.347014494042
59,26,0.3576396276450571,-6.678835365234186,3.0,1.0,0.9772533641899065,-14827.726208765505,14828.55264106247,-0.010537640331676812,-0.18913190012790437,2.0,0.0,0.01316650589987171,0.01316650589987171,-3.068982171013543,-14823.18639136311,-14826.255373534123
60,26,0.3584004020451104,-6.700767099453923,3.0,1.0,0.9504885929625743,-14826.825768042709,14828.4702016035,-0.1939680553623475,-0.1939680553623475,2.0,0.0,0.01316650589987171,0.01316650589987171,-3.1147017450684342,-14822.241170972478,-14825.355872717546
61,26,0.36006511194492374,-6.695641661016471,3.0,1.0,0.9303906970446508,-14827.1033558316,14827.174007146386,0.10093418428732548,0.10093418428732548,2.0,0.0,0.01316650589987171,0.01316650589987171,-3.1039740271583383,-14822.53152256185,-14825.63549658901
62,26,0.3578343570998751,-6.69289204200264,3.0,1.0,0.9913659231470028,-14826.912693342154,14827.090857838528,-0.07902952548101894,-0.07902952548101894,2.0,0.0,0.01316650589987171,0.01316650589987171,-3.09822980724509,-14822.343869447765,-14825.44209925501
63,26,0.3579258052933617,-6.700675699926599,3.0,1.0,0.9954405468234273,-14826.823399702644,14826.983102833688,-0.022439717629822553,-0.022439717629822553,1.0,0.0,0.01316650589987171,0.01316650589987171,-3.114510212678018,-14822.238408514231,-14825.352918726909
64,26,0.35326279750096123,-6.69604169313548,3.0,1.0,0.5042366744933352,-14828.985767307013,14829.670664721907,0.8701192373810045,1.2525860077512334,2.0,0.0,0.01316650589987171,0.01316650589987171,-3.1048103629050696,-14824.404598668409,-14827.509409031314
65,26,0.35734845159272927,-6.691214325278176,3.0,1.0,1.0,-14827.032317135065,14828.374779851234,-0.7994553227963479,-0.8197617156565684,2.0,0.0,0.01316650589987171,0.01316650589987171,-3.0947286087379293,-14822.466391990956,-14825.561120599694
66,26,0.3569665579991275,-6.706973070955265,3.0,1.0,0.6456993055358077,-14827.015330036667,14828.377285331342,-0.02053658550903492,0.8202718141055811,2.0,0.0,0.01316650589987171,0.01316650589987171,-3.1277262168328415,-14822.415932096406,-14825.54365831324
67,26,0.3569665579991275,-6.706973070955265,3.0,1.0,0.5669601356014115,-14827.015330036667,14828.63534443088,0.0,0.7703789490587951,1.0,0.0,0.01316650589987171,0.01316650589987171,-3.1277262168328415,-14822.415932096406,-14825.54365831324
68,26,0.3576767005861635,-6.678658042558087,7.0,1.0,0.92586622323164,-14827.734119902807,14827.77764214116,0.15191531433993077,0.15191531433993077,3.0,0.0,0.01316650589987171,0.01316650589987171,-3.0686144788762917,-14823.194716131942,-14826.263330610818
69,26,0.35227890755867236,-6.698293978498666,3.0,1.0,0.463644564179055,-14829.83066220546,14831.32296628041,0.9878997688065283,1.041398462617508,1.0,0.0,0.01316650589987171,0.01316650589987171,-3.1095221385915983,-14825.243512912577,-14828.353035051168
70,26,0.3593532234971729,-6.690408165464554,3.0,1.0,0.9037656467558989,-14827.02654066405,14829.280110207743,-1.1558458626022912,-1.1558458626022912,2.0,0.0,0.01316650589987171,0.01316650589987171,-3.093047248730213,-14822.464766925923,-14825.557814174654
71,26,0.36038823341265225,-6.698585563698228,3.0,1.0,0.8158095182659048,-14827.220386796982,14828.11231724627,0.12022520793470903,0.35473017895492376,2.0,0.0,0.01316650589987171,0.01316650589987171,-3.1101325050213107,-14822.64278698809,-14825.752919493112
72,26,0.3587413172461771,-6.698030784339631,1.0,1.0,1.0,-14826.839533231863,14827.069313053657,-0.15148672255418205,-0.15148672255418205,1.0,0.0,0.01316650589987171,0.01316650589987171,-3.1089712752708554,-14822.261085899361,-14825.370057174632
73,26,0.3585115070978773,-6.6944630878529425,3.0,1.0,0.9981410361405428,-14826.857769446206,14826.878260556121,-0.001956710124431993,-0.006430806293792557,2.0,0.0,0.01316650589987171,0.01316650589987171,-3.1015109480960987,-14822.286499943668,-14825.388010891764
74,26,0.35768194630834077,-6.700389058269972,7.0,1.0,0.9859662312224157,-14826.836583755488,14826.905810173654,0.0004776076293637743,0.028164309120256803,2.0,0.0,0.01316650589987171,0.01316650589987171,-3.113909594587752,-14822.251891368076,-14825.365800962663
75,26,0.35756817850435535,-6.71293985350735,3.0,1.0,0.9515896737575763,-14827.17745816595,14827.237075109735,0.04950654135427612,0.062364072851778474,2.0,0.0,0.01316650589987171,0.01316650589987171,-3.140285018861796,-14822.566249338914,-14825.706534357776
76,26,0.356089600229653,-6.691222333533654,3.0,1.0,0.8301260504462921,-14827.399192737015,14828.345058669369,0.15093216138302523,0.3251596395712113,1.0,0.0,0.01316650589987171,0.01316650589987171,-3.0947453143444,-14822.831678835564,-14825.926424149908
77,26,0.3585251728498712,-6.706408247736088,3.0,1.0,0.815230392743245,-14826.941947022859,14828.103398831776,-0.19243147599263466,0.4536076141303056,2.0,0.0,0.01316650589987171,0.01316650589987171,-3.126539229273913,-14822.345666053028,-14825.472205282302
78,26,0.3585251728498712,-6.706408247736088,3.0,1.0,0.7631932513594523,-14826.941947022859,14827.542452503803,0.0,0.39550781558500603,1.0,0.0,0.01316650589987171,0.01316650589987171,-3.126539229273913,-14822.345666053028,-14825.472205282302
79,26,0.3594077090570459,-6.693635991707683,7.0,1.0,0.9680697541079117,-14826.9648411804,14827.088754531374,0.011384795880076126,0.07682923891115934,2.0,0.0,0.01316650589987171,0.01316650589987171,-3.0997832440346644,-14822.3963980053,-14825.496181249335
80,26,0.35890751440071744,-6.691215698506914,7.0,1.0,0.9643873575356601,-14826.951829011376,14827.331206680654,-0.020136257830017712,0.07953510397783248,3.0,0.0,0.01316650589987171,0.01316650589987171,-3.0947314733546327,-14822.387825445121,-14825.482556918476
81,26,0.3588219293371873,-6.706685614724651,5.0,1.0,0.7847198329198852,-14826.986496683223,14827.630393999596,0.024510155744792428,0.37880517252051504,2.0,0.0,0.01316650589987171,0.01316650589987171,-3.1271220818135768,-14822.389997510003,-14825.517119591817
82,26,0.35818587498775656,-6.717270757132168,3.0,1.0,0.9603362664657609,-14827.45410021635,14827.574372867712,0.067315552429136,0.067315552429136,2.0,0.0,0.01316650589987171,0.01316650589987171,-3.1494229445182405,-14822.834517506271,-14825.98394045079
83,26,0.3576478540099667,-6.7187236630267035,3.0,1.0,1.0,-14827.531131541029,14827.61537315944,-0.0010229625549982302,-0.11029026881988102,2.0,0.0,0.01316650589987171,0.01316650589987171,-3.1524926833556774,-14822.907813821308,-14826.060306504663
84,26,0.3563307868199045,-6.707714908240938,3.0,1.0,0.982192001519859,-14827.174380727782,14827.670659467862,-0.016492642793309642,-0.07339694074289582,2.0,0.0,0.01316650589987171,0.01316650589987171,-3.129285687741323,-14822.572628907985,-14825.701914595726
85,26,0.3572965000422921,-6.70764039884718,1.0,1.0,1.0,-14826.987259266954,14827.123806434032,-0.06694429670278623,-0.06694429670278623,1.0,0.0,0.01316650589987171,0.01316650589987171,-3.1291290311845437,-14822.386869145288,-14825.515998176472
86,26,0.3569312610339984,-6.695343548530741,3.0,1.0,0.644821681100972,-14827.00161615718,14828.17915257406,0.04201527084114787,0.7378453464298218,2.0,0.0,0.01316650589987171,0.01316650589987171,-3.1033508759460973,-14822.426549562435,-14825.529900438381
87,26,0.3612475588692429,-6.705233781488885,3.0,1.0,0.6283693092417558,-14827.781279646115,14828.759197717976,0.307002802441275,0.7593495595028799,2.0,0.0,0.01316650589987171,0.01316650589987171,-3.124072085778534,-14823.190777447562,-14826.31484953334
88,26,0.35493379253624174,-6.724152056064579,3.0,1.0,0.8825334841026268,-14828.524228185162,14829.282643308403,-0.024792202051685308,0.26184262222341204,2.0,0.0,0.01316650589987171,0.01316650589987171,-3.1639806160610977,-14823.886021242079,-14827.05000185814
89,26,0.35178470008306834,-6.740280778350126,3.0,1.0,0.7642804383923273,-14832.269381858508,14832.4070584411,0.9073496813016391,0.9073496813016391,2.0,0.0,0.01316650589987171,0.01316650589987171,-3.1982871540129527,-14827.592826381631,-14830.791113535644
90,26,0.35967142559101484,-6.71812962228236,7.0,1.0,0.9356627730528564,-14827.84529954536,14832.943597702078,-0.9725233537283202,-0.9725233537283202,3.0,0.0,0.01316650589987171,0.01316650589987171,-3.1512373229171704,-14823.225724014592,-14826.37696133751
91,26,0.3594839700073827,-6.6693048890037705,3.0,1.0,0.928232189283675,-14828.559959845332,14829.24290648159,-0.025888301668601343,-0.2634079123217816,2.0,0.0,0.01316650589987171,0.01316650589987171,-3.0492645693014864,-14824.04212845288,-14827.091393022181
92,26,0.3626819765347477,-6.666978837081454,1.0,1.0,0.7026581980545801,-14829.853724951721,14830.012028120018,0.35288471016610856,0.35288471016610856,1.0,0.0,0.01316650589987171,0.01316650589987171,-3.04446599006639,-14825.344543539153,-14828.389009529219
93,26,0.35915640686485273,-6.712138455476785,3.0,1.0,0.34524560733061227,-14827.29015216186,14835.972997795452,-0.5224327602263656,4.203160360801121,2.0,0.0,0.01316650589987171,0.01316650589987171,-3.138596177520763,-14822.68258881638,-14825.821184993902
94,26,0.35618391261177174,-6.7107747569252725,3.0,1.0,1.0,-14827.306601281729,14827.574496045074,-0.008722026643226855,-0.09610371906819637,2.0,0.0,0.01316650589987171,0.01316650589987171,-3.135723837780449,-14822.698227198629,-14825.83395103641
95,26,0.3591485666028739,-6.70637606324496,3.0,1.0,1.0,-14827.032983905765,14827.33368003215,-0.04873826738548814,-0.1121866187932028,2.0,0.0,0.01316650589987171,0.01316650589987171,-3.1264716025140773,-14822.437535539602,-14825.564007142117
96,26,0.3591325385255335,-6.703305728399549,3.0,1.0,0.9256062364880981,-14826.945822706994,14827.520951708162,-0.021976021325826878,0.12177688141127874,2.0,0.0,0.01316650589987171,0.01316650589987171,-3.1200249103697844,-14822.356801414278,-14825.476826324648
97,26,0.3591325385255335,-6.703305728399549,3.0,1.0,0.3367553992243016,-14826.945822706994,14829.741230149426,0.0,1.711457748493558,1.0,0.0,0.01316650589987171,0.01316650589987171,-3.1200249103697844,-14822.356801414278,-14825.476826324648
98,26,0.3591325385255335,-6.703305728399549,3.0,1.0,0.3465116433031585,-14826.945822706994,14830.915006976393,0.0,2.4553122939614695,1.0,0.0,0.01316650589987171,0.01316650589987171,-3.1200249103697844,-14822.356801414278,-14825.476826324648
99,26,0.35855683146827594,-6.692343180424321,3.0,1.0,0.8424140795587309,-14826.903181566495,14827.392831679528,-0.033433410917496076,0.27339023833519605,2.0,0.0,0.01316650589987171,0.01316650589987171,-3.097084087556622,-14822.336394682761,-14825.433478770317
100,26,0.3590279104455384,-6.6969729864847825,3.0,1.0,0.9345974206010045,-14826.873832847441,14827.115329294153,0.005694594505257555,0.12336255082482239,2.0,0.0,0.01316650589987171,0.01316650589987171,-3.1067580112875732,-14822.297950322565,-14825.404708333852
101,26,0.35971808030134805,-6.717489738160824,3.0,1.0,0.7428491857598992,-14827.811140630605,14828.487856349635,0.2536974519225623,0.3832733927411027,2.0,0.0,0.01316650589987171,0.01316650589987171,-3.1498854784502797,-14823.192973787469,-14826.342859265918
102,26,0.36137474208321485,-6.646603852477311,7.0,1.0,0.3260141086766771,-14832.52178824412,14835.445152710776,0.6750443353521405,2.0460844573772192,2.0,0.0,0.01316650589987171,0.01316650589987171,-3.002664240542482,-14828.052846763752,-14831.055511004295
103,26,0.3586908912557722,-6.696023659892927,3.0,1.0,1.0,-14826.846341534663,14831.8399424505,-0.9497361463800189,-0.9497361463800189,2.0,0.0,0.01316650589987171,0.01316650589987171,-3.1047726578746335,-14822.272030878888,-14825.376803536763
104,26,0.3591379757369088,-6.700700203832324,7.0,1.0,0.9850218060064607,-14826.9041469514,14826.949591497252,0.028504792631792952,0.028504792631792952,2.0,0.0,0.01316650589987171,0.01316650589987171,-3.114561561047798,-14822.32059566356,-14825.435157224607
105,26,0.3542201008247018,-6.672531866846634,3.0,1.0,0.4113733989346211,-14830.145024546164,14831.77681626298,1.0934244010768452,1.376308985207288,2.0,0.0,0.01316650589987171,0.01316650589987171,-3.0559306929458026,-14825.613960501296,-14828.669891194242
106,26,0.35364475032737275,-6.674195875484723,1.0,1.0,0.8605884160073412,-14830.426080027519,14831.573447301551,0.1501389190361806,0.1501389190361806,1.0,0.0,0.01316650589987171,0.01316650589987171,-3.0593721851031797,-14825.890839438287,-14828.95021162339
107,26,0.35516558923461744,-6.684859506568096,3.0,1.0,1.0,-14828.223945171407,14830.031960671571,-0.7624872655542276,-1.1440906604912016,2.0,0.0,0.01316650589987171,0.01316650589987171,-3.0814923682719346,-14823.668519930781,-14826.750012299053
108,26,0.36152893635066524,-6.716917012763694,3.0,1.0,0.9521849200660705,-14828.682313538731,14828.856219910424,0.15483702841265767,-0.4539539729958051,2.0,0.0,0.01316650589987171,0.01316650589987171,-3.1486758634030867,-14824.067545556169,-14827.216221419572
109,26,0.35212824653864,-6.710707916737395,3.0,1.0,0.8267084440325192,-14829.875122559815,14830.500358150315,0.4471917133196257,0.4471917133196257,2.0,0.0,0.01316650589987171,0.01316650589987171,-3.135583101009136,-14825.261717112282,-14828.397300213292
110,26,0.3576675559525224,-6.707501658909831,3.0,1.0,1.0,-14826.954301283744,14828.871892426572,-1.0779872806979256,-1.0779872806979256,2.0,0.0,0.01316650589987171,0.01316650589987171,-3.12883734422332,-14822.354663317152,-14825.483500661376
111,26,0.35981800739588027,-6.700318113447652,3.0,1.0,0.9355559586763563,-14827.053542011226,14827.293361264576,0.0741618027077493,0.12145944462463376,1.0,0.0,0.01316650589987171,0.01316650589987171,-3.1137609521737204,-14822.471621369075,-14825.58538232125
112,26,0.3577728068735581,-6.703990707239994,7.0,1.0,0.9951860326125755,-14826.866387845044,14827.063431886969,-0.08745111023745267,-0.08745111023745267,2.0,0.0,0.01316650589987171,0.01316650589987171,-3.1214623234187275,-14822.274255255397,-14825.395717578816
113,26,0.3562528327978889,-6.683565254523162,3.0,1.0,0.3980588482662509,-14827.774550317252,14830.110345746614,0.3002222406812507,1.7257713460730884,2.0,0.0,0.01316650589987171,0.01316650589987171,-3.0788015636601247,-14823.223184930397,-14826.301986494058
114,26,0.35423761028309086,-6.699187372132644,3.0,1.0,0.8196653028307576,-14828.148089398304,14829.074612682922,0.22069417562670424,0.27719737547886325,2.0,0.0,0.01316650589987171,0.01316650589987171,-3.1113925211390487,-14823.561585841004,-14826.672978362143
115,26,0.35844941949667947,-6.709094759772165,3.0,1.0,0.5508962751340292,-14827.029436893301,14830.432749097112,-0.49813502792676445,1.5693998583865323,2.0,0.0,0.01316650589987171,0.01316650589987171,-3.132187839290921,-14822.427414085048,-14825.559601924338
116,26,0.3601621611442846,-6.685091370888562,5.0,1.0,0.5884928401061809,-14827.391782359031,14828.801277106188,0.07645783738371392,0.8984701890185534,2.0,0.0,0.01316650589987171,0.01316650589987171,-3.0819746009035636,-14822.842066345276,-14825.92404094618
117,26,0.3564030108455842,-6.710761717848793,7.0,1.0,0.9997843346513274,-14827.247944226525,14827.386778851773,-0.025053787694560015,-0.0934820564052643,2.0,0.0,0.01316650589987171,0.01316650589987171,-3.135696382726421,-14822.63987216631,-14825.775568549036
118,26,0.3564030108455842,-6.710761717848793,3.0,1.0,0.7163460128027411,-14827.247944226525,14828.211352927849,0.0,0.44767482525821833,1.0,0.0,0.01316650589987171,0.01316650589987171,-3.135696382726421,-14822.63987216631,-14825.775568549036
119,26,0.360999316498335,-6.689159528100774,7.0,1.0,0.9490508980797271,-14827.53481272624,14827.583521436793,0.12292609998803528,0.12456722747083404,2.0,0.0,0.01316650589987171,0.01316650589987171,-3.090444322224299,-14822.977639435047,-14826.06808375727
120,26,0.3591356870759692,-6.703385530893928,3.0,1.0,0.9269966862403959,-14826.948120129742,14828.005680828655,-0.1651187616498646,-0.1651187616498646,2.0,0.0,0.01316650589987171,0.01316650589987171,-3.120192350003833,-14822.358935251492,-14825.479127601495
121,26,0.3602518566064575,-6.708189068171376,1.0,1.0,0.8359368720971816,-14827.435078983644,14827.46479406352,0.1792021805940749,0.1792021805940749,1.0,0.0,0.01316650589987171,0.01316650589987171,-3.1302827426143898,-14822.837163644546,-14825.967446387162
122,26,0.35619866421792346,-6.703495701610933,3.0,1.0,1.0,-14827.146879938371,14827.493789206916,-0.11057286265167932,-0.11057286265167932,2.0,0.0,0.01316650589987171,0.01316650589987171,-3.1204235179616058,-14822.553824676907,-14825.674248194868
123,26,0.3563197486085118,-6.69484550461196,3.0,1.0,0.9526221914759603,-14827.189410487306,14827.460062979122,0.03078051028205664,0.11858289387055265,1.0,0.0,0.01316650589987171,0.01316650589987171,-3.1023100018375573,-14822.614620524246,-14825.716930526083
124,26,0.35613519401408605,-6.721954627861995,3.0,1.0,0.8483144774382901,-14827.947962201924,14829.198228451882,0.06677067943564907,0.3688554080108588,1.0,0.0,0.01316650589987171,0.01316650589987171,-3.1593267198843797,-14823.315924116778,-14826.475250836662
125,26,0.35847608272118975,-6.715639792916025,3.0,1.0,0.9884350517622053,-14827.376827158787,14828.30651194023,-0.0821679538112221,-0.17923235103080515,2.0,0.0,0.01316650589987171,0.01316650589987171,-3.1459795140879465,-14822.76104549641,-14825.907025010498
126,26,0.35581810030478317,-6.681842470367988,7.0,1.0,0.8500102795276955,-14828.105480520055,14828.206764956467,0.3082179433058627,0.3082179433058627,2.0,0.0,0.01316650589987171,0.01316650589987171,-3.075222421560482,-14823.557148325765,-14826.632370747326
127,26,0.35792068004889854,-6.7265506837493225,3.0,1.0,0.9591729269460659,-14828.227204091909,14828.819268025478,-0.16159016568599327,-0.389885834623783,2.0,0.0,0.01316650589987171,0.01316650589987171,-3.169066141345518,-14823.587650637726,-14826.756716779071
128,26,0.3537886074297397,-6.713225447428391,3.0,1.0,0.7857427238572648,-14828.550583952527,14829.363463134934,0.3190561673764023,0.4614111341925309,2.0,0.0,0.01316650589987171,0.01316650589987171,-3.1408870258477384,-14823.934012632662,-14827.07489965851
129,26,0.3625669502591633,-6.710920865319299,3.0,1.0,0.9167754733839439,-14828.983446329059,14829.733753523526,0.28724694026641373,-0.49771954047173494,2.0,0.0,0.01316650589987171,0.01316650589987171,-3.136031494956594,-14824.382562675253,-14827.51859417021
130,26,0.362806301795422,-6.699412923118064,3.0,1.0,0.8986686090486761,-14828.632855698961,14829.798554249252,-0.12478008010111807,-0.4491246331617731,1.0,0.0,0.01316650589987171,0.01316650589987171,-3.111864854215494,-14824.056423062922,-14827.168287917139
131,26,0.3616778910103896,-6.701999132160444,1.0,1.0,1.0,-14827.918496571321,14828.756511038842,-0.2818473189272481,-0.2818473189272481,1.0,0.0,0.01316650589987171,0.01316650589987171,-3.1172843479578036,-14823.335298706239,-14826.452583054197
132,26,0.3549802035822663,-6.697297124308664,3.0,1.0,1.0,-14827.73045389692,14827.8444349513,-0.0773338934432104,-0.4330109108814213,2.0,0.0,0.01316650589987171,0.01316650589987171,-3.1074360962279792,-14823.148850274536,-14826.256286370764
133,26,0.3549802035822663,-6.697297124308664,3.0,1.0,0.6223685500644307,-14827.73045389692,14830.026000298272,0.0,0.6458074057063641,1.0,0.0,0.01316650589987171,0.01316650589987171,-3.1074360962279792,-14823.148850274536,-14826.256286370764
134,26,0.3539944616631839,-6.692639512626035,1.0,1.0,0.7251350970858722,-14828.54008196304,14828.86359547537,0.3213973006786546,0.3213973006786546,1.0,0.0,0.01316650589987171,0.01316650589987171,-3.097702628031808,-14823.966958122057,-14827.06466075009
135,26,0.355370152440108,-6.690660553892644,1.0,1.0,1.0,-14827.757120747192,14828.550446449159,-0.3231533565740392,-0.3231533565740392,1.0,0.0,0.01316650589987171,0.01316650589987171,-3.093573570516007,-14823.189872820212,-14826.283446390727
136,26,0.36135872812718245,-6.688083526887765,3.0,1.0,1.0,-14827.725248340024,14828.060068912504,-0.08495021956150595,-0.33986868327701814,2.0,0.0,0.01316650589987171,0.01316650589987171,-3.088202526053594,-14823.170749334531,-14826.258951860586
137,26,0.35708109636035257,-6.693580049228152,3.0,1.0,0.9730583336208691,-14827.010954592859,14827.896529168305,-0.20985448529245332,-0.20985448529245332,2.0,0.0,0.01316650589987171,0.01316650589987171,-3.099666411643858,-14822.439759134322,-14825.539425545967
138,26,0.35893941560698117,-6.683318982091458,7.0,1.0,0.8550552921502782,-14827.29886724571,14828.111563586943,0.014741063179826597,0.3058119560664636,3.0,0.0,0.01316650589987171,0.01316650589987171,-3.0782897425776095,-14822.751344528548,-14825.829634271126
139,26,0.35841952396286747,-6.683024273359579,3.0,1.0,0.9231512731267318,-14827.317372409327,14827.985114030505,0.010812724534844165,0.22194131258220295,2.0,0.0,0.01316650589987171,0.01316650589987171,-3.0776773374078727,-14822.769823294888,-14825.847500632295
140,26,0.3614279152123119,-6.691157529458343,3.0,1.0,0.8596947797168171,-14827.69534332875,14827.97372565643,0.2108926897872152,0.25265842563749175,2.0,0.0,0.01316650589987171,0.01316650589987171,-3.094610131763713,-14823.134519822252,-14826.229129954016
141,26,0.3595345941150682,-6.694710094427099,1.0,1.0,1.0,-14826.975503769198,14827.47046956906,-0.2510203908132098,-0.2510203908132098,1.0,0.0,0.01316650589987171,0.01316650589987171,-3.1020270476843215,-14822.404971673264,-14825.506998720948
142,26,0.35742781769890997,-6.695315432299004,3.0,1.0,1.0,-14826.906941102467,14826.977311064698,-0.017728434160744655,-0.03393383159345831,2.0,0.0,0.01316650589987171,0.01316650589987171,-3.1032921085427256,-14822.332551025625,-14825.435843134168
143,26,0.35939330082745946,-6.688425182766305,3.0,1.0,0.9855592066192777,-14827.09699988967,14827.166987725943,0.020403559241458424,0.023397156204737257,2.0,0.0,0.01316650589987171,0.01316650589987171,-3.0889142240053706,-14822.539408136772,-14825.628322360777
144,26,0.3580153125902389,-6.7043532535222985,3.0,1.0,0.960539679441997,-14826.867127577845,14827.551438921191,-0.04237689522051369,0.08200697722713812,1.0,0.0,0.01316650589987171,0.01316650589987171,-3.1222233087158355,-14822.274533921269,-14825.396757229984
145,26,0.3596072277595663,-6.6986769410152585,3.0,1.0,0.9445627604484437,-14826.982780401582,14827.101029005133,0.05803354574527475,0.10029558947098849,2.0,0.0,0.01316650589987171,0.01316650589987171,-3.110323799876863,-14822.404040140316,-14825.514363940194
146,26,0.3596072277595663,-6.6986769410152585,3.0,1.0,0.12020493323435837,-14826.982780401582,14833.4654542733,0.0,4.341516664755545,1.0,0.0,0.01316650589987171,0.01316650589987171,-3.110323799876863,-14822.404040140316,-14825.514363940194
147,26,0.3563107059810105,-6.679483324234522,3.0,1.0,0.7239685707214042,-14828.083174713207,14828.655684514792,0.3093202762429428,0.48389178414072376,2.0,0.0,0.01316650589987171,0.01316650589987171,-3.070326030955552,-14823.540357391086,-14826.61068342204
148,26,0.3586133778247387,-6.712874326918044,3.0,1.0,1.0,-14827.229405738415,14827.816898248511,-0.28517457499219745,-0.33094772351432766,2.0,0.0,0.01316650589987171,0.01316650589987171,-3.1401469060513083,-14822.619625570393,-14825.759772476444
149,26,0.35906368516383225,-6.715397109697254,1.0,1.0,0.9329672352604634,-14827.46785306146,14827.519409357512,0.0693851963715133,0.0693851963715133,1.0,0.0,0.01316650589987171,0.01316650589987171,-3.1454673679781924,-14822.853305003428,-14825.998772371406
150,26,0.3607648404034572,-6.722023775477227,1.0,1.0,0.6625488719750121,-14828.68967886892,14828.74104982124,0.4116609548236738,0.4116609548236738,1.0,0.0,0.01316650589987171,0.01316650589987171,-3.1594730928711936,-14824.063193951097,-14827.222667043969
