iteration,chain,B_SH,log_h_SH,n_steps,is_accept,acceptance_rate,log_density,hamiltonian_energy,hamiltonian_energy_error,max_hamiltonian_energy_error,tree_depth,numerical_error,step_size,nom_step_size,logprior,loglikelihood,logjoint
51,1,0.43729245249033916,-7.760867801009216,3.0,1.0,1.0,-14251.570177224787,14253.739101506959,-0.4352687685241108,-0.5407439087648527,2.0,0.0,0.03324243194974217,0.03324243194974217,-5.89815225192968,-14244.269876653198,-14250.168028905127
52,1,0.4380288114724754,-7.679213077629635,5.0,1.0,0.8275409334482543,-14251.135038032933,14252.565002276375,-0.2025389945574716,0.5413843901278597,2.0,0.0,0.03218159353873009,0.03218159353873009,-5.643808383030626,-14244.089454362384,-14249.733262745414
53,1,0.44585033056599155,-7.6871319183170215,3.0,1.0,0.682991378872654,-14251.594505681496,14253.185110532775,0.25646721142402384,0.6743279791025998,2.0,0.0,0.03218159353873009,0.03218159353873009,-5.668182592974644,-14244.528230656259,-14250.196413249234
54,1,0.44585033056599155,-7.6871319183170215,1.0,1.0,0.12672263785439034,-14251.594505681496,14254.993159895954,0.0,2.0657545347312407,1.0,0.0,0.03218159353873009,0.03218159353873009,-5.668182592974644,-14244.528230656259,-14250.196413249234
55,1,0.4457062492161009,-7.743191673712333,3.0,1.0,0.9019805296708377,-14251.02898762327,14252.245056956905,-0.24875305613568344,0.34822278002138773,2.0,0.0,0.03218159353873009,0.03218159353873009,-5.842527961914207,-14243.788303986665,-14249.63083194858
56,1,0.44371374459268687,-7.739009199800226,1.0,1.0,1.0,-14250.870537066668,14250.99523438373,-0.03637908075688756,-0.03637908075688756,1.0,0.0,0.03218159353873009,0.03218159353873009,-5.829412015450182,-14243.642077137996,-14249.471489153446
57,1,0.44565211527336196,-7.674512788688474,7.0,1.0,0.7084035842659102,-14251.96296167743,14252.773214542796,0.3817586848490464,0.5724890513138234,3.0,0.0,0.03218159353873009,0.03218159353873009,-5.629370539580453,-14244.93541165738,-14250.56478219696
58,1,0.44253788233610286,-7.727199048462524,7.0,1.0,0.9007044767396793,-14250.760248480441,14252.205538034883,-0.40285087825759547,-0.40285087825759547,2.0,0.0,0.03218159353873009,0.03218159353873009,-5.792470642266376,-14243.568187901441,-14249.360658543706
59,1,0.44627842534070106,-7.7251883290003915,3.0,1.0,0.9427499054843751,-14251.051742289459,14251.051763122088,0.10510811387212016,0.10510811387212016,2.0,0.0,0.03218159353873009,0.03218159353873009,-5.786195139567636,-14243.867641608833,-14249.6538367484
60,1,0.44007255938748713,-7.740611770174771,3.0,1.0,0.9667124399700207,-14250.878381223281,14251.180668239385,-0.07707682478758215,-0.07707682478758215,2.0,0.0,0.03218159353873009,0.03218159353873009,-5.834435497128213,-14243.643181994203,-14249.477617491331
61,1,0.4460915396846526,-7.799374586890264,3.0,1.0,0.8468541336489803,-14252.416489924608,14253.374862700915,0.19376399797147315,0.2849348030067631,2.0,0.0,0.03218159353873009,0.03218159353873009,-6.020409410576078,-14244.998093571965,-14251.01850298254
62,1,0.448820198090519,-7.682504781462374,3.0,1.0,0.725542649798566,-14252.33526175576,14254.139084985223,0.35720900339038053,0.7402352426015568,2.0,0.0,0.03218159353873009,0.03218159353873009,-5.653932639456107,-14245.284501991371,-14250.938434630827
63,1,0.4420464225578042,-7.8203210260816824,7.0,1.0,0.9871506121133997,-14253.669457608852,14254.34546100047,-0.01827622864038858,-0.44184804058022564,3.0,0.0,0.03218159353873009,0.03218159353873009,-6.087535995481937,-14246.182101724751,-14252.269637720234
64,1,0.4494332979883351,-7.727926475389408,3.0,1.0,1.0,-14251.516745090263,14253.397461320681,-0.2831068494651845,-0.3789161065269582,2.0,0.0,0.03218159353873009,0.03218159353873009,-5.794741954702414,-14244.325428143982,-14250.120170098684
65,1,0.44890724724231634,-7.726177931921076,1.0,1.0,1.0,-14251.434457090481,14251.728925823469,-0.02481044292653678,-0.02481044292653678,1.0,0.0,0.03218159353873009,0.03218159353873009,-5.78928320829152,-14244.24838274463,-14250.037665952921
66,1,0.4390545181075713,-7.648758188580738,7.0,1.0,0.6629190405552551,-14252.183376610648,14253.774148145269,0.016294239829221624,0.8006577695905435,3.0,0.0,0.03218159353873009,0.03218159353873009,-5.550652497967621,-14245.231460867686,-14250.782113365654
67,1,0.43839750749266926,-7.634820904580826,1.0,1.0,0.8899704603196982,-14252.817689314286,14252.97513654491,0.11656700745879789,0.11656700745879789,1.0,0.0,0.03218159353873009,0.03218159353873009,-5.5083302715394105,-14245.907768825864,-14251.416099097403
68,1,0.43417851430623017,-7.738239401975102,5.0,1.0,0.984200169683558,-14251.435230762023,14252.929613613023,-0.11473017042044376,-0.26788919038335735,2.0,0.0,0.03218159353873009,0.03218159353873009,-5.826999889287406,-14244.204454719744,-14250.03145460903
69,1,0.4329236905707178,-7.689538016703013,3.0,1.0,0.9795761608653542,-14251.289704417371,14252.298803153497,-0.14963506098501966,-0.14963506098501966,1.0,0.0,0.03218159353873009,0.03218159353873009,-5.67560099077921,-14244.209648226055,-14249.885249216833
70,1,0.43089911381532864,-7.682781026336515,1.0,1.0,0.9186827117318402,-14251.641881225905,14251.715784761574,0.0848144700685225,0.0848144700685225,1.0,0.0,0.03218159353873009,0.03218159353873009,-5.654782775519738,-14244.581519603227,-14250.236302378747
71,1,0.438145785252024,-7.682786437023608,7.0,1.0,0.9784530604266884,-14251.05988592857,14252.30479297993,-0.16319356670464913,-0.20001787570072338,3.0,0.0,0.03218159353873009,0.03218159353873009,-5.654799427523628,-14244.003370052998,-14249.658169480523
72,1,0.4453669192983314,-7.732584274870635,3.0,1.0,0.767285289865694,-14250.948259813233,14251.937133820413,0.017338519792247098,0.41901250168302795,2.0,0.0,0.03218159353873009,0.03218159353873009,-5.809297974875189,-14243.740656539825,-14249.5499545147
73,1,0.4385637456152598,-7.707048544354312,5.0,1.0,0.9507384087050079,-14250.757481695924,14251.141596496334,-0.05734178261809575,0.12635931859949778,2.0,0.0,0.03218159353873009,0.03218159353873009,-5.729763208255035,-14243.626211343304,-14249.35597455156
74,1,0.4400554723289972,-7.69356288506498,7.0,1.0,0.976431934676226,-14250.896226277619,14251.011754894587,0.02970525908494892,0.041709026276294026,3.0,0.0,0.03218159353873009,0.03218159353873009,-5.688023265060391,-14243.807430968127,-14249.495454233187
75,1,0.4404319806249263,-7.678214600757355,3.0,1.0,0.9738488862617133,-14251.232216820086,14251.250215314969,0.07753951415907068,0.07753951415907068,2.0,0.0,0.03218159353873009,0.03218159353873009,-5.640739520776957,-14244.19088785286,-14249.831627373636
76,1,0.430456241057181,-7.76461872479738,3.0,1.0,0.6151330330385333,-14253.125361339644,14253.586467079458,0.7723135398646264,0.9585304188149166,2.0,0.0,0.03218159353873009,0.03218159353873009,-5.909996067896749,-14245.809536003107,-14251.719532071003
77,1,0.43898609668195865,-7.719031846262671,3.0,1.0,0.8378452360496716,-14250.732909077915,14253.640352927838,-0.8772359492959367,-0.8772359492959367,2.0,0.0,0.03218159353873009,0.03218159353873009,-5.767005752868655,-14243.56460619754,-14249.331611950409
78,1,0.43650016699187666,-7.681045894309522,3.0,1.0,0.9443364251108529,-14251.1207886198,14251.196711161212,0.04465449950657785,0.06600810522104439,2.0,0.0,0.03218159353873009,0.03218159353873009,-5.649444219725605,-14244.068789637093,-14249.718233856818
79,1,0.43863552112049586,-7.684035815054491,3.0,1.0,0.9715217874625166,-14251.037580395941,14251.428477717323,-0.003077449666307075,0.08930634034550167,2.0,0.0,0.03218159353873009,0.03218159353873009,-5.658645314127893,-14243.977463733596,-14249.636109047724
80,1,0.4331918372694488,-7.68151407936832,3.0,1.0,0.8341185750105596,-14251.347703639976,14252.947690266636,0.062069834959402215,0.2536584112003766,2.0,0.0,0.03218159353873009,0.03218159353873009,-5.650884408373586,-14244.292510254863,-14249.943394663236
81,1,0.4357845341757551,-7.688356029167616,1.0,1.0,1.0,-14251.03769329856,14251.285723819992,-0.06705946268084517,-0.06705946268084517,1.0,0.0,0.03218159353873009,0.03218159353873009,-5.671956004995992,-14243.962810879273,-14249.63476688427
82,1,0.446988148967937,-7.781884068990613,7.0,1.0,0.9159128287940568,-14251.833852469335,14252.295583046225,0.10247680244356161,0.1790881131964852,3.0,0.0,0.03218159353873009,0.03218159353873009,-5.964694080435154,-14244.471559344553,-14250.436253424989
83,1,0.44326559371332513,-7.776040083531893,3.0,1.0,1.0,-14251.598173371454,14251.907369052846,-0.0017265591723116813,-0.11524551910224545,2.0,0.0,0.03218159353873009,0.03218159353873009,-5.9461464867793925,-14244.252773748727,-14250.198920235507
84,1,0.4435981507876824,-7.745192817373107,3.0,1.0,0.9758861536358516,-14250.929226472903,14251.729913909543,-0.10368856645254709,-0.10368856645254709,2.0,0.0,0.03218159353873009,0.03218159353873009,-5.848809596009715,-14243.681316189322,-14249.530125785332
85,1,0.4350692110233571,-7.699587509190107,7.0,1.0,0.899618585587076,-14250.992845885046,14251.425999470634,0.03648183056793641,0.19153602640835743,2.0,0.0,0.03218159353873009,0.03218159353873009,-5.706647818271039,-14243.8828958593,-14249.589543677572
86,1,0.44296868833731773,-7.739965964074467,7.0,1.0,0.995463054342783,-14250.853086477611,14251.008323913058,-0.048545176678089774,-0.05531013078689284,3.0,0.0,0.03218159353873009,0.03218159353873009,-5.832410818358758,-14243.621285641062,-14249.45369645942
87,1,0.4398152928058241,-7.735516046188546,3.0,1.0,0.9900573801165763,-14250.821448258394,14250.90636055154,0.010022430202297983,0.02005525556705834,2.0,0.0,0.03218159353873009,0.03218159353873009,-5.818471135441737,-14243.602087978306,-14249.420559113749
88,1,0.448674175806302,-7.740072896549324,3.0,1.0,0.8467484890111977,-14251.357805996753,14251.682742316107,0.15231965202656284,0.26309694506198866,2.0,0.0,0.03218159353873009,0.03218159353873009,-5.832746035546757,-14244.128172328064,-14249.960918363611
89,1,0.4514395077988432,-7.73005777566918,1.0,1.0,0.7938062861170533,-14251.910686266054,14252.0760510134,0.23091581964581565,0.23091581964581565,1.0,0.0,0.03218159353873009,0.03218159353873009,-5.8013997572761165,-14244.713514894418,-14250.514914651694
90,1,0.4488948547821238,-7.707805505513885,7.0,1.0,1.0,-14251.671019328678,14252.407243670208,-0.04598307768537779,-0.36046121153958666,3.0,0.0,0.03218159353873009,0.03218159353873009,-5.7321114961891375,-14244.542111575527,-14250.274223071716
91,1,0.4386590269465835,-7.691999685684761,3.0,1.0,0.9104282151978372,-14250.900692502293,14252.099070790704,-0.3446497830336739,-0.3446497830336739,2.0,0.0,0.03218159353873009,0.03218159353873009,-5.683196713303469,-14243.816036154309,-14249.499232867613
92,1,0.43372150050126423,-7.728214555336468,3.0,1.0,0.6259901983048374,-14251.323664586725,14252.574578254533,0.21122792728237982,0.8246015400181932,2.0,0.0,0.03218159353873009,0.03218159353873009,-5.795641599663973,-14244.124001059075,-14249.919642658739
93,1,0.43292397814893646,-7.7352229669989505,3.0,1.0,0.6147960400157882,-14251.593132573187,14253.629955134114,0.10365672535408521,0.81933008183114,2.0,0.0,0.03218159353873009,0.03218159353873009,-5.817553739161581,-14244.371123790634,-14250.188677529795
94,1,0.4437956265446669,-7.6688670623168065,3.0,1.0,0.9994963197189163,-14251.869366951942,14252.178077585406,0.001512183616796392,-0.19411180719544063,2.0,0.0,0.03218159353873009,0.03218159353873009,-5.612057808217838,-14244.858298546515,-14250.470356354732
95,1,0.42474186289230537,-7.697393465962235,3.0,1.0,0.5399041526085201,-14253.113823411031,14254.057937400205,0.46475100875431963,0.8871910855432361,2.0,0.0,0.03218159353873009,0.03218159353873009,-5.6998609398117,-14246.004752390376,-14251.704613330188
96,1,0.4541903740934193,-7.763983967950679,3.0,1.0,1.0,-14252.532595640676,14253.208133100285,-0.3450461013162567,-0.7487538176192174,2.0,0.0,0.03218159353873009,0.03218159353873009,-5.907990787763068,-14245.22988097574,-14251.137871763502
97,1,0.4560847534649735,-7.758618860624843,1.0,1.0,0.8250748542298927,-14252.9951497413,14253.409099381957,0.19228116436352138,0.19228116436352138,1.0,0.0,0.03218159353873009,0.03218159353873009,-5.891057804988816,-14245.71005347136,-14251.60111127635
98,1,0.43563300407419253,-7.706075687868039,3.0,1.0,0.8433097640827035,-14250.923742066328,14253.995445374527,-0.596243646230505,-0.596243646230505,2.0,0.0,0.03218159353873009,0.03218159353873009,-5.72674599899934,-14243.79399040636,-14249.52073640536
99,1,0.43819748632781447,-7.707087917290264,1.0,1.0,1.0,-14250.767566541519,14250.874014366465,-0.05007398570160149,-0.05007398570160149,1.0,0.0,0.03218159353873009,0.03218159353873009,-5.729885339088082,-14243.635990724233,-14249.36587606332
100,1,0.4563851525975196,-7.798937421606862,3.0,1.0,0.645932741475423,-14253.60642652566,14254.120341965852,0.5160377094471187,0.5160377094471187,2.0,0.0,0.03218159353873009,0.03218159353873009,-6.019013110860656,-14246.193480937742,-14252.212494048603
101,1,0.43745378053334744,-7.65123874574932,7.0,1.0,0.9028102214204189,-14252.001131308245,14254.242341738734,-0.3327033322675561,0.5995869338166813,2.0,0.0,0.03218159353873009,0.03218159353873009,-5.558205368587598,-14245.040859736058,-14250.599065104647
102,1,0.4323635296908488,-7.673041647246563,3.0,1.0,0.9876652133537204,-14251.578310890534,14252.51369779448,-0.06805616757992539,-0.19916788151931542,2.0,0.0,0.03218159353873009,0.03218159353873009,-5.624856184606768,-14244.548692083017,-14250.173548267623
103,1,0.42390683670118195,-7.687153728502515,3.0,1.0,0.7181462146215284,-14253.329802920745,14253.431303694282,0.6746869670769229,0.6746869670769229,2.0,0.0,0.03218159353873009,0.03218159353873009,-5.668249811369551,-14246.251825647194,-14251.920075458564
104,1,0.4275744183181515,-7.680448043817588,1.0,1.0,1.0,-14252.318719674058,14253.284187033925,-0.3926786468637147,-0.3926786468637147,1.0,0.0,0.03218159353873009,0.03218159353873009,-5.647605484632863,-14245.263614721276,-14250.91122020591
105,1,0.4347981727183956,-7.684662221046104,3.0,1.0,1.0,-14251.154967639355,14251.961028561025,-0.3578552633734944,-0.35855330690355913,2.0,0.0,0.03218159353873009,0.03218159353873009,-5.660574130197546,-14244.09094778764,-14249.751521917837
106,1,0.443849816425845,-7.685965463018076,3.0,1.0,0.8051298089043547,-14251.338679622815,14252.15558512872,0.1328527254954679,0.4084717304958758,2.0,0.0,0.03218159353873009,0.03218159353873009,-5.664588302689804,-14244.275105388198,-14249.939693690889
107,1,0.443849816425845,-7.685965463018076,1.0,1.0,0.35241501012369814,-14251.338679622815,14253.403211324161,0.0,1.042945791832608,1.0,0.0,0.03218159353873009,0.03218159353873009,-5.664588302689804,-14244.275105388198,-14249.939693690889
108,1,0.43962649881283733,-7.695507406065501,1.0,1.0,1.0,-14250.858493036285,14251.168459668223,-0.17835527624083625,-0.17835527624083625,1.0,0.0,0.03218159353873009,0.03218159353873009,-5.694030600102562,-14243.763480906116,-14249.45751150622
109,1,0.4469030586164219,-7.757858484577604,7.0,1.0,0.9302024854990043,-14251.297332705795,14251.414516635406,0.0664782432049833,0.13316802338522393,3.0,0.0,0.03218159353873009,0.03218159353873009,-5.888660287236294,-14244.011036847616,-14249.899697134853
110,1,0.4469030586164219,-7.757858484577604,3.0,1.0,0.552447744781467,-14251.297332705795,14252.852020489767,0.0,0.8466095110034075,1.0,0.0,0.03218159353873009,0.03218159353873009,-5.888660287236294,-14244.011036847616,-14249.899697134853
111,1,0.4365701429527521,-7.741816756130325,3.0,1.0,0.9091174017561087,-14251.17170956576,14251.872011053167,0.07210157061126665,0.20777845551492646,2.0,0.0,0.03218159353873009,0.03218159353873009,-5.838214386197192,-14243.930976526462,-14249.769190912659
112,1,0.44326199087742985,-7.76487264452426,3.0,1.0,0.9859583788090446,-14251.28663739847,14251.706761017527,-0.07976436762874073,-0.14337759297995945,2.0,0.0,0.03218159353873009,0.03218159353873009,-5.910798346444429,-14243.976584259459,-14249.887382605903
113,1,0.4384690275028205,-7.721899027881445,3.0,1.0,0.9601888037992327,-14250.763910388772,14251.853960005343,-0.06580876486987108,0.07015679699361499,1.0,0.0,0.03218159353873009,0.03218159353873009,-5.775937870149618,-14243.58641807008,-14249.36235594023
114,1,0.45028565468172455,-7.770578208327519,3.0,1.0,0.870240016640251,-14251.886771970396,14252.005232413005,0.1822311780651944,0.1822311780651944,2.0,0.0,0.03218159353873009,0.03218159353873009,-5.928842507150079,-14244.561699845992,-14250.490542353142
115,1,0.4361098886412085,-7.792578532905487,3.0,1.0,0.6510828584859648,-14253.073134718617,14253.57261740932,0.4658185554526426,0.6153866575259599,2.0,0.0,0.03218159353873009,0.03218159353873009,-5.998724518204016,-14245.671653286709,-14251.670377804912
116,1,0.43634535866183244,-7.799184191697368,1.0,1.0,0.9389357487921771,-14253.376981248917,14253.96439364667,0.06300822725643229,0.06300822725643229,1.0,0.0,0.03218159353873009,0.03218159353873009,-6.019801267538183,-14245.954545186125,-14251.974346453662
117,1,0.4390068344970875,-7.809279406186554,3.0,1.0,1.0,-14253.451507177906,14254.112508113112,-0.09737769757521164,-0.6280613720045949,2.0,0.0,0.03218159353873009,0.03218159353873009,-6.052096480685074,-14245.998123843285,-14252.05022032397
118,1,0.4347683768573527,-7.7895141178763145,3.0,1.0,0.9625979639809988,-14253.201779258241,14254.311379879895,0.11901566659798846,-0.5611799084235827,2.0,0.0,0.03218159353873009,0.03218159353873009,-5.988961671481349,-14245.809356050682,-14251.798317722163
119,1,0.4221396366466708,-7.745336087655409,3.0,1.0,0.473221375125219,-14255.338532181255,14257.47330815167,1.0066598986159079,1.0202962978601136,1.0,0.0,0.03218159353873009,0.03218159353873009,-5.849259478201734,-14248.078430550511,-14253.927690028713
120,1,0.4299920642873106,-7.718829039810991,1.0,1.0,1.0,-14251.912281099862,14254.306207424066,-1.3253333545344503,-1.3253333545344503,1.0,0.0,0.03218159353873009,0.03218159353873009,-5.766374262199542,-14244.739813316104,-14250.506187578303
121,1,0.43360183101489863,-7.7499679211500885,3.0,1.0,0.9173651315359228,-14251.837806090252,14252.71227881607,-0.034270453161298065,-0.28579276579330326,1.0,0.0,0.03218159353873009,0.03218159353873009,-5.863814930744688,-14244.56990458413,-14250.433719514875
122,1,0.43769630217166583,-7.77057980075962,7.0,1.0,0.8899753273007757,-14251.842683625655,14252.919531980318,-0.09548110778996488,0.45921100847590424,3.0,0.0,0.03218159353873009,0.03218159353873009,-5.928847547848694,-14244.51189290722,-14250.440740455067
123,1,0.43769630217166583,-7.77057980075962,1.0,1.0,0.24898078183012837,-14251.842683625655,14254.197303982879,0.0,1.3903795669011743,1.0,0.0,0.03218159353873009,0.03218159353873009,-5.928847547848694,-14244.51189290722,-14250.440740455067
124,1,0.44123035191415555,-7.765674810900095,1.0,1.0,1.0,-14251.361516244782,14251.749303634524,-0.18911426248087082,-0.18911426248087082,1.0,0.0,0.03218159353873009,0.03218159353873009,-5.913333275249758,-14244.047976800253,-14249.961310075503
125,1,0.45004796488056853,-7.731934297256858,3.0,1.0,0.8650681846925733,-14251.60782019246,14252.324498518992,0.17438560105438228,0.28073080416106677,2.0,0.0,0.03218159353873009,0.03218159353873009,-5.8072654369638546,-14244.404229428788,-14250.211494865753
126,1,0.43465405458703876,-7.653229143784481,3.0,1.0,0.9090226415546562,-14251.93732469233,14252.8830551425,-0.1450084386560775,0.3187353743633139,2.0,0.0,0.03218159353873009,0.03218159353873009,-5.56427023830608,-14244.969532170473,-14250.53380240878
127,1,0.4425265655584221,-7.718410091329955,3.0,1.0,0.9439939173689834,-14250.761488276466,14252.096657194354,-0.14230380879962468,-0.14230380879962468,2.0,0.0,0.03218159353873009,0.03218159353873009,-5.765069887311181,-14243.59682317997,-14249.361893067282
128,1,0.4414082832027173,-7.678355849185445,3.0,1.0,0.556571570537778,-14251.295250819076,14252.753253565896,0.12318967007740866,0.9956523733108043,2.0,0.0,0.03218159353873009,0.03218159353873009,-5.641173593445554,-14244.253955751961,-14249.895129345407
129,1,0.4442284913905807,-7.73158447752103,3.0,1.0,0.9536688625445509,-14250.85758271087,14251.55864355096,-0.10784036155382637,0.11007216834514111,2.0,0.0,0.03218159353873009,0.03218159353873009,-5.806171694355377,-14243.652596762908,-14249.458768457263
130,1,0.44691536283050415,-7.7055088390621345,3.0,1.0,0.8501719803116999,-14251.352673886375,14251.539743379786,0.21053645632855478,0.21053645632855478,1.0,0.0,0.03218159353873009,0.03218159353873009,-5.724988415077161,-14244.230055185872,-14249.955043600949
131,1,0.43847112291259344,-7.7036912766663805,5.0,1.0,0.9943648800532813,-14250.778555711833,14251.259420832677,-0.23810391369624995,-0.23810391369624995,2.0,0.0,0.03218159353873009,0.03218159353873009,-5.719355007893762,-14243.6576473027,-14249.377002310594
132,1,0.43729243264006457,-7.61123303717705,7.0,1.0,0.4676036779406399,-14254.171353132153,14255.697226857248,0.6108448639424751,1.3282777498079668,3.0,0.0,0.03218159353873009,0.03218159353873009,-5.4371454658538205,-14247.332059336522,-14252.769204802376
133,1,0.43086456113200816,-7.7004169581850865,3.0,1.0,1.0,-14251.575515848266,14253.985556796653,-0.3659668100735871,-0.5016173112780962,2.0,0.0,0.03218159353873009,0.03218159353873009,-5.709214823602633,-14244.460702699553,-14250.169917523155
134,1,0.43725109393540607,-7.660186216068738,3.0,1.0,0.8145858638396165,-14251.663749310232,14252.707319569674,-0.12357634557702113,0.32853874006468686,2.0,0.0,0.03218159353873009,0.03218159353873009,-5.585500005229533,-14244.676079898662,-14250.26157990389
135,1,0.4365951107862132,-7.700483713716388,3.0,1.0,1.0,-14250.87384984493,14251.631273208213,-0.11627374546333158,-0.11712081438963651,2.0,0.0,0.03218159353873009,0.03218159353873009,-5.709421450673572,-14243.761922615417,-14249.47134406609
136,1,0.4494507508789482,-7.748046821902308,7.0,1.0,0.7847754588984047,-14251.5045596426,14252.038229449066,0.17052883832911903,0.41629021409789857,2.0,0.0,0.03218159353873009,0.03218159353873009,-5.857775307492408,-14244.250216475511,-14250.107991783005
137,1,0.43647627897358354,-7.742271406235361,3.0,1.0,1.0,-14251.192144079254,14251.527424330206,-0.028226005139003973,-0.17058426436778973,2.0,0.0,0.03218159353873009,0.03218159353873009,-5.839640566243127,-14243.949936413617,-14249.78957697986
138,1,0.44594909162028235,-7.732752761121732,3.0,1.0,1.0,-14251.00410992857,14251.264798152735,-0.08632277879405592,-0.15590201419763616,2.0,0.0,0.03218159353873009,0.03218159353873009,-5.809824915344463,-14243.796235831325,-14249.60606074667
139,1,0.4469472748871207,-7.692879117793173,3.0,1.0,0.803239510256483,-14251.630105879587,14252.147096631761,0.25705389809627377,0.25705389809627377,1.0,0.0,0.03218159353873009,0.03218159353873009,-5.685911756979114,-14244.54657753979,-14250.232489296768
140,1,0.43905162936580205,-7.6998402066745255,3.0,1.0,0.9207658141464665,-14250.803621726482,14252.01192718127,-0.33147155720689625,-0.33147155720689625,2.0,0.0,0.03218159353873009,0.03218159353873009,-5.707429801672362,-14243.694927250093,-14249.402357051766
141,1,0.45018403066137147,-7.683096558977026,3.0,1.0,0.6133526726560337,-14252.655690771966,14252.717865947807,0.7174882480594533,0.7174882480594533,1.0,0.0,0.03218159353873009,0.03218159353873009,-5.655753911975085,-14245.60366637925,-14251.259420291224
142,1,0.44044315439433646,-7.757258348356371,7.0,1.0,0.9042727211172326,-14251.182675223863,14253.52932989845,-0.6117381278163521,-0.6967093617004139,2.0,0.0,0.03218159353873009,0.03218159353873009,-5.886768424875792,-14243.895322753475,-14249.782091178351
143,1,0.43728714186782414,-7.723836114387637,3.0,1.0,0.9127978635845073,-14250.849037607028,14251.677397670352,-0.04829985993455921,0.14946418628642277,2.0,0.0,0.03218159353873009,0.03218159353873009,-5.781977119684774,-14243.664909460862,-14249.446886580547
144,1,0.4382742944606498,-7.7125593318453145,3.0,1.0,0.972199669735717,-14250.751847126585,14250.992772253889,-0.0420579366345919,0.0721657557405706,2.0,0.0,0.03218159353873009,0.03218159353873009,-5.746872185100316,-14243.603323003264,-14249.350195188365
145,1,0.43415299119627976,-7.7028888475932344,3.0,1.0,0.8714510440594556,-14251.078367946553,14251.483710444258,0.09352940130884235,0.2033845887053758,2.0,0.0,0.03218159353873009,0.03218159353873009,-5.716868986433054,-14243.957709127611,-14249.674578114045
146,1,0.43282872912541454,-7.636838493805438,3.0,1.0,0.6838087216423435,-14252.673971616854,14255.896355528632,0.12314250371127855,0.7624441787247633,2.0,0.0,0.03218159353873009,0.03218159353873009,-5.514444897516722,-14245.755019589531,-14251.269464487048
147,1,0.434367562760576,-7.645762089742914,1.0,1.0,1.0,-14252.228843737148,14252.707619964243,-0.06165372997202212,-0.06165372997202212,1.0,0.0,0.03218159353873009,0.03218159353873009,-5.541538095794363,-14245.283630640937,-14250.825168736732
148,1,0.4366406668135998,-7.732366033024762,7.0,1.0,0.9282881784406458,-14251.001113876482,14252.668588057159,-0.09267429603096389,0.23421317915199324,2.0,0.0,0.03218159353873009,0.03218159353873009,-5.808615466066375,-14243.790016108327,-14249.598631574394
149,1,0.44604410795581423,-7.745198755756094,3.0,1.0,0.9791742797671442,-14251.073782644247,14251.277116534433,-0.039768262449797476,0.05924984271223366,2.0,0.0,0.03218159353873009,0.03218159353873009,-5.84882824268432,-14243.82694675382,-14249.675774996504
150,1,0.44960209558394637,-7.749289973751194,1.0,1.0,0.8764300786867094,-14251.535187143158,14251.551439026623,0.1318983511209808,0.1318983511209808,1.0,0.0,0.03218159353873009,0.03218159353873009,-5.861683153106425,-14244.27699787088,-14250.138681023987
51,2,0.4352994260171782,-7.645584863544333,7.0,1.0,0.9825637285896257,-14252.214997412766,14255.647538541263,-0.45595317992592754,-0.46757457875173714,3.0,0.0,0.02112105196824046,0.02112105196824046,-5.540999238954388,-14245.27081737893,-14250.811816617885
52,2,0.4340635084984369,-7.716171456035756,7.0,1.0,0.9352457426075611,-14251.132289882198,14252.860362579599,-0.06761340840421326,0.27128163001907524,2.0,0.0,0.03647334754656729,0.03647334754656729,-5.758102984323766,-14243.97034906233,-14249.728452046655
53,2,0.44731918134039433,-7.7257807066231585,3.0,1.0,0.9960271010667743,-14251.185059484833,14251.255963321686,0.011990293931376073,-0.14481717063063115,2.0,0.0,0.03647334754656729,0.03647334754656729,-5.788043543953807,-14243.999558428372,-14249.787601972326
54,2,0.4468870820956802,-7.698936702354789,3.0,1.0,0.884676161544477,-14251.476351288906,14251.868528199737,0.16389395314399735,0.2088358437158604,1.0,0.0,0.03647334754656729,0.03647334754656729,-5.704634162100541,-14244.374074690968,-14250.078708853069
55,2,0.4453759287746444,-7.711375947017494,3.0,1.0,0.995927406560425,-14251.050839728758,14251.47844337686,-0.20549167361241416,-0.20549167361241416,2.0,0.0,0.03647334754656729,0.03647334754656729,-5.7431956481308,-14243.909342767061,-14249.652538415192
56,2,0.4425117349212699,-7.733553692510801,3.0,1.0,0.9930646307533554,-14250.788500973616,14251.001224836005,-0.15363473700017494,-0.15751238526900124,1.0,0.0,0.03647334754656729,0.03647334754656729,-5.812330215146337,-14243.576568638124,-14249.38889885327
57,2,0.4448779543776493,-7.706373526528586,3.0,1.0,0.8948996086177338,-14251.055794616168,14251.209762545617,0.1545562380379124,0.18233411615256045,1.0,0.0,0.03647334754656729,0.03647334754656729,-5.727669612894437,-14243.92960242163,-14249.657272034523
58,2,0.44613728480866344,-7.716759466342837,7.0,1.0,0.9951719933427524,-14251.089938974803,14251.226407868906,0.013273432879941538,-0.08244501849003427,3.0,0.0,0.03647334754656729,0.03647334754656729,-5.759932458013957,-14243.932039526477,-14249.69197198449
59,2,0.4473460849665188,-7.750357337377391,3.0,1.0,0.9689228357471996,-14251.246582500418,14251.581223679987,-0.04839653720227943,0.09786809050456213,1.0,0.0,0.03647334754656729,0.03647334754656729,-5.865039641836844,-14243.984096808803,-14249.849136450639
60,2,0.4312974435156269,-7.667678993574336,7.0,1.0,0.7876727272299322,-14251.81573582437,14252.494386996093,0.09020254535971617,0.5400259163288865,2.0,0.0,0.03647334754656729,0.03647334754656729,-5.608418631476336,-14244.801962160787,-14250.410380792264
61,2,0.4261778874255902,-7.671408250240334,1.0,1.0,0.6619997768865539,-14252.741601485171,14252.943807666254,0.41249006007456046,0.41249006007456046,1.0,0.0,0.03647334754656729,0.03647334754656729,-5.619846466539344,-14245.713420735774,-14251.333267202313
62,2,0.4455379113797076,-7.647970526801939,3.0,1.0,0.8624988429955506,-14253.130483978448,14253.910965625035,0.2787197458128503,0.2787197458128503,2.0,0.0,0.03647334754656729,0.03647334754656729,-5.548255490233108,-14246.183998706101,-14251.732254196335
63,2,0.44512926940581843,-7.834865219734386,7.0,1.0,0.9259254330241508,-14254.263976051256,14255.288510197792,-0.1546350942717254,-0.593859099153633,3.0,0.0,0.03647334754656729,0.03647334754656729,-6.1344035387074145,-14246.73116185638,-14252.865565395088
64,2,0.4565498551903059,-7.79348373886478,3.0,1.0,0.4154644196964444,-14253.520229885808,14258.552939285202,-0.016750319922721246,2.5455065378828294,2.0,0.0,0.03647334754656729,0.03647334754656729,-6.001610188933261,-14246.124745017261,-14252.126355206196
65,2,0.43481054113245887,-7.747672661882757,3.0,1.0,1.0,-14251.556330799507,14253.339987504869,-0.2924951304848946,-0.557696004592799,2.0,0.0,0.03647334754656729,0.03647334754656729,-5.856599438706727,-14244.29629220179,-14250.152891640497
66,2,0.4413270955832071,-7.697773799883678,7.0,1.0,0.979926687408656,-14250.88274249375,14251.61604344039,-0.3338668823325861,-0.3338668823325861,2.0,0.0,0.03647334754656729,0.03647334754656729,-5.7010370895446965,-14243.781545317832,-14249.482582407376
67,2,0.4348407010259273,-7.653220520494005,7.0,1.0,0.8892796003637896,-14251.931138648772,14252.261282540674,0.15022081274764787,0.2591049571929034,2.0,0.0,0.03647334754656729,0.03647334754656729,-5.564243954045482,-14244.963471532737,-14250.527715486784
68,2,0.4355447852655117,-7.682187472163486,7.0,1.0,0.9514551634108822,-14251.143485953618,14252.431930924926,-0.13625077255164797,-0.15842353882544558,3.0,0.0,0.03647334754656729,0.03647334754656729,-5.65295622291577,-14244.087477844452,-14249.740434067367
69,2,0.4415346998241818,-7.720314703636966,3.0,1.0,0.8204348381499171,-14250.723440838365,14251.443086726844,-0.06978626927229925,0.3166865833954944,2.0,0.0,0.03647334754656729,0.03647334754656729,-5.771001216123594,-14243.552378162716,-14249.32337937884
70,2,0.44426721154045024,-7.764817633730831,3.0,1.0,0.8919791624559497,-14251.292661527641,14251.385105287221,0.09021137172203453,0.1342142679659446,2.0,0.0,0.03647334754656729,0.03647334754656729,-5.910624530218279,-14243.98324023109,-14249.893864761309
71,2,0.4531741699443339,-7.83914553736635,7.0,1.0,0.6933281338907149,-14254.617676011718,14254.862653087377,0.4750559967360459,0.6228981220538117,3.0,0.0,0.03647334754656729,0.03647334754656729,-6.1482368198657396,-14247.074335508905,-14253.22257232877
72,2,0.4370533434754835,-7.695170143474027,3.0,1.0,0.7211640839745591,-14250.894683368208,14254.972093042761,-0.604008901393172,0.6614603453999734,2.0,0.0,0.03647334754656729,0.03647334754656729,-5.692988401836217,-14243.79942453853,-14249.492412940366
73,2,0.44252178278618465,-7.750739821578869,3.0,1.0,0.8902813293876982,-14250.99269067947,14251.9089900155,0.030929393964470364,0.18053437017806573,1.0,0.0,0.03647334754656729,0.03647334754656729,-5.866242699380024,-14243.726850542307,-14249.593093241687
74,2,0.4423524359007417,-7.727644815468432,3.0,1.0,0.9770580967113984,-14250.75543427311,14251.056099326986,-0.03879028465053125,0.05371864535845816,2.0,0.0,0.03647334754656729,0.03647334754656729,-5.79386243907887,-14243.561895363984,-14249.355757803063
75,2,0.43122845028369594,-7.74864511844426,3.0,1.0,0.6248166731146089,-14252.320102790605,14252.570806139182,0.7661399410208105,0.8002308585910214,2.0,0.0,0.03647334754656729,0.03647334754656729,-5.859655858694833,-14245.055053229846,-14250.91470908854
76,2,0.43122845028369594,-7.74864511844426,1.0,1.0,0.47835388065262724,-14252.320102790605,14254.005265416472,0.0,0.7374044843109004,1.0,0.0,0.03647334754656729,0.03647334754656729,-5.859655858694833,-14245.055053229846,-14250.91470908854
77,2,0.4498681250706067,-7.692728892355508,3.0,1.0,1.0,-14252.254966041479,14252.487341090276,-0.022324345420202008,-0.6076227510857279,2.0,0.0,0.03647334754656729,0.03647334754656729,-5.685447915837293,-14245.173120074178,-14250.858567990015
78,2,0.4305061908416506,-7.743461130591967,7.0,1.0,0.9476361789771995,-14252.34031779624,14253.181901690701,0.04617465207229543,0.13753237337550672,2.0,0.0,0.03647334754656729,0.03647334754656729,-5.843373559696019,-14245.091143295094,-14250.93451685479
79,2,0.4395525100970444,-7.760762337429996,3.0,1.0,0.9845653882868876,-14251.332456579057,14252.26248044695,-0.6055282410870859,-0.616832617955879,1.0,0.0,0.03647334754656729,0.03647334754656729,-5.897819446325547,-14244.033619315394,-14249.93143876172
80,2,0.433060115466822,-7.713196001219446,3.0,1.0,0.8975664653497656,-14251.256983110314,14252.283681043911,0.04845781203766819,0.20671457013122563,1.0,0.0,0.03647334754656729,0.03647334754656729,-5.748850767276937,-14244.10375161259,-14249.852602379868
81,2,0.433060115466822,-7.713196001219446,1.0,1.0,0.13118771564275422,-14251.256983110314,14253.581367636569,0.0,2.031126037627473,1.0,0.0,0.03647334754656729,0.03647334754656729,-5.748850767276937,-14244.10375161259,-14249.852602379868
82,2,0.433060115466822,-7.713196001219446,1.0,1.0,0.8807068528826042,-14251.256983110314,14251.647025799059,0.0,0.12703045202397334,1.0,0.0,0.03647334754656729,0.03647334754656729,-5.748850767276937,-14244.10375161259,-14249.852602379868
83,2,0.44513821448112406,-7.6993459235596,3.0,1.0,1.0,-14251.203562441726,14251.381366422343,-0.013438968460832257,-0.14704657581933134,2.0,0.0,0.03647334754656729,0.03647334754656729,-5.705900280692768,-14244.099255478981,-14249.805155759674
84,2,0.4354144023201284,-7.751302431840273,7.0,1.0,0.8875820528494772,-14251.557557300577,14252.051601579704,0.14564159790825215,0.19315210387503612,2.0,0.0,0.03647334754656729,0.03647334754656729,-5.86801258740012,-14244.286424388434,-14250.154436975834
85,2,0.44913197857202847,-7.723680213346864,3.0,1.0,1.0,-14251.495321855225,14251.687519545552,-0.016534681479242863,-0.31886797257539,2.0,0.0,0.03647334754656729,0.03647334754656729,-5.781490928573279,-14244.317132407075,-14250.098623335649
86,2,0.44360864510398523,-7.713124631508969,3.0,1.0,1.0,-14250.858361143324,14251.336701485796,-0.2862379007783602,-0.2862379007783602,1.0,0.0,0.03647334754656729,0.03647334754656729,-5.7486289509211685,-14243.710636300595,-14249.459265251517
87,2,0.4456339847742116,-7.685488310757546,3.0,1.0,0.799724751404031,-14251.605575707195,14251.761305766871,0.3291666851418995,0.3291666851418995,1.0,0.0,0.03647334754656729,0.03647334754656729,-5.66311840809628,-14244.544269840186,-14250.207388248282
88,2,0.4370467294474827,-7.774556234288959,3.0,1.0,0.6501739151058783,-14252.086625416992,14253.169822145866,0.11504086524837476,0.6458971857791767,2.0,0.0,0.03647334754656729,0.03647334754656729,-5.94144249478677,-14244.742909109895,-14250.684351604681
89,2,0.4486550677658882,-7.7034074921501,3.0,1.0,0.4249429325035055,-14251.710627841096,14254.658573553308,-0.013186689326175838,2.001712181396215,2.0,0.0,0.03647334754656729,0.03647334754656729,-5.718475735851683,-14244.595256541152,-14250.313732277004
90,2,0.4388983836176522,-7.705237796537009,3.0,1.0,0.9906576470232661,-14250.76101833947,14251.368331421632,-0.48633701494327397,-0.48633701494327397,2.0,0.0,0.03647334754656729,0.03647334754656729,-5.724148128191913,-14243.635529590689,-14249.359677718881
91,2,0.4502790444632638,-7.816878089115457,3.0,1.0,0.617048944840909,-14253.31462201629,14253.644667032868,0.40888835461191775,0.5671327630516316,2.0,0.0,0.03647334754656729,0.03647334754656729,-6.076472360710065,-14245.841917382915,-14251.918389743625
92,2,0.4450016437875652,-7.762894226841333,7.0,1.0,1.0,-14251.27077310451,14253.072786151813,-0.2956448798031488,-0.40498148239566945,3.0,0.0,0.03647334754656729,0.03647334754656729,-5.904549092295936,-14243.967756582277,-14249.872305674573
93,2,0.45241043552752297,-7.72251774606378,3.0,1.0,0.6004861429753694,-14252.231558003938,14253.975667774293,0.6087045777439926,0.9005542389877519,2.0,0.0,0.03647334754656729,0.03647334754656729,-5.777866438359601,-14245.058296855015,-14250.836163293376
94,2,0.4358924366956127,-7.6894747726223125,7.0,1.0,0.9548348450848081,-14251.017082467835,14252.48175549046,-0.6650769165553356,-0.6650769165553356,2.0,0.0,0.03647334754656729,0.03647334754656729,-5.6754059247711215,-14243.93880644158,-14249.61421236635
95,2,0.43796497552507074,-7.7843407951320005,3.0,1.0,0.7404065249539119,-14252.35589876291,14252.42512592184,0.4976885946744005,0.4976885946744005,2.0,0.0,0.03647334754656729,0.03647334754656729,-5.972501414226902,-14244.981589902423,-14250.954091316651
96,2,0.43796497552507074,-7.7843407951320005,3.0,1.0,0.7507301570463826,-14252.35589876291,14253.816203081014,0.0,0.6047581437542249,1.0,0.0,0.03647334754656729,0.03647334754656729,-5.972501414226902,-14244.981589902423,-14250.954091316651
97,2,0.439353094063813,-7.784430499283868,3.0,1.0,1.0,-14252.174962996856,14252.699733624497,-0.10962492282124003,-0.25421885414652934,2.0,0.0,0.03647334754656729,0.03647334754656729,-5.972786603053454,-14244.801060546306,-14250.77384714936
98,2,0.44336540100321525,-7.760901765007363,3.0,1.0,1.0,-14251.194084787778,14251.833335871628,-0.35228847350117576,-0.3734452622375102,2.0,0.0,0.03647334754656729,0.03647334754656729,-5.898259432614407,-14243.896618068711,-14249.794877501326
99,2,0.4487125913960072,-7.779348986783432,7.0,1.0,0.717161424932702,-14251.890221719821,14252.59580760762,0.11336733860844106,0.6953442395915772,3.0,0.0,0.03647334754656729,0.03647334754656729,-5.956644062913947,-14244.536705959352,-14250.493350022265
100,2,0.44323280623023187,-7.681367036897269,3.0,1.0,0.7828635184094787,-14251.389103908583,14254.390805071847,-0.0040236939130409155,0.5114904459060199,1.0,0.0,0.03647334754656729,0.03647334754656729,-5.650432065976445,-14244.339403626662,-14249.989835692639
101,2,0.4266014537605151,-7.65745184608442,7.0,1.0,0.7096759866745896,-14252.869222214089,14253.458470971644,0.31132352014174103,0.6093813528805185,3.0,0.0,0.03647334754656729,0.03647334754656729,-5.577150199484875,-14245.883992688568,-14251.461142888053
102,2,0.4490552846781213,-7.728260143083592,7.0,1.0,1.0,-14251.44648687925,14252.68746961657,-0.23379099096746359,-0.4797537786853354,2.0,0.0,0.03647334754656729,0.03647334754656729,-5.795783973260062,-14244.253972825596,-14250.049756798857
103,2,0.45163131410871327,-7.712372195265799,1.0,1.0,0.6668986088670302,-14252.207123803837,14252.583148036818,0.4051172553154174,0.4051172553154174,1.0,0.0,0.03647334754656729,0.03647334754656729,-5.746290696434388,-14245.06513656488,-14250.811427261313
104,2,0.43510471338583806,-7.782473578776906,3.0,1.0,0.9730512229655351,-14252.781189689407,14252.83547889354,0.08430195744222146,-0.6929792714963696,2.0,0.0,0.03647334754656729,0.03647334754656729,-5.966566958118331,-14245.411339276416,-14251.377906234535
105,2,0.4384869856426502,-7.77527564758818,3.0,1.0,1.0,-14251.91451112062,14252.741357360415,-0.41332805674937845,-0.5258557578108594,2.0,0.0,0.03647334754656729,0.03647334754656729,-5.9437228520380305,-14244.569242794476,-14250.512965646514
106,2,0.45071543243954515,-7.737446254103275,3.0,1.0,0.500722533820361,-14251.71524133732,14253.973957417884,0.013399688024946954,1.44354202368595,2.0,0.0,0.03647334754656729,0.03647334754656729,-5.824515216648231,-14244.494668378082,-14250.31918359473
107,2,0.42636966253074204,-7.710235994473717,3.0,1.0,0.6488006891976922,-14252.75194115549,14254.193489935078,0.5090197896497557,0.6493322735423135,2.0,0.0,0.03647334754656729,0.03647334754656729,-5.739655370717919,-14245.604067126693,-14251.343722497411
108,2,0.44023041982748673,-7.673076994886857,3.0,1.0,0.9989351868105288,-14251.363048073681,14252.29436762773,-0.7641115122914925,-0.8182379240206501,2.0,0.0,0.03647334754656729,0.03647334754656729,-5.624964627248379,-14244.33739639481,-14249.962361022059
109,2,0.4352029879712355,-7.6867920719205465,3.0,1.0,1.0,-14251.096070038906,14251.316492250508,-0.10095238135363616,-0.143705060114371,2.0,0.0,0.03647334754656729,0.03647334754656729,-5.6671352571336255,-14244.025703180916,-14249.69283843805
110,2,0.4359308470577537,-7.655967857060076,3.0,1.0,0.8892189161067395,-14251.80971431273,14252.346081639253,0.12280072631438088,0.244345663837521,2.0,0.0,0.03647334754656729,0.03647334754656729,-5.5726217481137965,-14244.834242485338,-14250.406864233451
111,2,0.42503348782420497,-7.684568345734442,3.0,1.0,0.6905058641047305,-14252.976639507278,14253.301606858886,0.6721392165782163,0.6721392165782163,2.0,0.0,0.03647334754656729,0.03647334754656729,-5.660285046329278,-14245.907323663092,-14251.567608709422
112,2,0.4505104468640345,-7.701728069326747,3.0,1.0,1.0,-14252.165411803722,14253.1364937199,-0.1467896551857848,-0.5530604396481067,2.0,0.0,0.03647334754656729,0.03647334754656729,-5.713273895638062,-14245.055998378468,-14250.769272274107
113,2,0.456251867288811,-7.780370786809925,3.0,1.0,0.8232663207235617,-14253.214797340217,14255.38468806269,0.023831208129195147,0.5405712315186975,2.0,0.0,0.03647334754656729,0.03647334754656729,-5.959887960934342,-14245.860929967197,-14251.820817928132
114,2,0.4377170036378211,-7.789048440367346,3.0,1.0,0.9874433622790585,-14252.608378342724,14254.312745391697,-0.06162673618746339,-0.370535638414367,2.0,0.0,0.03647334754656729,0.03647334754656729,-5.9874789025592206,-14245.21896674874,-14251.2064456513
115,2,0.45036309321883267,-7.759624329455053,3.0,1.0,1.0,-14251.742146198472,14252.487804355742,-0.35539875345057226,-0.4010435299751407,2.0,0.0,0.03647334754656729,0.03647334754656729,-5.894229004822616,-14244.45171865765,-14250.345947662474
116,2,0.44047496215713416,-7.749162484793154,7.0,1.0,0.9773321279379589,-14251.005984780331,14252.317928945606,-0.2013718774778681,-0.2376260541186639,3.0,0.0,0.03647334754656729,0.03647334754656729,-5.8612823206774465,-14243.744133782993,-14249.60541610367
117,2,0.44417040921376305,-7.7267971098960775,7.0,1.0,1.0,-14250.84677762519,14250.992383934543,-0.027076188407590962,-0.06672996655106544,3.0,0.0,0.03647334754656729,0.03647334754656729,-5.791215859238292,-14243.6567212572,-14249.44793711644
118,2,0.44506455771333553,-7.714231732711888,3.0,1.0,0.9323271298051202,-14250.985590143822,14251.181508336653,0.08246735296052066,0.11363136565523746,2.0,0.0,0.03647334754656729,0.03647334754656729,-5.752070383862959,-14243.835080333929,-14249.587150717793
119,2,0.4407034545481676,-7.698703719398096,3.0,1.0,0.9898890035947797,-14250.84329199968,14251.067372227599,-0.09475467380616465,-0.09475467380616465,1.0,0.0,0.03647334754656729,0.03647334754656729,-5.703913394370768,-14243.738920083188,-14249.442833477558
120,2,0.44354382418082444,-7.792377170314939,3.0,1.0,0.655063635309374,-14252.17458491899,14253.973752539328,0.3033066731695726,0.5039146700728452,1.0,0.0,0.03647334754656729,0.03647334754656729,-5.998082713675594,-14244.77737667657,-14250.775459390245
121,2,0.4425177335107894,-7.698152753400274,7.0,1.0,0.9954947759447493,-14250.952079370752,14252.115594705863,-0.20375745161982195,-0.20375745161982195,2.0,0.0,0.03647334754656729,0.03647334754656729,-5.702209114362503,-14243.850270931642,-14249.552480046004
122,2,0.4362354396428673,-7.718088759284626,3.0,1.0,1.0,-14250.897564757865,14251.026766779805,-0.01125074662741099,-0.03134621211938793,2.0,0.0,0.03647334754656729,0.03647334754656729,-5.764069555191941,-14243.730803459659,-14249.494873014852
123,2,0.42754886278713716,-7.732069155556179,1.0,1.0,0.383173069563542,-14252.844952339912,14252.927249244412,0.9592685131119651,0.9592685131119651,1.0,0.0,0.03647334754656729,0.03647334754656729,-5.807687116147657,-14245.629750628501,-14251.43743774465
124,2,0.43220644214040155,-7.707037679192127,1.0,1.0,1.0,-14251.359091497725,14252.447340860946,-0.7708298914458283,-0.7708298914458283,1.0,0.0,0.03647334754656729,0.03647334754656729,-5.729729505902619,-14244.224512681463,-14249.954242187367
125,2,0.43720883543350997,-7.730609197106028,7.0,1.0,0.99330722440674,-14250.9239586892,14251.463719739351,-0.17392295568060945,-0.18835707710968563,2.0,0.0,0.03647334754656729,0.03647334754656729,-5.803123039313607,-14243.718644683207,-14249.521767722521
126,2,0.44304402115774266,-7.697914547674372,3.0,1.0,0.6079826467846182,-14250.999092109048,14251.989732938695,0.0206490866621607,0.8669811823674536,2.0,0.0,0.03647334754656729,0.03647334754656729,-5.701472376575816,-14243.89826451438,-14249.599736890956
127,2,0.4366822986687094,-7.69181726974953,7.0,1.0,0.8940444169236803,-14250.947759239867,14252.324099990255,-0.08735139971395256,0.2661153708177153,3.0,0.0,0.03647334754656729,0.03647334754656729,-5.682633643051171,-14243.862664733964,-14249.545298377016
128,2,0.42216288188665935,-7.698598975124518,3.0,1.0,0.501906590499139,-14254.032233798811,14254.035720121337,1.4235179308016086,1.4235179308016086,2.0,0.0,0.03647334754656729,0.03647334754656729,-5.703589369933702,-14246.9178171129,-14252.621406482835
129,2,0.42216288188665935,-7.698598975124518,1.0,1.0,0.41491674104958187,-14254.032233798811,14256.97328560096,0.0,0.8796774028560321,1.0,0.0,0.03647334754656729,0.03647334754656729,-5.703589369933702,-14246.9178171129,-14252.621406482835
130,2,0.43555524220786296,-7.733586820127664,3.0,1.0,1.0,-14251.144954903179,14253.51137256541,-1.244240682464806,-1.244240682464806,2.0,0.0,0.03647334754656729,0.03647334754656729,-5.812433851585261,-14243.929474648037,-14249.741908499622
131,2,0.44029697918242305,-7.6577145518819405,3.0,1.0,0.6563955971609478,-14251.899632379349,14252.699084723865,0.11055030833813362,0.6239803809476143,2.0,0.0,0.03647334754656729,0.03647334754656729,-5.577952086079815,-14244.921025510317,-14250.498977596397
132,2,0.43446841935469166,-7.7215546936589075,3.0,1.0,0.9875816903172069,-14251.1256770807,14252.096842246363,-0.12540785234887153,-0.12540785234887153,2.0,0.0,0.03647334754656729,0.03647334754656729,-5.774864733030012,-14243.947191188565,-14249.722055921595
133,2,0.424404739845761,-7.684581869165764,3.0,1.0,0.6035491197266096,-14253.167902831943,14253.716276807732,0.750902940879314,0.750902940879314,2.0,0.0,0.03647334754656729,0.03647334754656729,-5.660326690450248,-14246.098157898914,-14251.758484589363
134,2,0.43696893014911997,-7.745993425354265,7.0,1.0,0.9598385905607606,-14251.214186863584,14253.871640938709,-0.7147500396331452,-0.7492563046034775,2.0,0.0,0.03647334754656729,0.03647334754656729,-5.851323843675987,-14243.960549369309,-14249.811873212984
135,2,0.445861742882925,-7.709774081371584,3.0,1.0,1.0,-14251.132025763265,14251.338328469144,-0.0069420989384525456,-0.09303321701918321,2.0,0.0,0.03647334754656729,0.03647334754656729,-5.738221206819851,-14243.995717126101,-14249.733938332922
136,2,0.4463294274201322,-7.709544828716911,1.0,1.0,0.9672208318558088,-14251.199735418111,14251.407413171204,0.03332844160104287,0.03332844160104287,1.0,0.0,0.03647334754656729,0.03647334754656729,-5.737509494413518,-14244.064342547157,-14249.80185204157
137,2,0.4404876915634713,-7.712674772549234,3.0,1.0,0.9988997502841981,-14250.7213216308,14250.975988353346,-0.23817576232249849,-0.23817576232249849,2.0,0.0,0.03647334754656729,0.03647334754656729,-5.747230910953944,-14243.573528191402,-14249.320759102357
138,2,0.43609334682331685,-7.684285055446166,3.0,1.0,0.8615047408789615,-14251.080520589587,14251.276845160488,0.060203685408851015,0.21277147128603247,2.0,0.0,0.03647334754656729,0.03647334754656729,-5.659412722863582,-14244.01834235666,-14249.677755079523
139,2,0.43914122486161744,-7.693082973370921,3.0,1.0,1.0,-14250.886767814472,14251.060528048243,-0.029604878138343338,-0.05896850343924598,2.0,0.0,0.03647334754656729,0.03647334754656729,-5.6865412244458735,-14243.799006226238,-14249.485547450684
140,2,0.43923296146283886,-7.72093931690836,3.0,1.0,0.989522203074792,-14250.730999491747,14250.90343933399,-0.025109377111220965,-0.025109377111220965,2.0,0.0,0.03647334754656729,0.03647334754656729,-5.772947171802499,-14243.556877256431,-14249.329824428234
141,2,0.43923296146283886,-7.72093931690836,1.0,1.0,0.14224462602230012,-14250.730999491747,14252.77122441602,0.0,1.9502069850914268,1.0,0.0,0.03647334754656729,0.03647334754656729,-5.772947171802499,-14243.556877256431,-14249.329824428234
142,2,0.4421403485772962,-7.722351203867061,3.0,1.0,0.9977069904151322,-14250.740214657379,14250.753602330893,0.0010941759373963578,0.003391422847926151,2.0,0.0,0.03647334754656729,0.03647334754656729,-5.777347282317159,-14243.563091589487,-14249.340438871805
143,2,0.4383461689883203,-7.712189679278484,3.0,1.0,0.9975203755467906,-14250.749497154624,14250.768560830156,0.0018729291950876359,0.004540528503639507,2.0,0.0,0.03647334754656729,0.03647334754656729,-5.745723599047918,-14243.60215763705,-14249.347881236097
144,2,0.43580325529432773,-7.715703755849304,1.0,1.0,0.9176016096882357,-14250.92569570958,14250.937478099306,0.08599195893111755,0.08599195893111755,1.0,0.0,0.03647334754656729,0.03647334754656729,-5.756648077821443,-14243.766130994773,-14249.522779072595
145,2,0.44324869969639275,-7.686852703478103,7.0,1.0,0.8686780115409585,-14251.247192305364,14251.982600574798,0.11424038804216252,0.23288376506570785,3.0,0.0,0.03647334754656729,0.03647334754656729,-5.667322102506463,-14244.180609297935,-14249.847931400442
146,2,0.43946718187989203,-7.705516703751039,3.0,1.0,1.0,-14250.754713159622,14251.042985893991,-0.20856438832379354,-0.20856438832379354,2.0,0.0,0.03647334754656729,0.03647334754656729,-5.725012798307092,-14243.628640638502,-14249.35365343681
147,2,0.43678013624546186,-7.691755447765658,3.0,1.0,0.4302148458367305,-14250.94426577058,14252.86000618557,0.03209005152348254,1.8478820339441882,2.0,0.0,0.03647334754656729,0.03647334754656729,-5.682442822315919,-14243.85941241174,-14249.541855234056
148,2,0.43913723208330696,-7.701623255012509,3.0,1.0,0.4852565650960316,-14250.786443487103,14252.539906565651,-0.027401375149565865,1.50736750545002,2.0,0.0,0.03647334754656729,0.03647334754656729,-5.712949337540043,-14243.67227181251,-14249.385221150049
149,2,0.44557710688700064,-7.721645611256478,3.0,1.0,0.9267952801808468,-14250.98784308349,14251.031044319512,0.11380462975466799,0.1188358493236592,2.0,0.0,0.03647334754656729,0.03647334754656729,-5.77514807135556,-14243.814482506054,-14249.58963057741
150,2,0.44049042008808,-7.718515936763586,3.0,1.0,0.9989598375062313,-14250.710478856521,14250.90766553753,-0.12680103236380091,-0.12680103236380091,2.0,0.0,0.03647334754656729,0.03647334754656729,-5.765399415140588,-14243.544518230621,-14249.309917645762
51,3,0.4303404657978989,-7.698797363177785,3.0,1.0,0.6667361728045149,-14251.673252055181,14252.918837613724,-0.0042280579891667,8.475483206260833,2.0,0.0,0.060325910624711626,0.060325910624711626,-5.7042030889280095,-14244.563153958561,-14250.267357047489
52,3,0.44000840358821175,-7.720079348619593,3.0,1.0,0.9952242138325048,-14250.71369356834,14251.405394342915,-0.43471150274490356,-0.43471150274490356,2.0,0.0,0.038999583421222596,0.038999583421222596,-5.770268078927516,-14243.54263053445,-14249.312898613378
53,3,0.44000840358821175,-7.720079348619593,3.0,1.0,0.6074124848297306,-14250.71369356834,14251.45387392329,0.0,0.8831993360072374,1.0,0.0,0.038999583421222596,0.038999583421222596,-5.770268078927516,-14243.54263053445,-14249.312898613378
54,3,0.4425434996408627,-7.710960188627934,3.0,1.0,0.9687136892276191,-14250.80220257239,14250.805798418707,0.0490268440626096,0.0490268440626096,1.0,0.0,0.038999583421222596,0.038999583421222596,-5.74190430345347,-14243.66071094889,-14249.402615252344
55,3,0.44442257899184195,-7.699545935301029,1.0,1.0,0.8483242388314561,-14251.111282646658,14251.178416865398,0.1644923591575207,0.1644923591575207,1.0,0.0,0.038999583421222596,0.038999583421222596,-5.706519172172677,-14244.006036751929,-14249.712555924101
56,3,0.4416198124155959,-7.6886041765436195,3.0,1.0,0.9679036128089348,-14251.062949528527,14251.266855533953,-0.07625633413772448,0.10124583875585813,2.0,0.0,0.038999583421222596,0.038999583421222596,-5.672721120261269,-14243.990207279461,-14249.662928399723
57,3,0.4287081931799756,-7.786966415311286,3.0,1.0,0.2766814411830441,-14254.827704563668,14255.832715915389,2.0236471402658935,2.0236471402658935,2.0,0.0,0.038999583421222596,0.038999583421222596,-5.980852155672325,-14247.440018459476,-14253.420870615148
58,3,0.4231722450918313,-7.730667049523905,3.0,1.0,1.0,-14254.351796974928,14255.828880090608,-0.11334844273915223,-0.723017112697562,2.0,0.0,0.038999583421222596,0.038999583421222596,-5.80330385519078,-14247.13830556032,-14252.941609415511
59,3,0.4231722450918313,-7.730667049523905,3.0,1.0,0.03978672547806824,-14254.351796974928,14260.806013580364,0.0,5.875342204573826,2.0,0.0,0.038999583421222596,0.038999583421222596,-5.80330385519078,-14247.13830556032,-14252.941609415511
60,3,0.4409302415524731,-7.721031536755974,1.0,1.0,1.0,-14250.71413954842,14252.395754584002,-2.0289338597740425,-2.0289338597740425,1.0,0.0,0.038999583421222596,0.038999583421222596,-5.773234511809201,-14243.540555416028,-14249.313789927837
61,3,0.43931182006185027,-7.677420679251492,7.0,1.0,0.589173715552758,-14251.201233495603,14251.953189075637,0.12567491466688807,1.0484282066136075,2.0,0.0,0.038999583421222596,0.038999583421222596,-5.638300079883279,-14244.161797236964,-14249.800097316847
62,3,0.4396914922759036,-7.725955944756706,3.0,1.0,0.8133156411295627,-14250.741538407752,14252.94148026656,-0.09119059866316093,0.41418563825027377,2.0,0.0,0.038999583421222596,0.038999583421222596,-5.788590409271173,-14243.551998306273,-14249.340588715544
63,3,0.4450181400335391,-7.772098152847467,3.0,1.0,0.8631452990686798,-14251.488167915315,14251.809350997726,0.1339699180534808,0.2067576798472146,1.0,0.0,0.038999583421222596,0.038999583421222596,-5.933654906842704,-14244.15605292443,-14250.089707831274
64,3,0.43687082574286995,-7.719002806586445,11.0,1.0,0.48724876038058756,-14250.84885196586,14252.8527178224,-0.08221135203893937,1.7709371730634302,3.0,0.0,0.038999583421222596,0.038999583421222596,-5.766915327755881,-14243.679572679273,-14249.44648800703
65,3,0.4312669823612216,-7.743971534197836,1.0,1.0,0.4789685909261208,-14252.167774068768,14252.32466077627,0.7361202559004596,0.7361202559004596,1.0,0.0,0.038999583421222596,0.038999583421222596,-5.844975484966331,-14244.917426483518,-14250.762401968484
66,3,0.4312669823612216,-7.743971534197836,3.0,1.0,0.33402870886147445,-14252.167774068768,14257.651427549883,0.0,7.017014672175719,1.0,0.0,0.038999583421222596,0.038999583421222596,-5.844975484966331,-14244.917426483518,-14250.762401968484
67,3,0.43279904082968473,-7.691495259563624,3.0,1.0,0.9046239361192381,-14251.29092228415,14252.335784407916,-0.6149943479849753,-0.6149943479849753,2.0,0.0,0.038999583421222596,0.038999583421222596,-5.681639763095182,-14244.2047591407,-14249.886398903796
68,3,0.440970642887095,-7.761193330979932,7.0,1.0,0.9954067766857106,-14251.253697758004,14251.317427183305,-0.04619352090230677,-0.16774126586642524,2.0,0.0,0.038999583421222596,0.038999583421222596,-5.899179579066769,-14243.95418791376,-14249.853367492826
69,3,0.440970642887095,-7.761193330979932,3.0,1.0,0.4702175779267243,-14251.253697758004,14252.701121931255,0.0,1.2556272022666235,1.0,0.0,0.038999583421222596,0.038999583421222596,-5.899179579066769,-14243.95418791376,-14249.853367492826
70,3,0.43523021367100734,-7.732496536278962,3.0,1.0,0.9136500923770758,-14251.169624451082,14251.725819755417,0.09979533329533297,0.10379142538295127,1.0,0.0,0.038999583421222596,0.038999583421222596,-5.809023583816483,-14243.957383617517,-14249.766407201334
71,3,0.4315357916206985,-7.6960838369312725,3.0,1.0,0.906217790325675,-14251.457886278004,14251.940198688151,0.05349947041577252,0.26039519798177935,1.0,0.0,0.038999583421222596,0.038999583421222596,-5.695812131998127,-14244.356852395314,-14250.052664527313
72,3,0.44539477602037786,-7.700088769603869,3.0,1.0,1.0,-14251.223979143128,14251.511911573269,-0.029666135045772535,-0.2634404437667399,2.0,0.0,0.038999583421222596,0.038999583421222596,-5.708199052809819,-14244.117487110872,-14249.825686163682
73,3,0.42590614593301107,-7.681050492880493,3.0,1.0,0.3946897496960758,-14252.737366182264,14253.629512256603,0.5588292671855015,1.3145630410399463,2.0,0.0,0.038999583421222596,0.038999583421222596,-5.649458364368921,-14245.679409158996,-14251.328867523365
74,3,0.45319476065482345,-7.776853734051988,3.0,1.0,0.6239030242066707,-14252.478930597477,14254.085796147432,-0.2957958237857383,1.1607514646984782,2.0,0.0,0.038999583421222596,0.038999583421222596,-5.948726797734269,-14245.135107896722,-14251.083834694457
75,3,0.44639687505032244,-7.771928874539129,1.0,1.0,1.0,-14251.537580889108,14252.180935587705,-0.3442907829066826,-0.3442907829066826,1.0,0.0,0.038999583421222596,0.038999583421222596,-5.933118828961419,-14244.206607961956,-14250.139726790918
76,3,0.44572708191046345,-7.758238626011036,1.0,1.0,1.0,-14251.217846224197,14251.514338897212,-0.048582607985736104,-0.048582607985736104,1.0,0.0,0.038999583421222596,0.038999583421222596,-5.889858826939038,-14243.92984087742,-14249.819699704358
77,3,0.4312698950340349,-7.683033032893377,7.0,1.0,0.897638034400912,-14251.580875514139,14251.646661069855,0.18441488898315583,0.23232947312681063,2.0,0.0,0.038999583421222596,0.038999583421222596,-5.655558385384629,-14244.519946660857,-14250.175505046242
78,3,0.4545321011761216,-7.749344017052052,7.0,1.0,0.6312053108285655,-14252.56997273321,14254.719633677918,0.5994129278387845,0.8704244356813433,2.0,0.0,0.038999583421222596,0.038999583421222596,-5.861853073178386,-14245.313521599131,-14251.17537467231
79,3,0.4545321011761216,-7.749344017052052,1.0,1.0,0.4449945239512893,-14252.56997273321,14254.159004443094,0.0,0.8096933026190527,1.0,0.0,0.038999583421222596,0.038999583421222596,-5.861853073178386,-14245.313521599131,-14251.17537467231
80,3,0.43312491084427895,-7.735938050228133,11.0,1.0,0.9615817708744306,-14251.570777406363,14252.46618422272,-0.3302898362198903,-0.7977600912254275,3.0,0.0,0.038999583421222596,0.038999583421222596,-5.819792243083749,-14244.34663974756,-14250.166431990645
81,3,0.4292033497324227,-7.715941917611998,3.0,1.0,0.8208159398602207,-14252.058404750187,14252.66086843865,0.2426453530060826,0.38875827232186566,1.0,0.0,0.038999583421222596,0.038999583421222596,-5.757388916339873,-14244.894469108303,-14250.651858024643
82,3,0.4436161154224485,-7.731531213716752,7.0,1.0,1.0,-14250.821152732846,14251.655636652064,-0.6859379212874046,-0.6859379212874046,2.0,0.0,0.038999583421222596,0.038999583421222596,-5.806005171054979,-14243.616055083263,-14249.422060254317
83,3,0.4343936444799821,-7.65357813515821,3.0,1.0,0.746239641574349,-14251.935539018225,14253.093337619686,0.16687290066147398,0.4049091518136265,1.0,0.0,0.038999583421222596,0.038999583421222596,-5.56533404548646,-14244.966543904009,-14250.531877949496
84,3,0.43195704106723454,-7.672322709072566,1.0,1.0,1.0,-14251.640191637205,14252.051095147172,-0.010114586732015596,-0.010114586732015596,1.0,0.0,0.038999583421222596,0.038999583421222596,-5.6226508331364045,-14244.612553435214,-14250.23520426835
85,3,0.43195704106723454,-7.672322709072566,3.0,1.0,0.15685986481129446,-14251.640191637205,14257.85503916688,0.0,2.367365638974661,2.0,0.0,0.038999583421222596,0.038999583421222596,-5.6226508331364045,-14244.612553435214,-14250.23520426835
86,3,0.4395388674509943,-7.772138673394594,3.0,1.0,0.955303057907944,-14251.685963329666,14251.884677717231,0.10646794527747261,-0.1993743191997055,2.0,0.0,0.038999583421222596,0.038999583421222596,-5.933783233317591,-14244.351155583072,-14250.284938816389
87,3,0.44129223567238,-7.711193554536972,3.0,1.0,1.0,-14250.744970703607,14251.795974626353,-0.3265846718404646,-0.3265846718404646,2.0,0.0,0.038999583421222596,0.038999583421222596,-5.742629116190542,-14243.602164904858,-14249.344794021048
88,3,0.44129223567238,-7.711193554536972,1.0,1.0,0.13683196841767126,-14250.744970703607,14252.370963338468,0.0,1.9890016138306237,1.0,0.0,0.038999583421222596,0.038999583421222596,-5.742629116190542,-14243.602164904858,-14249.344794021048
89,3,0.44129223567238,-7.711193554536972,1.0,1.0,0.6224135169445818,-14250.744970703607,14251.154942996382,0.0,0.47415058889782813,1.0,0.0,0.038999583421222596,0.038999583421222596,-5.742629116190542,-14243.602164904858,-14249.344794021048
90,3,0.44129223567238,-7.711193554536972,1.0,1.0,0.1779647731001576,-14250.744970703607,14252.097205733697,0.0,1.726169652207318,1.0,0.0,0.038999583421222596,0.038999583421222596,-5.742629116190542,-14243.602164904858,-14249.344794021048
91,3,0.44457940685342745,-7.689988489380758,3.0,1.0,0.7466037506585449,-14251.331154477262,14252.147102196692,0.29396601929147437,0.43158139135994134,2.0,0.0,0.038999583421222596,0.038999583421222596,-5.676990515677879,-14244.25550773794,-14249.932498253618
92,3,0.44457940685342745,-7.689988489380758,1.0,1.0,0.27645504437086543,-14251.331154477262,14252.762704414035,0.0,1.2857070594091056,1.0,0.0,0.038999583421222596,0.038999583421222596,-5.676990515677879,-14244.25550773794,-14249.932498253618
93,3,0.43653579267303183,-7.736452184722916,7.0,1.0,0.9744407931068438,-14251.07593147364,14251.316244067119,-0.11875353912546416,-0.28875960911318543,2.0,0.0,0.038999583421222596,0.038999583421222596,-5.821402011005054,-14243.851993088807,-14249.673395099811
94,3,0.43653579267303183,-7.736452184722916,1.0,1.0,0.06906616843381529,-14251.07593147364,14253.493209236563,0.0,2.672690271087049,1.0,0.0,0.038999583421222596,0.038999583421222596,-5.821402011005054,-14243.851993088807,-14249.673395099811
95,3,0.44468678639840403,-7.7338610057499535,7.0,1.0,0.7024107054764437,-14250.896711091214,14251.61292155369,-0.12947373875977064,0.7076325719699526,2.0,0.0,0.038999583421222596,0.038999583421222596,-5.813291656035751,-14243.684811364164,-14249.4981030202
96,3,0.4439830905585604,-7.741737260213186,3.0,1.0,0.8704358917039294,-14250.906798148568,14252.232649630318,-0.01950161515196669,0.24238953271196806,2.0,0.0,0.038999583421222596,0.038999583421222596,-5.837965038761159,-14243.669907735673,-14249.507872774435
97,3,0.43708296831510035,-7.7013262826083295,3.0,1.0,0.9962616286209501,-14250.842463672796,14250.955591290249,-0.008888283193300595,-0.031238746605595225,2.0,0.0,0.038999583421222596,0.038999583421222596,-5.712029820524009,-14243.728178579273,-14249.440208399797
98,3,0.4471840365234125,-7.77885520058711,3.0,1.0,0.8612211077630366,-14251.75992434565,14251.841602232224,0.16373109812593611,0.1724823974273022,2.0,0.0,0.038999583421222596,0.038999583421222596,-5.95507681914986,-14244.407332342762,-14250.362409161911
99,3,0.4444830956547731,-7.743091836354806,3.0,1.0,0.7790188262862725,-14250.944897781072,14252.310316209203,-0.13692641202942468,0.5262878015055321,2.0,0.0,0.038999583421222596,0.038999583421222596,-5.842214675124756,-14243.703983611671,-14249.546198286796
100,3,0.43631313053121007,-7.736331961027145,5.0,1.0,0.47843757608531484,-14251.09900586036,14252.54837752237,0.1505083278498205,1.7671260834104032,2.0,0.0,0.038999583421222596,0.038999583421222596,-5.821025563937533,-14243.875328814667,-14249.696354378604
101,3,0.44412856603296685,-7.760585658292866,3.0,1.0,0.9750079241794425,-14251.197197898458,14251.472734003792,-0.1179937705383054,-0.14221374505541462,1.0,0.0,0.038999583421222596,0.038999583421222596,-5.897261934634858,-14243.901076523152,-14249.798338457787
102,3,0.4266460429330733,-7.76183515757129,3.0,1.0,0.42671012976460293,-14254.244855790967,14254.633858863384,1.8616945700214274,1.8616945700214274,1.0,0.0,0.038999583421222596,0.038999583421222596,-5.901205404614852,-14246.93559781071,-14252.836803215325
103,3,0.44480228880030664,-7.63474548600008,7.0,1.0,0.7292537682296436,-14253.73935438149,14255.880533703257,-0.7647778051741625,1.8933909654442687,2.0,0.0,0.038999583421222596,0.038999583421222596,-5.508101782426039,-14246.832696216412,-14252.340797998839
104,3,0.4416710092923797,-7.798481167610867,3.0,1.0,0.37805476228726903,-14252.55863118912,14256.22478898276,-0.6139783162707317,3.1994629080490995,2.0,0.0,0.038999583421222596,0.038999583421222596,-6.0175560458809825,-14245.141078245062,-14251.158634290943
105,3,0.43904392375545065,-7.775581736678933,3.0,1.0,0.9855034518821905,-14251.86048592723,14252.755506037154,-0.09859051311650546,-0.09859051311650546,2.0,0.0,0.038999583421222596,0.038999583421222596,-5.944693233581628,-14244.51452420486,-14250.459217438442
106,3,0.4441854899985181,-7.717695450727187,3.0,1.0,1.0,-14250.874359731446,14251.822843575344,-0.3261883284776559,-0.3261883284776559,2.0,0.0,0.038999583421222596,0.038999583421222596,-5.762845295024263,-14243.712680747398,-14249.475526042423
107,3,0.44527168706276266,-7.701298983214094,7.0,1.0,0.8601810846958574,-14251.185325761986,14251.324682434455,0.17231549019015802,0.27775747423766006,2.0,0.0,0.038999583421222596,0.038999583421222596,-5.7119452977107406,-14244.075033002553,-14249.786978300264
108,3,0.4365898936536455,-7.717391978346072,11.0,1.0,0.9143406297819159,-14250.86316397025,14251.463506977627,-0.17891050825710408,0.3055233392806258,3.0,0.0,0.038999583421222596,0.038999583421222596,-5.761900775618635,-14243.698754726096,-14249.460655501714
109,3,0.4319398514704239,-7.7130750177729706,1.0,1.0,0.7390946985863339,-14251.4437236061,14251.55275269417,0.30232922201321344,0.30232922201321344,1.0,0.0,0.038999583421222596,0.038999583421222596,-5.748474754920574,-14244.290251947472,-14250.038726702393
110,3,0.43512871946350384,-7.7100348820828275,1.0,1.0,1.0,-14250.974087042909,14251.328642667258,-0.25852918026430416,-0.25852918026430416,1.0,0.0,0.038999583421222596,0.038999583421222596,-5.739030923732404,-14243.831785338472,-14249.570816262205
111,3,0.43705718848488145,-7.716122742074572,1.0,1.0,1.0,-14250.822408528347,14250.970960262206,-0.06747063230068306,-0.06747063230068306,1.0,0.0,0.038999583421222596,0.038999583421222596,-5.757951436315178,-14243.662188631553,-14249.420140067868
112,3,0.44296574134961625,-7.732352242400505,3.0,1.0,0.8306279688670694,-14250.795647227565,14251.07007816744,-0.03647638895017735,0.309043208922958,2.0,0.0,0.038999583421222596,0.038999583421222596,-5.80857234017856,-14243.587683506874,-14249.396255847052
113,3,0.44296574134961625,-7.732352242400505,3.0,1.0,0.7908139906242075,-14250.795647227565,14251.177492200579,0.0,0.36006276436637563,1.0,0.0,0.038999583421222596,0.038999583421222596,-5.80857234017856,-14243.587683506874,-14249.396255847052
114,3,0.44624523233967084,-7.728825707946266,3.0,1.0,0.9135251636046919,-14251.037278921207,14251.06051178599,0.13006104081432568,0.13168025594495703,2.0,0.0,0.038999583421222596,0.038999583421222596,-5.797550443134572,-14243.841808500405,-14249.63935894354
115,3,0.43971645699110495,-7.773854932906072,11.0,1.0,0.8771262339715339,-14251.728739804752,14252.00783756673,0.1899724338472879,0.3669904026482982,3.0,0.0,0.038999583421222596,0.038999583421222596,-5.93922004588001,-14244.388582286556,-14250.327802332436
116,3,0.4305195260324629,-7.708635395912707,3.0,1.0,0.8089282015530802,-14251.681781757026,14253.339887295164,0.12567579324604594,0.6071825601375167,1.0,0.0,0.038999583421222596,0.038999583421222596,-5.734686687810894,-14244.541301686755,-14250.275988374566
117,3,0.4283541081701743,-7.694589762536014,1.0,1.0,0.8726871827086118,-14252.095856099897,14252.572622058135,0.1361781118594081,0.1361781118594081,1.0,0.0,0.038999583421222596,0.038999583421222596,-5.691195193183446,-14244.997620287248,-14250.688815480431
118,3,0.4322293878698117,-7.595851503764996,3.0,1.0,0.3693545657909507,-14255.099729175447,14258.344583880087,0.23693743190960959,2.366683800910323,2.0,0.0,0.038999583421222596,0.038999583421222596,-5.391025905454574,-14248.303866635055,-14253.694892540509
119,3,0.4366772789999229,-7.723534192791314,3.0,1.0,1.0,-14250.896819799216,14254.660374704268,-0.824556410592777,-0.8923668663865101,2.0,0.0,0.038999583421222596,0.038999583421222596,-5.781035572667601,-14243.71332077948,-14249.494356352146
120,3,0.4366772789999229,-7.723534192791314,1.0,1.0,0.6046633802800664,-14250.896819799216,14251.438454137406,0.0,0.5030833720284136,1.0,0.0,0.038999583421222596,0.038999583421222596,-5.781035572667601,-14243.71332077948,-14249.494356352146
121,3,0.4366772789999229,-7.723534192791314,3.0,1.0,0.7871430191994406,-14250.896819799216,14252.322681956113,0.0,0.29642327717556327,1.0,0.0,0.038999583421222596,0.038999583421222596,-5.781035572667601,-14243.71332077948,-14249.494356352146
122,3,0.4408488895892554,-7.690115113714434,3.0,1.0,0.9984723201306154,-14250.98662125021,14251.062959108207,-0.009358973056805553,-0.018888548842369346,2.0,0.0,0.038999583421222596,0.038999583421222596,-5.677381136756919,-14243.908851477587,-14249.586232614343
123,3,0.4408488895892554,-7.690115113714434,3.0,1.0,0.19823207454918698,-14250.98662125021,14258.11105041741,0.0,1.911071604319659,2.0,0.0,0.038999583421222596,0.038999583421222596,-5.677381136756919,-14243.908851477587,-14249.586232614343
124,3,0.4483343192822516,-7.7486085777963725,3.0,1.0,0.8264513406101308,-14251.348579905854,14252.27971298558,0.13309171302898903,0.28590990315751696,1.0,0.0,0.038999583421222596,0.038999583421222596,-5.859540994751791,-14244.09200976757,-14249.951550762322
125,3,0.4389229955678021,-7.744516923395787,3.0,1.0,1.0,-14251.004595486671,14251.45730851111,-0.08873543872323353,-0.09696925114076294,2.0,0.0,0.038999583421222596,0.038999583421222596,-5.846687502040847,-14243.756579574532,-14249.603267076573
126,3,0.4287263031615819,-7.721972131228043,7.0,1.0,0.6344822955180031,-14252.279362883104,14252.744290184433,0.7404181239417085,0.959389847881539,2.0,0.0,0.038999583421222596,0.038999583421222596,-5.776165716130447,-14245.096373760147,-14250.872539476277
127,3,0.43840739304610027,-7.728284014511554,3.0,1.0,1.0,-14250.812349326623,14251.639873923135,-0.8104696816881187,-0.8104696816881187,1.0,0.0,0.038999583421222596,0.038999583421222596,-5.795858526161915,-14243.614905530058,-14249.41076405622
128,3,0.4293287362083888,-7.674037044171595,3.0,1.0,0.6765934421139462,-14252.01811992153,14252.649802458705,0.35390189927966276,0.4533013276886777,2.0,0.0,0.038999583421222596,0.038999583421222596,-5.627910429833218,-14244.983735167792,-14250.611645597626
129,3,0.4406441655062485,-7.664538107419338,3.0,1.0,1.0,-14251.670206834153,14252.08450152704,-0.10859957718093938,-0.30780312484057504,2.0,0.0,0.038999583421222596,0.038999583421222596,-5.598804572545947,-14244.670915198532,-14250.269719771079
130,3,0.4406336959028811,-7.636915684739457,1.0,1.0,0.6609870547117878,-14252.917935049154,14253.146885986052,0.4140210237219435,0.4140210237219435,1.0,0.0,0.038999583421222596,0.038999583421222596,-5.514678917804258,-14246.002764025301,-14251.517442943104
131,3,0.43214114533261194,-7.6585010273946414,3.0,1.0,1.0,-14251.94253760503,14252.63373760624,-0.46620255494781304,-0.6971189534251607,2.0,0.0,0.038999583421222596,0.038999583421222596,-5.58035314674689,-14244.957299053043,-14250.53765219979
132,3,0.43214114533261194,-7.6585010273946414,1.0,1.0,0.04368773565457248,-14251.94253760503,14254.924446235675,0.0,3.1306878649065766,1.0,0.0,0.038999583421222596,0.038999583421222596,-5.58035314674689,-14244.957299053043,-14250.53765219979
133,3,0.4372905548557461,-7.714682272744974,3.0,1.0,0.45892173247199647,-14250.802999505253,14253.342387521174,-0.19167130671121413,1.8460828862262133,2.0,0.0,0.038999583421222596,0.038999583421222596,-5.753471242048246,-14243.64737897635,-14249.400850218397
134,3,0.4372905548557461,-7.714682272744974,1.0,1.0,0.2779072539057186,-14250.802999505253,14251.928797307079,0.0,1.2804678399988916,1.0,0.0,0.038999583421222596,0.038999583421222596,-5.753471242048246,-14243.64737897635,-14249.400850218397
135,3,0.4439221068329346,-7.694724375587708,3.0,1.0,0.7602363562731206,-14251.14576178048,14252.079593275437,0.1725303230305144,0.411224089888492,2.0,0.0,0.038999583421222596,0.038999583421222596,-5.691611078440948,-14244.055197636118,-14249.746808714559
136,3,0.4333746931859174,-7.678471102805096,3.0,1.0,0.6750542721715433,-14251.374754374083,14252.198592495413,-0.06254901149441139,0.680667287138931,2.0,0.0,0.038999583421222596,0.038999583421222596,-5.641527795858795,-14244.329016967038,-14249.970544762897
137,3,0.4404794782699835,-7.757879921147823,3.0,1.0,1.0,-14251.195796999695,14251.474150846114,-0.006902236835230724,-0.13504932119394653,2.0,0.0,0.038999583421222596,0.038999583421222596,-5.888727870290147,-14243.90650263415,-14249.79523050444
138,3,0.44907304674982407,-7.709752970144563,3.0,1.0,0.62898658694684,-14251.671407140351,14253.137499792216,0.3786213987132214,0.8169840179853054,2.0,0.0,0.038999583421222596,0.038999583421222596,-5.738155665045048,-14244.53652870862,-14250.274684373666
139,3,0.42932295223845335,-7.708139853981936,3.0,1.0,0.9716217154554535,-14251.939558800952,14251.941077633199,0.08897860558863613,-0.5068050343506911,2.0,0.0,0.038999583421222596,0.038999583421222596,-5.73314891344959,-14244.799932226711,-14250.533081140162
140,3,0.4359667061553564,-7.762942149180782,3.0,1.0,1.0,-14251.829674920207,14252.07874562834,-0.1040145469160052,-0.348522252343173,2.0,0.0,0.038999583421222596,0.038999583421222596,-5.904700418967585,-14244.522143103075,-14250.426843522042
141,3,0.4359667061553564,-7.762942149180782,5.0,1.0,0.2881079189109831,-14251.829674920207,14255.914615226586,0.0,4.900858700766548,2.0,0.0,0.038999583421222596,0.038999583421222596,-5.904700418967585,-14244.522143103075,-14250.426843522042
142,3,0.437861975803727,-7.6389505583478785,3.0,1.0,0.6907688226281651,-14252.571476250807,14253.456900334453,-0.06719863936268666,0.8181851621375245,2.0,0.0,0.038999583421222596,0.038999583421222596,-5.520850207062419,-14245.648766637156,-14251.169616844218
143,3,0.437861975803727,-7.6389505583478785,1.0,1.0,0.32819678785885753,-14252.571476250807,14254.76447924654,0.0,1.1141418875195086,1.0,0.0,0.038999583421222596,0.038999583421222596,-5.520850207062419,-14245.648766637156,-14251.169616844218
144,3,0.44659606748108405,-7.63516405281434,1.0,1.0,0.3584223687562192,-14254.132191314098,14254.847301942536,1.0260431870046887,1.0260431870046887,1.0,0.0,0.038999583421222596,0.038999583421222596,-5.509369949707016,-14247.225053513766,-14252.734423463473
145,3,0.4423813674544999,-7.66483248981587,3.0,1.0,0.955268093103416,-14251.833765372252,14253.470980240103,-1.0878084157920966,-1.0878084157920966,2.0,0.0,0.038999583421222596,0.038999583421222596,-5.59970523993703,-14244.834397181208,-14250.434102421144
146,3,0.43959067229113913,-7.7853099970261175,3.0,1.0,0.9756520574943647,-14252.184351489763,14252.43898999436,0.07584899340872653,-0.4134566913908202,2.0,0.0,0.038999583421222596,0.038999583421222596,-5.975583142079161,-14244.807769252455,-14250.783352394534
147,3,0.43916888692177947,-7.767337591495917,1.0,1.0,1.0,-14251.562106826266,14252.240530552015,-0.18378778073747526,-0.18378778073747526,1.0,0.0,0.038999583421222596,0.038999583421222596,-5.91858988343272,-14244.242310246205,-14250.160900129638
148,3,0.43916888692177947,-7.767337591495917,3.0,1.0,0.3490113201289955,-14251.562106826266,14255.327959323604,0.0,3.8049862928255607,1.0,0.0,0.038999583421222596,0.038999583421222596,-5.91858988343272,-14244.242310246205,-14250.160900129638
149,3,0.4420699100309958,-7.722434696101482,5.0,1.0,0.4806686889633056,-14250.737938390992,14252.979307851305,-0.3009594925715646,2.120168766547067,2.0,0.0,0.038999583421222596,0.038999583421222596,-5.7776075462109135,-14243.560521991616,-14249.338129537828
150,3,0.4420699100309958,-7.722434696101482,1.0,1.0,0.8510597379856959,-14250.737938390992,14250.882666523594,0.0,0.1612729554744874,1.0,0.0,0.038999583421222596,0.038999583421222596,-5.7776075462109135,-14243.560521991616,-14249.338129537828
51,4,0.440623177174139,-7.7242404851185285,1.0,1.0,0.6416436727885488,-14250.72031781662,14250.733728829307,0.0,0.4437221561856859,1.0,0.0,0.08313878621366745,0.08313878621366745,-5.783238298663492,-14243.536582344348,-14249.319820643012
52,4,0.4361112743418321,-7.730915873073864,1.0,1.0,0.8554088453416954,-14251.037333347436,14251.03994595032,0.15617574265161238,0.15617574265161238,1.0,0.0,0.03637366965800443,0.03637366965800443,-5.80408158337233,-14243.830495570368,-14249.63457715374
53,4,0.43449494497530544,-7.701678588086599,3.0,1.0,0.979592848660166,-14251.042384317632,14251.37492956697,-0.04494720291404519,0.06317566786492534,1.0,0.0,0.03637366965800443,0.03637366965800443,-5.7131206753380015,-14243.9256566294,-14249.638777304739
54,4,0.4452384130186204,-7.757837413619869,3.0,1.0,0.8902977948259251,-14251.18420513823,14252.412175050393,-0.014451768534854637,0.2507735977615084,1.0,0.0,0.03637366965800443,0.03637366965800443,-5.888593857296395,-14243.897249069707,-14249.785842927004
55,4,0.44503334252166543,-7.731404121198406,3.0,1.0,0.9859804207228596,-14250.917369539915,14251.282541095361,-0.005447716321214102,-0.06512377126637148,2.0,0.0,0.03637366965800443,0.03637366965800443,-5.80560784203496,-14243.713308381617,-14249.518916223651
56,4,0.44503334252166543,-7.731404121198406,1.0,1.0,0.355661875126181,-14250.917369539915,14252.055489878092,0.0,1.0337747884368582,1.0,0.0,0.03637366965800443,0.03637366965800443,-5.80560784203496,-14243.713308381617,-14249.518916223651
57,4,0.4398120785879233,-7.698377909545259,3.0,1.0,0.9765153780502059,-14250.824623339895,14251.275571662802,-0.04918274722149363,0.06664164359790448,1.0,0.0,0.03637366965800443,0.03637366965800443,-5.702905543741533,-14243.720827081139,-14249.42373262488
58,4,0.44244631318639394,-7.747315312718137,7.0,1.0,0.5826594726967756,-14250.93720721707,14252.303026141806,0.019745199308090378,1.2710004261425638,2.0,0.0,0.03637366965800443,0.03637366965800443,-5.855476531921362,-14243.682098056053,-14249.537574587976
59,4,0.4426878458090385,-7.728080239713032,3.0,1.0,0.7106632550756057,-14250.768077490726,14251.571440122478,-0.024100850945615093,0.5863210883799184,2.0,0.0,0.03637366965800443,0.03637366965800443,-5.79522213503283,-14243.573335185802,-14249.368557320835
60,4,0.4429804873864782,-7.758668449537518,7.0,1.0,0.9277768330429254,-14251.145005735956,14251.267677246218,0.061291115096537396,0.12488178058083577,3.0,0.0,0.03637366965800443,0.03637366965800443,-5.891214182309301,-14243.854406989161,-14249.74562117147
61,4,0.4390149677750102,-7.774360842995221,1.0,1.0,0.7649060001401605,-14251.818752300336,14251.847060389164,0.26800232833920745,0.26800232833920745,1.0,0.0,0.03637366965800443,0.03637366965800443,-5.940823243435315,-14244.476646231231,-14250.417469474667
62,4,0.43818183765996,-7.6961316421364305,3.0,1.0,0.9579033866918305,-14250.851667813713,14252.747031391824,-0.35076411780755734,-0.35076411780755734,2.0,0.0,0.03637366965800443,0.03637366965800443,-5.695959894902005,-14243.75400958253,-14249.449969477431
63,4,0.4363188900168888,-7.708586564816018,3.0,1.0,0.9770170969746049,-14250.865571824801,14250.935916020575,0.03410817513031361,0.03605800657169311,2.0,0.0,0.03637366965800443,0.03637366965800443,-5.734535143393396,-14243.728388182335,-14249.46292332573
64,4,0.439889468396872,-7.771405914840085,3.0,1.0,0.8439343547810911,-14251.629064223422,14251.904431431145,0.21350864316991647,0.21350864316991647,2.0,0.0,0.03637366965800443,0.03637366965800443,-5.931462878534132,-14244.296748416204,-14250.228211294738
65,4,0.42924358523496564,-7.747688410563107,3.0,1.0,0.5715657822140704,-14252.819199402544,14254.376235371677,0.7503985304701928,1.026387101284854,2.0,0.0,0.03637366965800443,0.03637366965800443,-5.856648929097729,-14245.556026995557,-14251.412675924654
66,4,0.45029468746530654,-7.675334824207151,3.0,1.0,0.9854646511196115,-14252.99048214474,14253.068987452922,0.04458536571110017,-0.953297943708094,2.0,0.0,0.03637366965800443,0.03637366965800443,-5.631893986090058,-14245.9623621694,-14251.594256155491
67,4,0.44851607509317126,-7.711325074066709,3.0,1.0,0.988787588758362,-14251.53583884035,14252.937188083393,-0.6695739489859989,-0.6695739489859989,2.0,0.0,0.03637366965800443,0.03637366965800443,-5.7430376275720185,-14244.395847867892,-14250.138885495464
68,4,0.4333752738368805,-7.738657013326047,3.0,1.0,0.99272900262704,-14251.584701883881,14251.765205823203,0.022054412624129327,-0.24802592674859625,2.0,0.0,0.03637366965800443,0.03637366965800443,-5.828308381754917,-14244.352184206022,-14250.180492587777
69,4,0.43637760300426753,-7.738553952968383,3.0,1.0,1.0,-14251.131126791368,14251.55747457904,-0.22974229561441462,-0.25871667884166527,2.0,0.0,0.03637366965800443,0.03637366965800443,-5.827985448792475,-14243.900523233486,-14249.728508682278
70,4,0.44967792621644187,-7.747972638963476,3.0,1.0,0.976115029900296,-14251.540047164663,14251.714613283499,0.07435175141836226,0.07435175141836226,2.0,0.0,0.03637366965800443,0.03637366965800443,-5.857542162418722,-14244.286029746809,-14250.143571909228
71,4,0.4384681091707976,-7.7575593505236675,3.0,1.0,0.9276307806200643,-14251.340780826316,14252.08568596512,-0.04860040682615363,0.18380584756050666,2.0,0.0,0.03637366965800443,0.03637366965800443,-5.887717255545328,-14244.051508663226,-14249.939225918772
72,4,0.43314474893196014,-7.731994800332822,3.0,1.0,0.8875619925295837,-14251.487515193434,14252.057245734824,0.15966725854377728,0.21040182562683185,2.0,0.0,0.03637366965800443,0.03637366965800443,-5.80745461764071,-14244.275725965126,-14250.083180582767
73,4,0.4418711417920785,-7.651520311315479,3.0,1.0,0.8201516325326215,-14252.331543095166,14252.9198791782,0.12230332599392568,0.24647866598934343,2.0,0.0,0.03637366965800443,0.03637366965800443,-5.559063076245769,-14245.372577630533,-14250.931640706778
74,4,0.4373351649092016,-7.672349576529286,1.0,1.0,1.0,-14251.299972492921,14251.96537744642,-0.40441933415240783,-0.40441933415240783,1.0,0.0,0.03637366965800443,0.03637366965800443,-5.622733240085002,-14244.275112695066,-14249.897845935151
75,4,0.4415320560410665,-7.742505640007053,3.0,1.0,0.7402263399311587,-14250.870418435617,14251.876113056484,-0.06809962432635075,0.5295619455773704,2.0,0.0,0.03637366965800443,0.03637366965800443,-5.840375408726857,-14243.629980313639,-14249.470355722366
76,4,0.4362523616109858,-7.7681580714683385,3.0,1.0,0.6520212199658254,-14251.96828664993,14253.173032851197,0.46268861934004235,0.6225567864657933,2.0,0.0,0.03637366965800443,0.03637366965800443,-5.921184715052077,-14244.644418965547,-14250.5656036806
77,4,0.4324091633070192,-7.724780889499462,7.0,1.0,0.9810294729393948,-14251.498029733422,14252.662005207236,-0.11150499187715468,-0.18617250804163632,2.0,0.0,0.03637366965800443,0.03637366965800443,-5.784924003936028,-14244.308368250004,-14250.09329225394
78,4,0.4546096484632948,-7.7699012173558355,3.0,1.0,0.9374067643871723,-14252.685198171743,14252.939200746765,0.20798367861789302,0.20798367861789302,2.0,0.0,0.03637366965800443,0.03637366965800443,-5.926699783655647,-14245.363928745026,-14251.29062852868
79,4,0.4433157211941441,-7.611797186306313,3.0,1.0,0.690760917407279,-14255.008989482618,14255.580355335123,0.7599718292840407,0.7599718292840407,2.0,0.0,0.03637366965800443,0.03637366965800443,-5.438841492725947,-14248.170917891874,-14253.609759384599
80,4,0.4242793902720148,-7.695547993050615,3.0,1.0,1.0,-14253.249677288539,14255.591057716943,-0.3120732507977664,-1.3531188056567771,2.0,0.0,0.03637366965800443,0.03637366965800443,-5.6941560283969626,-14246.146025370188,-14251.840181398586
81,4,0.43361145832886844,-7.727490980163512,3.0,1.0,0.9547531179719927,-14251.330225436905,14254.241557260451,-0.7502123232970916,-0.7502123232970916,2.0,0.0,0.03637366965800443,0.03637366965800443,-5.793382104074788,-14244.132761962752,-14249.926144066827
82,4,0.4315216535248776,-7.700040106264161,3.0,1.0,0.9730646864499818,-14251.457473530789,14251.891218444143,-0.013340634088308434,0.08425801531666366,1.0,0.0,0.03637366965800443,0.03637366965800443,-5.708048444919476,-14244.344195442742,-14250.052243887661
83,4,0.4408903796950235,-7.749121123323175,7.0,1.0,0.42886001746564034,-14250.989755768322,14259.76548846919,-0.24998698184390378,7.670461902293027,3.0,0.0,0.03637366965800443,0.03637366965800443,-5.861152281389751,-14243.728234756049,-14249.589387037438
84,4,0.4360467445111882,-7.7075085676065145,3.0,1.0,0.9942464535939898,-14250.88754994391,14251.065718295076,-0.0045881833029852714,-0.026924957834125962,2.0,0.0,0.03637366965800443,0.03637366965800443,-5.731190250236083,-14243.753569953216,-14249.484760203453
85,4,0.4485305723139457,-7.694902348075727,3.0,1.0,0.7105193864495888,-14251.888222047943,14252.309140717696,0.5080200935663015,0.5685247119345149,2.0,0.0,0.03637366965800443,0.03637366965800443,-5.692160949924043,-14244.799113787241,-14250.491274737165
86,4,0.452759105830943,-7.736720762052775,3.0,1.0,0.9224047968955329,-14252.169909089152,14253.167340383523,0.04286642064289481,0.15628192542317265,1.0,0.0,0.03637366965800443,0.03637366965800443,-5.8222430384302,-14244.952404798603,-14250.774647837034
87,4,0.4435344060491394,-7.781338343942302,3.0,1.0,0.9792392547978488,-14251.765028052572,14252.379882050514,-0.40943162174335157,-0.541176645872838,2.0,0.0,0.03637366965800443,0.03637366965800443,-5.9629606170057965,-14244.402937597828,-14250.365898214834
88,4,0.44230682314774594,-7.708581309246137,3.0,1.0,0.9375481204135013,-14250.80840827258,14252.573746349535,-0.17605275679125043,-0.17605275679125043,1.0,0.0,0.03637366965800443,0.03637366965800443,-5.7345188331855566,-14243.674191641581,-14249.408710474767
89,4,0.44230682314774594,-7.708581309246137,3.0,1.0,0.33916159139841545,-14250.80840827258,14254.486125181933,0.0,1.8727606843549438,2.0,0.0,0.03637366965800443,0.03637366965800443,-5.7345188331855566,-14243.674191641581,-14249.408710474767
90,4,0.44211174739633907,-7.686186006071942,3.0,1.0,0.8674307856379029,-14251.154098134026,14251.761372430195,0.11093935332792171,0.1794602892769035,2.0,0.0,0.03637366965800443,0.03637366965800443,-5.665267775008156,-14244.089041151516,-14249.754308926524
91,4,0.45625068671386493,-7.779423402730864,3.0,1.0,0.6444397563575701,-14253.201299249722,14253.808044639081,0.5729536763974465,0.5729536763974465,2.0,0.0,0.03637366965800443,0.03637366965800443,-5.956880275205595,-14245.850439146054,-14251.80731942126
92,4,0.4384071745144878,-7.794012565053435,3.0,1.0,1.0,-14252.738449419232,14254.030816727602,-0.0620094239275204,-0.6926309779573785,2.0,0.0,0.03637366965800443,0.03637366965800443,-6.0032963924662335,-14245.333567647023,-14251.33686403949
93,4,0.4570624305651449,-7.783067605415467,3.0,1.0,0.9581827545322468,-14253.463670528574,14254.508353494326,0.1340477961130091,-0.43312468403928506,2.0,0.0,0.03637366965800443,0.03637366965800443,-5.968454537406261,-14246.101519764226,-14252.069974301632
94,4,0.4587886458860714,-7.823860071130522,3.0,1.0,0.9908552942050606,-14254.901752684755,14255.418251233634,0.02781746016444231,-0.5715970558994741,2.0,0.0,0.03637366965800443,0.03637366965800443,-6.0989208215637705,-14247.409720818354,-14253.508641639917
95,4,0.4412018474442993,-7.744419195760839,3.0,1.0,1.0,-14250.902495768809,14255.67470858707,-0.8243632763478672,-0.8243632763478672,2.0,0.0,0.03637366965800443,0.03637366965800443,-5.846380705884264,-14243.655895300932,-14249.502276006817
96,4,0.44192515079312494,-7.751946201811194,3.0,1.0,0.9939369567890828,-14251.018272245623,14251.037529107283,0.01835658554409747,-0.026541536377408192,2.0,0.0,0.03637366965800443,0.03637366965800443,-5.870038180084434,-14243.748357124963,-14249.618395305048
97,4,0.44401382679636536,-7.745687572162073,3.0,1.0,0.413246017363384,-14250.950385162234,14253.448476382384,-0.022352088924890268,2.1643938111028547,2.0,0.0,0.03637366965800443,0.03637366965800443,-5.850363259635202,-14243.701110473618,-14249.551473733252
98,4,0.4222296319048538,-7.680879443603404,3.0,1.0,0.5042777060713303,-14253.892945057038,14254.24274920867,1.1775392245763214,1.1775392245763214,2.0,0.0,0.03637366965800443,0.03637366965800443,-5.6489322518949425,-14246.833228067351,-14252.482160319247
99,4,0.43352969777839356,-7.673015403471553,1.0,1.0,1.0,-14251.459638528488,14252.860450328644,-1.102493487074753,-1.102493487074753,1.0,0.0,0.03637366965800443,0.03637366965800443,-5.62477567242275,-14244.430737254792,-14250.055512927214
100,4,0.43352969777839356,-7.673015403471553,1.0,1.0,0.024738775316097323,-14251.459638528488,14255.787936670602,0.0,3.699383415421835,1.0,0.0,0.03637366965800443,0.03637366965800443,-5.62477567242275,-14244.430737254792,-14250.055512927214
101,4,0.44370909239250506,-7.7725258654955525,7.0,1.0,1.0,-14251.487691676179,14251.49400971666,-0.00159313871699851,-0.11586082205940329,3.0,0.0,0.03637366965800443,0.03637366965800443,-5.93500953345876,-14244.15363210768,-14250.08864164114
102,4,0.44806429304358364,-7.772645161931671,3.0,1.0,0.956322110863395,-14251.673371879457,14252.305905109788,0.02742378717266547,-0.14611284465172503,2.0,0.0,0.03637366965800443,0.03637366965800443,-5.935387394819066,-14244.340842226638,-14250.276229621457
103,4,0.43709668211357033,-7.715247714666856,7.0,1.0,0.9354420920524777,-14250.817039642807,14252.562497261582,-0.14086628689983627,0.21721884051294182,2.0,0.0,0.03637366965800443,0.03637366965800443,-5.755229650400981,-14243.659561732327,-14249.41479138273
104,4,0.43977037579944195,-7.704229288598834,3.0,1.0,0.9850295080264616,-14250.765156392601,14251.045914498845,-0.03646344628032239,0.04595124742627377,2.0,0.0,0.03637366965800443,0.03637366965800443,-5.721022193941926,-14243.6432231011,-14249.364245295043
105,4,0.43977037579944195,-7.704229288598834,3.0,1.0,0.48864138714033384,-14250.765156392601,14254.878660687064,0.0,0.7931882716857217,2.0,0.0,0.03637366965800443,0.03637366965800443,-5.721022193941926,-14243.6432231011,-14249.364245295043
106,4,0.4449092855240355,-7.714948877609713,3.0,1.0,0.9217377846798801,-14250.962622319626,14251.069323661575,0.11161943081788195,0.13127880199499486,1.0,0.0,0.03637366965800443,0.03637366965800443,-5.754300288636616,-14243.809813431553,-14249.56411372019
107,4,0.4449092855240355,-7.714948877609713,1.0,1.0,0.37506821518396904,-14250.962622319626,14252.242064772887,0.0,0.9806473623975762,1.0,0.0,0.03637366965800443,0.03637366965800443,-5.754300288636616,-14243.809813431553,-14249.56411372019
108,4,0.43585888278963947,-7.674171645712246,3.0,1.0,0.9461461007095983,-14251.286410096789,14251.889243371672,-0.034053116651193704,0.17621428166785336,1.0,0.0,0.03637366965800443,0.03637366965800443,-5.628323513099169,-14244.255198981378,-14249.883522494478
109,4,0.4331949798124352,-7.768407279012594,3.0,1.0,0.6529602238641958,-14252.578271762477,14252.830569216127,0.7272977373013418,0.7430358288202115,2.0,0.0,0.03637366965800443,0.03637366965800443,-5.921972986547728,-14245.25199150926,-14251.173964495807
110,4,0.4428432621764975,-7.75759996093493,3.0,1.0,1.0,-14251.122714846306,14251.942326244081,-0.7408037789664377,-0.8089688624513656,2.0,0.0,0.03637366965800443,0.03637366965800443,-5.887845276190362,-14243.8354215064,-14249.72326678259
111,4,0.4428432621764975,-7.75759996093493,1.0,1.0,0.5148013872306695,-14251.122714846306,14252.08277056775,0.0,0.663974108565526,1.0,0.0,0.03637366965800443,0.03637366965800443,-5.887845276190362,-14243.8354215064,-14249.72326678259
112,4,0.43243126007524163,-7.716952778087004,3.0,1.0,0.8357451544245137,-14251.393257139502,14251.839830353654,0.24247761281185376,0.324962914975913,2.0,0.0,0.03637366965800443,0.03637366965800443,-5.760533983449587,-14244.227997845226,-14249.988531828676
113,4,0.4378441370702611,-7.715654143683928,1.0,1.0,1.0,-14250.77314654876,14251.126870847142,-0.2929795063610072,-0.2929795063610072,1.0,0.0,0.03637366965800443,0.03637366965800443,-5.7564937587462515,-14243.614784375273,-14249.37127813402
114,4,0.4378441370702611,-7.715654143683928,3.0,1.0,0.6219649674532955,-14250.77314654876,14251.76519108616,0.0,0.8042077882291778,1.0,0.0,0.03637366965800443,0.03637366965800443,-5.7564937587462515,-14243.614784375273,-14249.37127813402
115,4,0.44479825648722016,-7.736499783459175,7.0,1.0,0.8266014932333648,-14250.916240865197,14251.282403696832,0.0294851494145405,0.363716470565123,2.0,0.0,0.03637366965800443,0.03637366965800443,-5.821551057203884,-14243.69613162271,-14249.517682679914
116,4,0.4487746999275549,-7.739860543105045,1.0,1.0,0.8342630383360329,-14251.372715431444,14251.404995050916,0.18120653266123554,0.18120653266123554,1.0,0.0,0.03637366965800443,0.03637366965800443,-5.832080350705681,-14244.143789121315,-14249.97586947202
117,4,0.44207468456030286,-7.651405609759775,3.0,1.0,0.6831750002232191,-14252.363089199733,14254.505377954687,0.23484579641808523,0.49374814513430465,1.0,0.0,0.03637366965800443,0.03637366965800443,-5.558713661725398,-14245.404568927566,-14250.963282589291
118,4,0.45180545593244426,-7.72724287100619,3.0,1.0,0.886224924047129,-14252.022308448319,14253.48496345788,0.08426907070133893,0.30179333662454155,2.0,0.0,0.03637366965800443,0.03637366965800443,-5.792607458472735,-14244.834072343205,-14250.626679801677
119,4,0.45180545593244426,-7.72724287100619,1.0,1.0,0.3938457903950062,-14252.022308448319,14253.558656683927,0.0,0.9317958412357257,1.0,0.0,0.03637366965800443,0.03637366965800443,-5.792607458472735,-14244.834072343205,-14250.626679801677
120,4,0.4411522184301256,-7.69244548913829,3.0,1.0,0.9689413673936177,-14250.95971512817,14252.177818746659,-0.5163790968290414,-0.5163790968290414,1.0,0.0,0.03637366965800443,0.03637366965800443,-5.68457293192525,-14243.87489875187,-14249.559471683795
121,4,0.4450183604842321,-7.702730852226199,3.0,1.0,0.8720907942934217,-14251.12826496584,14251.75217751754,0.12243670415955421,0.23205106477325899,2.0,0.0,0.03637366965800443,0.03637366965800443,-5.716379573717409,-14244.013425406234,-14249.729804979952
122,4,0.4410515017263003,-7.697361324162546,3.0,1.0,0.9940639534085515,-14250.875630220655,14251.088587128494,-0.14696887915488333,-0.1628516129567288,1.0,0.0,0.03637366965800443,0.03637366965800443,-5.699761550706988,-14243.775577101593,-14249.475338652299
123,4,0.4345357220533701,-7.685742964084592,3.0,1.0,0.7001242333041368,-14251.161387841086,14251.869701947086,0.04251545720580907,0.5975785942555376,2.0,0.0,0.03637366965800443,0.03637366965800443,-5.663902853779271,-14244.09389970942,-14249.7578025632
124,4,0.43550319561135425,-7.692605010849114,1.0,1.0,1.0,-14251.0077440006,14251.167264283784,-0.03095183752338926,-0.03095183752338926,1.0,0.0,0.03637366965800443,0.03637366965800443,-5.685065432086981,-14243.919604867227,-14249.604670299315
125,4,0.4290463957948825,-7.696281113074002,1.0,1.0,0.6559418099460268,-14251.940055566602,14251.977939629172,0.42168319832308043,0.42168319832308043,1.0,0.0,0.03637366965800443,0.03637366965800443,-5.6964219149796325,-14244.836996108217,-14250.533418023197
126,4,0.43855023947481087,-7.731657461872833,7.0,1.0,0.9864596980914564,-14250.838112966549,14252.017746621375,-0.4255716215720895,-0.4429437093640445,2.0,0.0,0.03637366965800443,0.03637366965800443,-5.8063998763392695,-14243.630199205192,-14249.436599081531
127,4,0.4473726922965766,-7.75731356120288,3.0,1.0,0.9438286487533721,-14251.332298626938,14251.42527418501,0.07443309799782583,0.07443309799782583,2.0,0.0,0.03637366965800443,0.03637366965800443,-5.886942462159913,-14244.047921445597,-14249.934863907758
128,4,0.44029593017450586,-7.707308957500032,3.0,1.0,0.9633520884770655,-14250.747445019713,14251.889929081424,-0.13193488261640596,-0.13193488261640596,1.0,0.0,0.03637366965800443,0.03637366965800443,-5.730571012063482,-14243.616218716415,-14249.346789728479
129,4,0.44029593017450586,-7.707308957500032,3.0,1.0,0.4026431574483837,-14250.747445019713,14253.301535912631,0.0,1.6544813325745054,2.0,0.0,0.03637366965800443,0.03637366965800443,-5.730571012063482,-14243.616218716415,-14249.346789728479
130,4,0.42592811898817323,-7.717306985757529,7.0,1.0,0.5739966341737194,-14253.00967192457,14253.639468471818,1.0720574223905714,1.173243683295368,3.0,0.0,0.03637366965800443,0.03637366965800443,-5.761636263444252,-14245.839550317149,-14251.601186580592
131,4,0.42592811898817323,-7.717306985757529,3.0,1.0,0.7667952685262988,-14253.00967192457,14255.183125658292,0.0,0.34205709545858554,1.0,0.0,0.03637366965800443,0.03637366965800443,-5.761636263444252,-14245.839550317149,-14251.601186580592
132,4,0.44506376729722663,-7.707331467204382,3.0,1.0,0.9944174736795629,-14251.064395407398,14252.574434267126,-0.9084850956132868,-0.9084850956132868,2.0,0.0,0.03637366965800443,0.03637366965800443,-5.730640840543423,-14243.935314789202,-14249.665955629745
133,4,0.43288315877317113,-7.69936027733213,3.0,1.0,0.9087699085472117,-14251.246056847194,14251.55630899168,0.021410742763691815,0.13582854911510367,2.0,0.0,0.03637366965800443,0.03637366965800443,-5.70594469389049,-14244.135634797438,-14249.841579491329
134,4,0.4219329183040217,-7.683527001698524,1.0,1.0,0.3246592753639699,-14254.004255550919,14254.1993462164,1.1249790300862514,1.1249790300862514,1.0,0.0,0.03637366965800443,0.03637366965800443,-5.657078875620111,-14246.936202377607,-14252.593281253226
135,4,0.43073940716871545,-7.677386488932892,3.0,1.0,1.0,-14251.730603289514,14253.168160386365,-1.0455253744894435,-1.1588155167901277,2.0,0.0,0.03637366965800443,0.03637366965800443,-5.638195039244583,-14244.686739288982,-14250.324934328226
136,4,0.43073940716871545,-7.677386488932892,1.0,1.0,0.3720723006021039,-14251.730603289514,14253.0833508101,0.0,0.9886670871364913,1.0,0.0,0.03637366965800443,0.03637366965800443,-5.638195039244583,-14244.686739288982,-14250.324934328226
137,4,0.43334071086181924,-7.737579512394477,3.0,1.0,0.843502606105028,-14251.566808753721,14252.964965636136,0.15433769839000888,0.3952297963678575,1.0,0.0,0.03637366965800443,0.03637366965800443,-5.824932627283529,-14244.3376480703,-14250.162580697583
138,4,0.4461837826430553,-7.6835600011646585,7.0,1.0,0.9042933047052769,-14251.756013781656,14252.284635420501,0.05098180366985616,0.23184214470165898,2.0,0.0,0.03637366965800443,0.03637366965800443,-5.657180460296084,-14244.700886593333,-14250.358067053628
139,4,0.4396012845320706,-7.71644241455929,3.0,1.0,0.9899789481745301,-14250.715749833691,14251.60672871286,-0.4672512165052467,-0.4672512165052467,2.0,0.0,0.03637366965800443,0.03637366965800443,-5.75894597334387,-14243.555809969244,-14249.314755942589
140,4,0.44845538926888484,-7.787275781418421,3.0,1.0,0.6101845510387153,-14252.086613113639,14252.658802575275,0.22337450502891443,0.6656433294883755,2.0,0.0,0.03637366965800443,0.03637366965800443,-5.98183654343918,-14244.707797947509,-14250.689634490947
141,4,0.4449699047251838,-7.779560049110718,1.0,1.0,1.0,-14251.700076102883,14252.09436839817,-0.04895970842335373,-0.04895970842335373,1.0,0.0,0.03637366965800443,0.03637366965800443,-5.957314034752519,-14244.344280498211,-14250.301594532964
142,4,0.4415275882098314,-7.711619888076709,7.0,1.0,0.9799858304499198,-14250.750205893399,14251.671285848955,-0.1491221830347058,-0.1563637199869845,2.0,0.0,0.03637366965800443,0.03637366965800443,-5.743953409007904,-14243.606187652285,-14249.350141061293
143,4,0.4434442550982933,-7.703498559418151,1.0,1.0,0.9113903366574169,-14250.948834697305,14250.966308986413,0.09278400295443134,0.09278400295443134,1.0,0.0,0.03637366965800443,0.03637366965800443,-5.718757888005553,-14243.83090568829,-14249.549663576296
144,4,0.44099154142780667,-7.767959802761267,7.0,1.0,0.9717974166914148,-14251.440345934983,14251.526896010868,0.07416404602008697,0.07416404602008697,2.0,0.0,0.03637366965800443,0.03637366965800443,-5.920557613188779,-14244.119468063313,-14250.0400256765
145,4,0.42767925350365976,-7.717053988480374,3.0,1.0,0.6148397516108554,-14252.477268631856,14253.96573894055,0.627488129059202,0.8809589622705971,1.0,0.0,0.03637366965800443,0.03637366965800443,-5.760848933311588,-14245.308982227356,-14251.069831160668
146,4,0.43652119742483625,-7.702337204006469,1.0,1.0,1.0,-14250.868156542052,14251.726105249192,-0.7900302320776973,-0.7900302320776973,1.0,0.0,0.03637366965800443,0.03637366965800443,-5.715160301955098,-14243.750452333827,-14249.465612635782
147,4,0.43245474329532557,-7.715487795072698,3.0,1.0,0.846394152988584,-14251.37474692826,14251.441673311305,0.2656515084072453,0.2656515084072453,2.0,0.0,0.03637366965800443,0.03637366965800443,-5.755976347895566,-14244.214058197193,-14249.970034545087
148,4,0.4349508831383179,-7.767508905977155,3.0,1.0,0.7628070911172017,-14252.173281000174,14253.080231694077,0.3056175272886321,0.35723026676532754,1.0,0.0,0.03637366965800443,0.03637366965800443,-5.919131623175709,-14244.850784591288,-14250.769916214464
149,4,0.45640351457789147,-7.76801345232786,3.0,1.0,0.9180132011118255,-14253.124649336964,14253.882213828372,0.18462995371555735,0.18462995371555735,2.0,0.0,0.03637366965800443,0.03637366965800443,-5.9207272969200835,-14245.809996017571,-14251.730723314491
150,4,0.4496375945091299,-7.705348145006125,3.0,1.0,0.9854977390098657,-14251.877597234163,14254.292232504591,-0.22930793056366383,-0.22930793056366383,2.0,0.0,0.03637366965800443,0.03637366965800443,-5.724490221995286,-14244.756615347276,-14250.481105569272
51,5,0.4440327631251073,-7.722217628229053,3.0,1.0,0.031881097886709585,-14250.8429566213,14252.102342686698,0.0,9.810950452416364,1.0,0.0,0.05079765809845493,0.05079765809845493,-5.776930911795136,-14243.667122868103,-14249.444053779898
52,5,0.4440327631251073,-7.722217628229053,3.0,1.0,0.7130319369072172,-14250.8429566213,14251.727097629451,0.0,0.48858243120776024,1.0,0.0,0.03556844202776416,0.03556844202776416,-5.776930911795136,-14243.667122868103,-14249.444053779898
53,5,0.4444199826993267,-7.7484032994493095,3.0,1.0,0.9849640278867083,-14251.001660397415,14251.141859454938,-0.007560314472357277,0.0461569462895568,2.0,0.0,0.03556844202776416,0.03556844202776416,-5.858895735984226,-14243.744036770042,-14249.602932506026
54,5,0.44751728727482193,-7.697757992011947,3.0,1.0,0.7754458190043355,-14251.615229761856,14252.004691590148,0.3689183329097432,0.4543577428776189,2.0,0.0,0.03556844202776416,0.03556844202776416,-5.700988202188398,-14244.51686831317,-14250.217856515359
55,5,0.43607552778252295,-7.791832737794535,3.0,1.0,0.40094757184300284,-14253.041778781153,14254.934643961846,0.41065129617891216,1.4430507128527097,2.0,0.0,0.03556844202776416,0.03556844202776416,-5.996347642747453,-14245.64265636567,-14251.639004008417
56,5,0.44525457774328103,-7.781727002168145,7.0,1.0,0.9614667337884609,-14251.771352313257,14252.833427766172,-0.6424626104053459,-0.7592764867185906,3.0,0.0,0.03556844202776416,0.03556844202776416,-5.964195136414654,-14244.408802132159,-14250.372997268572
57,5,0.4399691833644245,-7.7901256860556085,1.0,1.0,0.7605144480141173,-14252.349556208394,14252.508034489956,0.2737601694170735,0.2737601694170735,1.0,0.0,0.03556844202776416,0.03556844202776416,-5.990909301909839,-14244.957832847093,-14250.948742149003
58,5,0.4522061729955866,-7.747610420552874,3.0,1.0,0.958734590608063,-14252.014109968306,14252.8490814604,0.014056015706955804,0.11635241364820104,2.0,0.0,0.03556844202776416,0.03556844202776416,-5.8564038471104585,-14244.762232762074,-14250.618636609184
59,5,0.4330126863774628,-7.7572187644440715,3.0,1.0,0.4845794589638947,-14252.192817321027,14254.393659232817,0.2012864981279563,1.3241349077470659,2.0,0.0,0.03556844202776416,0.03556844202776416,-5.886643653677857,-14244.901767064666,-14250.788410718344
60,5,0.43430569073072023,-7.701499136417574,3.0,1.0,0.979809978745926,-14251.063427146368,14252.4275916776,-0.5381774608576961,-0.5381774608576961,1.0,0.0,0.03556844202776416,0.03556844202776416,-5.712565017838546,-14243.947154055917,-14249.659719073756
61,5,0.43430569073072023,-7.701499136417574,1.0,1.0,0.5304388505786368,-14251.063427146368,14251.869112399545,0.0,0.6340505950956867,1.0,0.0,0.03556844202776416,0.03556844202776416,-5.712565017838546,-14243.947154055917,-14249.659719073756
62,5,0.43999643029481195,-7.717463120894081,3.0,1.0,1.0,-14250.711560087648,14251.043648882329,-0.11673406844056444,-0.11673406844056444,2.0,0.0,0.03556844202776416,0.03556844202776416,-5.762122189537544,-14243.548637112242,-14249.31075930178
63,5,0.44451994768559333,-7.758345146014185,7.0,1.0,0.9527938631048414,-14251.163601898446,14251.178510725511,0.06888232864730526,0.07180207678356965,2.0,0.0,0.03556844202776416,0.03556844202776416,-5.890194697472453,-14243.87472427265,-14249.764918970122
64,5,0.4458842855129654,-7.75816557675733,1.0,1.0,0.9840810324628092,-14251.226280554845,14251.279450859292,0.016047035256633535,0.016047035256633535,1.0,0.0,0.03556844202776416,0.03556844202776416,-5.889628500310706,-14243.938574501257,-14249.828203001567
65,5,0.4458842855129654,-7.75816557675733,1.0,1.0,0.43119840765167555,-14251.226280554845,14252.370929830951,0.0,0.8411869522242341,1.0,0.0,0.03556844202776416,0.03556844202776416,-5.889628500310706,-14243.938574501257,-14249.828203001567
66,5,0.44491041603262554,-7.67588394447888,3.0,1.0,0.8026170158660455,-14251.78974573961,14252.042022695572,0.33727504269882047,0.3650837186432909,2.0,0.0,0.03556844202776416,0.03556844202776416,-5.633580026496986,-14244.757657618038,-14250.391237644535
67,5,0.42948508219799686,-7.697327914112218,3.0,1.0,0.998539834861099,-14251.846212018405,14252.124642437118,0.004390117897855816,-0.420078026214469,2.0,0.0,0.03556844202776416,0.03556844202776416,-5.699658241003556,-14244.740169544913,-14250.439827785916
68,5,0.4434662384534893,-7.723982540795575,7.0,1.0,0.9902686609278535,-14250.80159412787,14251.983313037103,-0.38890006242945674,-0.38890006242945674,2.0,0.0,0.03556844202776416,0.03556844202776416,-5.782433785454574,-14243.619999294582,-14249.402433080037
69,5,0.4386170795685694,-7.788766276342045,3.0,1.0,0.6719278436923938,-14252.459767233226,14252.972849499445,0.496069508320943,0.496069508320943,2.0,0.0,0.03556844202776416,0.03556844202776416,-5.986580566463164,-14245.071706125422,-14251.058286691885
70,5,0.4545631524652024,-7.660730460866576,3.0,1.0,0.4468969313916795,-14255.146913542165,14258.463701413442,1.394948255010604,2.0901450655455847,2.0,0.0,0.03556844202776416,0.03556844202776416,-5.5871628299124145,-14248.16516403627,-14253.752326866183
71,5,0.45723350649994376,-7.77056208530823,3.0,1.0,0.8611991219212275,-14253.376102572434,14256.399550069347,-1.139243086156057,-1.139243086156057,2.0,0.0,0.03556844202776416,0.03556844202776416,-5.928791471345451,-14246.053673955725,-14251.98246542707
72,5,0.4334900097507241,-7.696137214597853,7.0,1.0,0.9587379191630682,-14251.177012693192,14253.094350510995,-0.70363072312648,-0.70363072312648,3.0,0.0,0.03556844202776416,0.03556844202776416,-5.695977119181003,-14244.076888481794,-14249.772865600975
73,5,0.44682904258211714,-7.714499750391915,3.0,1.0,0.4565567683067399,-14251.208871100547,14253.223537048294,0.09227379621552245,1.547942225875886,2.0,0.0,0.03556844202776416,0.03556844202776416,-5.752903703242509,-14244.058300004894,-14249.811203708136
74,5,0.4424000859599125,-7.730772309866505,3.0,1.0,1.0,-14250.769482591579,14251.031267964227,-0.21938815198700468,-0.22966577125953336,2.0,0.0,0.03556844202776416,0.03556844202776416,-5.803632851601299,-14243.56619553181,-14249.369828383411
75,5,0.4424000859599125,-7.730772309866505,3.0,1.0,0.9232320571914746,-14250.769482591579,14251.02258132814,0.0,0.12848047386069084,1.0,0.0,0.03556844202776416,0.03556844202776416,-5.803632851601299,-14243.56619553181,-14249.369828383411
76,5,0.4439149889641796,-7.701388409239218,3.0,1.0,0.9035713288512537,-14251.02503405875,14251.211254166377,0.12768056365712255,0.1532988818416925,1.0,0.0,0.03556844202776416,0.03556844202776416,-5.712222176200857,-14243.913855582497,-14249.626077758698
77,5,0.44676048468115415,-7.72236376668616,3.0,1.0,0.9570220336165643,-14251.127992078877,14251.412761270736,0.042207110482195276,0.06036878981649352,1.0,0.0,0.03556844202776416,0.03556844202776416,-5.777386442977299,-14243.952908728166,-14249.730295171143
78,5,0.44959911808397196,-7.784624962361618,3.0,1.0,0.9025083936467247,-14252.114114696391,14252.936022641938,0.055393200485923444,0.2725805194131681,2.0,0.0,0.03556844202776416,0.03556844202776416,-5.97340487070689,-14244.744202493677,-14250.717607364384
79,5,0.4334206746089281,-7.7107206379900335,3.0,1.0,0.8238596666731864,-14251.188303549729,14254.275081583448,-0.08423756899355794,0.4550096883576771,1.0,0.0,0.03556844202776416,0.03556844202776416,-5.741160338169408,-14244.04295854269,-14249.78411888086
80,5,0.4231940718192739,-7.7088135703156615,3.0,1.0,0.5621477416979156,-14253.798371951309,14253.963803919663,1.152721440719688,1.152721440719688,2.0,0.0,0.03556844202776416,0.03556844202776416,-5.735239661744821,-14246.652958467681,-14252.388198129425
81,5,0.43640804499284597,-7.747788668578681,3.0,1.0,0.9465765611575224,-14251.324263597255,14253.71434586128,-1.0863239162972604,-1.0863239162972604,1.0,0.0,0.03556844202776416,0.03556844202776416,-5.856963996764665,-14244.064697236849,-14249.921661233613
82,5,0.4440663320140266,-7.709368325741411,3.0,1.0,0.5152972300043557,-14250.933181330556,14252.931179984587,-0.15729258737883356,1.3745737911340257,2.0,0.0,0.03556844202776416,0.03556844202776416,-5.7369615786286605,-14243.797332126614,-14249.534293705243
83,5,0.4344835657182287,-7.696747684828647,3.0,1.0,0.8699238717440129,-14251.063515623408,14251.413944215725,-0.0038556682447961066,0.2282358760749048,2.0,0.0,0.03556844202776416,0.03556844202776416,-5.697864248873288,-14243.962038293766,-14249.65990254264
84,5,0.43570815620572967,-7.693271381264771,3.0,1.0,1.0,-14250.986913706514,14251.085665803606,-0.04206880839046789,-0.08338264990925381,2.0,0.0,0.03556844202776416,0.03556844202776416,-5.687123029339303,-14243.896824343134,-14249.583947372474
85,5,0.43710221899150487,-7.672322456073286,7.0,1.0,0.968684097593216,-14251.30196881869,14251.465262335032,0.04356682258003275,0.06901090797327925,3.0,0.0,0.03556844202776416,0.03556844202776416,-5.622650057149056,-14244.277073332449,-14249.899723389597
86,5,0.4349656838232377,-7.667918119158319,3.0,1.0,0.6921706394043462,-14251.476638508888,14252.755090544913,0.022527473827722133,0.7314348359705036,2.0,0.0,0.03556844202776416,0.03556844202776416,-5.609150984273925,-14244.464130572762,-14250.073281557035
87,5,0.4471524940280119,-7.749013326649791,3.0,1.0,0.9949255106502077,-14251.21330055722,14251.564479694467,0.002086620730551658,-0.1221295762079535,2.0,0.0,0.03556844202776416,0.03556844202776416,-5.860813379747485,-14243.954958511651,-14249.815771891399
88,5,0.4488696392678349,-7.754523327266945,1.0,1.0,0.9328728262842348,-14251.470853334033,14251.547691870695,0.06948639365873532,0.06948639365873532,1.0,0.0,0.03556844202776416,0.03556844202776416,-5.8781511374461655,-14244.195895519024,-14250.07404665647
89,5,0.43664934495174007,-7.72202385503474,3.0,1.0,0.9895327276374847,-14250.887003381125,14251.510775758412,-0.1103087225528725,-0.1103087225528725,2.0,0.0,0.03556844202776416,0.03556844202776416,-5.776326930329452,-14243.708198618906,-14249.484525549235
90,5,0.4330481891965672,-7.75225639668841,3.0,1.0,0.7294878421485936,-14252.020088041463,14252.189462327075,0.5002288723826496,0.5411616962792323,1.0,0.0,0.03556844202776416,0.03556844202776416,-5.87101434199472,-14244.744686465114,-14250.615700807108
91,5,0.4341790639023656,-7.723252692663815,7.0,1.0,0.6380041261457465,-14251.185115114056,14254.225037948056,-0.36630065067947726,1.2425057566997566,3.0,0.0,0.03556844202776416,0.03556844202776416,-5.780157792423256,-14244.001181463143,-14249.781339255567
92,5,0.43611687347575057,-7.696702709981837,3.0,1.0,0.9845056229800543,-14250.929739117078,14251.238165886789,-0.17295528753129474,-0.19743041369656567,1.0,0.0,0.03556844202776416,0.03556844202776416,-5.697725206660245,-14243.829260625862,-14249.526985832523
93,5,0.43611687347575057,-7.696702709981837,1.0,1.0,0.3627757027619836,-14250.929739117078,14252.35948568418,0.0,1.0139705344226968,1.0,0.0,0.03556844202776416,0.03556844202776416,-5.697725206660245,-14243.829260625862,-14249.526985832523
94,5,0.4447067269146562,-7.739198545690567,3.0,1.0,0.9970241991539726,-14250.926181807728,14251.067369370801,0.0025514191838738043,-0.0400153324862913,2.0,0.0,0.03556844202776416,0.03556844202776416,-5.830005412914371,-14243.697577255267,-14249.527582668181
95,5,0.4447067269146562,-7.739198545690567,3.0,1.0,0.40927954139048833,-14250.926181807728,14253.225496048963,0.0,1.8123346747033793,1.0,0.0,0.03556844202776416,0.03556844202776416,-5.830005412914371,-14243.697577255267,-14249.527582668181
96,5,0.4424318878578744,-7.716839489103073,7.0,1.0,0.78877898712799,-14250.762319489682,14253.621293677721,-0.04119393377004599,0.5075110409579793,3.0,0.0,0.03556844202776416,0.03556844202776416,-5.760181459178712,-14243.602498669512,-14249.36268012869
97,5,0.4453586043439048,-7.729714589403252,3.0,1.0,0.9402121682884431,-14250.944724789284,14251.100942400688,0.0605439419105096,0.08028194517828524,2.0,0.0,0.03556844202776416,0.03556844202776416,-5.800327397661175,-14243.746088414717,-14249.546415812378
98,5,0.44370483653069664,-7.7242834759991545,1.0,1.0,1.0,-14250.816246357255,14250.937438902969,-0.04321267104205617,-0.04321267104205617,1.0,0.0,0.03556844202776416,0.03556844202776416,-5.783372391166494,-14243.63382198984,-14249.417194381007
99,5,0.4276934924959861,-7.630873346275558,3.0,1.0,0.5734901636480552,-14253.495581571635,14253.97158512677,0.4493061898738233,0.6720061699779762,2.0,0.0,0.03556844202776416,0.03556844202776416,-5.4963783402914554,-14246.591774173525,-14252.088152513816
100,5,0.4276934924959861,-7.630873346275558,1.0,1.0,0.2920904535051066,-14253.495581571635,14255.388684726968,0.0,1.230691752405619,1.0,0.0,0.03556844202776416,0.03556844202776416,-5.4963783402914554,-14246.591774173525,-14252.088152513816
101,5,0.4474772381579927,-7.820044268510846,7.0,1.0,0.997051545679002,-14253.359818938397,14253.853989281371,-0.047990545546781505,-0.44609914606371603,3.0,0.0,0.03556844202776416,0.03556844202776416,-6.086646216442936,-14245.875782466408,-14251.962428682851
102,5,0.44173489597166715,-7.7060595886043215,3.0,1.0,1.0,-14250.802160520057,14253.103769335166,-0.3989459858476039,-0.3989459858476039,2.0,0.0,0.03556844202776416,0.03556844202776416,-5.726696076833495,-14243.67549775091,-14249.402193827744
103,5,0.44262237499382506,-7.74823673086481,3.0,1.0,0.9525361384770613,-14250.952262018733,14251.36961953154,0.00680699889016978,0.09549570036688237,1.0,0.0,0.03556844202776416,0.03556844202776416,-5.858372185966311,-14243.694339227197,-14249.552711413164
104,5,0.4411907169362943,-7.69669987964976,3.0,1.0,0.9280935844814078,-14250.891878605606,14251.660720928834,0.010414607126222108,0.1427464625612629,1.0,0.0,0.03556844202776416,0.03556844202776416,-5.697716456600579,-14243.793937077451,-14249.491653534053
105,5,0.43627829751826036,-7.717551057256953,3.0,1.0,0.8383686427074242,-14250.890716605689,14251.321554232629,0.02305309282746748,0.28744901706159,2.0,0.0,0.03556844202776416,0.03556844202776416,-5.762395877124835,-14243.725651201787,-14249.488047078912
106,5,0.4409712355818866,-7.693153344247302,3.0,1.0,0.9007257955895738,-14250.938094400948,14251.24824088781,-0.0127183689019148,0.18420617856099852,2.0,0.0,0.03556844202776416,0.03556844202776416,-5.68675852605094,-14243.851005893564,-14249.537764419616
107,5,0.4409712355818866,-7.693153344247302,1.0,1.0,0.2823002975304562,-14250.938094400948,14252.575990684149,0.0,1.264783889771934,1.0,0.0,0.03556844202776416,0.03556844202776416,-5.68675852605094,-14243.851005893564,-14249.537764419616
108,5,0.43341095234557,-7.680499397730684,3.0,1.0,0.9673725791696565,-14251.339369509406,14251.491469102873,0.06410116693768941,0.06410116693768941,2.0,0.0,0.03556844202776416,0.03556844202776416,-5.647763413503333,-14244.287416154744,-14249.935179568247
109,5,0.43341095234557,-7.680499397730684,1.0,1.0,0.37938094392262633,-14251.339369509406,14252.53774057629,0.0,0.9692144496202673,1.0,0.0,0.03556844202776416,0.03556844202776416,-5.647763413503333,-14244.287416154744,-14249.935179568247
110,5,0.43708497452595957,-7.663138387823461,3.0,1.0,0.8601972447056454,-14251.56528517739,14252.428733706383,0.023979673536814516,0.35458667158127355,2.0,0.0,0.03556844202776416,0.03556844202776416,-5.594523294922798,-14244.568507635497,-14250.16303093042
111,5,0.43463796856263837,-7.677191815924066,1.0,1.0,1.0,-14251.289916945036,14251.557493215798,-0.056593370865812176,-0.056593370865812176,1.0,0.0,0.03556844202776416,0.03556844202776416,-5.637596980601915,-14244.248789124415,-14249.886386105016
112,5,0.4402934232293064,-7.723338132401656,3.0,1.0,0.9532201099525887,-14250.71914913326,14251.885301818465,-0.0880813574331114,0.13132775993290124,2.0,0.0,0.03556844202776416,0.03556844202776416,-5.7804242042251675,-14243.538068423055,-14249.31849262728
113,5,0.4494392102800252,-7.70385756705967,3.0,1.0,0.7192959835369063,-14251.866337935406,14251.889120008615,0.5398015090777335,0.5503062464213144,2.0,0.0,0.03556844202776416,0.03556844202776416,-5.719870276010793,-14244.749895084107,-14250.469765360118
114,5,0.448395950328586,-7.678311188732966,3.0,1.0,0.8614715415935484,-14252.387512161356,14253.041422055745,0.19960966641519917,0.19960966641519917,1.0,0.0,0.03556844202776416,0.03556844202776416,-5.641036344580561,-14245.34947240616,-14250.990508750741
115,5,0.4441372418044392,-7.740756392237344,3.0,1.0,0.9713960616498932,-14250.905310338652,14252.437050683047,-0.6931096337139024,-0.6931096337139024,1.0,0.0,0.03556844202776416,0.03556844202776416,-5.834888961614965,-14243.67156586291,-14249.506454824525
116,5,0.4487497823897025,-7.732150589287563,1.0,1.0,0.7995333931464799,-14251.376213153584,14251.411840976294,0.22372698004255653,0.22372698004255653,1.0,0.0,0.03556844202776416,0.03556844202776416,-5.807941754514136,-14244.171415117502,-14249.979356872016
117,5,0.43778292676396013,-7.768743063134223,3.0,1.0,0.9696186774727283,-14251.766004201518,14252.060498267061,0.09556857752613723,0.09556857752613723,2.0,0.0,0.03556844202776416,0.03556844202776416,-5.923035207712001,-14244.441069649,-14250.364104856711
118,5,0.43778292676396013,-7.768743063134223,1.0,1.0,0.18947456131720858,-14251.766004201518,14253.947765061885,0.0,1.6635005045409343,1.0,0.0,0.03556844202776416,0.03556844202776416,-5.923035207712001,-14244.441069649,-14250.364104856711
119,5,0.43799628419137837,-7.692481745243244,3.0,1.0,1.0,-14250.899554336473,14251.4509820672,-0.3290416950585495,-0.3290416950585495,2.0,0.0,0.03556844202776416,0.03556844202776416,-5.684684865159915,-14243.813077801738,-14249.497762666899
120,5,0.42940257031854745,-7.735170307924507,3.0,1.0,0.6183687041670148,-14252.396128109525,14252.893713306168,0.7649640505278512,0.8772613188539253,2.0,0.0,0.03556844202776416,0.03556844202776416,-5.817388914865664,-14245.172307442139,-14250.989696357005
121,5,0.43569841055542397,-7.718529938950103,1.0,1.0,1.0,-14250.952635049947,14251.815518254032,-0.6799978352628386,-0.6799978352628386,1.0,0.0,0.03556844202776416,0.03556844202776416,-5.765443008886513,-14243.784220609825,-14249.54966361871
122,5,0.43569841055542397,-7.718529938950103,3.0,1.0,0.7732685224632841,-14250.952635049947,14253.396868343096,0.0,0.43817267975828145,1.0,0.0,0.03556844202776416,0.03556844202776416,-5.765443008886513,-14243.784220609825,-14249.54966361871
123,5,0.43298974439113647,-7.713848966772743,7.0,1.0,0.8854118637239389,-14251.272755180547,14251.675809395241,0.13500939101504628,0.2307985571642348,3.0,0.0,0.03556844202776416,0.03556844202776416,-5.750880414255049,-14244.1174556421,-14249.868336056354
124,5,0.44015199221425055,-7.721486141030359,3.0,1.0,1.0,-14250.715133494103,14251.098961854746,-0.24334050357538217,-0.24334050357538217,2.0,0.0,0.03556844202776416,0.03556844202776416,-5.774651099030174,-14243.539757273442,-14249.314408372473
125,5,0.43893265202606013,-7.710775231412225,3.0,1.0,0.9940488584915003,-14250.735453015926,14250.768389436776,0.003594532379793236,0.008249279375377228,1.0,0.0,0.03556844202776416,0.03556844202776416,-5.7413298822865935,-14243.592799512922,-14249.334129395209
126,5,0.44144198543173147,-7.724443476059095,3.0,1.0,0.9919593696839722,-14250.725931602383,14250.76022592704,-0.002237817599962,0.013883910893127904,2.0,0.0,0.03556844202776416,0.03556844202776416,-5.783871462279867,-14243.54195467902,-14249.3258261413
127,5,0.4402846603020349,-7.662318091332907,3.0,1.0,0.7714369237181821,-14251.722264942202,14252.429012046066,0.2491054816146061,0.29021235141772195,2.0,0.0,0.03556844202776416,0.03556844202776416,-5.592015190781773,-14244.729588998936,-14250.321604189718
128,5,0.4363396354753049,-7.7161252014687065,3.0,1.0,0.8735636683323111,-14250.878435628365,14253.390552188968,-0.17249317541245546,0.25342858885778696,2.0,0.0,0.03556844202776416,0.03556844202776416,-5.757959087376672,-14243.717838783123,-14249.4757978705
129,5,0.4427957672125844,-7.78099287442171,3.0,1.0,0.7939447000935677,-14251.775239111947,14252.90773097786,0.15758927941897127,0.34819772655646375,1.0,0.0,0.03556844202776416,0.03556844202776416,-5.961863407389542,-14244.413905626649,-14250.375769034039
130,5,0.4368598961866154,-7.682561636359721,7.0,1.0,0.9981414895785962,-14251.081562230387,14251.633452176426,-0.15864783844153862,-0.15864783844153862,3.0,0.0,0.03556844202776416,0.03556844202776416,-5.654107602614876,-14244.025085059233,-14249.679192661848
131,5,0.44560399465471834,-7.724477694386255,3.0,1.0,0.893666010283282,-14250.97824645442,14251.88978110271,0.06140489958488615,0.21049777323423768,1.0,0.0,0.03556844202776416,0.03556844202776416,-5.783978199179256,-14243.796067592999,-14249.580045792178
132,5,0.44034225187818576,-7.737323648834094,3.0,1.0,0.9860786260786836,-14250.825931099429,14251.235221571316,-0.08005538061115658,-0.08005538061115658,2.0,0.0,0.03556844202776416,0.03556844202776416,-5.824131190613778,-14243.6011670534,-14249.425298244014
133,5,0.44034225187818576,-7.737323648834094,1.0,1.0,0.9123249312086168,-14250.825931099429,14250.953473791302,0.0,0.09175906814198243,1.0,0.0,0.03556844202776416,0.03556844202776416,-5.824131190613778,-14243.6011670534,-14249.425298244014
134,5,0.4427453014454071,-7.71832502884115,3.0,1.0,0.9832514203202232,-14250.77267204985,14250.893789483465,-0.0022614809386141133,0.03254430891684024,2.0,0.0,0.03556844202776416,0.03556844202776416,-5.7648050709944005,-14243.608373489204,-14249.373178560198
135,5,0.43789815143167515,-7.71739592195374,3.0,1.0,0.9998794387895272,-14250.77455072391,14250.777229212546,0.0003617490547185298,-0.028149190815383918,2.0,0.0,0.03556844202776416,0.03556844202776416,-5.761913049008135,-14243.610796527983,-14249.37270957699
136,5,0.4396209745311975,-7.684446965289699,3.0,1.0,0.9688784185022844,-14251.049363563545,14251.096284826523,0.0487034573488927,0.0487034573488927,2.0,0.0,0.03556844202776416,0.03556844202776416,-5.659911274977715,-14243.988468050735,-14249.648379325712
137,5,0.4436652926698647,-7.746665876964396,7.0,1.0,0.8150538669086718,-14250.9499212316,14251.886460501872,-0.03099985389962967,0.43877448724197166,3.0,0.0,0.03556844202776416,0.03556844202776416,-5.853436121416021,-14243.697415089759,-14249.550851211174
138,5,0.43909166392431953,-7.726467071207211,3.0,1.0,0.6317781296650563,-14250.764445484083,14251.901509045754,-0.015102361592653324,0.8243671358395659,2.0,0.0,0.03556844202776416,0.03556844202776416,-5.790185656043964,-14243.573014961372,-14249.363200617416
139,5,0.4482940358323535,-7.772972791609065,3.0,1.0,0.839141058720927,-14251.701539468293,14252.325514619177,0.15289834410214098,0.25614688824316545,2.0,0.0,0.03556844202776416,0.03556844202776416,-5.936425207294189,-14244.36806828089,-14250.304493488184
140,5,0.44227772854829983,-7.756258901174882,3.0,1.0,0.9839725873018631,-14251.098944173484,14251.93163385816,-0.09357278944298741,-0.12329509418304951,2.0,0.0,0.03556844202776416,0.03556844202776416,-5.8836185786934445,-14243.815614183774,-14249.699232762467
141,5,0.44556766300527584,-7.748153311474628,7.0,1.0,0.9959611036373871,-14251.065623026669,14251.15819973615,-0.001984628854188486,-0.05291517683872371,3.0,0.0,0.03556844202776416,0.03556844202776416,-5.8581099967512325,-14243.809296362464,-14249.667406359215
142,5,0.4474181010322501,-7.754430855841847,7.0,1.0,0.6144908600112684,-14251.299030934602,14252.6695054733,0.057154661228196346,1.1547563773056027,3.0,0.0,0.03556844202776416,0.03556844202776416,-5.877859916548538,-14244.023755622435,-14249.901615538984
143,5,0.43270676140298087,-7.699233298341268,3.0,1.0,0.9591320497733041,-14251.271261769645,14251.51897258803,0.06668114853346196,-0.09202081763396563,2.0,0.0,0.03556844202776416,0.03556844202776416,-5.705551804816986,-14244.161136025743,-14249.86668783056
144,5,0.44118621314120565,-7.685827775180143,7.0,1.0,1.0,-14251.093921187165,14251.225115001687,-0.07999988861047314,-0.16435160548826389,3.0,0.0,0.03556844202776416,0.03556844202776416,-5.664164124127966,-14244.029529842755,-14249.693693966883
145,5,0.4377377869171973,-7.731339793988047,3.0,1.0,0.9753210097891928,-14250.889529615593,14251.459234278625,-0.03277569810052228,0.05041566463478375,2.0,0.0,0.03556844202776416,0.03556844202776416,-5.805406742195973,-14243.682200698939,-14249.487607441135
146,5,0.4446939845893061,-7.745845766353579,7.0,1.0,0.9216178460322455,-14250.984885133525,14251.26436037335,-0.02908397795727069,0.17480311885628907,3.0,0.0,0.03556844202776416,0.03556844202776416,-5.850860083756721,-14243.735420203244,-14249.586280287
147,5,0.43501201335842404,-7.712511174845542,3.0,1.0,0.9076272305948913,-14250.994051841712,14251.693513458184,0.06229012830226566,0.18949890355725074,1.0,0.0,0.03556844202776416,0.03556844202776416,-5.746722543721473,-14243.843996855989,-14249.59071939971
148,5,0.44379892463082754,-7.701932527671603,3.0,1.0,0.9960612270880533,-14251.00490066725,14251.078875075062,0.011886686303114402,-0.09720231879509811,2.0,0.0,0.03556844202776416,0.03556844202776416,-5.713907033639247,-14243.891984538268,-14249.605891571908
149,5,0.43588943004667385,-7.703017623755736,3.0,1.0,0.48714020970278143,-14250.909665355186,14252.833124463932,-0.0724000640984741,1.5352037117518194,2.0,0.0,0.03556844202776416,0.03556844202776416,-5.7172679070464545,-14243.789525778851,-14249.506793685898
150,5,0.43973429148726434,-7.734573916010465,3.0,1.0,1.0,-14250.813666727603,14250.931607969684,-0.025806838832068024,-0.025806838832068024,2.0,0.0,0.03556844202776416,0.03556844202776416,-5.815522385943647,-14243.5972155959,-14249.412737981844
51,6,0.44203474071846677,-7.722989815458531,1.0,1.0,0.2683829464853301,-14250.737093827895,14251.391413396907,0.0,1.3153404135882738,1.0,0.0,0.04314304517001522,0.04314304517001522,-5.7793381541602695,-14243.55793029476,-14249.33726844892
52,6,0.44203474071846677,-7.722989815458531,3.0,1.0,0.8129597348980635,-14250.737093827895,14251.746286183017,0.0,0.2305773200641852,2.0,0.0,0.030818249459344874,0.030818249459344874,-5.7793381541602695,-14243.55793029476,-14249.33726844892
53,6,0.4330821857027641,-7.713204550010406,3.0,1.0,0.7506660834531496,-14251.253625976435,14251.685843713982,0.16986599953270343,0.37988430509176396,2.0,0.0,0.030818249459344874,0.030818249459344874,-5.748877337176472,-14244.100379941496,-14249.849257278673
54,6,0.4306503145661236,-7.656857530454036,3.0,1.0,0.9377732363672836,-14252.161612671349,14253.166798501006,0.022840739307866897,0.179244407954684,2.0,0.0,0.030818249459344874,0.030818249459344874,-5.575336357391478,-14245.180556988429,-14250.75589334582
55,6,0.4333882701104216,-7.664715392535879,1.0,1.0,1.0,-14251.661916922205,14252.096710815926,-0.08814343000631197,-0.08814343000631197,1.0,0.0,0.030818249459344874,0.030818249459344874,-5.599346968659446,-14244.658367708927,-14250.257714677588
56,6,0.43427135284963714,-7.66176369189796,1.0,1.0,1.0,-14251.681478543103,14251.79783710091,-0.002665618862010888,-0.002665618862010888,1.0,0.0,0.030818249459344874,0.030818249459344874,-5.590320463389865,-14244.687431638698,-14250.277752102089
57,6,0.42766514349180584,-7.659050676168642,3.0,1.0,0.9146123725283234,-14252.607231878677,14252.64404433517,0.2262164079293143,0.2262164079293143,2.0,0.0,0.030818249459344874,0.030818249459344874,-5.582031557357373,-14245.61775451127,-14251.199786068628
58,6,0.4457714027866503,-7.740586889024161,3.0,1.0,1.0,-14251.01608866638,14252.45800759702,-0.272018894640496,-0.272018894640496,2.0,0.0,0.030818249459344874,0.030818249459344874,-5.834357484043464,-14243.783604127175,-14249.617961611219
59,6,0.43903370859359164,-7.683334543796793,13.0,1.0,0.9988503293652433,-14251.05769894229,14251.132183444142,-0.006949459473617026,-0.057837303005726426,3.0,0.0,0.030818249459344874,0.030818249459344874,-5.656486440046602,-14243.999938956456,-14249.656425396503
60,6,0.45704944147962684,-7.726254263458076,3.0,1.0,0.4341768721052937,-14253.577631343562,14255.523553605157,0.91851526199207,0.9583390343377687,1.0,0.0,0.030818249459344874,0.030818249459344874,-5.789521442523006,-14246.394409178502,-14252.183930621024
61,6,0.42362995451932156,-7.62632143690825,7.0,1.0,0.9425808577869204,-14254.52544840147,14256.581649592039,-0.3798731579227024,-0.8950238998713758,3.0,0.0,0.030818249459344874,0.030818249459344874,-5.482615973672894,-14247.632932089713,-14253.115548063386
62,6,0.44296195947582495,-7.823055867453764,7.0,1.0,0.7630706817765616,-14253.73314945052,14257.364579743657,-0.025939336466763052,0.7184060263462015,3.0,0.0,0.030818249459344874,0.030818249459344874,-6.0963326626955725,-14246.237423658931,-14252.333756321626
63,6,0.4444231109875701,-7.712949688758624,3.0,1.0,1.0,-14250.93133984984,14253.49672560609,-0.4245431138588174,-0.4245431138588174,2.0,0.0,0.030818249459344874,0.030818249459344874,-5.748085252125005,-14243.784528114651,-14249.532613366777
64,6,0.43771588048474147,-7.769188932024052,3.0,1.0,0.9221853539754524,-14251.790404909036,14251.8729767177,0.19772839253528218,0.19772839253528218,2.0,0.0,0.030818249459344874,0.030818249459344874,-5.924445845838162,-14244.464025803321,-14250.38847164916
65,6,0.4367911789613371,-7.64260439818715,3.0,1.0,0.9818831602857049,-14252.354798106875,14252.721659378782,-0.04345477955757815,-0.2804881099909835,2.0,0.0,0.030818249459344874,0.030818249459344874,-5.531941829923333,-14245.420451415604,-14250.952393245529
66,6,0.4327888687709764,-7.714970269379673,3.0,1.0,1.0,-14251.31406296179,14252.634152660608,-0.042763278070196975,-0.18921933398814872,2.0,0.0,0.030818249459344874,0.030818249459344874,-5.75436681253582,-14244.155167199286,-14249.909534011822
67,6,0.44078011328373723,-7.6670783054066725,3.0,1.0,1.0,-14251.592458975232,14251.75170044375,-0.016452444793685572,-0.1799694653291226,2.0,0.0,0.030818249459344874,0.030818249459344874,-5.606579199085391,-14244.585458113033,-14250.19203731212
68,6,0.43312772853107545,-7.703671496183183,3.0,1.0,0.9825147259758474,-14251.2097413873,14252.438347139245,-0.04046264123826404,0.05253551456007699,2.0,0.0,0.030818249459344874,0.030818249459344874,-5.719293717845026,-14244.086103788626,-14249.80539750647
69,6,0.43969912808781597,-7.685502652378059,3.0,1.0,0.9765572511807549,-14251.030031320539,14251.34785716237,-0.08528359015326714,-0.08528359015326714,2.0,0.0,0.030818249459344874,0.030818249459344874,-5.663162584952724,-14243.965922781557,-14249.62908536651
70,6,0.444350062043503,-7.751332422439128,3.0,1.0,0.8699535426407993,-14251.039361906025,14252.964540811548,0.006025867183780065,0.254673245097365,1.0,0.0,0.030818249459344874,0.030818249459344874,-5.868106942239968,-14243.772495573605,-14249.640602515845
71,6,0.4436883183288651,-7.759947899729796,1.0,1.0,0.9841534303600347,-14251.176331074052,14251.186521503056,0.01597346892231144,0.01597346892231144,1.0,0.0,0.030818249459344874,0.030818249459344874,-5.8952497447653425,-14243.882021817233,-14249.777271561998
72,6,0.4436883183288651,-7.759947899729796,3.0,1.0,0.8319476654441345,-14251.176331074052,14252.62916489689,0.0,0.25215576274604246,1.0,0.0,0.030818249459344874,0.030818249459344874,-5.8952497447653425,-14243.882021817233,-14249.777271561998
73,6,0.4354394115008501,-7.727450761666064,3.0,1.0,0.83028597046555,-14251.069359880663,14252.13054428551,0.06834371226614167,0.3679019661813072,2.0,0.0,0.030818249459344874,0.030818249459344874,-5.79325652983266,-14243.872996164582,-14249.666252694415
74,6,0.4450732396884202,-7.740664444402847,3.0,1.0,0.962747689162225,-14250.961572427519,14251.509456794054,-0.08116284746392921,0.11850984879856696,1.0,0.0,0.030818249459344874,0.030818249459344874,-5.834600655480623,-14243.728536207904,-14249.563136863384
75,6,0.43288571232637457,-7.726269389338152,3.0,1.0,0.8181726530515068,-14251.434630074798,14252.12302692298,0.20727815127611393,0.3632036354920274,1.0,0.0,0.030818249459344874,0.030818249459344874,-5.789568651780867,-14244.240585463376,-14250.030154115157
76,6,0.43792429251988174,-7.668796189093878,3.0,1.0,0.8832376548666508,-14251.401135886454,14252.215503672585,-0.15645947824850737,0.2581171619876841,2.0,0.0,0.030818249459344874,0.030818249459344874,-5.611840676657643,-14244.387467250779,-14249.999307927437
77,6,0.4375347240724307,-7.676319212890652,1.0,1.0,1.0,-14251.20136768327,14251.385439899177,-0.0365212473734573,-0.0365212473734573,1.0,0.0,0.030818249459344874,0.030818249459344874,-5.634916705926948,-14244.164425891824,-14249.799342597751
78,6,0.43577702009507463,-7.668006559691836,1.0,1.0,0.974167479337211,-14251.441170793838,14251.457332754691,0.026172040083110915,0.026172040083110915,1.0,0.0,0.030818249459344874,0.030818249459344874,-5.609421859246027,-14244.428818595163,-14250.038240454409
79,6,0.4444801731389104,-7.7166791191588615,3.0,1.0,0.93036332299167,-14250.90694675133,14251.988417323868,-0.016693153940650518,0.2010966966390697,2.0,0.0,0.030818249459344874,0.030818249459344874,-5.759682453805427,-14243.74856348902,-14249.508245942825
80,6,0.4446573101955348,-7.717364099304112,1.0,1.0,0.9963340176327048,-14250.919005031481,14250.984846862339,0.003672718548841658,0.003672718548841658,1.0,0.0,0.030818249459344874,0.030818249459344874,-5.761814010245319,-14243.758569741622,-14249.520383751867
81,6,0.45063426383814065,-7.710139262571909,1.0,1.0,0.6832457269426211,-14252.006804834653,14252.016092986123,0.38090070821090194,0.38090070821090194,1.0,0.0,0.030818249459344874,0.030818249459344874,-5.739355016475557,-14244.87135973159,-14250.610714748065
82,6,0.4456299327630474,-7.693963533276055,5.0,1.0,0.9834066331769614,-14251.385831119374,14252.15457074232,-0.22667018369975267,-0.4250561304288567,2.0,0.0,0.030818249459344874,0.030818249459344874,-5.689260704329867,-14244.298381172644,-14249.987641876975
83,6,0.43160005855144123,-7.694836933467039,3.0,1.0,0.9119773855066259,-14251.450438149895,14252.215948741929,-0.039104404857425834,0.3066173431434436,2.0,0.0,0.030818249459344874,0.030818249459344874,-5.691958838443245,-14244.353293415747,-14250.04525225419
84,6,0.4388482689598194,-7.700731229488482,3.0,1.0,0.9261030100152198,-14250.796293776677,14251.853225793922,-0.1783992748351011,0.2506316228154901,2.0,0.0,0.030818249459344874,0.030818249459344874,-5.710187620223287,-14243.684740657294,-14249.394928277517
85,6,0.44281578404534117,-7.754383155701955,3.0,1.0,0.9701199101179595,-14251.058783029921,14251.216543281475,0.035578503860961064,0.05044405730222934,2.0,0.0,0.030818249459344874,0.030818249459344874,-5.877709697511681,-14243.781612534709,-14249.65932223222
86,6,0.44874589477849475,-7.773978989775228,7.0,1.0,0.9552216611247324,-14251.76765246648,14251.925821284582,0.09090077614200709,0.09129884178219072,3.0,0.0,0.030818249459344874,0.030818249459344874,-5.939613150684105,-14244.431181423313,-14250.370794573997
87,6,0.44160894314267657,-7.759658743751747,11.0,1.0,0.9978991891082206,-14251.189923815542,14251.867777272835,-0.05824452917295275,-0.13333096525093424,3.0,0.0,0.030818249459344874,0.030818249459344874,-5.894337563735589,-14243.895559975945,-14249.78989753968
88,6,0.44511887056052496,-7.776666623555678,3.0,1.0,0.899227506765819,-14251.616213201081,14252.09392922176,0.027311774141708156,0.2088374430531985,2.0,0.0,0.030818249459344874,0.030818249459344874,-5.94813335995662,-14244.269664564126,-14250.217797924082
89,6,0.43379273538167107,-7.667074374584258,5.0,1.0,0.9202325895110756,-14251.571096939426,14252.793218461073,-0.021979811463097576,0.17837453838546935,2.0,0.0,0.030818249459344874,0.030818249459344874,-5.60656716327605,-14244.560546273044,-14250.16711343632
90,6,0.43124845518692073,-7.715084454857331,3.0,1.0,0.6371804389692427,-14251.593917753893,14254.240934523355,0.19867119571063085,0.8983129517200723,2.0,0.0,0.030818249459344874,0.030818249459344874,-5.754721913062925,-14244.433813355447,-14250.18853526851
91,6,0.4458235000328453,-7.704111109284429,3.0,1.0,1.0,-14251.21173292079,14251.479125069816,-0.11879154677626502,-0.27682102807557385,2.0,0.0,0.030818249459344874,0.030818249459344874,-5.720655956245053,-14244.092972768445,-14249.81362872469
92,6,0.44223843228732607,-7.7295700459157946,3.0,1.0,1.0,-14250.759570520946,14251.206828598866,-0.1678237325650116,-0.1678237325650116,1.0,0.0,0.030818249459344874,0.030818249459344874,-5.7998757755628,-14243.559964936672,-14249.359840712235
93,6,0.44049873819679436,-7.74160693862529,3.0,1.0,0.9673808126550961,-14250.8781447572,14251.04938354311,0.024771418546151835,0.047332216390714166,2.0,0.0,0.030818249459344874,0.030818249459344874,-5.837556284851364,-14243.64003127826,-14249.477587563111
94,6,0.4547247813172755,-7.7483751490601485,3.0,1.0,0.6016290557846385,-14252.622877851147,14253.670858343057,0.5002131193123205,0.8600150303900591,2.0,0.0,0.030818249459344874,0.030818249459344874,-5.8588072531450806,-14245.369543055358,-14251.228350308504
95,6,0.43325187898372464,-7.727743504937204,3.0,1.0,1.0,-14251.39425057469,14252.452295839983,-0.29038210812541365,-0.43552780996287765,2.0,0.0,0.030818249459344874,0.030818249459344874,-5.794170599311114,-14244.195803656969,-14249.98997425628
96,6,0.42303231278881787,-7.7383114557416315,1.0,1.0,0.3171568730750819,-14254.673183332303,14254.721467528614,1.1483587597667793,1.1483587597667793,1.0,0.0,0.030818249459344874,0.030818249459344874,-5.827225641321087,-14247.435681962292,-14253.262907603612
97,6,0.4306415437331354,-7.742951185699176,1.0,1.0,1.0,-14252.290990432546,14254.252476317386,-0.8357833364061662,-0.8357833364061662,1.0,0.0,0.030818249459344874,0.030818249459344874,-5.841773334278621,-14245.04349281093,-14250.88526614521
98,6,0.4462273310854857,-7.704466862483266,3.0,1.0,1.0,-14251.263938843806,14252.108694204431,-0.35924255287318374,-0.5453194779656769,2.0,0.0,0.030818249459344874,0.030818249459344874,-5.721758477671693,-14244.144252598899,-14249.86601107657
99,6,0.44218542945669753,-7.72517966089819,3.0,1.0,1.0,-14250.744311957322,14251.160787621164,-0.1870017960009136,-0.1870017960009136,1.0,0.0,0.030818249459344874,0.030818249459344874,-5.78616809496907,-14243.55838921845,-14249.344557313418
100,6,0.43430234404429097,-7.637928316385839,3.0,1.0,0.8127879734394696,-14252.566101363524,14252.839495715576,0.22382389910671918,0.23265869399619987,2.0,0.0,0.030818249459344874,0.030818249459344874,-5.517749471951495,-14245.64464202915,-14251.162391501102
101,6,0.4369626931493947,-7.682284248917579,3.0,1.0,0.9884136242763928,-14251.083990343286,14252.65064802077,-0.19758529780119716,-0.19758529780119716,2.0,0.0,0.030818249459344874,0.030818249459344874,-5.6532540113438845,-14244.028419485394,-14249.681673496738
102,6,0.4374148886773612,-7.747621838014204,3.0,1.0,0.8746992109486671,-14251.201323631807,14251.757303980588,0.10182624635672255,0.26710741264469107,2.0,0.0,0.030818249459344874,0.030818249459344874,-5.856439725865497,-14243.942797926335,-14249.7992376522
103,6,0.44986760262782616,-7.730876728179841,3.0,1.0,0.9616074560757953,-14251.579278692669,14251.66016024448,0.122368367987292,-0.13712750031481846,2.0,0.0,0.030818249459344874,0.030818249459344874,-5.803959227154827,-14244.378921202395,-14250.18288042955
104,6,0.44664560301563877,-7.76144548081945,3.0,1.0,1.0,-14251.335061893002,14251.846031324887,-0.1864927736151003,-0.23382078759641445,2.0,0.0,0.030818249459344874,0.030818249459344874,-5.899975401586065,-14244.037340037987,-14249.937315439573
105,6,0.4422648658473471,-7.726382267603468,3.0,1.0,0.982159946456944,-14250.749270016542,14251.406738980368,-0.07207655649654043,-0.07207655649654043,2.0,0.0,0.030818249459344874,0.030818249459344874,-5.789920962415572,-14243.559631622476,-14249.349552584892
106,6,0.4280505978219408,-7.679303221238818,3.0,1.0,0.6741603164904104,-14252.21929103417,14253.030724353048,0.34171091937423625,0.5805834937418695,2.0,0.0,0.030818249459344874,0.030818249459344874,-5.6440854924145984,-14245.167986921331,-14250.812072413746
107,6,0.4490460350666164,-7.750180249767867,7.0,1.0,0.9140576512335282,-14251.457534296045,14252.92123834298,-0.18422248541537556,-0.2823017557784624,3.0,0.0,0.030818249459344874,0.030818249459344874,-5.864482683842709,-14244.19631772216,-14250.060800406003
108,6,0.44988304307991916,-7.697459713800199,3.0,1.0,0.7361372908900119,-14252.124372401895,14253.2837609467,0.33215600032963266,0.36141853913977684,1.0,0.0,0.030818249459344874,0.030818249459344874,-5.700065795112888,-14245.0279145981,-14250.727980393212
109,6,0.4377197550430069,-7.737624468667106,3.0,1.0,0.9192526308520687,-14250.978980348698,14252.348158844117,-0.41090519938188663,-0.41090519938188663,2.0,0.0,0.030818249459344874,0.030818249459344874,-5.825073449741725,-14243.751975600035,-14249.577049049776
110,6,0.45028270665262926,-7.728495499143381,3.0,1.0,0.8541800010338795,-14251.676658118378,14251.94921519639,0.22056286747283593,0.27381494732617284,2.0,0.0,0.030818249459344874,0.030818249459344874,-5.79651903910297,-14244.483908277805,-14250.280427316908
111,6,0.4442863621051313,-7.776183809714672,3.0,1.0,0.9440335203713706,-14251.593264538598,14252.50118834041,-0.19389208723805496,-0.19389208723805496,2.0,0.0,0.030818249459344874,0.030818249459344874,-5.946602234134464,-14244.247874182545,-14250.19447641668
112,6,0.44193478133851455,-7.7056139527008725,3.0,1.0,0.9971863445933927,-14250.816634178555,14251.624393318378,-0.07980115154350642,-0.07980115154350642,2.0,0.0,0.030818249459344874,0.030818249459344874,-5.725314308478744,-14243.691447464644,-14249.416761773122
113,6,0.4373123315003365,-7.702526065195509,7.0,1.0,0.9951852189688625,-14250.824418586399,14250.98883717076,-0.014083156935157604,0.027715416443243157,3.0,0.0,0.030818249459344874,0.030818249459344874,-5.715745254435053,-14243.706535142523,-14249.422280396957
114,6,0.4372950418861497,-7.704438001181955,1.0,1.0,0.99949742113031,-14250.815327780358,14250.84047969307,0.0005027052047807956,0.0005027052047807956,1.0,0.0,0.030818249459344874,0.030818249459344874,-5.721669028352946,-14243.691511752073,-14249.413180780426
115,6,0.45213812622595656,-7.8080616508911955,7.0,1.0,0.8664919063366883,-14253.140217249922,14253.289212463844,0.2776645450885553,0.2776645450885553,3.0,0.0,0.030818249459344874,0.030818249459344874,-6.0481954011792505,-14245.696522212944,-14251.744717614123
116,6,0.4438298569843705,-7.7463268543691335,7.0,1.0,0.9984984389053403,-14250.951150078177,14253.053686279978,-0.2499456732057297,-0.2499456732057297,3.0,0.0,0.030818249459344874,0.030818249459344874,-5.852371140862019,-14243.699783923408,-14249.55215506427
117,6,0.44253912115657756,-7.741454829092291,1.0,1.0,1.0,-14250.860177194063,14250.9413979625,-0.010932510331258527,-0.010932510331258527,1.0,0.0,0.030818249459344874,0.030818249459344874,-5.837079214490292,-14243.623508619936,-14249.460587834426
118,6,0.43640045299500146,-7.695444563279935,7.0,1.0,0.9978816298947647,-14250.923556140386,14250.927427491311,0.01426418393930362,0.01426418393930362,3.0,0.0,0.030818249459344874,0.030818249459344874,-5.69383639667792,-14243.827113454001,-14249.52094985068
119,6,0.4326534759009223,-7.71104384837803,3.0,1.0,0.9142534773752279,-14251.307004392813,14251.397770739672,0.15833428342557454,0.15833428342557454,2.0,0.0,0.030818249459344874,0.030818249459344874,-5.74216413656842,-14244.160237089942,-14249.90240122651
120,6,0.4349052834153171,-7.705587257691695,1.0,1.0,1.0,-14250.993602859737,14251.245017043006,-0.11400526224497298,-0.11400526224497298,1.0,0.0,0.030818249459344874,0.030818249459344874,-5.725231542460249,-14243.864982384488,-14249.590213926947
121,6,0.4433638982987216,-7.696646270093481,3.0,1.0,0.9901011475192103,-14251.050799101822,14251.122138777424,0.030146429025990074,-0.04913882342225406,2.0,0.0,0.030818249459344874,0.030818249459344874,-5.697550722502473,-14243.954040403169,-14249.651591125672
122,6,0.4284297775676634,-7.680216366042041,3.0,1.0,0.8416811763694817,-14252.12908210068,14252.8280204866,0.22113041854936455,0.22333322462509386,2.0,0.0,0.030818249459344874,0.030818249459344874,-5.646893037936867,-14245.075192699316,-14250.722085737252
123,6,0.44619032851005963,-7.702027452454471,5.0,1.0,1.0,-14251.30203809706,14252.018858908283,-0.123498437962553,-0.28189565783395665,2.0,0.0,0.030818249459344874,0.030818249459344874,-5.714200997637485,-14244.189893222438,-14249.904094220075
124,6,0.42893418315171,-7.693406261522012,3.0,1.0,0.9523675494498044,-14251.962994610323,14252.215767376487,0.13688302009541076,0.13688302009541076,2.0,0.0,0.030818249459344874,0.030818249459344874,-5.687539562319249,-14244.868752446919,-14250.556292009238
125,6,0.44777405931882797,-7.710051297867873,7.0,1.0,1.0,-14251.421550074203,14251.907842527396,-0.09351901435547916,-0.3360781955616403,2.0,0.0,0.030818249459344874,0.030818249459344874,-5.739081892658588,-14244.28520367226,-14250.024285564918
126,6,0.4326662186467918,-7.687724185340773,7.0,1.0,0.9020732928988687,-14251.338177363794,14252.638063623619,-0.13052975826758484,0.3183385851971252,2.0,0.0,0.030818249459344874,0.030818249459344874,-5.670008112667281,-14244.263573076432,-14249.9335811891
127,6,0.4377704144694413,-7.613845522307461,3.0,1.0,0.7948429614956583,-14254.03302345302,14254.336705183101,0.4474399059690768,0.4474399059690768,2.0,0.0,0.030818249459344874,0.030818249459344874,-5.44500217289291,-14247.186115608889,-14252.631117781782
128,6,0.4364637000152773,-7.598897381272073,1.0,1.0,0.8642789549872439,-14255.002834677804,14255.352022663514,0.14585969771906093,0.14585969771906093,1.0,0.0,0.030818249459344874,0.030818249459344874,-5.400139793096121,-14248.200121287276,-14253.600261080373
129,6,0.439350695165852,-7.720822786609051,3.0,1.0,0.9966071817392163,-14250.727408041592,14255.065624380642,-0.6812065094891295,-0.6812065094891295,2.0,0.0,0.030818249459344874,0.030818249459344874,-5.772584097082748,-14243.553706915722,-14249.326291012805
130,6,0.45281268007177705,-7.786202016392243,3.0,1.0,0.7797187223354181,-14252.594598091106,14252.878372259302,0.2827704419432848,0.2827704419432848,2.0,0.0,0.030818249459344874,0.030818249459344874,-5.97842028622687,-14245.220936970498,-14251.199357256724
131,6,0.4529353046397073,-7.730858361974586,3.0,1.0,0.8119758319297139,-14252.262506494328,14254.065732477759,0.20466737760943943,0.2375910547289095,2.0,0.0,0.030818249459344874,0.030818249459344874,-5.803901819955564,-14245.063410484809,-14250.867312304765
132,6,0.44978082812197095,-7.732831412170123,1.0,1.0,1.0,-14251.553134810907,14252.18688896821,-0.23853853630680533,-0.23853853630680533,1.0,0.0,0.030818249459344874,0.030818249459344874,-5.810070906085919,-14244.34663045553,-14250.156701361615
133,6,0.4465743231388914,-7.690369338227502,3.0,1.0,0.9065165889840859,-14251.629392630117,14252.690327595688,0.05193617529221228,0.26115659419519943,1.0,0.0,0.030818249459344874,0.030818249459344874,-5.678165437694062,-14244.553449942772,-14250.231615380466
134,6,0.4462562634699601,-7.679430472119086,3.0,1.0,0.9774056150554472,-14251.90165244239,14252.191293016958,0.07018982487170433,-0.25156610329213436,2.0,0.0,0.030818249459344874,0.030818249459344874,-5.644476686645787,-14244.85926057685,-14250.503737263496
135,6,0.4253172372181512,-7.671115456278242,3.0,1.0,0.9521579229503128,-14252.970950284274,14253.08184711648,0.15493158766366832,-0.2578579495821032,2.0,0.0,0.030818249459344874,0.030818249459344874,-5.618948733411948,-14245.943144495532,-14251.562093228944
136,6,0.4457128009356942,-7.707581758968472,3.0,1.0,1.0,-14251.142519614496,14252.70275556492,-0.37750584906098084,-0.44051643557577336,2.0,0.0,0.030818249459344874,0.030818249459344874,-5.731417317285976,-14244.012949502037,-14249.744366819323
137,6,0.43935131298105773,-7.728128707075684,3.0,1.0,0.9786764374690972,-14250.766811781905,14251.161198992651,-0.13521932016192295,-0.13521932016192295,2.0,0.0,0.030818249459344874,0.030818249459344874,-5.795373495421477,-14243.570321561932,-14249.365695057353
138,6,0.44499177242131777,-7.731466176604018,3.0,1.0,0.9860867118471807,-14250.914013118549,14250.927506099517,0.033476409520517336,0.033476409520517336,2.0,0.0,0.030818249459344874,0.030818249459344874,-5.805801843675283,-14243.709739448066,-14249.515541291741
139,6,0.44504176276093366,-7.725467162038848,7.0,1.0,0.8374329228585399,-14250.919622110676,14252.534078468529,0.01152206086771912,0.3062561757178628,3.0,0.0,0.030818249459344874,0.030818249459344874,-5.787065142580423,-14243.734107399492,-14249.521172542072
140,6,0.4463329403682333,-7.753439887644882,7.0,1.0,0.8644635581422028,-14251.187714015054,14252.07545759456,0.007719111970800441,0.2970719372660824,3.0,0.0,0.030818249459344874,0.030818249459344874,-5.874739590389744,-14243.915092573987,-14249.789832164377
141,6,0.44083663356906744,-7.68202797506103,5.0,1.0,0.7666503063770657,-14251.160190652454,14252.3737709705,0.019668368191560148,0.3791427826636209,2.0,0.0,0.030818249459344874,0.030818249459344874,-5.6524654602940805,-14244.107330673687,-14249.759796133982
142,6,0.44428913848097185,-7.672583091920543,3.0,1.0,0.9193429551851434,-14251.807690996033,14251.843130073325,0.2157620886046061,0.2157620886046061,2.0,0.0,0.030818249459344874,0.030818249459344874,-5.623449500945157,-14244.785454626151,-14250.408904127096
143,6,0.42790369709510323,-7.6925505900245374,3.0,1.0,0.9664680697329282,-14252.201468817979,14252.412172340682,0.10602272464893758,-0.20815825842328195,2.0,0.0,0.030818249459344874,0.030818249459344874,-5.684897412818799,-14245.109266349604,-14250.794163762423
144,6,0.44085260035124985,-7.723510358929303,3.0,1.0,1.0,-14250.718166026283,14252.623313479147,-0.4082794936020946,-0.4082794936020946,2.0,0.0,0.030818249459344874,0.030818249459344874,-5.7809612502941885,-14243.536817920956,-14249.31777917125
145,6,0.4462444372621253,-7.696726321607861,3.0,1.0,0.8234186595831771,-14251.418578985349,14251.562903373626,0.24136905054547242,0.24972953987526125,1.0,0.0,0.030818249459344874,0.030818249459344874,-5.697798203048797,-14244.322860458718,-14250.020658661768
146,6,0.43783769240982,-7.659396252437391,5.0,1.0,0.9572606734574126,-14251.702247900874,14252.649640452048,-0.09818706910482433,-0.17805937359298696,2.0,0.0,0.030818249459344874,0.030818249459344874,-5.583086965693855,-14244.71728926538,-14250.300376231075
147,6,0.43411814354051836,-7.699797149145233,3.0,1.0,1.0,-14251.089033296284,14251.77320204229,-0.05891667029754899,-0.13457667150578345,2.0,0.0,0.030818249459344874,0.030818249459344874,-5.707296553754272,-14243.977928224005,-14249.685224777759
148,6,0.4415792386829514,-7.703775780117053,3.0,1.0,0.9966912223789363,-14250.818447586304,14251.241262696843,-0.0611207374749938,-0.0611207374749938,2.0,0.0,0.030818249459344874,0.030818249459344874,-5.719616847188322,-14243.698790391922,-14249.41840723911
149,6,0.4423778288233778,-7.705797234761894,11.0,1.0,0.6854528648917739,-14250.840097700626,14253.839033869632,0.012389061075737118,0.6617595079660532,3.0,0.0,0.030818249459344874,0.030818249459344874,-5.725882580998545,-14243.714550515386,-14249.440433096384
150,6,0.4421070551951194,-7.670921912435845,3.0,1.0,0.9128017239150953,-14251.585826602526,14251.870327021139,0.16736296445742482,0.16736296445742482,2.0,0.0,0.030818249459344874,0.030818249459344874,-5.618355357313366,-14244.567679835109,-14250.186035192422
51,7,0.43993963649864104,-7.777930661590312,1.0,1.0,3.892863976088523e-8,-14251.855051572624,14253.187805094989,0.0,17.061535616574474,1.0,0.0,0.06617912702022004,0.06617912702022004,-5.952143050976489,-14244.502080061295,-14250.45422311227
52,7,0.43599192582747126,-7.782410722633826,3.0,1.0,0.658347603897295,-14252.601988927487,14253.047739019168,0.45169496825656097,0.6376729643106955,2.0,0.0,0.03960364741766099,0.03960364741766099,-5.9663672470571125,-14245.232803414203,-14251.19917066126
53,7,0.44412291994561187,-7.637706492261557,7.0,1.0,0.9613887819204401,-14253.421089948793,14253.660296442338,0.26090090821708145,-0.7846254967171262,2.0,0.0,0.03960364741766099,0.03960364741766099,-5.517076757638033,-14246.505151194802,-14252.02222795244
54,7,0.4330375894789296,-7.664559316248363,1.0,1.0,1.0,-14251.695620345386,14252.639641680871,-0.9184290529901773,-0.9184290529901773,1.0,0.0,0.03960364741766099,0.03960364741766099,-5.598869458382025,-14244.692357871158,-14250.291227329539
55,7,0.45051291079504424,-7.817907057079191,3.0,1.0,0.7352310410970876,-14253.376533841561,14253.88120576344,0.3283003598990035,0.5033900280941452,2.0,0.0,0.03960364741766099,0.03960364741766099,-6.0797776346387895,-14245.900617662444,-14251.980395297083
56,7,0.45921306757841784,-7.84357362256035,1.0,1.0,0.6013017378059249,-14255.773593807246,14255.815150986125,0.5086584108594252,0.5086584108594252,1.0,0.0,0.03960364741766099,0.03960364741766099,-6.162566942206182,-14248.218055969961,-14254.380622912167
57,7,0.4572910149985613,-7.863808677797124,1.0,1.0,1.0,-14256.460598894331,14257.06612813777,-0.04493443238243344,-0.04493443238243344,1.0,0.0,0.03960364741766099,0.03960364741766099,-6.228300943354397,-14248.83868061259,-14255.066981555945
58,7,0.44318280237127294,-7.878476440596087,3.0,1.0,0.7215076025255023,-14257.779449267331,14258.88471696234,1.0054666293126502,1.0054666293126502,2.0,0.0,0.03960364741766099,0.03960364741766099,-6.276205451432586,-14250.103952584388,-14256.380158035821
59,7,0.44930791005021314,-7.843634956798664,1.0,1.0,1.0,-14254.668816451727,14256.982748765866,-1.2037756374338642,-1.2037756374338642,1.0,0.0,0.03960364741766099,0.03960364741766099,-6.162765569095262,-14247.1094245784,-14253.272190147496
60,7,0.44507530767298636,-7.74663582841867,3.0,1.0,0.9576730592785477,-14251.016018214284,14254.605632425355,-0.6974500804844865,-0.6974500804844865,2.0,0.0,0.03960364741766099,0.03960364741766099,-5.853341724490559,-14243.764241845443,-14249.617583569934
61,7,0.4499550057271797,-7.73202006681354,1.0,1.0,0.6925350923859113,-14251.589631094204,14251.71842488691,0.36739636727907055,0.36739636727907055,1.0,0.0,0.03960364741766099,0.03960364741766099,-5.807533621813736,-14244.385734587568,-14250.193268209381
62,7,0.4394883653393055,-7.7515828043163815,11.0,1.0,0.9961990895133063,-14251.109484604913,14251.387573151373,-0.2886927838117117,-0.4216788576959516,3.0,0.0,0.03960364741766099,0.03960364741766099,-5.868894715592417,-14243.839540575582,-14249.708435291173
63,7,0.4477744432120445,-7.738123077774285,7.0,1.0,0.9617996318484712,-14251.226730678562,14251.31576736919,0.06587709047562385,-0.1289273505226447,2.0,0.0,0.03960364741766099,0.03960364741766099,-5.82663544428041,-14244.002830887159,-14249.82946633144
64,7,0.4326511879498352,-7.7297017362126335,3.0,1.0,0.6110825719459291,-14251.535496061813,14252.11065699354,0.26033909927173227,0.7544551395767485,2.0,0.0,0.03960364741766099,0.03960364741766099,-5.8002872373789645,-14244.33060440265,-14250.130891640028
65,7,0.4333882895035557,-7.699957969465041,3.0,1.0,0.9245822079653835,-14251.176960837358,14251.677882686474,-0.2825097888508026,-0.45989293056118186,1.0,0.0,0.03960364741766099,0.03960364741766099,-5.70779424558376,-14244.064964357678,-14249.772758603262
66,7,0.4333882895035557,-7.699957969465041,1.0,1.0,0.03452058934645509,-14251.176960837358,14254.20110407653,0.0,3.366199340303865,1.0,0.0,0.03960364741766099,0.03960364741766099,-5.70779424558376,-14244.064964357678,-14249.772758603262
67,7,0.4353958770169397,-7.701762823013668,1.0,1.0,1.0,-14250.954779823338,14251.159900419321,-0.10634045676852111,-0.10634045676852111,1.0,0.0,0.03960364741766099,0.03960364741766099,-5.713381513045182,-14243.838268249947,-14249.551649762992
68,7,0.4471848321998608,-7.7713517305115785,3.0,1.0,0.8020213274189422,-14251.573701960253,14252.796465564927,0.11445787414959341,0.3851411988198379,1.0,0.0,0.03960364741766099,0.03960364741766099,-5.931291319645242,-14244.244895796857,-14250.176187116502
69,7,0.43654026574466925,-7.659935070429041,7.0,1.0,0.9942749536315605,-14251.669325600555,14251.681648886592,0.03643836205083062,-0.13648046063281072,2.0,0.0,0.03960364741766099,0.03960364741766099,-5.5847327828114395,-14244.682058752058,-14250.266791534868
70,7,0.44261393186495035,-7.715902979552771,3.0,1.0,0.9667438506292424,-14250.775452616148,14251.97550592604,-0.16155031645394047,-0.16155031645394047,1.0,0.0,0.03960364741766099,0.03960364741766099,-5.7572677896840325,-14243.618630293307,-14249.375898082992
71,7,0.44489002990580984,-7.707267815222197,1.0,1.0,0.8554427132935077,-14251.044930251957,14251.100606726726,0.15613615072834364,0.15613615072834364,1.0,0.0,0.03960364741766099,0.03960364741766099,-5.730443383854604,-14243.915969676389,-14249.646413060244
72,7,0.4397780209557351,-7.711237608532525,5.0,1.0,0.9845451740888802,-14250.723861694843,14251.047574623513,-0.1911666664727818,-0.1911666664727818,2.0,0.0,0.03960364741766099,0.03960364741766099,-5.742765949900586,-14243.580188385098,-14249.322954334999
73,7,0.4422254385757569,-7.781030966216781,7.0,1.0,0.4570577768208541,-14251.801631235812,14252.574733528803,0.2942200909201347,1.2985355296023045,2.0,0.0,0.03960364741766099,0.03960364741766099,-5.961984380902064,-14244.439910959985,-14250.401895340887
74,7,0.44219684161744083,-7.727307944014399,3.0,1.0,0.6855694080143486,-14250.749879104376,14252.141514868767,-0.2792582258934999,0.6435036627954105,2.0,0.0,0.03960364741766099,0.03960364741766099,-5.792810623251444,-14243.557319186519,-14249.35012980977
75,7,0.44219684161744083,-7.727307944014399,3.0,1.0,0.8865217868041911,-14250.749879104376,14251.231706914925,0.0,0.17531539479205094,1.0,0.0,0.03960364741766099,0.03960364741766099,-5.792810623251444,-14243.557319186519,-14249.35012980977
76,7,0.44245898013408375,-7.6813272734344835,3.0,1.0,0.7856336646616962,-14251.307608741803,14251.915522876927,0.235329792894845,0.3074550075671141,2.0,0.0,0.03960364741766099,0.03960364741766099,-5.65030974652801,-14244.257672276062,-14249.90798202259
77,7,0.43529432018171155,-7.736834934669766,3.0,1.0,0.7154247545318361,-14251.237356423184,14252.711914037303,0.05789536474912893,0.6213554287151055,2.0,0.0,0.03960364741766099,0.03960364741766099,-5.822600582272401,-14244.01157235811,-14249.834172940382
78,7,0.4445385375618767,-7.711034281109131,7.0,1.0,0.9480979703787172,-14250.961645979169,14251.206166228381,-0.1521337234898965,-0.29494823794448166,2.0,0.0,0.03960364741766099,0.03960364741766099,-5.742134421885693,-14243.820836981316,-14249.562971403202
79,7,0.4380505401133518,-7.749377717196152,3.0,1.0,0.9785824511568225,-14251.176827838908,14251.330387217804,0.06640976044582203,0.06640976044582203,2.0,0.0,0.03960364741766099,0.03960364741766099,-5.861959032857419,-14243.913104457015,-14249.775063489873
80,7,0.4380505401133518,-7.749377717196152,3.0,1.0,0.3837247598787368,-14251.176827838908,14253.246295790552,0.0,2.632442728299793,1.0,0.0,0.03960364741766099,0.03960364741766099,-5.861959032857419,-14243.913104457015,-14249.775063489873
81,7,0.4395020141043656,-7.679902711913748,3.0,1.0,0.8819712409934365,-14251.147010711837,14251.4772630711,-0.09272782106381783,0.27525970051283366,2.0,0.0,0.03960364741766099,0.03960364741766099,-5.645928586197258,-14244.100039516607,-14249.745968102803
82,7,0.43406465629306695,-7.700456762318711,3.0,1.0,0.928971490737725,-14251.09321244352,14251.587130708629,0.03479870222508907,0.13251908098209242,2.0,0.0,0.03960364741766099,0.03960364741766099,-5.70933802801094,-14243.980037196128,-14249.68937522414
83,7,0.4491287587684586,-7.782104786733285,7.0,1.0,0.8174096278663827,-14252.000195717652,14252.271982441514,0.1163012382985471,0.37281691378848336,2.0,0.0,0.03960364741766099,0.03960364741766099,-5.965395261910686,-14244.638100612137,-14250.603495874047
84,7,0.45410629902860183,-7.793744066649627,3.0,1.0,0.9144375290659745,-14253.00620000617,14253.110302947274,0.2966386131847685,0.2966386131847685,2.0,0.0,0.03960364741766099,0.03960364741766099,-6.002440229423158,-14245.609004798172,-14251.611445027596
85,7,0.4444312378005188,-7.790807410496872,1.0,1.0,1.0,-14252.088557018416,14252.841361471563,-0.2566702755375445,-0.2566702755375445,1.0,0.0,0.03960364741766099,0.03960364741766099,-5.993080796292679,-14244.696753397293,-14250.689834193585
86,7,0.4272067421417554,-7.709268976030374,7.0,1.0,0.5199688368143548,-14252.494880751194,14255.24168985347,0.5886565089094802,1.3323364559564652,2.0,0.0,0.03960364741766099,0.03960364741766099,-5.736653182375655,-14245.35050992562,-14251.087163107995
87,7,0.45639142747634825,-7.778072984380469,3.0,1.0,1.0,-14253.219642307658,14253.623854783742,-0.07802797602926148,-0.5127774228749331,2.0,0.0,0.03960364741766099,0.03960364741766099,-5.9525946172277635,-14245.873117419425,-14251.825712036652
88,7,0.45639142747634825,-7.778072984380469,1.0,1.0,0.02549363507292643,-14253.219642307658,14256.907738513708,0.0,3.6693264629575424,1.0,0.0,0.03960364741766099,0.03960364741766099,-5.9525946172277635,-14245.873117419425,-14251.825712036652
89,7,0.4321918775865323,-7.699247555301097,7.0,1.0,0.8630203009660592,-14251.348158181097,14253.110585593975,-0.5973132366943901,0.6172827847585722,2.0,0.0,0.03960364741766099,0.03960364741766099,-5.70559591685212,-14244.237704905992,-14249.943300822844
90,7,0.43618485578370547,-7.698380676459844,1.0,1.0,1.0,-14250.912868225894,14251.182578811262,-0.22535805161169264,-0.22535805161169264,1.0,0.0,0.03960364741766099,0.03960364741766099,-5.7029141023869245,-14243.807236139484,-14249.510150241871
91,7,0.4452713231770677,-7.770906102349215,3.0,1.0,0.8016008535047386,-14251.46444118362,14252.655035389993,0.11816067066320102,0.38170562913546746,1.0,0.0,0.03960364741766099,0.03960364741766099,-5.929880479274077,-14244.136213081372,-14250.066093560647
92,7,0.4452713231770677,-7.770906102349215,3.0,1.0,0.41378583858038936,-14251.46444118362,14253.729751019926,0.0,1.359895108442288,1.0,0.0,0.03960364741766099,0.03960364741766099,-5.929880479274077,-14244.136213081372,-14250.066093560647
93,7,0.4464484061639067,-7.777921790637966,1.0,1.0,0.9621537720087334,-14251.695122766087,14251.768758397655,0.03858099492754263,0.03858099492754263,1.0,0.0,0.03960364741766099,0.03960364741766099,-5.952114905608851,-14244.34517610605,-14250.297291011659
94,7,0.4464898464604993,-7.717594125394177,3.0,1.0,0.9079219543150941,-14251.128872372035,14252.246180367465,0.04704485336696962,0.26172683171535027,1.0,0.0,0.03960364741766099,0.03960364741766099,-5.7625299224987225,-14243.968528647567,-14249.731058570065
95,7,0.4525952547228402,-7.712887060606275,3.0,1.0,0.6521294743819294,-14252.451620109505,14252.865310624175,0.7603615083316981,0.7603615083316981,2.0,0.0,0.03960364741766099,0.03960364741766099,-5.74789061959798,-14245.30840564593,-14251.056296265528
96,7,0.4377624046755302,-7.679197787072953,3.0,1.0,1.0,-14251.135365069185,14252.351135011271,-0.9145312810342148,-0.9145312810342148,1.0,0.0,0.03960364741766099,0.03960364741766099,-5.643761379320448,-14244.08969396805,-14249.73345534737
97,7,0.4377624046755302,-7.679197787072953,3.0,1.0,0.16126533762269807,-14251.135365069185,14255.308395856227,0.0,4.324730655476742,1.0,0.0,0.03960364741766099,0.03960364741766099,-5.643761379320448,-14244.08969396805,-14249.73345534737
98,7,0.4377624046755302,-7.679197787072953,1.0,1.0,0.4468739573629385,-14251.135365069185,14252.01202054232,0.0,0.8054786987104308,1.0,0.0,0.03960364741766099,0.03960364741766099,-5.643761379320448,-14244.08969396805,-14249.73345534737
99,7,0.4418402777506826,-7.72403875139798,3.0,1.0,0.8784898626754556,-14250.732960208414,14251.251177701128,-0.08151899291260634,0.2270394749903062,2.0,0.0,0.03960364741766099,0.03960364741766099,-5.782609097355642,-14243.550434169321,-14249.333043266677
100,7,0.44448189616568023,-7.746693810559682,7.0,1.0,0.8373388956999003,-14250.983435707485,14251.211504122944,0.05081486516428413,0.3035544508111343,2.0,0.0,0.03960364741766099,0.03960364741766099,-5.853523875075387,-14243.731211798744,-14249.58473567382
101,7,0.44421306455459314,-7.703555276694216,11.0,1.0,0.8032090090803412,-14251.022730353925,14251.470502688197,0.11471626551610825,0.4855392830013443,3.0,0.0,0.03960364741766099,0.03960364741766099,-5.7189336183596735,-14243.904975511228,-14249.623909129588
102,7,0.4321884835509979,-7.745200882570332,3.0,1.0,0.30278790342443057,-14251.992204359998,14253.056302727668,0.5591900385425106,1.9971630255386117,2.0,0.0,0.03960364741766099,0.03960364741766099,-5.84883492094405,-14244.73851020511,-14250.587345126054
103,7,0.4321884835509979,-7.745200882570332,3.0,1.0,0.42095803081358696,-14251.992204359998,14255.00015775056,0.0,1.0892853489258414,2.0,0.0,0.03960364741766099,0.03960364741766099,-5.84883492094405,-14244.73851020511,-14250.587345126054
104,7,0.4478029964346323,-7.648855005732237,3.0,1.0,0.6738695523182224,-14253.617658587493,14253.926196495577,0.6897990977995505,0.6897990977995505,2.0,0.0,0.03960364741766099,0.03960364741766099,-5.550947174175151,-14246.669459124078,-14252.220406298253
105,7,0.4372969313241471,-7.682509853189739,3.0,1.0,1.0,-14251.072578680982,14252.31226208381,-1.3610415558614477,-1.3610415558614477,2.0,0.0,0.03960364741766099,0.03960364741766099,-5.653948246871048,-14244.016484397125,-14249.670432643996
106,7,0.44945110594016324,-7.721907426708423,3.0,1.0,0.7172711914077174,-14251.573147677193,14252.344824682707,0.41198383819209994,0.44119598015277006,1.0,0.0,0.03960364741766099,0.03960364741766099,-5.775964047051168,-14244.400615915612,-14250.176579962663
107,7,0.4536276673011957,-7.679138215527574,7.0,1.0,0.5763499498747648,-14253.86606180779,14253.875849512158,1.3425783159327693,1.3425783159327693,2.0,0.0,0.03960364741766099,0.03960364741766099,-5.643578256520098,-14246.82755041015,-14252.47112866667
108,7,0.4491872022066477,-7.690410792270627,1.0,1.0,1.0,-14252.162371973573,14253.825927608328,-0.9838173172720417,-0.9838173172720417,1.0,0.0,0.03960364741766099,0.03960364741766099,-5.678293332531988,-14245.087402816847,-14250.76569614938
109,7,0.442554140161829,-7.72400544816573,7.0,1.0,0.9880099155061066,-14250.755910692695,14251.488374117262,-0.8114167751482455,-0.8114167751482455,2.0,0.0,0.03960364741766099,0.03960364741766099,-5.782505229506006,-14243.573823099057,-14249.356328328564
110,7,0.442554140161829,-7.72400544816573,3.0,1.0,0.23154578935507356,-14250.755910692695,14253.608269866192,0.0,3.121162380082751,1.0,0.0,0.03960364741766099,0.03960364741766099,-5.782505229506006,-14243.573823099057,-14249.356328328564
111,7,0.442554140161829,-7.72400544816573,1.0,1.0,0.34289675376515705,-14250.755910692695,14251.645350293777,0.0,1.070325886559658,1.0,0.0,0.03960364741766099,0.03960364741766099,-5.782505229506006,-14243.573823099057,-14249.356328328564
112,7,0.442554140161829,-7.72400544816573,1.0,1.0,0.08356504677991897,-14250.755910692695,14252.711342115697,0.0,2.4821299470386293,1.0,0.0,0.03960364741766099,0.03960364741766099,-5.782505229506006,-14243.573823099057,-14249.356328328564
113,7,0.43067996686220267,-7.76564352127765,7.0,1.0,0.49985147385359674,-14253.106016332997,14253.13636051455,1.293074915476609,1.293074915476609,2.0,0.0,0.03960364741766099,0.03960364741766099,-5.913234384742829,-14245.787079392701,-14251.700313777445
114,7,0.4256270343572232,-7.749863243193234,3.0,1.0,0.7732315994673967,-14254.098578404555,14255.247819810456,0.6478826787024445,0.6478826787024445,2.0,0.0,0.03960364741766099,0.03960364741766099,-5.863485745221787,-14246.826424509196,-14252.689910254418
115,7,0.4329737280819317,-7.694412671543582,3.0,1.0,0.8658281855538421,-14251.250687578873,14253.065645540304,-1.7610089944409992,-1.9261563193304028,1.0,0.0,0.03960364741766099,0.03960364741766099,-5.690648100485208,-14244.155611610016,-14249.8462597105
116,7,0.4390328886519095,-7.692672397984895,1.0,1.0,1.0,-14250.891949425764,14251.09633891868,-0.16498033302923432,-0.16498033302923432,1.0,0.0,0.03960364741766099,0.03960364741766099,-5.685273487747251,-14243.805401986281,-14249.490675474028
117,7,0.44826427693874005,-7.7321478671446515,7.0,1.0,0.8069531273930866,-14251.299410292093,14251.86822859514,0.24989546467622858,0.4114386377259507,2.0,0.0,0.03960364741766099,0.03960364741766099,-5.807933242430304,-14244.094418623134,-14249.902351865563
118,7,0.43022164228764015,-7.718563614732663,5.0,1.0,0.728523909827141,-14251.855807779844,14252.37386931489,0.35750985230333754,0.7370765162122552,2.0,0.0,0.03960364741766099,0.03960364741766099,-5.765547854279613,-14244.68429732976,-14250.44984518404
119,7,0.43914104772431706,-7.718594807119299,5.0,1.0,0.9905848892448248,-14250.727379075744,14251.279660835264,-0.633874311532054,-0.633874311532054,2.0,0.0,0.03960364741766099,0.03960364741766099,-5.765644968937676,-14243.560513655477,-14249.326158624415
120,7,0.44178524216192155,-7.765165591365378,3.0,1.0,0.7781563732108882,-14251.323761243695,14252.412018254112,0.16887087702161807,0.32107773081770574,2.0,0.0,0.03960364741766099,0.03960364741766099,-5.911724014207454,-14244.012094317077,-14249.923818331285
121,7,0.4465853714932229,-7.635174159856025,3.0,1.0,0.3020219566771249,-14254.128836001888,14255.566077003947,1.3247327383414813,1.8253898125640262,2.0,0.0,0.03960364741766099,0.03960364741766099,-5.50940057403241,-14247.221662954364,-14252.731063528396
122,7,0.4429260727980037,-7.818639395706757,3.0,1.0,0.4282850450141129,-14253.483020185775,14256.439309515545,-0.6782662824152794,2.6004959294896253,2.0,0.0,0.03960364741766099,0.03960364741766099,-6.082130714109628,-14246.00147974626,-14252.083610460371
123,7,0.44812448637153346,-7.7490309687676575,3.0,1.0,0.865232610009846,-14251.324977654784,14253.860163406212,-0.5403975181870919,-0.5403975181870919,2.0,0.0,0.03960364741766099,0.03960364741766099,-5.860868843954348,-14244.0669918201,-14249.927860664055
124,7,0.4543343508619613,-7.804009758643725,3.0,1.0,0.748407627950491,-14253.332885720805,14253.666775813073,0.3714016760131926,0.37447350161892246,2.0,0.0,0.03960364741766099,0.03960364741766099,-6.035225838998514,-14245.902989130433,-14251.938214969432
125,7,0.45150013046324866,-7.77508474554737,1.0,1.0,1.0,-14252.149379435605,14253.319870430352,-0.18558853566355538,-0.18558853566355538,1.0,0.0,0.03960364741766099,0.03960364741766099,-5.943117690657623,-14244.810513890656,-14250.753631581314
126,7,0.4349338816872018,-7.705578205348106,7.0,1.0,0.9936178094581672,-14250.990664246927,14251.929033970786,-0.2660208006273024,-0.2660208006273024,2.0,0.0,0.03960364741766099,0.03960364741766099,-5.725203476460618,-14243.86208698378,-14249.58729046024
127,7,0.4438921037707147,-7.738932179468939,3.0,1.0,0.9753996808535809,-14250.878100977043,14251.347114843522,-0.07762855892542575,-0.07762855892542575,2.0,0.0,0.03960364741766099,0.03960364741766099,-5.829170649097204,-14243.649963626747,-14249.479134275844
128,7,0.4247724893822596,-7.648037851160279,7.0,1.0,0.19533029266223206,-14253.528888276247,14255.20847333542,0.7723128611032735,2.9750078627821495,2.0,0.0,0.03960364741766099,0.03960364741766099,-5.548460347079894,-14246.571236710872,-14252.119697057951
129,7,0.446691802399607,-7.7258549525649665,3.0,1.0,0.9666738363693564,-14251.100166503991,14253.142951468413,-0.6440114548095153,-0.6440114548095153,2.0,0.0,0.03960364741766099,0.03960364741766099,-5.788275239377157,-14243.914164749,-14249.702439988378
130,7,0.4539692561525517,-7.806971524515156,3.0,1.0,0.6608595160130383,-14253.36459196545,14254.347076008115,0.3821409269312426,0.5290555482624768,1.0,0.0,0.03960364741766099,0.03960364741766099,-6.044704438901525,-14245.925081728179,-14251.969786167081
131,7,0.4445531872128092,-7.7342750900128365,3.0,1.0,0.9788901077104201,-14250.888843116636,14253.568313237605,-0.5144920098209695,-0.5144920098209695,1.0,0.0,0.03960364741766099,0.03960364741766099,-5.814587283400529,-14243.675587837277,-14249.490175120678
132,7,0.44925435027735455,-7.830210671641867,3.0,1.0,0.7253962133528365,-14253.91038284534,14254.18220631419,0.5423881688257097,0.5423881688257097,2.0,0.0,0.03960364741766099,0.03960364741766099,-6.119381600257644,-14246.394352982985,-14252.513734583243
133,7,0.4537241135334644,-7.847685257890553,1.0,1.0,0.8617392279962929,-14255.125469768756,14255.337470640314,0.14880257381264528,0.14880257381264528,1.0,0.0,0.03960364741766099,0.03960364741766099,-6.175890528961987,-14247.554682150416,-14253.730572679378
134,7,0.4290700214736831,-7.675883290684122,7.0,1.0,0.43462707271843204,-14252.043151484117,14257.099114226177,-0.463970974626136,2.460735607341121,2.0,0.0,0.03960364741766099,0.03960364741766099,-5.633578018880642,-14245.002949605685,-14250.636527624565
135,7,0.4482798792787409,-7.777496961806892,7.0,1.0,0.9463586828587855,-14251.805480833389,14252.15756319614,-0.2353312572795403,-0.4418003573809983,2.0,0.0,0.03960364741766099,0.03960364741766099,-5.950767119493128,-14244.457661813833,-14250.408428933326
136,7,0.4386544966012904,-7.716744017719625,3.0,1.0,1.0,-14250.739523496408,14251.618444857659,-0.2051122909069818,-0.2051122909069818,2.0,0.0,0.03960364741766099,0.03960364741766099,-5.759884388362904,-14243.57817721614,-14249.338061604503
137,7,0.4340426115874566,-7.72168466054404,1.0,1.0,0.7729013266097353,-14251.186764171825,14251.21821718246,0.2576038884653826,0.2576038884653826,1.0,0.0,0.03960364741766099,0.03960364741766099,-5.775269768263044,-14244.00764534814,-14249.782915116402
138,7,0.4409545796849957,-7.701265636280417,7.0,1.0,0.8732165533681807,-14250.82060459495,14251.984191500263,-0.23137721401508315,0.34349004367504676,2.0,0.0,0.03960364741766099,0.03960364741766099,-5.711842051865094,-14243.708424584005,-14249.42026663587
139,7,0.43935042793928586,-7.691505893675924,7.0,1.0,0.617483314717281,-14250.913237537703,14251.655566175163,0.007349264036747627,0.9201019082938728,2.0,0.0,0.03960364741766099,0.03960364741766099,-5.681672583479151,-14243.830447793844,-14249.512120377323
140,7,0.43940390568745163,-7.683128032388592,1.0,1.0,0.9533502349872366,-14251.070907939195,14251.102503439159,0.04777293498591462,0.04777293498591462,1.0,0.0,0.03960364741766099,0.03960364741766099,-5.655850785313879,-14244.01396631624,-14249.669817101554
141,7,0.43973206837828843,-7.655479535810568,1.0,1.0,0.7504671994772104,-14251.945434389248,14252.004013193578,0.28705933375749737,0.28705933375749737,1.0,0.0,0.03960364741766099,0.03960364741766099,-5.571132098011884,-14244.973372457838,-14250.54450455585
142,7,0.43973206837828843,-7.655479535810568,1.0,1.0,0.3198800356112967,-14251.945434389248,14253.595983748723,0.0,1.1398092421914043,1.0,0.0,0.03960364741766099,0.03960364741766099,-5.571132098011884,-14244.973372457838,-14250.54450455585
143,7,0.44577215987781976,-7.722535526803715,3.0,1.0,0.855496093487726,-14251.004938964528,14252.613305566578,-0.2036047007968591,0.27593154256101116,2.0,0.0,0.03960364741766099,0.03960364741766099,-5.777921867263929,-14243.828890374458,-14249.606812241722
144,7,0.4325080313357826,-7.722265747438907,3.0,1.0,0.6341259243582957,-14251.44341140075,14251.80892357718,0.2620674161025818,0.6836918789340416,2.0,0.0,0.03960364741766099,0.03960364741766099,-5.777080902812863,-14244.261647432857,-14250.03872833567
145,7,0.4360955518419694,-7.737612739857574,3.0,1.0,0.9271818427531434,-14251.14750842643,14251.610712228468,-0.17741455563918862,-0.3536857907038211,1.0,0.0,0.03960364741766099,0.03960364741766099,-5.825036709850857,-14243.919707352537,-14249.74474406239
146,7,0.4509237639661517,-7.800609773465557,3.0,1.0,0.5158230192890371,-14252.739222782771,14253.692985402533,0.16466934616437356,1.100335009585251,2.0,0.0,0.03960364741766099,0.03960364741766099,-6.0243556118137525,-14245.318892195757,-14251.34324780757
147,7,0.45029082732973064,-7.782042064109812,1.0,1.0,1.0,-14252.126814319981,14252.79852111299,-0.06947524355746282,-0.06947524355746282,1.0,0.0,0.03960364741766099,0.03960364741766099,-5.965195998204989,-14244.765390782191,-14250.730586780397
148,7,0.449932702710725,-7.77809796032105,1.0,1.0,1.0,-14251.991109052005,14252.337683204025,-0.021171580207010265,-0.021171580207010265,1.0,0.0,0.03960364741766099,0.03960364741766099,-5.952673863771426,-14244.642063281768,-14250.594737145539
149,7,0.441264843927565,-7.711135665921891,3.0,1.0,0.5185841762425436,-14250.744477818875,14252.82355593695,-0.28078497890419385,1.4113386855151475,2.0,0.0,0.03960364741766099,0.03960364741766099,-5.7424493144748725,-14243.601838774008,-14249.344288088483
150,7,0.45900134626824163,-7.727145680451975,3.0,1.0,0.342717831178963,-14254.283454224194,14254.632801424541,1.93328982562889,1.93328982562889,2.0,0.0,0.03960364741766099,0.03960364741766099,-5.79230402722118,-14247.098109572473,-14252.890413599695
51,8,0.4437235400538771,-7.71027591144648,3.0,1.0,0.8106320165836953,-14250.89301078921,14255.324997705084,-0.2583580875307234,0.517303543869275,1.0,0.0,0.021029277476244012,0.021029277476244012,-5.739779316341909,-14243.75418802666,-14249.493967343002
52,8,0.4263671351078417,-7.680813362228449,3.0,1.0,0.7067193060538358,-14252.615422959803,14253.308814746317,0.4702830559836002,0.4702830559836002,2.0,0.0,0.03285958601672865,0.03285958601672865,-5.648729006981611,-14245.558473772957,-14251.207202779939
53,8,0.4442679743737588,-7.660625651457214,3.0,1.0,1.0,-14252.274823265,14253.0115934769,-0.07230690896176384,-0.5112549570749252,2.0,0.0,0.03285958601672865,0.03285958601672865,-5.586842583937241,-14245.289184259123,-14250.876026843061
54,8,0.4431692262520416,-7.741827998687376,7.0,1.0,0.754113792556269,-14250.877716802966,14253.442081275081,-0.4423216151972156,0.90517751927473,3.0,0.0,0.03285958601672865,0.03285958601672865,-5.838249650188406,-14243.64016966892,-14249.47841931911
55,8,0.4408361257231016,-7.704241295489614,3.0,1.0,0.9589677473977677,-14250.784797802715,14251.35458243158,-0.006300638291577343,0.0686269660382095,1.0,0.0,0.03285958601672865,0.03285958601672865,-5.721059404078173,-14243.663343636383,-14249.384403040462
56,8,0.4414896788890294,-7.702703184082994,1.0,1.0,0.9841341086759596,-14250.826324312517,14250.8425353228,0.015993101911590202,0.015993101911590202,1.0,0.0,0.03285958601672865,0.03285958601672865,-5.716293870348072,-14243.709947624995,-14249.426241495343
57,8,0.4490766367325013,-7.768890563310224,3.0,1.0,0.8587660516236265,-14251.701471985913,14252.051601973531,0.13227661494238419,0.1897573022852157,2.0,0.0,0.03285958601672865,0.03285958601672865,-5.923501846146324,-14244.381248850976,-14250.304750697122
58,8,0.44792377459946614,-7.736765060904349,7.0,1.0,0.8602253002135402,-14251.245375016986,14254.481851949846,-0.016871297000761842,0.46256163825819385,3.0,0.0,0.03285958601672865,0.03285958601672865,-5.822381763505561,-14244.025791893708,-14249.848173657214
59,8,0.44322172080331057,-7.7249718213259895,3.0,1.0,0.5256804551535917,-14250.787430718723,14253.308715489062,-0.13937434588478936,1.4386427249064582,2.0,0.0,0.03285958601672865,0.03285958601672865,-5.785519655133186,-14243.602637747086,-14249.38815740222
60,8,0.4444137357846977,-7.76887126896382,3.0,1.0,0.9540716349399987,-14251.39310586168,14251.451657727102,0.06748749917460373,0.06748749917460373,2.0,0.0,0.03285958601672865,0.03285958601672865,-5.9234408044155735,-14244.070934353334,-14249.99437515775
61,8,0.443948297161302,-7.734766268049509,3.0,1.0,0.9997193388040602,-14250.853564769413,14251.408048851363,-0.06124590692706988,-0.07683195905883622,2.0,0.0,0.03285958601672865,0.03285958601672865,-5.816124351631763,-14243.638499248278,-14249.45462359991
62,8,0.43449572987715585,-7.709345965713675,7.0,1.0,0.8821278626587465,-14251.042764589733,14251.438866068891,0.08325613465967763,0.26841003814297437,2.0,0.0,0.03285958601672865,0.03285958601672865,-5.736892168922142,-14243.902265826418,-14249.63915799534
63,8,0.4302065584629337,-7.7198809461253335,3.0,1.0,0.6066693024416374,-14251.878865292774,14253.207347542295,0.3438363201348693,0.8163271348948911,2.0,0.0,0.03285958601672865,0.03285958601672865,-5.769650092862033,-14244.703244015698,-14250.47289410856
64,8,0.4356117713549632,-7.749433199473019,3.0,1.0,0.9672109446665734,-14251.476831274522,14252.397244988168,-0.1755561510744883,-0.1755561510744883,1.0,0.0,0.03285958601672865,0.03285958601672865,-5.862133482189335,-14244.211681011731,-14250.07381449392
65,8,0.4393397949920204,-7.69380564352792,7.0,1.0,0.8755855043628931,-14250.87833972891,14251.997807175067,-0.2521560537370533,0.4260749244949693,3.0,0.0,0.03285958601672865,0.03285958601672865,-5.688773027990808,-14243.788444303957,-14249.477217331947
66,8,0.44760070824014675,-7.671425137617997,7.0,1.0,0.5799097578275954,-14252.47399771193,14253.930695757994,0.6137200738776301,1.0380320104231942,3.0,0.0,0.03285958601672865,0.03285958601672865,-5.619898247402133,-14245.456761604726,-14251.076659852128
67,8,0.45071208021782727,-7.687000342998852,3.0,1.0,0.8565360537701014,-14252.657716811982,14253.463302218075,0.12945524459973967,0.3695658864762663,1.0,0.0,0.03285958601672865,0.03285958601672865,-5.667777091535159,-14245.593880643139,-14251.261657734674
68,8,0.45623314813317256,-7.7218575986335,7.0,1.0,0.920880246899342,-14253.383076772665,14254.180395967498,0.2571997913510131,-0.6470850199730194,3.0,0.0,0.03285958601672865,0.03285958601672865,-5.775808747275841,-14246.213282009903,-14251.989090757179
69,8,0.4265451335654766,-7.679420363041427,7.0,1.0,1.0,-14252.577419719393,14253.510767396834,-0.496693927949309,-0.9307066894143645,3.0,0.0,0.03285958601672865,0.03285958601672865,-5.644445608760906,-14245.524860972148,-14251.169306580909
70,8,0.44727054518746245,-7.745133689669763,3.0,1.0,0.8684431845768299,-14251.194807049542,14253.510830246829,-0.40185839676814794,-0.40185839676814794,2.0,0.0,0.03285958601672865,0.03285958601672865,-5.848623935431115,-14243.948704864182,-14249.797328799614
71,8,0.446057246903342,-7.771631719868522,3.0,1.0,0.9878188439973554,-14251.513193107421,14251.65297838819,-0.010511689297345583,-0.10669943177708774,2.0,0.0,0.03285958601672865,0.03285958601672865,-5.93217785597688,-14244.183013341197,-14250.115191197174
72,8,0.45321670560026084,-7.717478007222914,7.0,1.0,0.7249198407078341,-14252.532914418689,14253.522998835704,0.5980994063484104,0.6958821882544726,3.0,0.0,0.03285958601672865,0.03285958601672865,-5.762168520264398,-14245.375658283174,-14251.137826803439
73,8,0.45126825196062853,-7.697828690543535,3.0,1.0,0.8905850252588574,-14252.464271231942,14253.353932260548,-0.0024237334455392556,-0.4402116782093799,1.0,0.0,0.03285958601672865,0.03285958601672865,-5.70120684610423,-14245.36722548712,-14251.068432333224
74,8,0.444151132587507,-7.654786411935397,7.0,1.0,0.9247791589497941,-14252.51948901008,14253.902602762977,-0.16762765211569786,-0.5546538536364096,2.0,0.0,0.03285958601672865,0.03285958601672865,-5.56901809598522,-14245.551621685454,-14251.120639781439
75,8,0.444151132587507,-7.654786411935397,1.0,1.0,0.2521693333748634,-14252.51948901008,14254.875973289618,0.0,1.3776544592965365,1.0,0.0,0.03285958601672865,0.03285958601672865,-5.56901809598522,-14245.551621685454,-14251.120639781439
76,8,0.4376622156218625,-7.657248542338259,3.0,1.0,1.0,-14251.775078373727,14252.410850105081,-0.3593571037235961,-0.5297214442834957,2.0,0.0,0.03285958601672865,0.03285958601672865,-5.576529679855244,-14244.796588260708,-14250.373117940562
77,8,0.44894426111714686,-7.768988720756814,7.0,1.0,1.0,-14251.688070092594,14251.802339977998,-0.01887475577859732,-0.14277867312921444,3.0,0.0,0.03285958601672865,0.03285958601672865,-5.923812393677727,-14244.36748184447,-14250.291294238148
78,8,0.44092563054463557,-7.688503806531922,7.0,1.0,0.9973054231984487,-14251.022009336293,14251.86209536828,-0.08860343801643467,-0.1403798092433135,3.0,0.0,0.03285958601672865,0.03285958601672865,-5.672411640992638,-14243.949245864816,-14249.62165750581
79,8,0.43802038460703846,-7.677295272363078,3.0,1.0,0.862158166192773,-14251.178807718994,14252.631143133713,-0.008028981650568312,0.2760748291002528,2.0,0.0,0.03285958601672865,0.03285958601672865,-5.637914806371934,-14244.139113381843,-14249.777028188215
80,8,0.43655677071939974,-7.73909192465066,7.0,1.0,0.6771712035285403,-14251.12041788282,14253.037411228253,0.09030649302621896,0.785664773242388,3.0,0.0,0.03285958601672865,0.03285958601672865,-5.829671265235584,-14243.88822106715,-14249.717892332386
81,8,0.4533349425750496,-7.754574549971853,7.0,1.0,0.8557956664241549,-14252.28110160383,14252.55211329546,0.2908136565783934,0.35501472183023,3.0,0.0,0.03285958601672865,0.03285958601672865,-5.878312457144655,-14245.007746116986,-14250.886058574131
82,8,0.4319211934464869,-7.69344907748572,7.0,1.0,0.9422130486163722,-14251.40477520247,14252.655771013222,-0.26207337297637423,-0.4451366925404727,2.0,0.0,0.03285958601672865,0.03285958601672865,-5.6876717890395865,-14244.312096157522,-14249.999767946561
83,8,0.4383957195105948,-7.728304352116948,3.0,1.0,0.9501769509692094,-14250.813207272367,14251.730255277402,-0.15077328643928922,-0.15077328643928922,2.0,0.0,0.03285958601672865,0.03285958601672865,-5.795922043025368,-14243.61569411771,-14249.411616160736
84,8,0.4514164863721909,-7.814697526938873,7.0,1.0,0.8285858826428184,-14253.31673595109,14253.474248409695,0.2931338377547945,0.3977826149930479,2.0,0.0,0.03285958601672865,0.03285958601672865,-6.069471409359971,-14245.851483896573,-14251.920955305934
85,8,0.45331373894632987,-7.816287618071384,1.0,1.0,0.9504827692569976,-14253.600298418169,14253.824623883756,0.050785245301085524,0.050785245301085524,1.0,0.0,0.03285958601672865,0.03285958601672865,-6.074576114519275,-14246.130671286799,-14252.205247401318
86,8,0.4543895981003516,-7.778996325454314,3.0,1.0,0.964698442868531,-14252.75816179462,14254.01770793267,0.06204626958424342,-0.38694820922319195,2.0,0.0,0.03285958601672865,0.03285958601672865,-5.955524714984209,-14245.407986668724,-14251.363511383708
87,8,0.43381073912067647,-7.770229948023282,3.0,1.0,0.8921690864907744,-14252.515408284182,14253.974501236324,0.20109108185170044,-0.32357171208423097,2.0,0.0,0.03285958601672865,0.03285958601672865,-5.927740181831802,-14245.183694303885,-14251.111434485718
88,8,0.4458651567859778,-7.672602422647026,3.0,1.0,1.0,-14252.071831128307,14252.672246728707,-0.16473570771449886,-0.5521967230615701,2.0,0.0,0.03285958601672865,0.03285958601672865,-5.623508796451892,-14245.050236397587,-14250.673745194039
89,8,0.43187536925496417,-7.789694407856445,3.0,1.0,0.733810521677238,-14253.959041011749,14255.049443304784,0.666728847190825,0.666728847190825,2.0,0.0,0.03285958601672865,0.03285958601672865,-5.989535793037797,-14246.56447252525,-14252.554008318288
90,8,0.4473701977460896,-7.702001007033255,3.0,1.0,1.0,-14251.495980736312,14253.354538853173,-0.8060745659513486,-0.9730427491849696,2.0,0.0,0.03285958601672865,0.03285958601672865,-5.714119100292305,-14244.384425854798,-14250.09854495509
91,8,0.4195962497075505,-7.652812369796616,3.0,1.0,0.6049300719743311,-14255.069779596104,14255.920921289016,0.8435252394829149,0.8435252394829149,2.0,0.0,0.03285958601672865,0.03285958601672865,-5.562999973469272,-14248.094285985926,-14253.657285959396
92,8,0.4481067109564927,-7.721609709958445,7.0,1.0,0.8900122121458388,-14251.335214672235,14257.946532282731,-0.8469754550806101,-0.8469754550806101,2.0,0.0,0.03285958601672865,0.03285958601672865,-5.775036186486957,-14244.163054036573,-14249.93809022306
93,8,0.43825196330858834,-7.744347028249915,3.0,1.0,0.9791725110052996,-14251.052714804087,14251.455367767374,-0.12674157355286297,-0.12674157355286297,2.0,0.0,0.03285958601672865,0.03285958601672865,-5.846154156701131,-14243.80489750917,-14249.65105166587
94,8,0.44826010832408564,-7.814329144437278,3.0,1.0,0.7374739469667718,-14253.10011458011,14254.671093074387,0.2206074091463961,0.43830447734944755,1.0,0.0,0.03285958601672865,0.03285958601672865,-6.0682891435020085,-14245.634765266002,-14251.703054409505
95,8,0.460899496447671,-7.727869096340949,3.0,1.0,0.4505414516987824,-14255.04655013122,14257.577718934317,1.3065391891395848,1.7277432761293312,2.0,0.0,0.03285958601672865,0.03285958601672865,-5.794562775564136,-14247.859558821394,-14253.654121596957
96,8,0.4509501218320559,-7.664217352721868,3.0,1.0,0.8133357482958871,-14253.694881369296,14257.373374355555,-0.5256983228628087,-1.0771922906187683,1.0,0.0,0.03285958601672865,0.03285958601672865,-5.597823317355649,-14246.701093522903,-14252.298916840258
97,8,0.42557138903869957,-7.753861716552901,3.0,1.0,0.9127099124069978,-14254.287598908439,14254.583607807268,0.30363567413951387,-1.0784992396365851,2.0,0.0,0.03285958601672865,0.03285958601672865,-5.876067710529957,-14247.002829177372,-14252.878896887902
98,8,0.45349653129747447,-7.701445765756856,3.0,1.0,1.0,-14253.003319662603,14253.975569512097,-0.5068016862369404,-1.4122070139146672,2.0,0.0,0.03285958601672865,0.03285958601672865,-5.712399766140874,-14245.895937614006,-14251.608337380147
99,8,0.44620533909791227,-7.689514797551415,3.0,1.0,1.0,-14251.588623833439,14252.844548491517,-0.5851821119867964,-0.5851821119867964,1.0,0.0,0.03285958601672865,0.03285958601672865,-5.67552937464453,-14244.515157118312,-14250.190686492957
100,8,0.43110540876419595,-7.707924732914057,3.0,1.0,1.0,-14251.560431097769,14251.675044718439,-0.028881202428237884,-0.31245725498774846,2.0,0.0,0.03285958601672865,0.03285958601672865,-5.732481422439551,-14244.422486909769,-14250.154968332208
101,8,0.4335173152497854,-7.715115764582419,3.0,1.0,1.0,-14251.201913511557,14251.606194772194,-0.11823187499794585,-0.24323347275640117,2.0,0.0,0.03285958601672865,0.03285958601672865,-5.754819284113877,-14244.042961922496,-14249.79778120661
102,8,0.4364712959100541,-7.738246342803898,3.0,1.0,0.9698460530639826,-14251.114654415274,14251.539978779932,-0.03236787627974991,0.0948183256732591,1.0,0.0,0.03285958601672865,0.03285958601672865,-5.827021635408528,-14243.88506310648,-14249.712084741888
103,8,0.4364712959100541,-7.738246342803898,3.0,1.0,0.5893699523625613,-14251.114654415274,14255.088729913536,0.0,0.703315204824321,2.0,0.0,0.03285958601672865,0.03285958601672865,-5.827021635408528,-14243.88506310648,-14249.712084741888
104,8,0.4364712959100541,-7.738246342803898,1.0,1.0,0.6693777535865517,-14251.114654415274,14251.813330537192,0.0,0.4014067241205339,1.0,0.0,0.03285958601672865,0.03285958601672865,-5.827021635408528,-14243.88506310648,-14249.712084741888
105,8,0.4397585414290442,-7.726505533451089,3.0,1.0,0.965254343284694,-14250.743120106954,14251.252713668453,-0.14158460916223703,-0.14158460916223703,2.0,0.0,0.03285958601672865,0.03285958601672865,-5.790305708865651,-14243.551897513746,-14249.342203222612
106,8,0.4412442920056064,-7.744587811594396,3.0,1.0,0.8450524139326379,-14250.904268955088,14251.294169751782,0.024489751156579587,0.2755931686861004,2.0,0.0,0.03285958601672865,0.03285958601672865,-5.846910047188439,-14243.65715938366,-14249.504069430848
107,8,0.44378734259690567,-7.640579185983222,3.0,1.0,0.6368891828375123,-14253.19151431868,14253.522480055071,0.6551946404179034,0.6551946404179034,2.0,0.0,0.03285958601672865,0.03285958601672865,-5.5257924318303955,-14246.266707516934,-14251.792499948764
108,8,0.44171568561075636,-7.665737270758003,1.0,1.0,1.0,-14251.725983348562,14252.882894393535,-0.4420411967475957,-0.4420411967475957,1.0,0.0,0.03285958601672865,0.03285958601672865,-5.602473973393171,-14244.723533603701,-14250.326007577094
109,8,0.43148950210018894,-7.707532549316131,3.0,1.0,0.9967924734996275,-14251.48627504681,14251.950046551501,0.009669175677117892,-0.14910112599318381,2.0,0.0,0.03285958601672865,0.03285958601672865,-5.731264649901844,-14244.349762799302,-14250.081027449203
110,8,0.43848849926772565,-7.684968489408664,7.0,1.0,1.0,-14251.018367714625,14251.657111095674,-0.226947411085348,-0.2327530883540021,3.0,0.0,0.03285958601672865,0.03285958601672865,-5.661517328080794,-14243.955305668736,-14249.616822996817
111,8,0.4285450022073483,-7.6402410799144365,3.0,1.0,0.7707354662428045,-14252.993792586636,14253.41700014003,0.31716435883936356,0.3866985969525558,2.0,0.0,0.03285958601672865,0.03285958601672865,-5.524766198784106,-14246.06209732118,-14251.586863519964
112,8,0.4285450022073483,-7.6402410799144365,3.0,1.0,0.5155042705070133,-14252.993792586636,14258.0134927427,0.0,1.610933262085382,1.0,0.0,0.03285958601672865,0.03285958601672865,-5.524766198784106,-14246.06209732118,-14251.586863519964
113,8,0.43536566811335875,-7.620406789496363,3.0,1.0,0.967245362938184,-14253.485106153543,14253.837270237336,0.10343338619350106,-0.15142082592683437,2.0,0.0,0.03285958601672865,0.03285958601672865,-5.464764420772725,-14246.617195790548,-14252.08196021132
114,8,0.43408157164241323,-7.7788925741593,3.0,1.0,0.787178332928299,-14252.836185329064,14254.826408212755,0.2887942377401487,0.49042079371065483,2.0,0.0,0.03285958601672865,0.03285958601672865,-5.9551954317942535,-14245.477161757146,-14251.43235718894
115,8,0.4312060226923457,-7.749809877481715,3.0,1.0,1.0,-14252.363444649103,14253.584842958471,-0.06329774991536397,-0.46765030206552183,2.0,0.0,0.03285958601672865,0.03285958601672865,-5.86331792786323,-14245.094720440069,-14250.958038367933
116,8,0.44748062925253235,-7.701444689831336,3.0,1.0,1.0,-14251.527145662218,14252.318846271643,-0.32213885671444586,-0.5743253687887773,2.0,0.0,0.03285958601672865,0.03285958601672865,-5.712396434779539,-14244.417360412619,-14250.129756847398
117,8,0.44164720972076393,-7.6645909181486545,3.0,1.0,1.0,-14251.760994994205,14252.540218810273,-0.05900166004539642,-0.2210808654763241,2.0,0.0,0.03285958601672865,0.03285958601672865,-5.598966141391612,-14244.762020693413,-14250.360986834805
118,8,0.4346609094528634,-7.69587819533753,7.0,1.0,0.9936238290088026,-14251.051449874876,14252.043588057153,-0.1909259065942024,-0.26450232009483443,3.0,0.0,0.03285958601672865,0.03285958601672865,-5.695176532733059,-14243.952754704167,-14249.647931236901
119,8,0.442531311041766,-7.733679724266521,3.0,1.0,0.9249988365030352,-14250.78983277816,14251.33934719409,-0.06545734707106021,0.13614020755812817,2.0,0.0,0.03285958601672865,0.03285958601672865,-5.812724498754231,-14243.577515281257,-14249.39023978001
120,8,0.4377347661199677,-7.681504952294858,3.0,1.0,0.8943540541642133,-14251.086919702464,14252.033976388862,0.031199827844829997,0.1693814237787592,1.0,0.0,0.03285958601672865,0.03285958601672865,-5.65085633039853,-14244.034139669218,-14249.684995999616
121,8,0.4401380964755199,-7.698645570531332,3.0,1.0,1.0,-14250.827666296891,14251.110535515318,-0.03058081980816496,-0.048521617167352815,2.0,0.0,0.03285958601672865,0.03285958601672865,-5.7037335105921505,-14243.723200914099,-14249.426934424691
122,8,0.440084117039791,-7.721813230402752,3.0,1.0,0.994351270363189,-14250.716648629075,14250.849861682547,-0.022341144018355408,-0.022341144018355408,2.0,0.0,0.03285958601672865,0.03285958601672865,-5.775670466353817,-14243.540220051937,-14249.31589051829
123,8,0.43537333212570556,-7.755894161371562,3.0,1.0,0.7858296234124241,-14251.698158493575,14251.843956355802,0.3459820106581901,0.3459820106581901,2.0,0.0,0.03285958601672865,0.03285958601672865,-5.8824693177327845,-14244.412547263586,-14250.295016581318
124,8,0.4404709462851376,-7.619149173324076,3.0,1.0,0.8948631027391496,-14253.980566597724,14254.190679785579,0.37893617056943185,0.37893617056943185,2.0,0.0,0.03285958601672865,0.03285958601672865,-5.460973201256099,-14247.119022779887,-14252.579995981143
125,8,0.44191963723395605,-7.630864019632018,1.0,1.0,1.0,-14253.444419199486,14254.465893221615,-0.07053316323253966,-0.07053316323253966,1.0,0.0,0.03285958601672865,0.03285958601672865,-5.496350120680114,-14246.548189541481,-14252.044539662162
126,8,0.4382835567587578,-7.628410233927099,3.0,1.0,1.0,-14253.164593145839,14253.83756920288,-0.20021277279920469,-0.6178251889832609,2.0,0.0,0.03285958601672865,0.03285958601672865,-5.4889287269358,-14246.274017124882,-14251.762945851819
127,8,0.45508563693598153,-7.789256716346286,7.0,1.0,1.0,-14253.099056537423,14253.240605488912,-0.014534069543515216,-0.375444992499979,3.0,0.0,0.03285958601672865,0.03285958601672865,-5.988142049608919,-14245.71651819446,-14251.70466024407
128,8,0.44821228906816224,-7.816174863554233,3.0,1.0,1.0,-14253.183976164844,14253.637554097753,-0.14049814849568065,-0.3142756976412784,2.0,0.0,0.03285958601672865,0.03285958601672865,-6.074214052880494,-14245.712681924368,-14251.786895977248
129,8,0.44821228906816224,-7.816174863554233,1.0,1.0,0.4889953306799861,-14253.183976164844,14255.213017758813,0.0,0.7154023382645391,1.0,0.0,0.03285958601672865,0.03285958601672865,-6.074214052880494,-14245.712681924368,-14251.786895977248
130,8,0.452980490076504,-7.8048902687287125,3.0,1.0,0.9924342062352732,-14253.143417293388,14253.536711295403,0.02295893210975919,-0.1835359759916173,2.0,0.0,0.03285958601672865,0.03285958601672865,-6.038042837151498,-14245.710197423485,-14251.748240260637
131,8,0.45580856331647,-7.805433561945835,3.0,1.0,0.9568458992633534,-14253.655713211157,14253.88030228643,0.1386442148068454,-0.22498759990958206,2.0,0.0,0.03285958601672865,0.03285958601672865,-6.0397813709529,-14246.221795276937,-14252.26157664789
132,8,0.43734049303100125,-7.753413230023659,3.0,1.0,1.0,-14251.351213839524,14253.425478988098,-0.2758628279025288,-0.2841164745896094,2.0,0.0,0.03285958601672865,0.03285958601672865,-5.874655665363843,-14244.074434329983,-14249.949089995347
133,8,0.4472755412407658,-7.811886446942572,7.0,1.0,0.7783085773887122,-14252.967473384773,14255.132546775769,0.11834837118476571,0.6219674145486351,3.0,0.0,0.03285958601672865,0.03285958601672865,-6.060453122339617,-14245.509544143617,-14251.569997265957
134,8,0.4467773771389115,-7.697341265050682,7.0,1.0,0.9407036354954897,-14251.492849183021,14253.907931098316,-0.0155487393567455,0.34737001420398883,3.0,0.0,0.03285958601672865,0.03285958601672865,-5.699699524300226,-14244.395460027084,-14250.095159551385
135,8,0.4424287344767538,-7.694709771304687,1.0,1.0,1.0,-14251.003800196044,14251.393213317331,-0.2130840368263307,-0.2130840368263307,1.0,0.0,0.03285958601672865,0.03285958601672865,-5.691565957823796,-14243.912593405403,-14249.604159363227
136,8,0.43806904512829714,-7.728037349261641,3.0,1.0,1.0,-14250.830680535071,14250.993351123603,-0.048364235250119236,-0.07803428198712936,2.0,0.0,0.03285958601672865,0.03285958601672865,-5.795088192930769,-14243.633837305655,-14249.428925498585
137,8,0.44172239429854415,-7.775017936197415,7.0,1.0,0.907136662888588,-14251.621226832494,14252.236541299928,0.13116528669343097,0.22366337199491682,2.0,0.0,0.03285958601672865,0.03285958601672865,-5.942905912958229,-14244.278348319061,-14250.22125423202
138,8,0.44008467791302824,-7.731155807333818,3.0,1.0,0.6717370833439239,-14250.769130118659,14252.725624548902,-0.15911465311182837,0.7950253798207996,2.0,0.0,0.03285958601672865,0.03285958601672865,-5.804831585634788,-14243.563540694995,-14249.368372280629
139,8,0.4444246905933332,-7.724389104649138,7.0,1.0,0.9542726101372629,-14250.868429190488,14250.992204029777,0.03907700627496524,0.10030316531265271,3.0,0.0,0.03285958601672865,0.03285958601672865,-5.783701864471168,-14243.686001554046,-14249.469703418517
140,8,0.44036435156753745,-7.789855636461515,3.0,1.0,0.7434071183888026,-14252.294840606823,14252.714860762315,0.2994422535139165,0.40655176556902006,2.0,0.0,0.03285958601672865,0.03285958601672865,-5.990049242433231,-14244.9041692066,-14250.894218449033
141,8,0.44727535546129654,-7.776565304690541,3.0,1.0,1.0,-14251.7055256674,14252.215437790117,-0.2211270146053721,-0.2462506104093336,2.0,0.0,0.03285958601672865,0.03285958601672865,-5.947812032669537,-14244.360237436671,-14250.30804946934
142,8,0.4362941374741774,-7.72632249876913,3.0,1.0,0.8033779734427382,-14250.960477482771,14252.319482300698,-0.03176881718354707,0.37849825277407945,2.0,0.0,0.03285958601672865,0.03285958601672865,-5.789734412993886,-14243.768081750051,-14249.557816163046
143,8,0.43984107600293515,-7.667215584609798,3.0,1.0,0.9474865056634751,-14251.521799653854,14251.946116076599,0.06679000696749426,0.0935945209912461,2.0,0.0,0.03285958601672865,0.03285958601672865,-5.606999544814856,-14244.51392355816,-14250.120923102973
144,8,0.441339579344184,-7.732014160998081,7.0,1.0,0.8229838310116724,-14250.761787947758,14252.05928727567,-0.1589117234416335,0.39332999096950516,3.0,0.0,0.03285958601672865,0.03285958601672865,-5.807515155232811,-14243.554118646984,-14249.361633802217
145,8,0.4436556002103743,-7.700485148248583,7.0,1.0,0.88545889609785,-14251.013526810018,14251.26070922486,0.10521601264008495,0.2345551350972528,3.0,0.0,0.03285958601672865,0.03285958601672865,-5.7094258910015085,-14243.90502647386,-14249.614452364862
146,8,0.4430563081297634,-7.691610813057667,3.0,1.0,0.9922565069217857,-14251.119516944605,14251.231427517534,0.023504559820139548,-0.06462156153611431,2.0,0.0,0.03285958601672865,0.03285958601672865,-5.681996405417493,-14244.038170992602,-14249.72016739802
147,8,0.4360114792351029,-7.700003380106253,3.0,1.0,0.9866622428632192,-14250.914392452578,14251.145720570463,-0.09160031852843531,-0.09160031852843531,2.0,0.0,0.03285958601672865,0.03285958601672865,-5.707934782912486,-14243.803649581261,-14249.511584364174
148,8,0.4360114792351029,-7.700003380106253,3.0,1.0,0.6667136169939397,-14250.914392452578,14251.831883546216,0.0,0.6058719158045278,1.0,0.0,0.03285958601672865,0.03285958601672865,-5.707934782912486,-14243.803649581261,-14249.511584364174
149,8,0.44349292886219766,-7.765364775304222,3.0,1.0,0.7521686770906376,-14251.29836728785,14252.127641788737,0.04564356718037743,0.44342829749075463,2.0,0.0,0.03285958601672865,0.03285958601672865,-5.912353454376147,-14243.986865010274,-14249.89921846465
150,8,0.44103879801462026,-7.701446105698371,7.0,1.0,0.999569195908417,-14250.821677429913,14251.319940151547,-0.05550835539725085,-0.06418263301748084,3.0,0.0,0.03285958601672865,0.03285958601672865,-5.712400818693543,-14243.708978966828,-14249.421379785521
51,9,0.44373347060302964,-7.743253684200304,3.0,1.0,1.0,-14250.911713601157,14251.150445315869,-0.012168338405899704,-0.012168338405899704,2.0,0.0,0.01899200873444293,0.01899200873444293,-5.842722554080573,-14243.669952128672,-14249.512674682752
52,9,0.4411823416402638,-7.711971181626978,3.0,1.0,0.9801782456099389,-14250.737543937763,14251.113234140046,-0.024993684859509813,0.04581476237945026,1.0,0.0,0.03637607320262091,0.03637607320262091,-5.7450447464560614,-14243.592270123823,-14249.33731487028
53,9,0.4411823416402638,-7.711971181626978,3.0,1.0,0.5852477716800096,-14250.737543937763,14254.1687439929,0.0,0.6527870139034349,1.0,0.0,0.03637607320262091,0.03637607320262091,-5.7450447464560614,-14243.592270123823,-14249.33731487028
54,9,0.4360157476076601,-7.688443828297114,3.0,1.0,0.909323710175178,-14251.023324452493,14251.15230765124,0.04586383991409093,0.13206800280204334,2.0,0.0,0.03637607320262091,0.03637607320262091,-5.672226709883447,-14243.948291875528,-14249.62051858541
55,9,0.4360157476076601,-7.688443828297114,3.0,1.0,0.4049758205446132,-14251.023324452493,14253.448728806974,0.0,2.2677936497548217,1.0,0.0,0.03637607320262091,0.03637607320262091,-5.672226709883447,-14243.948291875528,-14249.62051858541
56,9,0.43620192572951805,-7.750189509703792,3.0,1.0,0.7744186172276928,-14251.411909002627,14252.365287973005,0.2568248217285145,0.4089422898941848,1.0,0.0,0.03637607320262091,0.03637607320262091,-5.864511806477256,-14244.144688069777,-14250.009199876255
57,9,0.43620192572951805,-7.750189509703792,3.0,1.0,0.41532598052736863,-14251.411909002627,14254.415508655613,0.0,1.741921000817456,1.0,0.0,0.03637607320262091,0.03637607320262091,-5.864511806477256,-14244.144688069777,-14250.009199876255
58,9,0.44824070880880773,-7.720737733619164,3.0,1.0,0.9987850458286113,-14251.365696858285,14251.60199670847,0.003651521210485953,-0.16285451274961815,2.0,0.0,0.03637607320262091,0.03637607320262091,-5.772319105130624,-14244.196309464252,-14249.968628569382
59,9,0.4377206174523197,-7.6748866313841555,3.0,1.0,0.9355018154687116,-14251.235677967517,14252.262931818841,-0.21966118873206142,-0.21966118873206142,1.0,0.0,0.03637607320262091,0.03637607320262091,-5.630518060772198,-14244.20322904428,-14249.833747105053
60,9,0.4389226436473359,-7.718820190473502,3.0,1.0,0.782076511049297,-14250.734424696384,14251.621242643312,-0.08375199024158064,0.3983281945238559,2.0,0.0,0.03637607320262091,0.03637607320262091,-5.766346708420673,-14243.566749403306,-14249.333096111726
61,9,0.4427019275820507,-7.726205623282311,3.0,1.0,0.9982783185318257,-14250.764302904963,14250.768035173196,0.005178429355510161,-0.005937024739978369,2.0,0.0,0.03637607320262091,0.03637607320262091,-5.789369633627836,-14243.575419643032,-14249.36478927666
62,9,0.4372368853531271,-7.708702954498288,3.0,1.0,0.5212830978775219,-14250.805042884918,14252.125355093443,0.013127701096891542,1.245829637566203,2.0,0.0,0.03637607320262091,0.03637607320262091,-5.734896355812958,-14243.667969875201,-14249.402866231014
63,9,0.42814598208972815,-7.732239733579888,7.0,1.0,0.6347465472459796,-14252.671171142418,14252.941408699062,0.9291569800625439,0.9859616182820901,3.0,0.0,0.03637607320262091,0.03637607320262091,-5.8082205109426575,-14245.455788035952,-14251.264008546894
64,9,0.4407777440458795,-7.790376773825126,3.0,1.0,0.902268115460357,-14252.276244094104,14254.099206312016,-0.5250631884155155,-0.5250631884155155,2.0,0.0,0.03637607320262091,0.03637607320262091,-5.991709036804897,-14244.884112255744,-14250.87582129255
65,9,0.4418707572666596,-7.685788444223803,3.0,1.0,1.0,-14251.143707485124,14252.328788434073,-0.27319978771629394,-0.27319978771629394,2.0,0.0,0.03637607320262091,0.03637607320262091,-5.664042959692289,-14244.079761955776,-14249.743804915468
66,9,0.45033180759100444,-7.717150214752119,3.0,1.0,0.7795390856289589,-14251.81603750651,14252.131252354768,0.37901679919377784,0.42452080420116545,2.0,0.0,0.03637607320262091,0.03637607320262091,-5.761148382917755,-14244.658678036534,-14250.419826419451
67,9,0.43882640858223143,-7.67774890905329,3.0,1.0,0.9480943110267933,-14251.179342692263,14252.341207627265,-0.4359509793084726,-0.4359509793084726,1.0,0.0,0.03637607320262091,0.03637607320262091,-5.639308537921157,-14244.138657796386,-14249.777966334306
68,9,0.4330477178388238,-7.700969028727756,3.0,1.0,0.6412038591326695,-14251.221064453646,14255.07329547092,0.09924053832401114,0.782883558764297,2.0,0.0,0.03637607320262091,0.03637607320262091,-5.710923770558797,-14244.105753191656,-14249.816676962215
69,9,0.44701262262683644,-7.7325838656516375,3.0,1.0,0.7999835294536828,-14251.124695929027,14251.822970487909,-0.028204520143845002,0.3721849423363892,2.0,0.0,0.03637607320262091,0.03637607320262091,-5.809296695078015,-14243.917810684276,-14249.727107379353
70,9,0.43844738388895954,-7.750162180009244,3.0,1.0,0.9985604032876075,-14251.158285154474,14251.28830655854,0.004328143049860955,-0.15906761667247338,2.0,0.0,0.03637607320262091,0.03637607320262091,-5.864425854433248,-14243.892294031688,-14249.756719886122
71,9,0.4287088059229499,-7.75570748592796,3.0,1.0,0.5650668043743777,-14253.27800808871,14253.48901455409,1.07064505850758,1.07064505850758,2.0,0.0,0.03637607320262091,0.03637607320262091,-5.881881172360874,-14245.989293324546,-14251.871174496908
72,9,0.42448588357185235,-7.719930281251645,3.0,1.0,0.885221497669324,-14253.555632784839,14255.167017898655,0.11541102633236733,0.18845115095064102,1.0,0.0,0.03637607320262091,0.03637607320262091,-5.769803758727785,-14246.37646097594,-14252.146264734667
73,9,0.4322571165050246,-7.713680827742931,1.0,1.0,1.0,-14251.39276290588,14252.803756619309,-1.040606583648696,-1.040606583648696,1.0,0.0,0.03637607320262091,0.03637607320262091,-5.750357738156217,-14244.237583844384,-14249.98794158254
74,9,0.4322571165050246,-7.713680827742931,3.0,1.0,0.5924426902115838,-14251.39276290588,14253.099429859687,0.0,0.9304615459623164,1.0,0.0,0.03637607320262091,0.03637607320262091,-5.750357738156217,-14244.237583844384,-14249.98794158254
75,9,0.4340346502798691,-7.5815485649282595,7.0,1.0,0.703281141484838,-14256.268101372014,14256.699506889863,0.8508589047232817,0.8508589047232817,3.0,0.0,0.03637607320262091,0.03637607320262091,-5.348352660515926,-14249.515895380555,-14254.86424804107
76,9,0.4627164027020502,-7.852787169494825,7.0,1.0,0.8741255847804513,-14257.036609407904,14258.04318183646,0.09730320938615478,-0.8077334611698461,3.0,0.0,0.03637607320262091,0.03637607320262091,-6.192446568985361,-14249.452292695465,-14255.644739264451
77,9,0.45711112205516585,-7.848684202835216,1.0,1.0,1.0,-14255.615378932665,14257.067982086133,-0.3889067392283323,-0.3889067392283323,1.0,0.0,0.03637607320262091,0.03637607320262091,-6.179130121946558,-14248.042569423895,-14254.221699545842
78,9,0.43037951415602077,-7.584560221188701,7.0,1.0,0.9721468599624933,-14256.013343598395,14256.219982125127,0.15985471532439988,-0.715657630644273,3.0,0.0,0.03637607320262091,0.03637607320262091,-5.357321024131019,-14249.250149751562,-14254.607470775692
79,9,0.4409717094708245,-7.7604359308267465,7.0,1.0,1.0,-14251.234332096734,14255.315704343653,-0.7897130923520308,-0.8762212561814522,2.0,0.0,0.03637607320262091,0.03637607320262091,-5.896789493480791,-14243.937212848869,-14249.83400234235
80,9,0.43096001114277444,-7.713050021322423,3.0,1.0,0.7638900766918987,-14251.63061855868,14252.753115635389,0.27735234129249875,0.4530494054124574,1.0,0.0,0.03637607320262091,0.03637607320262091,-5.74839706864355,-14244.476676947143,-14250.225074015787
81,9,0.435542745528452,-7.717414659753119,1.0,1.0,1.0,-14250.961635393429,14251.446933574305,-0.30373420764772163,-0.30373420764772163,1.0,0.0,0.03637607320262091,0.03637607320262091,-5.7619713654451505,-14243.796611072166,-14249.558582437612
82,9,0.43305425824763366,-7.742977079354178,3.0,1.0,0.7811439683099674,-14251.751182857402,14251.958841102889,0.3817538079802034,0.4119359810174501,1.0,0.0,0.03637607320262091,0.03637607320262091,-5.841854583232541,-14244.504944349681,-14250.346798932913
83,9,0.43711836719263397,-7.742689447309765,1.0,1.0,1.0,-14251.12790904139,14251.630254177284,-0.3192880613296438,-0.3192880613296438,1.0,0.0,0.03637607320262091,0.03637607320262091,-5.840952090786924,-14243.884719776554,-14249.72567186734
84,9,0.44579014723893534,-7.731931030223706,3.0,1.0,0.9756060318863694,-14250.987320102176,14251.668019081724,-0.07914702085690806,-0.07914702085690806,2.0,0.0,0.03637607320262091,0.03637607320262091,-5.80725522172718,-14243.78194605251,-14249.589201274237
85,9,0.44677716269107376,-7.798404811124653,7.0,1.0,0.8625385755096279,-14252.387826451491,14253.014833564754,0.17496770205616485,0.358817918202476,2.0,0.0,0.03637607320262091,0.03637607320262091,-6.017312218790194,-14244.972824508712,-14250.990136727502
86,9,0.4332997582574968,-7.660366461544893,7.0,1.0,0.9977439506807496,-14251.786718688876,14252.30161534848,-0.09718674546093098,-0.25877357719764404,2.0,0.0,0.03637607320262091,0.03637607320262091,-5.58605067429275,-14244.79641771721,-14250.382468391503
87,9,0.4419128504462832,-7.72414612031696,3.0,1.0,0.8779040356172381,-14250.734945608132,14251.91493930694,-0.1744558931368374,0.22296247712256445,2.0,0.0,0.03637607320262091,0.03637607320262091,-5.782943972665994,-14243.552118901383,-14249.33506287405
88,9,0.4422418951670354,-7.675025806105396,3.0,1.0,0.8141805892535783,-14251.467925724986,14251.834311298471,0.24831914171591052,0.24831914171591052,2.0,0.0,0.03637607320262091,0.03637607320262091,-5.630945297387576,-14244.437252240654,-14250.068197538041
89,9,0.43992170943223613,-7.7319196444269105,3.0,1.0,1.0,-14250.780306161882,14251.480593103981,-0.23324662179220468,-0.23324662179220468,2.0,0.0,0.03637607320262091,0.03637607320262091,-5.807219621128399,-14243.572249339302,-14249.379468960431
90,9,0.426103854153791,-7.691398836328441,3.0,1.0,0.5742811083508829,-14252.671852833302,14253.38284313419,0.747841401009282,0.8035870110070391,2.0,0.0,0.03637607320262091,0.03637607320262091,-5.681342174295482,-14245.582131656061,-14251.263473830357
91,9,0.4397063531774993,-7.601466756774409,3.0,1.0,0.6112088089283353,-14255.16425497282,14257.133156236514,0.42690655986007187,0.8220927471083996,2.0,0.0,0.03637607320262091,0.03637607320262091,-5.407835103257597,-14248.355477452194,-14253.763312555451
92,9,0.42954963035456034,-7.623902979804971,3.0,1.0,1.0,-14253.554958824947,14254.897398085519,-0.7199497635356238,-1.147448278576121,2.0,0.0,0.03637607320262091,0.03637607320262091,-5.475312373437405,-14246.673299353119,-14252.148611726556
93,9,0.42954963035456034,-7.623902979804971,1.0,1.0,0.40248348866546435,-14253.554958824947,14255.127138371397,0.0,0.9101012049140991,1.0,0.0,0.03637607320262091,0.03637607320262091,-5.475312373437405,-14246.673299353119,-14252.148611726556
94,9,0.4489965378279657,-7.795080908575352,7.0,1.0,0.7488392661590726,-14252.375790269458,14255.21442372009,-0.13782354186696466,1.0222223252803815,2.0,0.0,0.03637607320262091,0.03637607320262091,-6.006703742243265,-14244.97233223868,-14250.979035980923
95,9,0.4379862707311101,-7.760382834203339,3.0,1.0,0.9297948916447204,-14251.471708047344,14252.844886697349,0.016716022337277536,-0.22265875822267844,2.0,0.0,0.03637607320262091,0.03637607320262091,-5.896621960933413,-14244.173289371867,-14250.069911332801
96,9,0.44833162058306875,-7.730866197452826,7.0,1.0,1.0,-14251.313744853782,14251.491068920413,-0.023761870310408995,-0.27421434050484095,3.0,0.0,0.03637607320262091,0.03637607320262091,-5.803926311247951,-14244.112788271492,-14249.91671458274
97,9,0.4425473828943751,-7.737737124280432,1.0,1.0,1.0,-14250.822134907301,14251.092019050579,-0.23130752132055932,-0.23130752132055932,1.0,0.0,0.03637607320262091,0.03637607320262091,-5.8254263446458,-14243.597123051377,-14249.422549396022
98,9,0.44957826566092257,-7.81059089220684,3.0,1.0,0.7987692606008773,-14252.999333020958,14253.097670069867,0.32989562669899897,0.32989562669899897,2.0,0.0,0.03637607320262091,0.03637607320262091,-6.056299485132627,-14245.546517707871,-14251.602817193005
99,9,0.4426840608157796,-7.754317755836995,7.0,1.0,0.6369404370059063,-14251.057470663913,14253.952517883312,-0.2878633482250734,1.1083910913657746,3.0,0.0,0.03637607320262091,0.03637607320262091,-5.877503741547303,-14243.780444993901,-14249.657948735448
100,9,0.4433266058731517,-7.732276032371151,3.0,1.0,0.9556360033952945,-14250.810115228312,14251.201947813144,-0.03707880070396641,0.09624576113856165,2.0,0.0,0.03637607320262091,0.03637607320262091,-5.80833402044623,-14243.60255610954,-14249.410890129986
101,9,0.4395350985973652,-7.703690946744566,3.0,1.0,0.9769579880080993,-14250.768483044936,14251.065278735765,-0.015529931957644294,0.043864040168045904,1.0,0.0,0.03637607320262091,0.03637607320262091,-5.7193539856241165,-14243.64810269597,-14249.367456681593
102,9,0.4309259184580999,-7.633325454466862,3.0,1.0,0.6778573665783966,-14252.97230008878,14253.34176646501,0.37748718475086207,0.4551697979786695,2.0,0.0,0.03637607320262091,0.03637607320262091,-5.503800698212541,-14246.062935646689,-14251.566736344901
103,9,0.4420525440520137,-7.7237427524933295,3.0,1.0,0.618104428371032,-14250.738271599093,14253.744124165785,-0.3590636295884906,0.8804527781649085,2.0,0.0,0.03637607320262091,0.03637607320262091,-5.781685959484209,-14243.556768627583,-14249.338454587067
104,9,0.4359493557544746,-7.680915726066953,7.0,1.0,0.5531247115603865,-14251.145047146301,14252.570185880637,0.05694841670811002,1.400179818194374,2.0,0.0,0.03637607320262091,0.03637607320262091,-5.649043846862178,-14244.093162863779,-14249.742206710642
105,9,0.4497948064714873,-7.803989464341611,3.0,1.0,0.8280553553149249,-14252.754135253723,14253.059637472605,0.27155836848032777,0.282724211248933,2.0,0.0,0.03637607320262091,0.03637607320262091,-6.035160920987741,-14245.322546555715,-14251.357707476704
106,9,0.4323255377984296,-7.673134475260384,7.0,1.0,0.9902991001647702,-14251.58099123455,14252.750816130487,-0.15383883407048415,-0.30641925852614804,3.0,0.0,0.03637607320262091,0.03637607320262091,-5.625140973329697,-14244.551066691927,-14250.176207665258
107,9,0.442228134778635,-7.660212568483035,3.0,1.0,0.8842127873708711,-14251.99716638696,14252.22758399768,0.2353366840598028,0.2353366840598028,2.0,0.0,0.03637607320262091,0.03637607320262091,-5.585580512624866,-14245.01185124242,-14250.597431755044
108,9,0.4540578720134798,-7.746054726612829,3.0,1.0,0.6400041422371138,-14252.453198468447,14255.363797355752,0.3218813364255766,0.7646488665632205,1.0,0.0,0.03637607320262091,0.03637607320262091,-5.851516381972408,-14245.206909167253,-14251.058425549225
109,9,0.44729323602667254,-7.747609508378431,1.0,1.0,1.0,-14251.215976257703,14251.993986198879,-0.5431363525349298,-0.5431363525349298,1.0,0.0,0.03637607320262091,0.03637607320262091,-5.8564009806572015,-14243.962106704443,-14249.8185076851
110,9,0.4394032383995542,-7.676990756438298,7.0,1.0,0.8582352655870427,-14251.215375384616,14251.682624036586,-0.01975993833002576,0.31885325085568184,3.0,0.0,0.03637607320262091,0.03637607320262091,-5.6369793417251906,-14244.177304876946,-14249.814284218672
111,9,0.4512036755211038,-7.712011520582767,3.0,1.0,0.6687344859928657,-14252.107246578107,14252.995173185349,0.5647826693657407,0.7257420613259455,1.0,0.0,0.03637607320262091,0.03637607320262091,-5.745170072377686,-14244.966212173029,-14250.711382245407
112,9,0.4458365897053545,-7.706155149292874,3.0,1.0,0.9895562116393292,-14251.18056176913,14251.967295475588,-0.4473260529575782,-0.4473260529575782,2.0,0.0,0.03637607320262091,0.03637607320262091,-5.7269924045258565,-14244.05547090841,-14249.782463312937
113,9,0.4515577463619913,-7.730650604570336,3.0,1.0,0.8001070588959309,-14251.932354071098,14252.346331644037,0.3035847774208378,0.3035847774208378,1.0,0.0,0.03637607320262091,0.03637607320262091,-5.803252456675195,-14244.733376313714,-14250.53662877039
114,9,0.43766250853057936,-7.790602682720071,3.0,1.0,0.9602732645431926,-14252.691140907922,14252.93145030548,0.12690222149467445,-0.47325994740276656,2.0,0.0,0.03637607320262091,0.03637607320262091,-5.992428628822743,-14245.296751994316,-14251.289180623138
115,9,0.44309526300124596,-7.64565194484795,3.0,1.0,0.9951106880815904,-14252.796516332648,14253.441780989982,0.014776573561903206,-0.6617545607641659,2.0,0.0,0.03637607320262091,0.03637607320262091,-5.541203196184444,-14245.855981562634,-14251.397184758818
116,9,0.4321292007551368,-7.734948471679642,3.0,1.0,1.0,-14251.744304847016,14252.824096802995,-0.18764646421004727,-0.45338135887686803,2.0,0.0,0.03637607320262091,0.03637607320262091,-5.816694591997845,-14244.522718243134,-14250.339412835132
117,9,0.43528530497235446,-7.738292215592299,1.0,1.0,1.0,-14251.266889908284,14251.78616557149,-0.24261447238677647,-0.24261447238677647,1.0,0.0,0.03637607320262091,0.03637607320262091,-5.8271653594002695,-14244.036536319572,-14249.863701678973
118,9,0.4449935763826436,-7.693091062813687,7.0,1.0,0.9983649395824031,-14251.31429131772,14251.346304896942,0.011511425880598836,-0.24729410658073903,2.0,0.0,0.03637607320262091,0.03637607320262091,-5.686566203972351,-14244.229254090515,-14249.915820294487
119,9,0.4373989873139197,-7.676390183423331,3.0,1.0,0.9808987833266262,-14251.200467817382,14251.533167634918,-0.1883917819850467,-0.2467181499596336,2.0,0.0,0.03637607320262091,0.03637607320262091,-5.635134669527732,-14244.163239078955,-14249.798373748483
120,9,0.44540491718119674,-7.753597027013036,7.0,1.0,0.9922219972911049,-14251.125190221665,14251.318642373599,-0.010266885856253793,-0.06696541306700965,3.0,0.0,0.03637607320262091,0.03637607320262091,-5.875234319847832,-14243.851667405503,-14249.726901725351
121,9,0.44795017804441367,-7.768454868703533,1.0,1.0,0.9223014858855632,-14251.57531843209,14251.585511530413,0.08088311767642153,0.08088311767642153,1.0,0.0,0.03637607320262091,0.03637607320262091,-5.922123525155742,-14244.256004664849,-14250.178128190004
122,9,0.43696779277198544,-7.659828871112572,7.0,1.0,0.848844050911382,-14251.673367152622,14253.664621147052,-0.037165814472245984,0.3729211535264767,3.0,0.0,0.03637607320262091,0.03637607320262091,-5.584408374507886,-14244.686644544725,-14250.271052919234
123,9,0.43696779277198544,-7.659828871112572,1.0,1.0,0.61004634769144,-14251.673367152622,14252.618555981957,0.0,0.49422034487906785,1.0,0.0,0.03637607320262091,0.03637607320262091,-5.584408374507886,-14244.686644544725,-14250.271052919234
124,9,0.4389919436712539,-7.72886324117098,3.0,1.0,1.0,-14250.787493662452,14251.586774001982,-0.14782047110929852,-0.14782047110929852,2.0,0.0,0.03637607320262091,0.03637607320262091,-5.797667684703578,-14243.588531747222,-14249.386199431925
125,9,0.43717355624600995,-7.710757900647394,3.0,1.0,0.9884144175194739,-14250.806667090905,14250.930106888889,0.0024167763767763972,0.01821660618224996,1.0,0.0,0.03637607320262091,0.03637607320262091,-5.7412760599260695,-14243.663182053342,-14249.404458113268
126,9,0.4409901579306026,-7.6942838392859825,3.0,1.0,0.4116552018526907,-14250.920127608983,14253.094116526212,0.02773947840978508,2.0603662152425386,2.0,0.0,0.03637607320262091,0.03637607320262091,-5.6902501147003965,-14243.829556573462,-14249.519806688162
127,9,0.44000881587328433,-7.700304244182276,1.0,1.0,1.0,-14250.80571017964,14250.890465692577,-0.04378360178452567,-0.04378360178452567,1.0,0.0,0.03637607320262091,0.03637607320262091,-5.708865952301476,-14243.696049473136,-14249.404915425437
128,9,0.4381532811869671,-7.708954237318591,3.0,1.0,0.87688982792588,-14250.762611198646,14251.062324586625,-0.008771182570853853,0.21593473010943853,2.0,0.0,0.03637607320262091,0.03637607320262091,-5.735676251851459,-14243.6252222654,-14249.360898517252
129,9,0.4389646846174873,-7.744736431448234,3.0,1.0,0.9412115423097308,-14251.005796991793,14251.033213056646,0.09149069469640381,0.09149069469640381,2.0,0.0,0.03637607320262091,0.03637607320262091,-5.847376638021023,-14243.757112614896,-14249.604489252917
130,9,0.4415696727339422,-7.687264320185646,3.0,1.0,0.8716246517784887,-14251.088068019397,14251.46525217041,0.019374139268620638,0.21902054664496973,2.0,0.0,0.03637607320262091,0.03637607320262091,-5.668590659232161,-14244.01943247991,-14249.688023139142
131,9,0.43730378990554714,-7.676897964256298,3.0,1.0,0.9977563559469195,-14251.189606323975,14251.291010720783,-0.041824106134299655,-0.1171029297329369,2.0,0.0,0.03637607320262091,0.03637607320262091,-5.636694305096942,-14244.1507694771,-14249.787463782197
132,9,0.4517424063157798,-7.697136975354667,3.0,1.0,0.6002077663882389,-14252.613944239325,14253.27726084441,0.8559675814085494,0.9788275106948277,1.0,0.0,0.03637607320262091,0.03637607320262091,-5.699067846477599,-14245.519223192703,-14251.21829103918
133,9,0.4543959038244102,-7.741209176736163,3.0,1.0,0.942515910585314,-14252.563722499852,14253.871157554286,-0.16950989721772203,-0.21687389124235779,1.0,0.0,0.03637607320262091,0.03637607320262091,-5.836308808950767,-14245.332765599987,-14251.169074408937
134,9,0.4498111443794199,-7.698040253172202,15.0,1.0,0.894928406864432,-14252.091899469324,14255.259596193606,-0.11669695757518639,-0.7929748118313,3.0,0.0,0.03637607320262091,0.03637607320262091,-5.7018611594463975,-14244.993617160573,-14250.69547832002
135,9,0.4477907683547616,-7.7028893437463815,1.0,1.0,1.0,-14251.553931346367,14252.237738408894,-0.26356296450830996,-0.26356296450830996,1.0,0.0,0.03637607320262091,0.03637607320262091,-5.7168705233760395,-14244.439803370718,-14250.156673894095
136,9,0.4400071356032952,-7.7117477754689645,3.0,1.0,1.0,-14250.721827338879,14251.150938105258,-0.4117017828320968,-0.4131547751749167,2.0,0.0,0.03637607320262091,0.03637607320262091,-5.744350692937071,-14243.576681073537,-14249.321031766474
137,9,0.43944909336350335,-7.7167721723752525,3.0,1.0,0.6513909190354473,-14250.718253761534,14251.495324240761,0.0014647248062829021,0.7406208812535624,2.0,0.0,0.03637607320262091,0.03637607320262091,-5.759971994048938,-14243.557213153417,-14249.317185147465
138,9,0.43499964791990986,-7.677786870737775,3.0,1.0,0.8112473137081261,-14251.254669518516,14252.627499334867,0.07716044204425998,0.35871877301724453,2.0,0.0,0.03637607320262091,0.03637607320262091,-5.639425178905745,-14244.211905357652,-14249.851330536558
139,9,0.4465351015790669,-7.728650499860235,11.0,1.0,0.9455268926694154,-14251.071587609156,14251.687920404125,0.058273641816413146,0.16932228753285017,3.0,0.0,0.03637607320262091,0.03637607320262091,-5.797003168778087,-14243.87679022725,-14249.673793396028
140,9,0.43835860409128,-7.65764819485809,3.0,1.0,0.8881775605150996,-14251.782941556137,14252.640019391865,0.07236835834737576,0.27826340876890754,2.0,0.0,0.03637607320262091,0.03637607320262091,-5.57774953052215,-14244.80358233451,-14250.381331865034
141,9,0.456758194544411,-7.743221538643599,3.0,1.0,0.6228892397373915,-14253.247681659403,14253.661600605841,0.8330401208277181,0.8348442505866842,2.0,0.0,0.03637607320262091,0.03637607320262091,-5.842621679156205,-14246.011258093089,-14251.853879772245
142,9,0.456758194544411,-7.743221538643599,3.0,1.0,0.5473032406153949,-14253.247681659403,14256.382897930012,0.0,0.9436134341667639,2.0,0.0,0.03637607320262091,0.03637607320262091,-5.842621679156205,-14246.011258093089,-14251.853879772245
143,9,0.4561385379611312,-7.738361186404436,3.0,1.0,1.0,-14253.097060204098,14254.19766743107,-0.033040333901226404,-0.1695834408092196,2.0,0.0,0.03637607320262091,0.03637607320262091,-5.827381455749662,-14245.87565931413,-14251.703040769878
144,9,0.43313899178753545,-7.65701681514238,3.0,1.0,0.9698796390072818,-14251.898072305543,14253.024041864208,-0.8369148101355677,-1.0269434672409261,2.0,0.0,0.03637607320262091,0.03637607320262091,-5.575822457144871,-14244.917912102377,-14250.493734559523
145,9,0.4337346369856383,-7.6605158642417805,1.0,1.0,1.0,-14251.751012370203,14252.013296616175,-0.028173611717647873,-0.028173611717647873,1.0,0.0,0.03637607320262091,0.03637607320262091,-5.586507140016423,-14244.760490391383,-14250.3469975314
146,9,0.4427794069731853,-7.730521644003164,7.0,1.0,0.6533004121207098,-14250.780199926869,14252.66479636551,-0.1485037324273435,0.9570710297011829,2.0,0.0,0.03637607320262091,0.03637607320262091,-5.802849401263145,-14243.577872860285,-14249.380722261549
147,9,0.43899960986646436,-7.672230350789787,7.0,1.0,0.8623752356770732,-14251.329203223167,14252.087225621739,0.1110808370885934,0.22201856853098434,2.0,0.0,0.03637607320262091,0.03637607320262091,-5.622367560461377,-14244.305545230078,-14249.92791279054
148,9,0.43723519311406406,-7.718455215474599,3.0,1.0,0.9422827989664255,-14250.81919997237,14251.446917758869,-0.08748953014946892,0.09623542307235766,2.0,0.0,0.03637607320262091,0.03637607320262091,-5.765210370617075,-14243.651812084552,-14249.417022455169
149,9,0.4365095526516675,-7.6502932593015025,3.0,1.0,0.8700258820385126,-14252.02151442119,14252.116824607625,0.20109626624616794,0.20109626624616794,2.0,0.0,0.03637607320262091,0.03637607320262091,-5.555325799017532,-14245.063638704885,-14250.618964503903
150,9,0.4329709765861493,-7.6146294741403215,3.0,1.0,0.9028525718616133,-14253.830902268957,14253.880987921131,0.34190043498165323,0.34190043498165323,2.0,0.0,0.03637607320262091,0.03637607320262091,-5.4473611367275385,-14246.979111761448,-14252.426472898176
51,10,0.4443059071095869,-7.737695240433921,3.0,1.0,0.3519571950033742,-14250.891217066326,14252.54489580715,0.0,3.618359696080006,1.0,0.0,0.04565392687554895,0.04565392687554895,-5.825295141570099,-14243.667142622158,-14249.492437763729
52,10,0.44357369522400975,-7.717488016227555,3.0,1.0,0.9409940435418731,-14250.827581300067,14251.222601162943,0.010177046167882509,0.11140964579863066,2.0,0.0,0.032244143932969614,0.032244143932969614,-5.762199671417915,-14243.666269761658,-14249.428469433076
53,10,0.44400484399880646,-7.701303950882049,7.0,1.0,0.9557322299107567,-14251.035647054981,14251.260772889862,0.07434004354217905,0.08456856853263162,3.0,0.0,0.032244143932969614,0.032244143932969614,-5.711960678262891,-14243.924770873018,-14249.636731551282
54,10,0.4400063837618882,-7.714877184256361,3.0,1.0,0.9773194721071615,-14250.713581070435,14251.073121887854,-0.11880661576287821,-0.11880661576287821,2.0,0.0,0.032244143932969614,0.032244143932969614,-5.754077340744,-14243.558707791173,-14249.312785131917
55,10,0.44200340876474487,-7.680623517783675,3.0,1.0,0.880160327209171,-14251.283832617053,14251.487990865344,0.153230435682417,0.153230435682417,2.0,0.0,0.032244143932969614,0.032244143932969614,-5.648145131230954,-14244.235847375508,-14249.883992506739
56,10,0.44948415269884,-7.74381203744082,3.0,1.0,0.834834219366694,-14251.492670082054,14253.36937855365,0.081551404819038,0.3673171568825637,1.0,0.0,0.032244143932969614,0.032244143932969614,-5.844474869049982,-14244.251640995784,-14250.096115864835
57,10,0.4434645801367035,-7.701191810274269,3.0,1.0,0.8483556664074708,-14250.984277138901,14252.291973264348,-0.11849258231450222,0.2928874099343375,2.0,0.0,0.032244143932969614,0.032244143932969614,-5.7116134822284845,-14243.873501849108,-14249.585115331336
58,10,0.44338919933214865,-7.718489431375191,3.0,1.0,0.9992155930476277,-14250.810252455187,14251.029506944038,-0.06090099277571426,-0.06090099277571426,1.0,0.0,0.032244143932969614,0.032244143932969614,-5.765316895053523,-14243.645739193935,-14249.411056088988
59,10,0.44842967040436554,-7.702604349889953,1.0,1.0,0.7133723513097688,-14251.68249777174,14251.706216975066,0.33775176303242915,0.33775176303242915,1.0,0.0,0.032244143932969614,0.032244143932969614,-5.715987733057886,-14244.56952069399,-14250.285508427049
60,10,0.4447776523193039,-7.758777997427032,3.0,1.0,0.9077611494238425,-14251.18094648653,14252.383089762296,-0.310718986665961,0.32395408901720657,2.0,0.0,0.032244143932969614,0.032244143932969614,-5.891559647389027,-14243.89081944073,-14249.78237908812
61,10,0.4491296284297063,-7.695726766425679,3.0,1.0,0.650783544432951,-14251.996866408885,14253.074253782786,0.42792968035064405,0.812672047628439,2.0,0.0,0.032244143932969614,0.032244143932969614,-5.694708521647712,-14244.90545840126,-14250.600166922906
62,10,0.44357911533506234,-7.713256045317506,3.0,1.0,1.0,-14250.855023499758,14251.584953727177,-0.43742076835587795,-0.4828396106931905,2.0,0.0,0.032244143932969614,0.032244143932969614,-5.749037387686406,-14243.706876723216,-14249.455914110902
63,10,0.4417780698690439,-7.702625157632267,3.0,1.0,0.9901219115272754,-14250.841696053805,14250.947075480488,-0.014707434322190238,-0.04363660047602025,1.0,0.0,0.032244143932969614,0.032244143932969614,-5.7160521838862834,-14243.725697571126,-14249.441749755013
64,10,0.44114737646214913,-7.744376524903114,3.0,1.0,0.9606626640235048,-14250.902910676694,14251.453364658119,-0.0033469375175627647,0.06367637657967862,2.0,0.0,0.032244143932969614,0.032244143932969614,-5.846246752346804,-14243.656418168342,-14249.502664920688
65,10,0.43476563366671717,-7.739165011914629,3.0,1.0,0.8582076998252179,-14251.361290600888,14251.506693761015,0.2095710261419299,0.2095710261419299,1.0,0.0,0.032244143932969614,0.032244143932969614,-5.82990031767183,-14244.127927290776,-14249.957827608448
66,10,0.4482240895485552,-7.747715375817775,3.0,1.0,0.9788773536814054,-14251.327868912518,14251.69951605855,-0.10295211414631922,-0.10295211414631922,2.0,0.0,0.032244143932969614,0.032244143932969614,-5.856733668265514,-14244.074059998056,-14249.930793666323
67,10,0.44808633717187196,-7.761797972227215,3.0,1.0,1.0,-14251.470969142161,14251.58410716795,-0.01875258952168224,-0.13651302334255888,2.0,0.0,0.032244143932969614,0.032244143932969614,-5.901088023633129,-14244.172748117437,-14250.07383614107
68,10,0.43808899861810197,-7.7652162002986715,3.0,1.0,0.8886521574227055,-14251.609568741866,14252.342344858846,0.12451939737547946,0.24457745320432878,2.0,0.0,0.032244143932969614,0.032244143932969614,-5.911883939484766,-14244.295939804168,-14250.207823743653
69,10,0.4382060172397881,-7.751037919468173,1.0,1.0,1.0,-14251.200537002862,14251.612373624303,-0.10260548444057349,-0.10260548444057349,1.0,0.0,0.032244143932969614,0.032244143932969614,-5.867180431480227,-14243.931670376174,-14249.798850807654
70,10,0.43079144689429033,-7.745085767366858,3.0,1.0,0.7176976114557521,-14252.317262169332,14252.547280072637,0.4687081369520456,0.4687081369520456,2.0,0.0,0.032244143932969614,0.032244143932969614,-5.848473462297252,-14245.06314913279,-14250.911622595087
71,10,0.43237357821216327,-7.694777135790351,3.0,1.0,1.0,-14251.331798823418,14252.748566036216,-0.4526067633269122,-0.4526067633269122,1.0,0.0,0.032244143932969614,0.032244143932969614,-5.691774085337885,-14244.235267653261,-14249.9270417386
72,10,0.43237357821216327,-7.694777135790351,1.0,1.0,0.5084135195991458,-14251.331798823418,14252.83203847663,0.0,0.6764601475751988,1.0,0.0,0.032244143932969614,0.032244143932969614,-5.691774085337885,-14244.235267653261,-14249.9270417386
73,10,0.4298720667097483,-7.697023473194005,1.0,1.0,0.8526454849419514,-14251.764998268702,14251.887027450799,0.15941142756128102,0.15941142756128102,1.0,0.0,0.032244143932969614,0.032244143932969614,-5.69871690800768,-14244.660119227883,-14250.35883613589
74,10,0.4334934675869851,-7.747104854438225,3.0,1.0,0.8694050799180716,-14251.776633656524,14253.132900560428,0.07826382163329981,0.3805362210187013,1.0,0.0,0.032244143932969614,0.032244143932969614,-5.854815263609101,-14244.517673173636,-14250.372488437244
75,10,0.4343344069634515,-7.726956415842239,3.0,1.0,1.0,-14251.21074765417,14251.807523574591,-0.20142216461681528,-0.3512801912111172,2.0,0.0,0.032244143932969614,0.032244143932969614,-5.7917131656581615,-14244.015341769478,-14249.807054935136
76,10,0.42789187297103,-7.715779858688675,3.0,1.0,0.4506948678579374,-14252.397162859626,14254.798995966625,0.42820812807076436,1.3315165845433512,2.0,0.0,0.032244143932969614,0.032244143932969614,-5.756884801153891,-14245.23296603771,-14250.989850838865
77,10,0.4469751689897699,-7.750134318303827,3.0,1.0,0.953524626320449,-14251.206289309956,14252.317587763926,-0.52433415966334,-0.583436646958944,2.0,0.0,0.032244143932969614,0.032244143932969614,-5.864338229980908,-14243.944346467606,-14249.808684697588
78,10,0.4524562177489003,-7.7425880191840415,1.0,1.0,0.7224401132006015,-14252.07288257475,14252.117308955303,0.32512075073464075,0.32512075073464075,1.0,0.0,0.032244143932969614,0.032244143932969614,-5.84063386323266,-14244.836871581732,-14250.677505444964
79,10,0.43255834976749735,-7.724161355582693,7.0,1.0,1.0,-14251.46126705461,14251.971285120439,-0.13351046701791347,-0.4099678248367127,2.0,0.0,0.032244143932969614,0.032244143932969614,-5.782991491209224,-14244.273620160562,-14250.056611651771
80,10,0.4436349365998409,-7.739066008197421,7.0,1.0,0.9233061248256794,-14250.867620731957,14252.344865570345,-0.2597542294224695,0.3123405145452125,3.0,0.0,0.032244143932969614,0.032244143932969614,-5.829590045435219,-14243.638946805559,-14249.468536850994
81,10,0.44308096738729114,-7.732331163713433,3.0,1.0,0.94216291801939,-14250.79996418626,14251.07382567085,-0.007565977473859675,0.11200860576354899,2.0,0.0,0.032244143932969614,0.032244143932969614,-5.8085064235087325,-14243.592119594767,-14249.400626018276
82,10,0.439529382693466,-7.777922739871746,3.0,1.0,0.7987977045375795,-14251.895786878014,14252.219477760833,0.2611198248068831,0.2611198248068831,2.0,0.0,0.032244143932969614,0.032244143932969614,-5.952117917292302,-14244.542639791318,-14250.49475770861
83,10,0.4385501776942442,-7.724815805301734,3.0,1.0,0.9194110514692837,-14250.777167649012,14252.454933358471,-0.2560743318827008,-0.2560743318827008,2.0,0.0,0.032244143932969614,0.032244143932969614,-5.785032928256076,-14243.590620804902,-14249.375653733157
84,10,0.43779804653921756,-7.68709547452082,7.0,1.0,0.9924738877927938,-14250.983170456875,14251.036642151359,0.010944535622911644,0.03182201588060707,3.0,0.0,0.032244143932969614,0.032244143932969614,-5.668070275253447,-14243.913208479882,-14249.581278755135
85,10,0.43779804653921756,-7.68709547452082,3.0,1.0,0.831159706990071,-14250.983170456875,14252.96245972164,0.0,0.28855383399240964,1.0,0.0,0.032244143932969614,0.032244143932969614,-5.668070275253447,-14243.913208479882,-14249.581278755135
86,10,0.43930571572723437,-7.719208941802575,3.0,1.0,0.9815466146569743,-14250.724345585346,14251.228238051763,-0.02932158978001098,0.04818710895415279,1.0,0.0,0.032244143932969614,0.032244143932969614,-5.767557219561982,-14243.555649178868,-14249.32320639843
87,10,0.43930571572723437,-7.719208941802575,3.0,1.0,0.29234337820724077,-14250.724345585346,14255.34083883562,0.0,2.442535698921347,2.0,0.0,0.032244143932969614,0.032244143932969614,-5.767557219561982,-14243.555649178868,-14249.32320639843
88,10,0.4392017692405799,-7.743052891955324,7.0,1.0,0.898925660271285,-14250.960276033418,14251.84216416176,0.06676717473237659,0.1768585046629596,3.0,0.0,0.032244143932969614,0.032244143932969614,-5.8420924714087965,-14243.716993103422,-14249.55908557483
89,10,0.44367110137638954,-7.765280668654067,3.0,1.0,0.8988811156053443,-14251.296783042599,14252.14098419517,0.013410330155238626,0.20488856667907385,2.0,0.0,0.032244143932969614,0.032244143932969614,-5.9120876645323674,-14243.985628009013,-14249.897715673545
90,10,0.44005736829552394,-7.645380776008937,3.0,1.0,0.6574028049572482,-14252.420888558123,14253.841879171738,0.25784647159343876,0.523658594047447,2.0,0.0,0.032244143932969614,0.032244143932969614,-5.540378749042125,-14245.479738687118,-14251.02011743616
91,10,0.44468896887723997,-7.7419405811549336,3.0,1.0,0.9810490836950959,-14250.94631949538,14252.625139688762,-0.3131016804600222,-0.3131016804600222,2.0,0.0,0.032244143932969614,0.032244143932969614,-5.838602789202248,-14243.709109612868,-14249.54771240207
92,10,0.45036706586913056,-7.708852126709154,3.0,1.0,0.722334275101686,-14251.970019932794,14252.237827603338,0.44190927036106586,0.44190927036106586,1.0,0.0,0.032244143932969614,0.032244143932969614,-5.735359327783704,-14244.83846366217,-14250.573822989954
93,10,0.43994277946474963,-7.712310990027946,3.0,1.0,1.0,-14250.719886814282,14251.584912951357,-0.4822121042780054,-0.4822121042780054,1.0,0.0,0.032244143932969614,0.032244143932969614,-5.746100521269392,-14243.572959364868,-14249.319059886138
94,10,0.4422747004912245,-7.698511989630117,7.0,1.0,0.7697772349649757,-14250.928703954787,14251.863828076,0.06664997581901844,0.4072184640663181,3.0,0.0,0.032244143932969614,0.032244143932969614,-5.703320290284325,-14243.82567083627,-14249.528991126554
95,10,0.43834195162982065,-7.711319805827334,3.0,1.0,0.9767845652816166,-14250.75076716453,14251.041930987072,-0.05946070613754273,0.07219044702469546,2.0,0.0,0.032244143932969614,0.032244143932969614,-5.743021263618411,-14243.606127870064,-14249.349149133683
96,10,0.43834195162982065,-7.711319805827334,3.0,1.0,0.36621452991660686,-14250.75076716453,14253.46909724718,0.0,1.5553038822745293,1.0,0.0,0.032244143932969614,0.032244143932969614,-5.743021263618411,-14243.606127870064,-14249.349149133683
97,10,0.43834195162982065,-7.711319805827334,3.0,1.0,0.7254067258697737,-14250.75076716453,14251.708102777946,0.0,0.5081432584356662,1.0,0.0,0.032244143932969614,0.032244143932969614,-5.743021263618411,-14243.606127870064,-14249.349149133683
98,10,0.43022354870808077,-7.66763766796369,3.0,1.0,0.5912038334700741,-14251.97137933613,14253.089024629739,0.222788744893478,0.8552946722356864,2.0,0.0,0.032244143932969614,0.032244143932969614,-5.608292072283655,-14244.95712575338,-14250.565417825665
99,10,0.4361663838966555,-7.645225288021651,3.0,1.0,1.0,-14252.228384685783,14252.487093658885,-0.00037323662400012836,-0.10107246909501555,2.0,0.0,0.032244143932969614,0.032244143932969614,-5.5399060449048125,-14245.285751068974,-14250.825657113879
100,10,0.43676379744110255,-7.778246151490029,3.0,1.0,0.8469038566856061,-14252.282356604945,14253.092993825854,0.23309387322660768,0.2895072636947589,2.0,0.0,0.032244143932969614,0.032244143932969614,-5.9531440746277005,-14244.926793594923,-14250.87993766955
101,10,0.45411097525074484,-7.723091012039606,3.0,1.0,0.9209473509310148,-14252.689368507657,14253.277121814826,0.27070427726175694,-0.44354561792533787,2.0,0.0,0.032244143932969614,0.032244143932969614,-5.779653671967554,-14245.514961588487,-14251.294615260455
102,10,0.45411097525074484,-7.723091012039606,3.0,1.0,0.8665497685032332,-14252.689368507657,14253.486350602807,0.0,-0.462710285664798,1.0,0.0,0.032244143932969614,0.032244143932969614,-5.779653671967554,-14245.514961588487,-14251.294615260455
103,10,0.4448922731110059,-7.7364213463751295,3.0,1.0,1.0,-14250.922644640561,14252.026216135657,-0.6735551269994176,-0.6735551269994176,2.0,0.0,0.032244143932969614,0.032244143932969614,-5.821305447917261,-14243.702823002057,-14249.524128449973
104,10,0.44252424840426136,-7.756793794409951,3.0,1.0,0.9492730427769039,-14251.10755063215,14251.698092118822,0.012875836775492644,0.09231181958057277,2.0,0.0,0.032244143932969614,0.032244143932969614,-5.885304217785687,-14243.822650125494,-14249.70795434328
105,10,0.45491099397606183,-7.811420840871131,7.0,1.0,0.760241039098979,-14253.672374131684,14255.605582981201,0.3774464861216984,0.5512414622844517,3.0,0.0,0.032244143932969614,0.032244143932969614,-6.058960164173635,-14246.21895428686,-14252.277914451033
106,10,0.458896453286926,-7.726724169868766,7.0,1.0,0.6309462714860911,-14254.251572654517,14257.647395456366,0.8450222542687698,1.2173472893009603,3.0,0.0,0.032244143932969614,0.032244143932969614,-5.79098817034533,-14247.067509178114,-14252.85849734846
107,10,0.4432522288529416,-7.669475654016204,3.0,1.0,1.0,-14251.77178877905,14255.575502819449,-1.0085014089727338,-1.0085014089727338,1.0,0.0,0.032244143932969614,0.032244143932969614,-5.61392253389817,-14244.758606963363,-14250.372529497261
108,10,0.43775333114645043,-7.716904357178322,3.0,1.0,0.9116474915399767,-14250.781016863195,14252.190577576433,-0.27627994900467456,0.3003282349254732,2.0,0.0,0.032244143932969614,0.032244143932969614,-5.76038330928115,-14243.618719242937,-14249.379102552219
109,10,0.43569513910875474,-7.687116369570976,3.0,1.0,0.836799609343336,-14251.059596633742,14251.538532427448,0.025609219759644475,0.30834927928481193,2.0,0.0,0.032244143932969614,0.032244143932969614,-5.668134672455229,-14243.988488818834,-14249.656623491288
110,10,0.432677237721203,-7.690170077068869,3.0,1.0,0.9627079958784134,-14251.316397328641,14251.349543340231,0.09061187152292405,0.09061187152292405,2.0,0.0,0.032244143932969614,0.032244143932969614,-5.677550697188879,-14244.234256501526,-14249.911807198714
111,10,0.4397497015363863,-7.720130562206636,7.0,1.0,1.0,-14250.717221337089,14251.575371455536,-0.13614583806702285,-0.13614583806702285,2.0,0.0,0.032244143932969614,0.032244143932969614,-5.770427605910463,-14243.545872523533,-14249.316300129443
112,10,0.4397497015363863,-7.720130562206636,3.0,1.0,0.7423079755418022,-14250.717221337089,14251.46395008959,0.0,0.45314227209382807,1.0,0.0,0.032244143932969614,0.032244143932969614,-5.770427605910463,-14243.545872523533,-14249.316300129443
113,10,0.44398393840996064,-7.714330544280312,3.0,1.0,0.954685594268495,-14250.879784710223,14250.900071630633,0.06248420290467038,0.07478240939781244,1.0,0.0,0.032244143932969614,0.032244143932969614,-5.752377599992579,-14243.728482120878,-14249.48085972087
114,10,0.4378637400442758,-7.707689943987452,3.0,1.0,0.9783214153952415,-14250.77744797206,14251.024398837695,-0.05112287539668614,0.06724698979815003,2.0,0.0,0.032244143932969614,0.032244143932969614,-5.73175295759288,-14243.643836498633,-14249.375589456225
115,10,0.4384307873584459,-7.7009687221279295,3.0,1.0,1.0,-14250.79986678677,14250.812943308683,-0.0023870019631431205,-0.013069277893009712,2.0,0.0,0.032244143932969614,0.032244143932969614,-5.710922821387457,-14243.68737039764,-14249.398293219027
116,10,0.4295395030085099,-7.645432566227085,3.0,1.0,0.7142818217344656,-14252.663215377483,14253.065070017445,0.2829609961427195,0.4178073365128512,2.0,0.0,0.032244143932969614,0.032244143932969614,-5.540536203552911,-14245.71632625169,-14251.256862455242
117,10,0.4397720671412649,-7.7594177891383245,7.0,1.0,0.9025028821481866,-14251.279617665385,14253.14930507671,-0.14008508574625012,-0.2686590774283104,3.0,0.0,0.032244143932969614,0.032244143932969614,-5.89357750419417,-14243.98512989057,-14249.878707394764
118,10,0.43339564897536237,-7.71534968657753,3.0,1.0,0.9012473630222534,-14251.221875311512,14252.361238409856,0.044442210548368166,0.18884923546829668,1.0,0.0,0.032244143932969614,0.032244143932969614,-5.755546796148058,-14244.062130273718,-14249.817677069866
119,10,0.4371432284235683,-7.672152849866452,7.0,1.0,0.9915526895769242,-14251.306008083917,14251.832615732712,-0.1037253685426549,-0.14941280195307627,3.0,0.0,0.032244143932969614,0.032244143932969614,-5.622129863469878,-14244.281653751308,-14249.903783614778
120,10,0.44789092396640834,-7.724419438254019,3.0,1.0,0.5166758696779293,-14251.278374374024,14253.738763721216,0.12625657990975014,1.303085279327206,2.0,0.0,0.032244143932969614,0.032244143932969614,-5.783796482085449,-14244.097362691722,-14249.881159173807
121,10,0.4365676224452657,-7.7631043815631235,7.0,1.0,0.9755899425965607,-14251.742264426675,14251.786315249026,0.11805350407485093,-0.18689254036689817,3.0,0.0,0.032244143932969614,0.032244143932969614,-5.905212724995737,-14244.434531748626,-14250.339744473622
122,10,0.44005788628233705,-7.737609910175415,7.0,1.0,0.7199630744484015,-14250.838266897632,14253.840213267193,-0.2989379663977161,0.674306784005239,3.0,0.0,0.032244143932969614,0.032244143932969614,-5.8250278460380525,-14243.612468181645,-14249.437496027684
123,10,0.43960711698375093,-7.738824156480945,3.0,1.0,0.995945931920795,-14250.872535437715,14250.89820126788,0.012236769041919615,-0.023685173631747602,2.0,0.0,0.032244143932969614,0.032244143932969614,-5.828832136597487,-14243.642712269786,-14249.471544406384
124,10,0.4425690310440246,-7.737291667207286,3.0,1.0,0.9810550670210061,-14250.818591422278,14251.15625429776,-0.02831777876781416,0.050815428814530605,2.0,0.0,0.032244143932969614,0.032244143932969614,-5.824031019762034,-14243.594984972358,-14249.41901599212
125,10,0.43424448347792377,-7.712178040532644,3.0,1.0,0.9032340881687436,-14251.08383984741,14251.24535426701,0.11511821977546788,0.17798946805487503,2.0,0.0,0.032244143932969614,0.032244143932969614,-5.745687437305445,-14243.934411588896,-14249.680099026202
126,10,0.44697992621817934,-7.7301782388631235,3.0,1.0,0.9993519983615196,-14251.123569216243,14251.205467704578,0.001945896945471759,-0.12829800980216532,2.0,0.0,0.032244143932969614,0.032244143932969614,-5.8017761984715746,-14243.924190446272,-14249.725966644744
127,10,0.44697992621817934,-7.7301782388631235,3.0,1.0,0.9519891355414861,-14251.123569216243,14251.52715420436,0.0,0.13293065895959444,1.0,0.0,0.032244143932969614,0.032244143932969614,-5.8017761984715746,-14243.924190446272,-14249.725966644744
128,10,0.4353793886530293,-7.737169122182528,3.0,1.0,0.9792550714191908,-14251.231974654718,14251.338027949163,0.06425566593679832,-0.1300356973970338,2.0,0.0,0.032244143932969614,0.032244143932969614,-5.8236472013662155,-14244.005188725449,-14249.828835926815
129,10,0.4364376923286524,-7.725043713718653,1.0,1.0,1.0,-14250.932981043874,14251.209424593244,-0.10900322008455987,-0.10900322008455987,1.0,0.0,0.032244143932969614,0.032244143932969614,-5.785743947721645,-14243.74465005946,-14249.53039400718
130,10,0.43774907058451,-7.694110702160068,3.0,1.0,0.9712909153666787,-14250.883916806357,14251.210290520183,-0.06442108255760104,0.09006394468269718,2.0,0.0,0.032244143932969614,0.032244143932969614,-5.689715289429073,-14243.79228505083,-14249.482000340258
131,10,0.43823807254799385,-7.76785131739976,7.0,1.0,0.7878793303509016,-14251.679065397555,14252.338434857287,0.24706718769266445,0.3916452909252257,3.0,0.0,0.032244143932969614,0.032244143932969614,-5.9202145026983715,-14244.357180787742,-14250.277395290439
132,10,0.44852462370752,-7.79896710221289,3.0,1.0,0.6274543541502836,-14252.480475432294,14254.249051026813,-0.05088661125591898,0.8852398029575852,2.0,0.0,0.032244143932969614,0.032244143932969614,-6.019107904248191,-14245.06441774152,-14251.083525645769
133,10,0.44164330440680327,-7.68982485407935,3.0,1.0,0.8571979255581211,-14251.0394583652,14253.173940630688,-0.14325789992471982,0.334755108517129,2.0,0.0,0.032244143932969614,0.032244143932969614,-5.676485743893271,-14243.962962613581,-14249.639448357475
134,10,0.44172090851223195,-7.7261123586194875,3.0,1.0,0.9873482608725613,-14250.735185655809,14251.07534229344,-0.08482161053325399,-0.08482161053325399,2.0,0.0,0.032244143932969614,0.032244143932969614,-5.789078555659264,-14243.546133797421,-14249.33521235308
135,10,0.45783733444075736,-7.796618829759595,3.0,1.0,0.5155924937923816,-14253.908397853691,14255.257250873534,0.6367343140027515,0.825674693169276,2.0,0.0,0.032244143932969614,0.032244143932969614,-6.0116107561201595,-14246.503356573028,-14252.514967329149
136,10,0.43885109512605397,-7.741090817353836,3.0,1.0,0.9041644120479756,-14250.949427082154,14253.98780019139,-0.5598510447962326,-0.5598510447962326,2.0,0.0,0.032244143932969614,0.032244143932969614,-5.83593763631734,-14243.71212535024,-14249.548062986556
137,10,0.4330677392636081,-7.669259005330936,3.0,1.0,0.9120139039238606,-14251.581471449394,14251.984442768424,0.052946887339203386,0.18250475657987408,2.0,0.0,0.032244143932969614,0.032244143932969614,-5.613258679615588,-14244.563836196288,-14250.177094875904
138,10,0.4353416678919776,-7.677467000221116,1.0,1.0,1.0,-14251.240808083665,14251.530893480834,-0.05950998083244485,-0.05950998083244485,1.0,0.0,0.032244143932969614,0.032244143932969614,-5.638442390577869,-14244.199207127636,-14249.837649518215
139,10,0.4353416678919776,-7.677467000221116,3.0,1.0,0.7006489790039225,-14251.240808083665,14252.328075620573,0.0,0.5404110601575667,1.0,0.0,0.032244143932969614,0.032244143932969614,-5.638442390577869,-14244.199207127636,-14249.837649518215
140,10,0.44007490255423215,-7.694884575715824,3.0,1.0,0.9906223777968316,-14250.876815068961,14251.335942161739,-0.03907364599763241,-0.0509787522314582,2.0,0.0,0.032244143932969614,0.032244143932969614,-5.6921060382499835,-14243.78394643847,-14249.47605247672
141,10,0.44135084148285847,-7.734917666985126,7.0,1.0,0.9324302318010016,-14250.785575320384,14251.132678322336,-0.021500507267774083,0.15184423943901493,3.0,0.0,0.032244143932969614,0.032244143932969614,-5.816598180608317,-14243.5688283526,-14249.385426533208
142,10,0.43499347638982433,-7.667646416953291,3.0,1.0,0.9329070718569937,-14251.482257730822,14251.609904761477,0.08684210821593297,0.10090012083674083,2.0,0.0,0.032244143932969614,0.032244143932969614,-5.608318865818082,-14244.470596618505,-14250.078915484322
143,10,0.44558667537226404,-7.6702919855264895,3.0,1.0,0.7942229970257882,-14252.108639366445,14252.54151982195,0.3541091923361819,0.38438291905731603,2.0,0.0,0.032244143932969614,0.032244143932969614,-5.616424356207428,-14245.094006719683,-14250.71043107589
144,10,0.445354440392373,-7.747198750957699,7.0,1.0,0.9913953512965407,-14251.040333605577,14251.896805920049,-0.4001180845825729,-0.4137127531157603,3.0,0.0,0.032244143932969614,0.032244143932969614,-5.85511028474716,-14243.786912501659,-14249.642022786406
145,10,0.4422346561011976,-7.7654187225536795,3.0,1.0,0.9707018829501345,-14251.316288638725,14251.488669252207,0.04527254388631263,0.04527254388631263,2.0,0.0,0.032244143932969614,0.032244143932969614,-5.912523939637145,-14244.004033121768,-14249.916557061406
146,10,0.4473024119373536,-7.734092234144226,3.0,1.0,0.9644189969432899,-14251.161138854652,14251.65650824498,0.03538485492936161,0.07469863155347412,2.0,0.0,0.032244143932969614,0.032244143932969614,-5.814015124923466,-14243.949659069314,-14249.763674194237
147,10,0.4397773207448903,-7.688486279962417,3.0,1.0,0.6085304617432997,-14250.974521071455,14252.969352345915,-0.08980818493546394,1.0256359041322867,2.0,0.0,0.032244143932969614,0.032244143932969614,-5.672357600885221,-14243.901255768415,-14249.573613369299
148,10,0.44099975026521226,-7.719812922230414,3.0,1.0,0.9959950883675552,-14250.714197037376,14251.046975831989,-0.048565084051006124,-0.048565084051006124,2.0,0.0,0.032244143932969614,0.032244143932969614,-5.7694382204182055,-14243.544442488055,-14249.313880708474
149,10,0.4432668065570887,-7.758511395936849,3.0,1.0,0.9207750146075632,-14251.142421236844,14251.551363002356,0.05983973473121296,0.11077340429255855,1.0,0.0,0.032244143932969614,0.032244143932969614,-5.890718926385222,-14243.852449732165,-14249.74316865855
150,10,0.44798366342027385,-7.752004254314676,3.0,1.0,0.8769362954426351,-14251.33436219587,14252.475215232223,0.06690580612485064,0.2055163143286336,2.0,0.0,0.032244143932969614,0.032244143932969614,-5.870220859995097,-14244.066965185173,-14249.937186045168
51,11,0.44893965689898374,-7.6985854759692325,5.0,1.0,0.4317498400170202,-14251.88122082014,14254.044640014068,0.5785042814732151,1.543807081574414,2.0,0.0,0.04719576950924301,0.04719576950924301,-5.7035476113492285,-14244.780895453869,-14250.484443065217
52,11,0.45316328082848456,-7.704007234697526,1.0,1.0,0.6603524438542725,-14252.828903459415,14253.333983148,0.41498158065223834,0.41498158065223834,1.0,0.0,0.03446019243825416,0.03446019243825416,-5.7203340604317745,-14245.71346160032,-14251.433795660752
53,11,0.43412996553510336,-7.654798536229417,5.0,1.0,0.8891027934571227,-14251.906319258476,14254.31469114493,-0.7773072350810253,-0.7773072350810253,2.0,0.0,0.03446019243825416,0.03446019243825416,-5.569055070502489,-14244.933462009789,-14250.502517080291
54,11,0.44794559577953313,-7.703999659984415,3.0,1.0,0.7222665626779982,-14251.560328262578,14254.35139880645,0.22199587674913346,0.7587951307486946,2.0,0.0,0.03446019243825416,0.03446019243825416,-5.720310587658841,-14244.442825503793,-14250.163136091453
55,11,0.4324759077297033,-7.726749989247353,3.0,1.0,1.0,-14251.51704106926,14251.54399644893,-0.020429710850294214,-0.3689171052756137,2.0,0.0,0.03446019243825416,0.03446019243825416,-5.791068767262741,-14244.321271565977,-14250.11234033324
56,11,0.4395117979966243,-7.774566504238128,3.0,1.0,0.9411338810264147,-14251.773897387884,14252.856991310056,-0.06001677687345364,0.10548593771090964,1.0,0.0,0.03446019243825416,0.03446019243825416,-5.941475044273117,-14244.431384539777,-14250.372859584051
57,11,0.44215003410743475,-7.75690002567491,3.0,1.0,1.0,-14251.11433539715,14251.575174154268,-0.21073731426076847,-0.23968648370464507,2.0,0.0,0.03446019243825416,0.03446019243825416,-5.885639024390825,-14243.828925130854,-14249.714564155245
58,11,0.44149393295516964,-7.763434553145523,7.0,1.0,0.9071666351403725,-14251.28883711232,14251.59752790858,0.047008206629470806,0.17471035051130457,3.0,0.0,0.03446019243825416,0.03446019243825416,-5.906255439632842,-14243.98250087434,-14249.888756313972
59,11,0.44332023329736514,-7.762716239816386,3.0,1.0,1.0,-14251.235027042787,14251.345916723007,-0.03743410619426868,-0.10655422463059949,2.0,0.0,0.03446019243825416,0.03446019243825416,-5.903987074227991,-14243.931811943217,-14249.835799017445
60,11,0.44284954698675133,-7.652675839986678,3.0,1.0,0.5953797413872142,-14252.411239721232,14255.48702764449,0.34900670721435745,0.6740156367541204,2.0,0.0,0.03446019243825416,0.03446019243825416,-5.562583888781351,-14245.449210680375,-14251.011794569156
61,11,0.43014216629196883,-7.691951975321407,3.0,1.0,1.0,-14251.716528761612,14252.856165274823,-0.18557223454263294,-0.18557223454263294,2.0,0.0,0.03446019243825416,0.03446019243825416,-5.6830494406845675,-14244.627471451464,-14250.310520892148
62,11,0.43590261648006057,-7.717788461857803,3.0,1.0,1.0,-14250.927286565327,14251.737111177332,-0.23298158062971197,-0.23298158062971197,2.0,0.0,0.03446019243825416,0.03446019243825416,-5.763134798843743,-14243.76128697263,-14249.524421771475
63,11,0.4335833576586854,-7.689378036097596,3.0,1.0,0.9774165625917077,-14251.213375510388,14251.452730672463,0.028023555838444736,0.04094259957673785,2.0,0.0,0.03446019243825416,0.03446019243825416,-5.67510756454322,-14244.1341713801,-14249.809278944642
64,11,0.4287151389156902,-7.7054072960873885,1.0,1.0,0.6641370735438835,-14252.060427907563,14252.212992399129,0.40926671475062903,0.40926671475062903,1.0,0.0,0.03446019243825416,0.03446019243825416,-5.7246736026230955,-14244.928924399814,-14250.653598002436
65,11,0.4370372483743644,-7.722219398356399,3.0,1.0,0.9501472534476944,-14250.85614659023,14252.218102439088,-0.46331264088985336,-0.46331264088985336,2.0,0.0,0.03446019243825416,0.03446019243825416,-5.776936429367619,-14243.676931496344,-14249.453867925711
66,11,0.4370372483743644,-7.722219398356399,1.0,1.0,0.5385286552182267,-14250.85614659023,14251.694183621792,0.0,0.6189145707685384,1.0,0.0,0.03446019243825416,0.03446019243825416,-5.776936429367619,-14243.676931496344,-14249.453867925711
67,11,0.44330946105322155,-7.7447905410634,3.0,1.0,0.9788159959339344,-14250.915763636483,14251.208928126462,-0.032569626475378755,0.06566129755992733,1.0,0.0,0.03446019243825416,0.03446019243825416,-5.847546520206279,-14243.668984142321,-14249.516530662528
68,11,0.4494318539038095,-7.742505229459804,3.0,1.0,0.7846384307878966,-14251.481032346119,14252.468844358309,0.21457920338252734,0.3600687910657143,2.0,0.0,0.03446019243825416,0.03446019243825416,-5.840374120702499,-14244.24408264361,-14250.084456764313
69,11,0.45426664133489625,-7.738436732257441,1.0,1.0,0.639526671804247,-14252.547349643979,14252.727737471685,0.44702695155501715,0.44702695155501715,1.0,0.0,0.03446019243825416,0.03446019243825416,-5.827618158190005,-14245.325035771548,-14251.152653929737
70,11,0.45286032101582757,-7.81131000996564,3.0,1.0,0.9225222554097128,-14253.351098522533,14254.71479443775,-0.3043570009413088,-0.6588126229653426,2.0,0.0,0.03446019243825416,0.03446019243825416,-6.058604818652067,-14245.89727100618,-14251.955875824833
71,11,0.4475585685823903,-7.790494099930287,7.0,1.0,0.8576842623938061,-14252.131444469145,14254.679341450166,-0.18569918721004797,0.5789851846529928,3.0,0.0,0.03446019243825416,0.03446019243825416,-5.992082751570688,-14244.742005989563,-14250.734088741134
72,11,0.44184720587991144,-7.767526328328271,3.0,1.0,0.6014001869700037,-14251.386564590215,14253.71114393759,-0.05954492074124573,1.0207487151692476,2.0,0.0,0.03446019243825416,0.03446019243825416,-5.919186718703007,-14244.067464197293,-14249.986650915997
73,11,0.4386358648698852,-7.705706262435083,3.0,1.0,1.0,-14250.762750785405,14251.389343297467,-0.12988405896612676,-0.12988405896612676,2.0,0.0,0.03446019243825416,0.03446019243825416,-5.725600513879326,-14243.63567909464,-14249.361279608518
74,11,0.4464001071964254,-7.692140509180243,7.0,1.0,0.709419327470979,-14251.553139901485,14252.114786941238,0.3471167916140985,0.5880485227535246,3.0,0.0,0.03446019243825416,0.03446019243825416,-5.683631421339204,-14244.471655784053,-14250.155287205393
75,11,0.43592739735672126,-7.742085301740162,3.0,1.0,1.0,-14251.257412673864,14251.732494608708,-0.12995960825355724,-0.19367662144941278,2.0,0.0,0.03446019243825416,0.03446019243825416,-5.839056754921588,-14244.015504041941,-14249.854560796863
76,11,0.4498030377197563,-7.746953647930492,7.0,1.0,0.9894388455829112,-14251.555704042978,14251.624984347001,0.026599856157190516,-0.2156901644248137,3.0,0.0,0.03446019243825416,0.03446019243825416,-5.854340194072062,-14244.30493941129,-14250.159279605361
77,11,0.44950424761823343,-7.797025062795043,3.0,1.0,0.7769483585311882,-14252.481773256815,14255.279239459129,0.015976735317963175,0.5634402449559275,2.0,0.0,0.03446019243825416,0.03446019243825416,-6.0129073105028334,-14245.072319932071,-14251.085227242575
78,11,0.4263022857410362,-7.686330136939383,3.0,1.0,0.7676103538854931,-14252.614656233096,14253.597556705537,0.37648056947909936,0.4836018928217527,2.0,0.0,0.03446019243825416,0.03446019243825416,-5.665711854877758,-14245.540685133215,-14251.206396988093
79,11,0.42913821608848707,-7.6952931975169845,1.0,1.0,1.0,-14251.918708633855,14252.741108538468,-0.2245761529993615,-0.2245761529993615,1.0,0.0,0.03446019243825416,0.03446019243825416,-5.693368646394872,-14244.818755599215,-14250.51212424561
80,11,0.44492136689215606,-7.6888478739138915,3.0,1.0,1.0,-14251.406411250451,14252.011535404932,-0.14529625874456542,-0.35066987232130487,2.0,0.0,0.03446019243825416,0.03446019243825416,-5.673472574710378,-14244.334435465702,-14250.007908040412
81,11,0.4499300747657523,-7.697184256617165,3.0,1.0,0.6440112704945449,-14252.143027842256,14253.300729999084,0.35676559153398557,0.7072996862571017,2.0,0.0,0.03446019243825416,0.03446019243825416,-5.699214039688761,-14245.04744083282,-14250.746654872508
82,11,0.4425733850522681,-7.635296931174332,3.0,1.0,0.9262930945274928,-14253.284318786655,14254.81325548751,0.09799446733268269,-0.16739722720922146,2.0,0.0,0.03446019243825416,0.03446019243825416,-5.509772579151154,-14246.374972804453,-14251.884745383604
83,11,0.4421506519583355,-7.639499113845318,3.0,1.0,1.0,-14252.97931359904,14253.785964361867,-0.10231098071017186,-0.4460224670565367,2.0,0.0,0.03446019243825416,0.03446019243825416,-5.522514554420267,-14246.057028092535,-14251.579542646956
84,11,0.43600007730481877,-7.648836859858449,1.0,1.0,1.0,-14252.077750526461,14252.801944495877,-0.41119611998146866,-0.41119611998146866,1.0,0.0,0.03446019243825416,0.03446019243825416,-5.550891944019196,-14245.124044559563,-14250.674936503583
85,11,0.43445675699441266,-7.696741529608402,3.0,1.0,0.9782477079980607,-14251.066248912875,14252.311313541833,-0.1373562313219736,-0.1373562313219736,2.0,0.0,0.03446019243825416,0.03446019243825416,-5.69784521955182,-14243.964776312761,-14249.662621532314
86,11,0.4327878028928659,-7.745457043183335,3.0,1.0,0.7505417631253737,-14251.871730105358,14252.536101363456,0.4078553820581874,0.5334969611503766,1.0,0.0,0.03446019243825416,0.03446019243825416,-5.849639305941265,-14244.617561265786,-14250.467200571728
87,11,0.439401448314782,-7.738882625740124,1.0,1.0,1.0,-14250.883295572532,14251.474436307532,-0.44359121676279756,-0.44359121676279756,1.0,0.0,0.03446019243825416,0.03446019243825416,-5.829015360732993,-14243.653188165119,-14249.482203525851
88,11,0.439401448314782,-7.738882625740124,3.0,1.0,0.6522657224498295,-14250.883295572532,14251.782239938291,0.0,0.6698330487324711,1.0,0.0,0.03446019243825416,0.03446019243825416,-5.829015360732993,-14243.653188165119,-14249.482203525851
89,11,0.43669971347665804,-7.700216122812307,3.0,1.0,0.9642575208463837,-14250.8695638289,14251.383679684383,-0.024394617572397692,0.08305666554224445,1.0,0.0,0.03446019243825416,0.03446019243825416,-5.7085932087307185,-14243.758518721137,-14249.467111929867
90,11,0.454155653959574,-7.7323983069199365,3.0,1.0,0.5860299838589347,-14252.57284332899,14253.57163904295,0.7174839274794067,0.8859140335389384,2.0,0.0,0.03446019243825416,0.03446019243825416,-5.808716393378134,-14245.369390221651,-14251.178106615029
91,11,0.4476233323477546,-7.7093050786995025,3.0,1.0,0.8958356907217259,-14251.407331112983,14253.441641034151,-0.4345763043547777,-0.4345763043547777,2.0,0.0,0.03446019243825416,0.03446019243825416,-5.736765249278917,-14244.273237591,-14250.01000284028
92,11,0.43848024695809384,-7.760352531334099,3.0,1.0,0.9897802921388186,-14251.417804503495,14251.898340630276,-0.0872286708545289,-0.10638586615823442,2.0,0.0,0.03446019243825416,0.03446019243825416,-5.89652634939624,-14244.119729312706,-14250.016255662102
93,11,0.4428746158214553,-7.754844183244149,3.0,1.0,1.0,-14251.067682380428,14251.315660993992,-0.16262865537464677,-0.21078440345081617,2.0,0.0,0.03446019243825416,0.03446019243825416,-5.879161677700151,-14243.789087161324,-14249.668248839023
94,11,0.4447969855920529,-7.7018427181721325,3.0,1.0,0.8768663264584894,-14251.115922331728,14251.937080457868,0.11090649377001682,0.25740462824069255,1.0,0.0,0.03446019243825416,0.03446019243825416,-5.7136289189962355,-14244.00373465927,-14249.717363578267
95,11,0.4447047304337387,-7.7217699506353865,7.0,1.0,1.0,-14250.900026567642,14251.297974732064,-0.09678578532293614,-0.11888973030727357,3.0,0.0,0.03446019243825416,0.03446019243825416,-5.775535579704462,-14243.725890954303,-14249.501426534009
96,11,0.4411274261372305,-7.735977534435388,3.0,1.0,0.9954253948170874,-14250.796894276958,14250.899476122673,-0.060433518559875665,-0.060433518559875665,2.0,0.0,0.03446019243825416,0.03446019243825416,-5.819915859750469,-14243.576723134545,-14249.396638994296
97,11,0.4411274261372305,-7.735977534435388,3.0,1.0,0.3719180184397504,-14250.796894276958,14253.825706099386,0.0,2.326982569480606,1.0,0.0,0.03446019243825416,0.03446019243825416,-5.819915859750469,-14243.576723134545,-14249.396638994296
98,11,0.4429499505881301,-7.722187981925828,3.0,1.0,0.9331802655584479,-14250.774585603322,14250.958910842903,0.008212748831283534,0.10221284058388846,2.0,0.0,0.03446019243825416,0.03446019243825416,-5.776838503300946,-14243.59834841857,-14249.375186921872
99,11,0.4377343677994723,-7.66944187465138,3.0,1.0,0.873737195449063,-14251.380217370866,14252.137953473122,0.08232631577084248,0.21010981157814967,1.0,0.0,0.03446019243825416,0.03446019243825416,-5.613819024176355,-14244.364474442304,-14249.97829346648
100,11,0.4378381768382454,-7.725368096214482,3.0,1.0,0.9939550722508775,-14250.822267565456,14251.416421211812,-0.06744717792753363,-0.06744717792753363,2.0,0.0,0.03446019243825416,0.03446019243825416,-5.7867560326952425,-14243.633640107648,-14249.420396140344
101,11,0.43592283558707007,-7.7011191806158985,7.0,1.0,0.9907515787718416,-14250.91500133657,14251.031159216009,0.0031769816578162136,0.03920149780060456,3.0,0.0,0.03446019243825416,0.03446019243825416,-5.711388621873139,-14243.800758460295,-14249.512147082169
102,11,0.44007678799877964,-7.718412282136441,3.0,1.0,1.0,-14250.711282939707,14250.966529185776,-0.05165669918824278,-0.05165669918824278,2.0,0.0,0.03446019243825416,0.03446019243825416,-5.76507670781976,-14243.545444556688,-14249.310521264508
103,11,0.4485608437858072,-7.786672241814656,3.0,1.0,0.7456969505029519,-14252.076792200442,14253.380452769748,0.21942148293055652,0.3935623636680248,1.0,0.0,0.03446019243825416,0.03446019243825416,-5.979916198819002,-14244.699941284996,-14250.679857483816
104,11,0.4369022561636966,-7.645237251457552,7.0,1.0,0.9741284406772905,-14252.239739571809,14252.390432166649,0.07930329096598143,-0.1636010050169716,3.0,0.0,0.03446019243825416,0.03446019243825416,-5.539942414480724,-14245.297449324904,-14250.837391739386
105,11,0.44191622870631164,-7.638676591053571,3.0,1.0,0.8668710477334233,-14252.990236645066,14253.281470498901,0.3526269846533978,0.3526269846533978,2.0,0.0,0.03446019243825416,0.03446019243825416,-5.520019087991319,-14246.070336414292,-14251.590355502283
106,11,0.4352733792416376,-7.740301193171288,3.0,1.0,1.0,-14251.309771921862,14253.120120323769,-0.3672692475902295,-0.3672692475902295,2.0,0.0,0.03446019243825416,0.03446019243825416,-5.833461749305438,-14244.073115663296,-14249.906577412601
107,11,0.4483582385350602,-7.739316100957843,3.0,1.0,0.9939452673831467,-14251.309977148268,14251.616736874666,-0.06170706375451118,-0.06170706375451118,2.0,0.0,0.03446019243825416,0.03446019243825416,-5.830373841365464,-14244.082584154143,-14249.912957995508
108,11,0.4377846706743779,-7.751221410572293,3.0,1.0,1.0,-14251.246730698598,14251.444021442223,-0.0054789424193586456,-0.18708538389728346,2.0,0.0,0.03446019243825416,0.03446019243825416,-5.8677576870585515,-14243.97707454838,-14249.844832235438
109,11,0.4336645314675398,-7.659067690276449,3.0,1.0,0.8308038223599098,-14251.798393400572,14254.149096142128,-0.07164996520259592,0.5006233914082259,1.0,0.0,0.03446019243825416,0.03446019243825416,-5.582083516554003,-14244.812257195503,-14250.394340712057
110,11,0.4451164518622151,-7.720015790649626,3.0,1.0,0.8946999533392538,-14250.9480309476,14253.108074726775,-0.0432282216661406,0.3449008249826875,1.0,0.0,0.03446019243825416,0.03446019243825416,-5.770070103644315,-14243.779544492056,-14249.5496145957
111,11,0.44065471531775824,-7.68725850515628,3.0,1.0,0.9674746602312796,-14251.033112497742,14251.31381119731,-0.016168617738003377,0.08720461397388135,2.0,0.0,0.03446019243825416,0.03446019243825416,-5.6685727367811705,-14243.964057778572,-14249.632630515353
112,11,0.4386593708877693,-7.707466370802133,3.0,1.0,0.7069186271304048,-14250.753360862569,14251.823881826009,-0.07550089571122953,0.6396171821379539,2.0,0.0,0.03446019243825416,0.03446019243825416,-5.731059342360554,-14243.62084205689,-14249.35190139925
113,11,0.4400116158342885,-7.733523296649472,3.0,1.0,0.7334674384142343,-14250.79323201684,14251.448372522858,0.017026592904585414,0.4968689820580039,2.0,0.0,0.03446019243825416,0.03446019243825416,-5.812235125697042,-14243.58020350032,-14249.392438626017
114,11,0.4434670310671564,-7.7203064718284296,3.0,1.0,0.9843345074260359,-14250.808791390265,14250.94308910064,0.016761840459366795,0.02920780582462612,2.0,0.0,0.03446019243825416,0.03446019243825416,-5.770975572884243,-14243.638655132661,-14249.409630705546
115,11,0.4434670310671564,-7.7203064718284296,1.0,1.0,0.8869430610001542,-14250.808791390265,14250.990735545482,0.0,0.11997449151749606,1.0,0.0,0.03446019243825416,0.03446019243825416,-5.770975572884243,-14243.638655132661,-14249.409630705546
116,11,0.43814727210693855,-7.721708173100242,7.0,1.0,0.9995973398107186,-14250.779135280385,14250.805205740457,-0.00979795225248381,-0.039380198573780945,3.0,0.0,0.03446019243825416,0.03446019243825416,-5.775343045761203,-14243.602076533747,-14249.377419579509
117,11,0.453299916525338,-7.733822749271177,3.0,1.0,0.6302855482875868,-14252.327997747874,14252.682275047393,0.600797681201584,0.6687370876861678,2.0,0.0,0.03446019243825416,0.03446019243825416,-5.813171964073584,-14245.119769558223,-14250.932941522296
118,11,0.43725652907575585,-7.6839288420392835,7.0,1.0,0.9784606024865844,-14251.047124828137,14251.945690053666,-0.58131241965566,-0.5998481834103586,2.0,0.0,0.03446019243825416,0.03446019243825416,-5.658315964309746,-14243.986642229414,-14249.644958193725
119,11,0.43594257393366703,-7.69163862843172,3.0,1.0,0.9069157667325661,-14250.988702683735,14251.475900578616,-0.00046415223005169537,0.19445977879149723,2.0,0.0,0.03446019243825416,0.03446019243825416,-5.6820822563048745,-14243.903776458561,-14249.585858714865
120,11,0.44624362426274694,-7.74540391846835,7.0,1.0,0.7655970463862165,-14251.093040067733,14252.035965073357,0.042768197345139924,0.5546696735837031,3.0,0.0,0.03446019243825416,0.03446019243825416,-5.849472480508123,-14243.845646909927,-14249.695119390435
121,11,0.4266504180061419,-7.674043913846018,3.0,1.0,0.25873296093322457,-14252.595379493354,14256.30549399179,0.44140050063106173,2.8613451837754837,2.0,0.0,0.03446019243825416,0.03446019243825416,-5.627931511972977,-14245.559398029563,-14251.187329541537
122,11,0.4266504180061419,-7.674043913846018,1.0,1.0,0.17529140015234893,-14252.595379493354,14255.360948462217,0.0,1.741305546145668,1.0,0.0,0.03446019243825416,0.03446019243825416,-5.627931511972977,-14245.559398029563,-14251.187329541537
123,11,0.44229448967979995,-7.702386067383123,7.0,1.0,0.9926895920405487,-14250.875248616598,14252.316036750894,-0.48409298023034353,-0.48409298023034353,3.0,0.0,0.03446019243825416,0.03446019243825416,-5.715311641187475,-14243.760233407695,-14249.475545048883
124,11,0.4442972202341175,-7.698972359270216,3.0,1.0,0.949481341108903,-14251.107117187332,14251.160191720905,0.1022333494729537,0.1022333494729537,2.0,0.0,0.03446019243825416,0.03446019243825416,-5.704744476907273,-14244.003589488428,-14249.708333965335
125,11,0.43295982336547106,-7.690131629178647,3.0,1.0,0.9474743767495236,-14251.280367338923,14252.21894678818,-0.021007590234148665,0.14855555501162598,2.0,0.0,0.03446019243825416,0.03446019243825416,-5.677432086190852,-14244.198499791259,-14249.87593187745
126,11,0.44407547479713877,-7.694613340160651,3.0,1.0,0.9518359355375906,-14251.165413016008,14251.692168335469,0.03268064931035042,0.11916625158664829,2.0,0.0,0.03446019243825416,0.03446019243825416,-5.691268034636522,-14244.075261498674,-14249.76652953331
127,11,0.44135333212906136,-7.760001214344091,7.0,1.0,0.9971765292346928,-14251.207202422147,14251.416681549168,-0.07571601534436923,-0.15397240297534154,3.0,0.0,0.03446019243825416,0.03446019243825416,-5.8954179419435615,-14243.9116368779,-14249.807054819843
128,11,0.45034026847717545,-7.78440817583374,3.0,1.0,0.9272633011661161,-14252.191621349582,14252.438579799495,0.13143022656549874,0.13143022656549874,2.0,0.0,0.03446019243825416,0.03446019243825416,-5.972715631243574,-14244.822698026384,-14250.795413657628
129,11,0.4482524083816833,-7.728462669966741,3.0,1.0,0.9446038839810916,-14251.311375379184,14252.917860312495,-0.010968339747705613,0.1817477391268767,2.0,0.0,0.03446019243825416,0.03446019243825416,-5.796416503443437,-14244.117895483241,-14249.914311986684
130,11,0.43471855005754556,-7.690381655787862,3.0,1.0,1.0,-14251.092003708802,14251.325458931744,-0.15133172359310265,-0.22380786035500932,2.0,0.0,0.03446019243825416,0.03446019243825416,-5.678203439896704,-14244.010312269871,-14249.688515709768
131,11,0.4321685309003254,-7.75162811332738,3.0,1.0,0.6590901685877514,-14252.193249469336,14252.719227620526,0.5535613357551483,0.7371320446472964,2.0,0.0,0.03446019243825416,0.03446019243825416,-5.8690372774628,-14244.919341929262,-14250.788379206726
132,11,0.4321685309003254,-7.75162811332738,3.0,1.0,0.544350542201626,-14252.193249469336,14255.801060665346,0.0,0.7702558469991345,1.0,0.0,0.03446019243825416,0.03446019243825416,-5.8690372774628,-14244.919341929262,-14250.788379206726
133,11,0.4606328628054997,-7.737821273949548,3.0,1.0,0.21288453519258685,-14254.7299664469,14258.261407323811,0.9886168036609888,2.6620667723036604,2.0,0.0,0.03446019243825416,0.03446019243825416,-5.825689952657723,-14247.511763753047,-14253.337453705704
134,11,0.4535381299911024,-7.736448168639941,1.0,1.0,1.0,-14252.368085269954,14254.258194231277,-0.956704454134524,-0.956704454134524,1.0,0.0,0.03446019243825416,0.03446019243825416,-5.821389435524794,-14245.151729155776,-14250.9731185913
135,11,0.4310464042635147,-7.730233368038985,3.0,1.0,1.0,-14251.87590897556,14252.698805933094,-0.12013593058509286,-0.24210203851725964,2.0,0.0,0.03446019243825416,0.03446019243825416,-5.801948479109703,-14244.668464566033,-14250.470413045143
136,11,0.4269659017440997,-7.75799777902596,1.0,1.0,0.40924275451063213,-14253.955458290182,14254.46882478296,0.8934467671988386,0.8934467671988386,1.0,0.0,0.03446019243825416,0.03446019243825416,-5.889099448915154,-14246.658497661187,-14252.547597110102
137,11,0.4564991294826705,-7.699524720116657,3.0,1.0,0.9750069822594806,-14254.09868673739,14254.149181695797,0.07793889656022657,-1.3871945253558806,2.0,0.0,0.03446019243825416,0.03446019243825416,-5.706453524645681,-14246.998340756123,-14252.70479428077
138,11,0.4496446440677614,-7.726469039109406,1.0,1.0,1.0,-14251.56740662466,14253.300859790681,-1.1438104377975833,-1.1438104377975833,1.0,0.0,0.03446019243825416,0.03446019243825416,-5.790191798452892,-14244.380726030484,-14250.170917828937
139,11,0.4398881682195488,-7.665726927447363,7.0,1.0,0.9841709940614115,-14251.574306090863,14251.965259923383,-0.14567239641291962,-0.32975295881260536,3.0,0.0,0.03446019243825416,0.03446019243825416,-5.6024423170505715,-14244.571010210717,-14250.173452527768
140,11,0.42610815335611163,-7.693104623275576,7.0,1.0,0.7493527448044175,-14252.675529533188,14253.011836128053,0.5145566235205479,0.6670102019706974,3.0,0.0,0.03446019243825416,0.03446019243825416,-5.686608077697661,-14245.580545050776,-14251.267153128474
141,11,0.4464648763038478,-7.645719110714428,3.0,1.0,0.9261065506607887,-14253.462517628288,14254.219763251473,0.2506179754545883,0.2506179754545883,2.0,0.0,0.03446019243825416,0.03446019243825416,-5.541407415031914,-14246.523285595602,-14252.064693010634
142,11,0.44245974741479127,-7.744485639891521,7.0,1.0,0.8869392462195115,-14250.896883404444,14253.27332196724,-0.9295834959157219,-0.9295834959157219,3.0,0.0,0.03446019243825416,0.03446019243825416,-5.846589292763123,-14243.650667750408,-14249.497257043171
143,11,0.4291556451580692,-7.674632688446214,7.0,1.0,0.8193861468385732,-14252.042565607462,14252.273981343425,0.3052669849785161,0.37685506590605655,3.0,0.0,0.03446019243825416,0.03446019243825416,-5.629738560202914,-14245.006252740684,-14250.635991300887
144,11,0.4379714980425454,-7.657676044352088,3.0,1.0,1.0,-14251.768108724704,14252.191095928683,-0.13840744482331502,-0.19610681615267822,2.0,0.0,0.03446019243825416,0.03446019243825416,-5.577834540877934,-14244.788470024992,-14250.36630456587
145,11,0.4463353718946273,-7.773128052416647,3.0,1.0,0.6773813455837595,-14251.56377481835,14256.123500009899,0.03994691602383682,0.6386108897204394,1.0,0.0,0.03446019243825416,0.03446019243825416,-5.9369170549379575,-14244.228976968823,-14250.165894023761
146,11,0.4367185257711696,-7.723081918269658,3.0,1.0,0.5957580420869595,-14250.889373795948,14252.90383446186,-0.04586807392843184,0.9937025793733483,2.0,0.0,0.03446019243825416,0.03446019243825416,-5.779625318354195,-14243.707306258842,-14249.486931577198
147,11,0.4465550652152436,-7.724733247767692,3.0,1.0,0.9456807361801097,-14251.087823386464,14251.244615134892,0.07017893520787766,0.07980745662462141,2.0,0.0,0.03446019243825416,0.03446019243825416,-5.7847753814145335,-14243.905262427863,-14249.690037809278
148,11,0.4329194962363486,-7.723358389876874,7.0,1.0,0.8053055674335783,-14251.385862436184,14251.9413205412,0.14552077695225307,0.5319914881238219,2.0,0.0,0.03446019243825416,0.03446019243825416,-5.780487370640251,-14244.20091757296,-14249.9814049436
149,11,0.44184388166250876,-7.731859276807136,3.0,1.0,0.9911437446173316,-14250.76453755728,14251.269954473593,-0.2851959397394239,-0.2851959397394239,1.0,0.0,0.03446019243825416,0.03446019243825416,-5.807030868528088,-14243.55759144678,-14249.364622315308
150,11,0.4465915774595001,-7.7688849024620685,3.0,1.0,0.8743855739027292,-14251.478656245348,14251.636409526605,0.10377330448500288,0.17868942618770234,2.0,0.0,0.03446019243825416,0.03446019243825416,-5.923483936821683,-14244.157402517403,-14250.080886454225
51,12,0.4307274174618835,-7.667156961184003,3.0,1.0,0.3463232061676625,-14251.905224675256,14253.349302142742,-0.179290701960781,18.74362778968498,2.0,0.0,0.05723494880323124,0.05723494880323124,-5.606820038942003,-14244.892728901137,-14250.499548940079
52,12,0.42950798671675083,-7.654264259487658,1.0,1.0,0.9281071816866331,-14252.396511712739,14252.519054458351,0.07460805535811232,0.07460805535811232,1.0,0.0,0.03363234618147167,0.03363234618147167,-5.567425867729766,-14245.42271479338,-14250.99014066111
53,12,0.43191217974360585,-7.683127354350998,3.0,1.0,1.0,-14251.485804417616,14252.407944811504,-0.12548373520985479,-0.25415074141892546,2.0,0.0,0.03363234618147167,0.03363234618147167,-5.655848698342976,-14244.424943461154,-14250.080792159497
54,12,0.43371860871350837,-7.736185662836651,3.0,1.0,0.8438509597771392,-14251.469657675603,14252.658419296677,0.14344133554368454,0.2244151735358173,1.0,0.0,0.03363234618147167,0.03363234618147167,-5.820567491337282,-14244.245066695514,-14250.06563418685
55,12,0.4483178109895561,-7.742373059935475,3.0,1.0,0.9090787289066644,-14251.312254763105,14251.942931393909,-0.14514623564173235,0.2238171178905759,2.0,0.0,0.03363234618147167,0.03363234618147167,-5.839959469356536,-14244.075259252151,-14249.915218721508
56,12,0.4429542683475531,-7.694825692235847,7.0,1.0,0.9476396195452954,-14251.046088255633,14252.59427673514,-0.06744223730493104,0.17952714393140923,3.0,0.0,0.03363234618147167,0.03363234618147167,-5.691924106848212,-14243.954767463878,-14249.646691570726
57,12,0.438697903927465,-7.686215438155785,3.0,1.0,0.9243758972609456,-14250.996412243214,14251.968848498984,-0.0738542478193267,0.1920590923709824,2.0,0.0,0.03363234618147167,0.03363234618147167,-5.665358456157219,-14243.929613515595,-14249.594971971752
58,12,0.4368447834676787,-7.694198999036678,3.0,1.0,0.990509945078958,-14250.913683766703,14251.154750581709,-0.015943609878377174,-0.04046614629623946,2.0,0.0,0.03363234618147167,0.03363234618147167,-5.689988037126856,-14243.821318402623,-14249.51130643975
59,12,0.4426998981653731,-7.661442708937373,3.0,1.0,0.32776221977912934,-14252.006838070962,14255.009356947496,0.339215925489043,2.3349955363682966,2.0,0.0,0.03363234618147167,0.03363234618147167,-5.589339400472058,-14245.017984099537,-14250.60732350001
60,12,0.44183490407856724,-7.676643021943599,1.0,1.0,1.0,-14251.380063110486,14251.940591416622,-0.18980572887085145,-0.18980572887085145,1.0,0.0,0.03363234618147167,0.03363234618147167,-5.635911224210959,-14244.344232409874,-14249.980143634086
61,12,0.4472629166652041,-7.703877790610298,3.0,1.0,0.935402495479674,-14251.440375876156,14252.079548280408,0.11736117651344102,0.11736117651344102,2.0,0.0,0.03363234618147167,0.03363234618147167,-5.719932942676422,-14244.322961429136,-14250.042894371813
62,12,0.4483706785557898,-7.716867752317819,7.0,1.0,0.9837511988175367,-14251.43075149959,14252.079047805082,-0.010412351301056333,-0.25482452501637454,3.0,0.0,0.03363234618147167,0.03363234618147167,-5.76026940535585,-14244.273468135647,-14250.033737541004
63,12,0.4300980535090377,-7.712832115944768,3.0,1.0,0.8672611251857126,-14251.810647941356,14252.695312787131,0.1329414395004278,0.31983754351858806,2.0,0.0,0.03363234618147167,0.03363234618147167,-5.747719868655703,-14244.656895051176,-14250.404614919831
64,12,0.43251444341919065,-7.745270181139142,3.0,1.0,0.8833357346740037,-14251.923762692377,14252.728358110762,0.0673306770841009,0.3353032413069741,1.0,0.0,0.03363234618147167,0.03363234618147167,-5.8490525229784875,-14244.67003063051,-14250.51908315349
65,12,0.4418497487391699,-7.7341090021520404,3.0,1.0,1.0,-14250.780742170225,14251.478359725359,-0.4870256996655371,-0.4870256996655371,1.0,0.0,0.03363234618147167,0.03363234618147167,-5.814067590853402,-14243.566762104343,-14249.380829695196
66,12,0.43522456111622887,-7.674815912533077,7.0,1.0,0.957023137318793,-14251.301446772297,14251.420099497189,0.07244232571611064,0.07969948058052978,3.0,0.0,0.03363234618147167,0.03363234618147167,-5.630300976452622,-14244.267925567055,-14249.898226543508
67,12,0.43522456111622887,-7.674815912533077,3.0,1.0,0.5253936874749722,-14251.301446772297,14253.063092749922,0.0,1.1522085396518378,1.0,0.0,0.03363234618147167,0.03363234618147167,-5.630300976452622,-14244.267925567055,-14249.898226543508
68,12,0.4433395177070096,-7.679779304562496,3.0,1.0,0.43265082403431415,-14251.447053603964,14254.145172697325,0.15744355278729927,1.773710895653494,2.0,0.0,0.03363234618147167,0.03363234618147167,-5.645549149215113,-14244.40228528598,-14250.047834435194
69,12,0.4306406673953157,-7.701600721890813,3.0,1.0,0.8987097115360476,-14251.620772973685,14252.998970285807,0.07552320349896036,0.16652915703161852,2.0,0.0,0.03363234618147167,0.03363234618147167,-5.712879565040082,-14244.502168625513,-14250.215048190554
70,12,0.421475340429243,-7.692872037588567,1.0,1.0,0.37935193446322985,-14254.234295668515,14254.43921222356,0.9692909177956608,0.9692909177956608,1.0,0.0,0.03363234618147167,0.03363234618147167,-5.685889895393179,-14247.137137659038,-14252.82302755443
71,12,0.4524687997866233,-7.705445789956129,3.0,1.0,1.0,-14252.588783077696,14254.048051383588,-0.49197428648767527,-1.144905952642148,2.0,0.0,0.03363234618147167,0.03363234618147167,-5.724792943484365,-14245.46861783302,-14251.193410776505
72,12,0.4380239083679129,-7.771632313595791,3.0,1.0,0.8626605452118193,-14251.837836714265,14253.943595767092,-0.4530729880425497,0.5310595634837227,2.0,0.0,0.03363234618147167,0.03363234618147167,-5.932179735991616,-14244.50387922192,-14250.436058957912
73,12,0.42713717882966196,-7.751440767595889,3.0,1.0,0.5402315326097258,-14253.622012613238,14254.427565811005,0.878270191467891,0.878270191467891,1.0,0.0,0.03363234618147167,0.03363234618147167,-5.868447819550008,-14246.345805742718,-14252.214253562268
74,12,0.4371720168394917,-7.737242883057319,1.0,1.0,1.0,-14251.023008880042,14252.579034145707,-1.0907200717665546,-1.0907200717665546,1.0,0.0,0.03363234618147167,0.03363234618147167,-5.823878223067927,-14243.796920893192,-14249.62079911626
75,12,0.43700214395849485,-7.728360656494898,3.0,1.0,0.9317214212454035,-14250.915711800228,14251.398916768645,-0.035508823340933304,0.12327131210258813,2.0,0.0,0.03363234618147167,0.03363234618147167,-5.796097890736938,-14243.717317272729,-14249.513415163467
76,12,0.43465947088188983,-7.690196758043385,3.0,1.0,0.9632897232165035,-14251.099021053113,14251.565469103254,-0.009474907139519928,0.07239856067280925,1.0,0.0,0.03363234618147167,0.03363234618147167,-5.677633008348292,-14244.017868641757,-14249.695501650105
77,12,0.43159011943960446,-7.678038335724939,1.0,1.0,0.8924428374823409,-14251.59510456073,14251.623562853816,0.11379281501831429,0.11379281501831429,1.0,0.0,0.03363234618147167,0.03363234618147167,-5.640197866038254,-14244.54971525617,-14250.189913122207
78,12,0.4280238418031895,-7.673914442532898,3.0,1.0,0.9350186151435965,-14252.280540775775,14252.385422259262,0.21684363076383306,0.21684363076383306,2.0,0.0,0.03363234618147167,0.03363234618147167,-5.627534189243044,-14245.245772236782,-14250.873306426025
79,12,0.43840996077598,-7.698648348891699,3.0,1.0,1.0,-14250.821414472402,14252.101804947917,-0.3902808018519863,-0.3902808018519863,2.0,0.0,0.03363234618147167,0.03363234618147167,-5.703742105385414,-14243.716088381307,-14249.419830486691
80,12,0.43659805323191897,-7.700551708847032,7.0,1.0,0.9155630829733995,-14250.873261443063,14251.17063552428,0.01861394747174927,0.17858375606010668,3.0,0.0,0.03363234618147167,0.03363234618147167,-5.70963191923294,-14243.761125261872,-14249.470757181105
81,12,0.44064420735724197,-7.759335427796317,7.0,1.0,0.8571153692637221,-14251.223015259728,14252.475402564862,0.09782736095075961,0.24948095456056762,3.0,0.0,0.03363234618147167,0.03363234618147167,-5.893317719520245,-14243.92921049729,-14249.82252821681
82,12,0.4349292485674828,-7.719596822050611,3.0,1.0,0.9318397778363313,-14251.047722658863,14251.942980926586,0.0178632797778846,0.10555313499571639,1.0,0.0,0.03363234618147167,0.03363234618147167,-5.768765168912525,-14243.875581249957,-14249.644346418869
83,12,0.45330884374474345,-7.752851289137761,7.0,1.0,0.8761144860645371,-14252.269849081738,14252.47826015279,0.3356229016553698,0.3356229016553698,3.0,0.0,0.03363234618147167,0.03363234618147167,-5.872886696767433,-14245.001909523633,-14250.8747962204
84,12,0.4295750141936596,-7.647666857082265,3.0,1.0,0.9908722175823765,-14252.58422685537,14253.060372761842,-0.1761992941101198,-0.4804603067732387,2.0,0.0,0.03363234618147167,0.03363234618147167,-5.547331530014238,-14245.630562820414,-14251.177894350429
85,12,0.43399275062955134,-7.66210611934113,1.0,1.0,1.0,-14251.688530141399,14252.416920668797,-0.1755157272418728,-0.1755157272418728,1.0,0.0,0.03363234618147167,0.03363234618147167,-5.591367183517183,-14244.693287116455,-14250.284654299972
86,12,0.43399275062955134,-7.66210611934113,3.0,1.0,0.3050685359692358,-14251.688530141399,14256.52932544945,0.0,2.4086321844224585,1.0,0.0,0.03363234618147167,0.03363234618147167,-5.591367183517183,-14244.693287116455,-14250.284654299972
87,12,0.4384802672535524,-7.742771570780671,3.0,1.0,0.8412711914936951,-14251.004901206194,14253.567155148165,-0.0093701762798446,0.3967290614145895,1.0,0.0,0.03363234618147167,0.03363234618147167,-5.841209758130831,-14243.762142616812,-14249.603352374943
88,12,0.43715272683526785,-7.718440563873735,3.0,1.0,0.9925218891189044,-14250.824932906296,14251.155623317913,-0.05098815756900876,-0.05098815756900876,1.0,0.0,0.03363234618147167,0.03363234618147167,-5.765164756114783,-14243.657548533678,-14249.422713289792
89,12,0.4490971815202396,-7.7386123543777865,3.0,1.0,0.8983668991058459,-14251.422447204595,14251.50648502005,0.1815211374032515,0.1815211374032515,2.0,0.0,0.03363234618147167,0.03363234618147167,-5.828168444526032,-14244.197565926941,-14250.025734371467
90,12,0.4340763735909888,-7.67892709890117,7.0,1.0,0.8581183173190876,-14251.302295103807,14252.205651945322,-0.13347275293745042,0.3826001958677807,3.0,0.0,0.03363234618147167,0.03363234618147167,-5.642929313045143,-14244.255534860857,-14249.898464173903
91,12,0.435016386657594,-7.708110751014432,3.0,1.0,0.9868091122399006,-14250.982790089487,14251.49281762712,-0.007295555134987808,-0.07770631891798985,2.0,0.0,0.03363234618147167,0.03363234618147167,-5.733058608247669,-14243.846401351922,-14249.57945996017
92,12,0.4337129213362491,-7.709682522775335,1.0,1.0,0.9362552482873734,-14251.142944375446,14251.223996516157,0.06586713851902459,0.06586713851902459,1.0,0.0,0.03363234618147167,0.03363234618147167,-5.73793695783677,-14244.000980859038,-14249.738917816876
93,12,0.44662751431616854,-7.771225631021055,3.0,1.0,0.6019188743665974,-14251.534027346679,14253.067548564819,-0.03729475257568993,0.9703961836585222,2.0,0.0,0.03363234618147167,0.03363234618147167,-5.930892073716114,-14244.205381008356,-14250.136273082073
94,12,0.43761411143959816,-7.734405346784913,3.0,1.0,0.9519162970341158,-14250.939497616715,14252.10090562676,-0.029601502699733828,0.15577829739231674,2.0,0.0,0.03363234618147167,0.03363234618147167,-5.814994878988231,-14243.722517926415,-14249.537512805404
95,12,0.43882324336969664,-7.746623903795298,3.0,1.0,0.99471422557534,-14251.05231872284,14251.155934221588,0.015984395768100512,-0.04724184152291855,2.0,0.0,0.03363234618147167,0.03363234618147167,-5.8533042637670345,-14243.797636528516,-14249.650940792282
96,12,0.4448437843998949,-7.757565024519109,3.0,1.0,0.9876290878082706,-14251.161400282039,14251.31490484738,-0.043115500318890554,-0.08791411141828576,2.0,0.0,0.03363234618147167,0.03363234618147167,-5.887735142203175,-14243.875127299805,-14249.762862442009
97,12,0.44129462401734804,-7.799613490318213,3.0,1.0,0.6373347224723895,-14252.647228208236,14254.768001140172,0.3641286206202494,0.5957307549288089,2.0,0.0,0.03363234618147167,0.03363234618147167,-6.021172545494446,-14245.225880117554,-14251.247052663048
98,12,0.44180933567738123,-7.762333105357652,3.0,1.0,0.8487977084430226,-14251.24913193122,14254.691617927214,-0.32742029785367777,0.33329785947898927,2.0,0.0,0.03363234618147167,0.03363234618147167,-5.902777382925739,-14243.946423008449,-14249.849200391374
99,12,0.43951141830696205,-7.694202464633427,3.0,1.0,0.9901476930400882,-14250.874959440393,14251.417019835808,-0.07402756351802964,-0.07402756351802964,2.0,0.0,0.03363234618147167,0.03363234618147167,-5.6899987424610705,-14243.783922707637,-14249.473921450097
100,12,0.4400570873736488,-7.694621676198634,3.0,1.0,0.9979650886351998,-14250.880217072796,14250.915417243636,0.006123444169134018,-0.02446374421742803,2.0,0.0,0.03363234618147167,0.03363234618147167,-5.691293788386745,-14243.788152025767,-14249.479445814153
101,12,0.4481110353166372,-7.736008783168594,3.0,1.0,0.3334247883863953,-14251.271588356907,14254.933435688468,0.1580959191378497,2.6634001681195514,2.0,0.0,0.03363234618147167,0.03363234618147167,-5.820013694002263,-14244.054452028442,-14249.874465722445
102,12,0.4477593188012766,-7.736036754338693,3.0,1.0,1.0,-14251.222295512556,14251.407876663434,-0.01861158519568562,-0.11593607133363548,2.0,0.0,0.03363234618147167,0.03363234618147167,-5.8201012676124115,-14244.004923508128,-14249.82502477574
103,12,0.44150619812172526,-7.740354871652574,3.0,1.0,0.9765330870560177,-14250.842910286026,14251.610531739852,-0.1395862606841547,-0.1395862606841547,2.0,0.0,0.03363234618147167,0.03363234618147167,-5.833630039817225,-14243.609205267618,-14249.442835307435
104,12,0.435413400441946,-7.758565706415725,7.0,1.0,0.6603395745257059,-14251.775442769078,14252.96770679138,0.36827723345595587,0.67116675784564,3.0,0.0,0.03363234618147167,0.03363234618147167,-5.890890187331207,-14244.48143173056,-14250.372321917892
105,12,0.4483564939792173,-7.7378986005751935,3.0,1.0,0.9842919295458391,-14251.307987866712,14252.126334161676,-0.2006290145436651,-0.210886539236526,2.0,0.0,0.03363234618147167,0.03363234618147167,-5.825932192985384,-14244.085035792446,-14249.910967985432
106,12,0.45302417564379455,-7.7194916776186435,7.0,1.0,0.7484060138869333,-14252.442873568127,14253.466774883176,0.5092031073199905,0.7201049808227253,3.0,0.0,0.03363234618147167,0.03363234618147167,-5.768437709820648,-14245.279275396922,-14251.047713106744
107,12,0.4447510191174336,-7.803241464461013,3.0,1.0,0.40866113340213633,-14252.596277209654,14256.589006598791,-0.3933858111340669,2.3148569439999847,2.0,0.0,0.03363234618147167,0.03363234618147167,-6.032768484301387,-14245.164929412722,-14251.197697897023
108,12,0.44235315552494875,-7.72687653825405,3.0,1.0,0.9821848569521917,-14250.753253161027,14253.325616999626,-0.3099104592056392,-0.3099104592056392,2.0,0.0,0.03363234618147167,0.03363234618147167,-5.791463808093494,-14243.562113219234,-14249.353577027327
109,12,0.4492164682123732,-7.763063692351521,3.0,1.0,0.49981831285829154,-14251.622249027036,14253.159465235782,0.1714694916809094,1.2257325309237785,2.0,0.0,0.03363234618147167,0.03363234618147167,-5.905084231970832,-14244.32050098819,-14250.22558522016
110,12,0.4411704980805586,-7.717486535282548,3.0,1.0,0.9957853790675933,-14250.718592642708,14251.879584380622,-0.17829198223807907,-0.17829198223807907,2.0,0.0,0.03363234618147167,0.03363234618147167,-5.762195062247462,-14243.55616286131,-14249.318357923557
111,12,0.43147719549377583,-7.713724112366511,3.0,1.0,0.7874987125647958,-14251.535493768915,14251.64610188438,0.32004228598634654,0.3418249128972093,2.0,0.0,0.03363234618147167,0.03363234618147167,-5.750492289806019,-14244.379747006747,-14250.130239296554
112,12,0.44375161001375996,-7.687592408377868,3.0,1.0,1.0,-14251.285858692621,14251.667602700441,-0.11913090711641416,-0.13149175529179047,2.0,0.0,0.03363234618147167,0.03363234618147167,-5.669601911745839,-14244.217226130964,-14249.88682804271
113,12,0.44567310579268443,-7.6994512809372635,3.0,1.0,0.9913293105967571,-14251.275134833899,14251.573927936508,0.026356365775427548,-0.12290410204514046,2.0,0.0,0.03363234618147167,0.03363234618147167,-5.706226280484598,-14244.170738306555,-14249.87696458704
114,12,0.43744964066124403,-7.750496685337753,7.0,1.0,0.9982261608125814,-14251.26501818464,14251.42705830421,-0.0418855923198862,-0.20410143573462847,3.0,0.0,0.03363234618147167,0.03363234618147167,-5.865477926960272,-14243.997471949613,-14249.862949876573
115,12,0.4335094685637834,-7.652276982198225,3.0,1.0,0.46712574173768,-14252.026703742304,14254.572666012593,-0.02210954711154045,1.6806387320739304,2.0,0.0,0.03363234618147167,0.03363234618147167,-5.561368446959666,-14245.061198741676,-14250.622567188635
116,12,0.4447801825900712,-7.750475409434626,7.0,1.0,1.0,-14251.0465754482,14251.99417119877,-0.13043632708286168,-0.1788788539433881,3.0,0.0,0.03363234618147167,0.03363234618147167,-5.8654110075247035,-14243.782598173862,-14249.648009181386
117,12,0.43068283354523557,-7.679651425684961,5.0,1.0,0.5525741353106703,-14251.711062923205,14253.135912760557,0.17736654140571773,1.0156624999963242,2.0,0.0,0.03363234618147167,0.03363234618147167,-5.645155979828674,-14244.660206008695,-14250.305361988523
118,12,0.44862532685522677,-7.654547848122965,3.0,1.0,0.5368495425372698,-14253.523513104967,14254.074907111173,0.7968485069504823,0.9843978822482313,2.0,0.0,0.03363234618147167,0.03363234618147167,-5.568290596368247,-14246.558314594298,-14252.126605190666
119,12,0.4384151919357482,-7.712495920866032,3.0,1.0,0.9392957410312249,-14250.746757662237,14253.506519761042,-1.0218371370010573,-1.0218371370010573,2.0,0.0,0.03363234618147167,0.03363234618147167,-5.746675144522041,-14243.5985011491,-14249.345176293622
120,12,0.44164536574504076,-7.7223866218136425,7.0,1.0,0.9972621940402364,-14250.726434305025,14250.75986782501,-0.0060604587433772394,-0.009044667169291642,2.0,0.0,0.03363234618147167,0.03363234618147167,-5.777457687095151,-14243.54896758582,-14249.326425272915
121,12,0.45308585714877536,-7.702271690859296,3.0,1.0,0.521825197287868,-14252.854002113423,14253.329843666304,0.893855104863178,1.1627242512822704,2.0,0.0,0.03363234618147167,0.03363234618147167,-5.714957398942413,-14245.74390762422,-14251.458865023164
122,12,0.4393840257719092,-7.713556714267583,3.0,1.0,0.9917981482414436,-14250.721305728763,14252.046166389859,-0.8965247404230468,-0.8965247404230468,1.0,0.0,0.03363234618147167,0.03363234618147167,-5.749971937799391,-14243.570233170853,-14249.320205108652
123,12,0.44220404865977253,-7.6974547597596805,7.0,1.0,0.8766312148615872,-14250.940334187948,14251.307615533355,0.07501284195313929,0.20137353287645965,3.0,0.0,0.03363234618147167,0.03363234618147167,-5.700050475797544,-14243.840537795191,-14249.54058827099
124,12,0.44364848631918596,-7.7468633989656706,3.0,1.0,0.9455424809268131,-14250.951973546902,14251.732009723786,-0.03669413279021683,0.11495417435071431,1.0,0.0,0.03363234618147167,0.03363234618147167,-5.854056655439367,-14243.698839198227,-14249.552895853667
125,12,0.44072872502134797,-7.682568991843673,3.0,1.0,0.8566030937862332,-14251.140769610054,14252.461406437225,0.05513622338730784,0.22121310552938667,1.0,0.0,0.03363234618147167,0.03363234618147167,-5.6541302383453536,-14244.086193005542,-14249.740323243886
126,12,0.44156467648095793,-7.717869663344648,7.0,1.0,1.0,-14250.726975823824,14251.31259099724,-0.09859647011580819,-0.09859647011580819,2.0,0.0,0.03363234618147167,0.03363234618147167,-5.763387551372565,-14243.563541024296,-14249.326928575669
127,12,0.4468268032599041,-7.703949989171594,3.0,1.0,0.7954814905790132,-14251.366192432986,14251.554706721528,0.26782906895459746,0.3694488840192207,2.0,0.0,0.03363234618147167,0.03363234618147167,-5.720156667513669,-14244.248367409611,-14249.968524077125
128,12,0.44406147628306064,-7.69737319518608,3.0,1.0,1.0,-14251.109863409734,14251.431724253915,-0.11951183071869309,-0.11951183071869309,1.0,0.0,0.03363234618147167,0.03363234618147167,-5.699798258251224,-14244.011175325746,-14249.710973583997
129,12,0.43368867217434776,-7.8028400352127925,3.0,1.0,0.5824597571852949,-14254.22078872902,14254.46928411891,1.013413311986369,1.013413311986369,2.0,0.0,0.03363234618147167,0.03363234618147167,-6.031484765525036,-14246.785264313141,-14252.816749078665
130,12,0.46097216489783555,-7.7678162705581055,3.0,1.0,0.638710602765018,-14254.601153517677,14256.633876060347,0.06266735632925702,0.7374715174719313,2.0,0.0,0.03363234618147167,0.03363234618147167,-5.920103661327695,-14247.288644171422,-14253.20874783275
131,12,0.4309243703947942,-7.732172292518256,3.0,1.0,0.9376547680206532,-14251.945220391584,14254.705048511754,-0.7174105850172054,-0.7174105850172054,2.0,0.0,0.03363234618147167,0.03363234618147167,-5.808009620326718,-14244.731646155276,-14250.539655775603
132,12,0.4439502786510671,-7.6722829155659875,3.0,1.0,0.9947444422949733,-14251.768371510969,14252.329664833034,-0.16963072457474482,-0.1967578298845183,2.0,0.0,0.03363234618147167,0.03363234618147167,-5.6225287811740605,-14244.74690246011,-14250.369431241284
133,12,0.43925586394041705,-7.663123002620305,3.0,1.0,1.0,-14251.627183501443,14251.982778117766,-0.15755256827105768,-0.3295172202269896,2.0,0.0,0.03363234618147167,0.03363234618147167,-5.59447624757912,-14244.6315434888,-14250.22601973638
134,12,0.43925586394041705,-7.663123002620305,3.0,1.0,0.6133521528622677,-14251.627183501443,14254.879556225002,0.0,0.6576179657167813,1.0,0.0,0.03363234618147167,0.03363234618147167,-5.59447624757912,-14244.6315434888,-14250.22601973638
135,12,0.452983564504908,-7.784361880972598,7.0,1.0,0.8543684259163492,-14252.583596588742,14253.000981114372,0.17621555741243355,0.4532053247294243,2.0,0.0,0.03363234618147167,0.03363234618147167,-5.972568449933903,-14245.215852272802,-14251.188420722736
136,12,0.4467982094155595,-7.77769770587708,1.0,1.0,1.0,-14251.706557362975,14252.386851880592,-0.21000386726700526,-0.21000386726700526,1.0,0.0,0.03363234618147167,0.03363234618147167,-5.9514039654311635,-14244.357472735754,-14250.308876701185
137,12,0.4394283878289961,-7.699672351688743,3.0,1.0,0.871954376176055,-14250.805842090716,14253.513165993083,-0.1565560429735342,0.2970864047365467,1.0,0.0,0.03363234618147167,0.03363234618147167,-5.706910359967685,-14243.697852935693,-14249.40476329566
138,12,0.433314212682905,-7.638348159867726,3.0,1.0,0.7452884990556488,-14252.582427835476,14252.933387461795,0.2603832308741403,0.3778762318797817,2.0,0.0,0.03363234618147167,0.03363234618147167,-5.519022843818957,-14245.659162546053,-14251.178185389872
139,12,0.4425663456699417,-7.7376017361896325,3.0,1.0,1.0,-14250.821296848944,14252.528866736284,-0.24840234570001485,-0.24840234570001485,2.0,0.0,0.03363234618147167,0.03363234618147167,-5.8250022415536895,-14243.59671792692,-14249.421720168473
140,12,0.4379716095496471,-7.757368179772336,7.0,1.0,0.8471505202254825,-14251.386874378702,14251.614466536701,0.1959389521562116,0.28113598814707075,3.0,0.0,0.03363234618147167,0.03363234618147167,-5.887114629213383,-14244.097955646854,-14249.985070276067
141,12,0.4420177754705993,-7.753971682836269,3.0,1.0,1.0,-14251.05599848714,14251.301770384742,-0.15283091518722358,-0.20666291439920315,2.0,0.0,0.03363234618147167,0.03363234618147167,-5.876413966481337,-14243.779751166152,-14249.656165132634
142,12,0.4380310050125487,-7.741173150326615,3.0,1.0,0.892179921831569,-14251.012346228117,14251.849065914499,0.04484928540841793,0.20688760549819563,2.0,0.0,0.03363234618147167,0.03363234618147167,-5.836195829374678,-14243.774376215659,-14249.610572045034
143,12,0.43893986616218184,-7.737276626458351,1.0,1.0,1.0,-14250.88568615281,14251.009391811427,-0.048022635137385805,-0.048022635137385805,1.0,0.0,0.03363234618147167,0.03363234618147167,-5.823983910422313,-14243.660382199205,-14249.484366109627
144,12,0.43587130629613885,-7.749651670447842,1.0,1.0,0.8053090981605142,-14251.444463817545,14251.472229654453,0.21652910239208722,0.21652910239208722,1.0,0.0,0.03363234618147167,0.03363234618147167,-5.862820436259773,-14244.178762259848,-14250.041582696107
145,12,0.4404096005600519,-7.732820118433778,3.0,1.0,1.0,-14250.776673149157,14251.188847385447,-0.2586621404534526,-0.2586621404534526,2.0,0.0,0.03363234618147167,0.03363234618147167,-5.810035583168427,-14243.566037298806,-14249.376072881974
146,12,0.446954437486353,-7.6329210953516675,3.0,1.0,0.40503133325799917,-14254.371162075682,14256.141971422996,1.1484241434300202,1.3108331752537197,2.0,0.0,0.03363234618147167,0.03363234618147167,-5.5025763177806555,-14247.47097224945,-14252.97354856723
147,12,0.42755537925108783,-7.7117765731744665,3.0,1.0,1.0,-14252.430622321303,14254.368454955504,-0.5257022183159279,-1.0538384341271012,2.0,0.0,0.03363234618147167,0.03363234618147167,-5.744440155658266,-14245.278671428208,-14251.023111583867
148,12,0.44547918297873396,-7.712727354339623,3.0,1.0,1.0,-14251.04818378944,14251.990147544917,-0.5335188497738272,-0.6202340232430288,2.0,0.0,0.03363234618147167,0.03363234618147167,-5.747394310491168,-14243.902533787537,-14249.649928098028
149,12,0.4393678512537049,-7.751845117639045,7.0,1.0,0.9944122985983744,-14251.123566745375,14251.25591210515,-0.027372984712201287,-0.11204761745102587,2.0,0.0,0.03363234618147167,0.03363234618147167,-5.86972009594494,-14243.852738067755,-14249.7224581637
150,12,0.4377981163482904,-7.641172980388341,3.0,1.0,0.9126076160045988,-14252.459712465812,14252.673495046798,0.20766694184203516,0.20766694184203516,2.0,0.0,0.03363234618147167,0.03363234618147167,-5.527595017007737,-14245.53022578235,-14251.057820799357
51,13,0.4395587577866476,-7.732364401395882,3.0,1.0,0.8568949751698667,-14250.796753687886,14253.859646928155,-0.8001734359550028,-0.8001734359550028,2.0,0.0,0.04219763655735343,0.04219763655735343,-5.808610363644649,-14243.58712857281,-14249.395738936455
52,13,0.4440389409656514,-7.785605431376762,3.0,1.0,0.2857175872114129,-14251.903476628027,14256.835774656096,0.19042492466360272,4.23516923470379,2.0,0.0,0.03515033709591426,0.03515033709591426,-5.976522708259922,-14244.528053879356,-14250.504576587617
53,13,0.4348813279709159,-7.657684885047028,7.0,1.0,0.7918508329901082,-14251.777760500321,14253.090509123318,-0.06494989808379614,0.6189973972559528,3.0,0.0,0.03515033709591426,0.03515033709591426,-5.577861527190111,-14244.796497347856,-14250.374358875046
54,13,0.43950672040796807,-7.730473841079963,3.0,1.0,0.837422461747963,-14250.780703165914,14252.088536018202,-0.1393662148675503,0.2982465335262532,2.0,0.0,0.03515033709591426,0.03515033709591426,-5.80270000146998,-14243.576962866937,-14249.379662868407
55,13,0.43950672040796807,-7.730473841079963,1.0,1.0,0.22693311894920004,-14250.780703165914,14252.565184039639,0.0,1.4830999350924685,1.0,0.0,0.03515033709591426,0.03515033709591426,-5.80270000146998,-14243.576962866937,-14249.379662868407
56,13,0.44101340966647457,-7.689567961700266,7.0,1.0,0.9432432103763659,-14251.005767751105,14251.111210628393,0.0606124852092762,0.10204307225831144,3.0,0.0,0.03515033709591426,0.03515033709591426,-5.675693352613781,-14243.929764607115,-14249.60545795973
57,13,0.44101340966647457,-7.689567961700266,1.0,1.0,0.2556459007948684,-14251.005767751105,14252.658867828968,0.0,1.363961992026816,1.0,0.0,0.03515033709591426,0.03515033709591426,-5.675693352613781,-14243.929764607115,-14249.60545795973
58,13,0.44986545243524706,-7.689551000662055,3.0,1.0,0.6673583894181293,-14252.352560379919,14252.511927046506,0.6575155281279876,0.6575155281279876,1.0,0.0,0.03515033709591426,0.03515033709591426,-5.675641038169086,-14245.280520207498,-14250.956161245667
59,13,0.4447323757879123,-7.699002101296791,1.0,1.0,1.0,-14251.158207430402,14251.969278139455,-0.5470095002674498,-0.5470095002674498,1.0,0.0,0.03515033709591426,0.03515033709591426,-5.704836493296022,-14244.054783280979,-14249.759619774275
60,13,0.43732702744683405,-7.6715305983060285,3.0,1.0,0.9688820447838359,-14251.321398242335,14251.729410159129,-0.09277459595614346,-0.14932627116104413,2.0,0.0,0.03515033709591426,0.03515033709591426,-5.620221622319989,-14244.299045917405,-14249.919267539724
61,13,0.43583085264138105,-7.6682315735996625,3.0,1.0,0.5500012376010135,-14251.433488032995,14253.342094832877,0.009457909713091794,1.245935918068426,2.0,0.0,0.03515033709591426,0.03515033709591426,-5.610111065343136,-14244.420474738305,-14250.030585803648
62,13,0.45168746778117463,-7.781419927248169,7.0,1.0,0.9350673645902953,-14252.305686893005,14252.325582085286,0.20497481248821714,0.20497481248821714,2.0,0.0,0.03515033709591426,0.03515033709591426,-5.963219742632031,-14244.94679252877,-14250.910012271403
63,13,0.44086296817449616,-7.7843875508262075,3.0,1.0,0.9191062660449257,-14252.020086379436,14253.362440690862,0.012561892328449176,0.261621785162788,2.0,0.0,0.03515033709591426,0.03515033709591426,-5.972650059648782,-14244.647054439769,-14250.619704499417
64,13,0.4393518661585256,-7.660453812619282,3.0,1.0,0.9566892233838242,-14251.727915321253,14252.856528247296,-0.10768936833119369,0.13918428857505205,2.0,0.0,0.03515033709591426,0.03515033709591426,-5.586317552784994,-14244.74048131632,-14250.326798869104
65,13,0.4393518661585256,-7.660453812619282,3.0,1.0,0.5048305949135409,-14251.727915321253,14254.592460835895,0.0,1.40264274668516,1.0,0.0,0.03515033709591426,0.03515033709591426,-5.586317552784994,-14244.74048131632,-14250.326798869104
66,13,0.434172144918864,-7.7019018980130625,3.0,1.0,1.0,-14251.077645882908,14251.816248913055,-0.11333009783447778,-0.21433921341667883,2.0,0.0,0.03515033709591426,0.03515033709591426,-5.7138121813352285,-14243.96005413532,-14249.673866316654
67,13,0.431533159761887,-7.720065802442201,3.0,1.0,0.74850560582419,-14251.598151888647,14252.507161755404,0.2767104163831391,0.4738815485197847,2.0,0.0,0.03515033709591426,0.03515033709591426,-5.770225883907187,-14244.422702784972,-14250.19292866888
68,13,0.4516028323658756,-7.742565757018431,3.0,1.0,0.9910614480096848,-14251.885987178199,14252.26894586686,0.02718175530753797,-0.11435675086613628,2.0,0.0,0.03515033709591426,0.03515033709591426,-5.84056401776507,-14244.649715489466,-14250.49027950723
69,13,0.4463886901176745,-7.797634410261422,3.0,1.0,0.9446680067100699,-14252.350464553972,14252.959615462356,-0.17228505945240613,-0.3526832504194317,2.0,0.0,0.03515033709591426,0.03515033709591426,-6.014852444837233,-14244.937754459954,-14250.952606904792
70,13,0.4530723097111804,-7.796536992780278,3.0,1.0,0.9594925598057046,-14252.901290425489,14253.042976039196,0.1295647792849195,0.1295647792849195,2.0,0.0,0.03515033709591426,0.03515033709591426,-6.011349580952154,-14245.49479862383,-14251.506148204782
71,13,0.44608231368333634,-7.745169394187077,3.0,1.0,1.0,-14251.076821779785,14253.071440264901,-0.3009144256302534,-0.3009144256302534,2.0,0.0,0.03515033709591426,0.03515033709591426,-5.848736046949804,-14243.830094764742,-14249.678830811692
72,13,0.44320070820926966,-7.679337438441711,7.0,1.0,0.7265271806054425,-14251.443520385568,14252.13954184942,0.17237013927842781,0.602867958461502,3.0,0.0,0.03515033709591426,0.03515033709591426,-5.644190681233792,-14244.400046716839,-14250.044237398073
73,13,0.43012890254374725,-7.681781099976909,3.0,1.0,0.9857087266307464,-14251.782348776102,14252.081139600177,0.04382004680337559,-0.24068096019982477,2.0,0.0,0.03515033709591426,0.03515033709591426,-5.65170589124223,-14244.724627454458,-14250.3763333457
74,13,0.44087033145353965,-7.661564920420802,3.0,1.0,1.0,-14251.799299903147,14252.465985798048,-0.007104086884282879,-0.2890773145518324,2.0,0.0,0.03515033709591426,0.03515033709591426,-5.589712919538675,-14244.809208636325,-14250.398921555863
75,13,0.4353142184478807,-7.7040827219686,3.0,1.0,0.5564594579895932,-14250.955538825137,14253.299244700436,-0.20896989682478306,1.2367926778861147,2.0,0.0,0.03515033709591426,0.03515033709591426,-5.720567986033249,-14243.831797830324,-14249.552365816357
76,13,0.4372729120168243,-7.704619358088053,1.0,1.0,1.0,-14250.81559655205,14250.916303932256,-0.054046379340434214,-0.054046379340434214,1.0,0.0,0.03515033709591426,0.03515033709591426,-5.722231118420242,-14243.691207153037,-14249.413438271456
77,13,0.43862739389894245,-7.720718228406689,3.0,1.0,0.9870319055462558,-14250.751533097944,14250.935623986627,-0.006084198443204514,0.02901207087779767,2.0,0.0,0.03515033709591426,0.03515033709591426,-5.772258335513852,-14243.57779936314,-14249.350057698653
78,13,0.4384033335120467,-7.6896292470247,3.0,1.0,0.9587716148314095,-14250.937195123912,14251.238078501572,0.016923786319239298,0.08372982351829705,2.0,0.0,0.03515033709591426,0.03515033709591426,-5.675882382810094,-14243.85972543951,-14249.53560782232
79,13,0.4370350430616114,-7.710511239698431,3.0,1.0,0.7726691955497778,-14250.815228337984,14251.523451239684,-0.0007261995779117569,0.4512243893896084,2.0,0.0,0.03515033709591426,0.03515033709591426,-5.740510063134097,-14243.672438481592,-14249.412948544727
80,13,0.43897198692091866,-7.678638277941689,3.0,1.0,0.8621897501191725,-14251.161375100195,14252.273412236555,0.04925819799609599,0.23864236579538556,2.0,0.0,0.03515033709591426,0.03515033709591426,-5.642041589333117,-14244.118029391286,-14249.76007098062
81,13,0.4374027512118255,-7.704856714243153,3.0,1.0,0.9141529393931896,-14250.80833326203,14251.404676155153,-0.06850795851096336,0.18159594565440784,2.0,0.0,0.03515033709591426,0.03515033709591426,-5.722966819927633,-14243.683274288152,-14249.40624110808
82,13,0.42452945483918375,-7.723081150885798,1.0,1.0,0.2783726585561014,-14253.616460081485,14253.620848768822,1.2787945645541186,1.2787945645541186,1.0,0.0,0.03515033709591426,0.03515033709591426,-5.779622925719347,-14246.42749603383,-14252.20711895955
83,13,0.4507312353456516,-7.648398804626138,3.0,1.0,0.9249298299008964,-14254.502826258067,14254.795289234231,0.2551639127159433,-1.2160509862478648,2.0,0.0,0.03515033709591426,0.03515033709591426,-5.549558745853492,-14247.557216060439,-14253.106774806292
84,13,0.4507370539089712,-7.648173879868165,1.0,1.0,0.9942516380332796,-14254.518392939059,14256.088131095792,0.005764947389252484,0.005764947389252484,1.0,0.0,0.03515033709591426,0.03515033709591426,-5.54887427368856,-14247.57346952933,-14253.12234380302
85,13,0.4279689079049905,-7.787278824047999,3.0,1.0,0.9085297237786752,-14255.116617589843,14256.177961843454,0.32077130403013143,-1.0650919933450496,2.0,0.0,0.03515033709591426,0.03515033709591426,-5.981846225412416,-14247.72750470104,-14253.709350926452
86,13,0.4389769730031919,-7.715969971575463,3.0,1.0,1.0,-14250.728609000267,14253.776142571545,-1.8665113223923981,-1.8665113223923981,2.0,0.0,0.03515033709591426,0.03515033709591426,-5.757476186209893,-14243.569831165516,-14249.327307351727
87,13,0.4389769730031919,-7.715969971575463,3.0,1.0,0.6360675200728396,-14250.728609000267,14251.635555428034,0.0,0.7516483761610289,1.0,0.0,0.03515033709591426,0.03515033709591426,-5.757476186209893,-14243.569831165516,-14249.327307351727
88,13,0.44433054181972403,-7.66656980465436,3.0,1.0,0.710325498724616,-14252.038916591338,14252.295521947006,0.46752379968529567,0.46752379968529567,2.0,0.0,0.03515033709591426,0.03515033709591426,-5.605022345789662,-14245.035126054388,-14250.640148400178
89,13,0.43117588082675523,-7.723798692362005,3.0,1.0,1.0,-14251.727746000855,14252.147707529472,-0.018140267266062438,-0.43755193261131353,2.0,0.0,0.03515033709591426,0.03515033709591426,-5.781860413588667,-14244.54046239353,-14250.322322807118
90,13,0.4386847719540863,-7.723608393834992,3.0,1.0,1.0,-14250.763272228358,14251.333301215893,-0.43592536698088225,-0.45051233907179267,2.0,0.0,0.03515033709591426,0.03515033709591426,-5.781266961284368,-14243.580558456464,-14249.361825417749
91,13,0.43302210893337006,-7.743573215747802,1.0,1.0,0.6366014434137209,-14251.773144902158,14251.799022606587,0.45161149675732304,0.45161149675732304,1.0,0.0,0.03515033709591426,0.03515033709591426,-5.843725321807141,-14244.525018119117,-14250.368743440924
92,13,0.4295187309413711,-7.713078453283925,3.0,1.0,0.9192274763261742,-14251.945384355204,14252.706821359043,0.05365690255530353,0.21081337487339624,1.0,0.0,0.03515033709591426,0.03515033709591426,-5.748485432167572,-14244.790534052847,-14250.539019485015
93,13,0.4458717786004181,-7.688300693676145,3.0,1.0,0.9598724013111403,-14251.56589335118,14252.288837100894,-0.16752259411987325,-0.16752259411987325,2.0,0.0,0.03515033709591426,0.03515033709591426,-5.671785396923072,-14244.49602492159,-14250.167810318513
94,13,0.44480745003222216,-7.726418844184307,3.0,1.0,1.0,-14250.897153075688,14251.630730063942,-0.2922900924932037,-0.2922900924932037,1.0,0.0,0.03515033709591426,0.03515033709591426,-5.790035126350514,-14243.708563873799,-14249.49859900015
95,13,0.44998566202267465,-7.748862619142214,7.0,1.0,0.8098415298200516,-14251.594709022245,14252.482488334395,0.20074677244701888,0.3197292860404559,3.0,0.0,0.03515033709591426,0.03515033709591426,-5.860339590339918,-14244.338018940964,-14250.198358531303
96,13,0.4433877624639337,-7.682556073336919,7.0,1.0,0.9432976446851385,-14251.374143843645,14253.015547016088,-0.0496373474234133,-0.2551279611834616,3.0,0.0,0.03515033709591426,0.03515033709591426,-5.654090483031539,-14244.320856335216,-14249.974946818247
97,13,0.4478573329671028,-7.6780389377977665,7.0,1.0,0.8090950949919044,-14252.275292033242,14253.256502884708,0.42461924016788544,0.5145720173168229,3.0,0.0,0.03515033709591426,0.03515033709591426,-5.6401997161288495,-14245.237862955302,-14250.87806267143
98,13,0.4449583044808412,-7.689510432921237,1.0,1.0,1.0,-14251.39492975993,14252.138991073065,-0.3843240468431759,-0.3843240468431759,1.0,0.0,0.03515033709591426,0.03515033709591426,-5.675515912630483,-14244.320927107303,-14249.996443019932
99,13,0.4444773945139079,-7.686529174312884,1.0,1.0,1.0,-14251.40486401021,14251.682923935477,-0.006518911939565442,-0.006518911939565442,1.0,0.0,0.03515033709591426,0.03515033709591426,-5.66632514066967,-14244.339836811447,-14250.006161952117
100,13,0.44094837228844647,-7.68975061493821,1.0,1.0,1.0,-14250.998721403304,14251.294138867908,-0.19586751763927168,-0.19586751763927168,1.0,0.0,0.03515033709591426,0.03515033709591426,-5.676256744535722,-14243.922123725915,-14249.59838047045
101,13,0.4396476936721913,-7.733446037577293,7.0,1.0,1.0,-14250.80459335722,14250.978233162876,-0.05197243595102918,-0.072566344311781,3.0,0.0,0.03515033709591426,0.03515033709591426,-5.811993435022747,-14243.591628778575,-14249.403622213598
102,13,0.44809317789166464,-7.768613421568512,7.0,1.0,0.9477869855293581,-14251.591915853023,14251.598578667408,0.11944231688903528,0.12096933705652191,3.0,0.0,0.03515033709591426,0.03515033709591426,-5.922625085574435,-14244.27216063814,-14250.194785723714
103,13,0.4380505857493548,-7.755090514292368,3.0,1.0,0.4497882100496959,-14251.316934674418,14254.00061401617,0.06096878508105874,1.7485039467937895,2.0,0.0,0.03515033709591426,0.03515033709591426,-5.879937570536935,-14244.035232777816,-14249.915170348353
104,13,0.45343623643137604,-7.662004226265407,3.0,1.0,0.38458147496522227,-14254.648693181021,14256.072156913462,1.4894692763718922,1.4894692763718922,2.0,0.0,0.03515033709591426,0.03515033709591426,-5.591055708103743,-14247.662632548441,-14253.253688256546
105,13,0.44235364266045646,-7.658537197948409,1.0,1.0,1.0,-14252.082384213667,14253.959068501903,-1.3111885618254746,-1.3111885618254746,1.0,0.0,0.03515033709591426,0.03515033709591426,-5.580463588068413,-14245.10224471958,-14250.682708307648
106,13,0.44235364266045646,-7.658537197948409,1.0,1.0,0.08352883998176593,-14252.082384213667,14255.504065172872,0.0,2.4825633177551936,1.0,0.0,0.03515033709591426,0.03515033709591426,-5.580463588068413,-14245.10224471958,-14250.682708307648
107,13,0.4339290677726981,-7.727194142460021,3.0,1.0,1.0,-14251.275225786529,14252.012176242586,-0.1610357887311693,-0.335057822174349,2.0,0.0,0.03515033709591426,0.03515033709591426,-5.792455325596994,-14244.078860377707,-14249.871315703303
108,13,0.43360172350750564,-7.667303477520866,7.0,1.0,0.8955774721223156,-14251.580285986256,14253.389434035185,-0.13713285174890189,0.44030240319261793,3.0,0.0,0.03515033709591426,0.03515033709591426,-5.607268680761346,-14244.568930671985,-14250.176199352747
109,13,0.4451953793088666,-7.75974568225852,3.0,1.0,0.926070361125107,-14251.216619938159,14252.098792379866,-0.05271229424397461,0.21303323144275055,2.0,0.0,0.03515033709591426,0.03515033709591426,-5.894611814039584,-14243.923626823569,-14249.818238637608
110,13,0.4482764696483859,-7.754756844829279,1.0,1.0,0.9214926425581179,-14251.398176171586,14251.469219617595,0.08176048610584985,0.08176048610584985,1.0,0.0,0.03515033709591426,0.03515033709591426,-5.878886593979872,-14244.122236251464,-14250.001122845444
111,13,0.4551426799547307,-7.747369193827459,1.0,1.0,0.5573571045177269,-14252.740044778071,14252.842013236457,0.5845491232685163,0.5845491232685163,1.0,0.0,0.03515033709591426,0.03515033709591426,-5.855645835638027,-14245.490023298888,-14251.345669134525
112,13,0.4365701576838264,-7.7592413518150165,3.0,1.0,0.525731184334822,-14251.617834538087,14254.862419572975,-0.41825044131837785,1.5207724002357281,2.0,0.0,0.03515033709591426,0.03515033709591426,-5.893020992755084,-14244.322294899826,-14250.215315892581
113,13,0.4456687392528881,-7.778115160539344,3.0,1.0,0.9773028445024683,-14251.671257088472,14252.098577448494,-0.19760475075963768,-0.33364928405535466,2.0,0.0,0.03515033709591426,0.03515033709591426,-5.952728438969699,-14244.320356482129,-14250.273084921098
114,13,0.4494099061852847,-7.797249480822943,3.0,1.0,0.9659967880625099,-14252.481686415917,14252.486441885087,0.10759594104092685,-0.14638862189895008,2.0,0.0,0.03515033709591426,0.03515033709591426,-6.013623645461357,-14245.071478216063,-14251.085101861525
115,13,0.4457757516245232,-7.7367188968763685,3.0,1.0,0.3769699117518046,-14250.997089126766,14255.823447041648,-0.18653260814426176,2.8069283847344195,2.0,0.0,0.03515033709591426,0.03515033709591426,-5.82223719753769,-14243.776726783097,-14249.598963980634
116,13,0.4446232420536179,-7.694072853041327,7.0,1.0,0.6982114034574208,-14251.243373388228,14252.625250840545,0.13104728893085849,0.6292001151105069,3.0,0.0,0.03515033709591426,0.03515033709591426,-5.68959837646897,-14244.155138456865,-14249.844736833335
117,13,0.4242755751192511,-7.647406291821569,3.0,1.0,0.4543740972282382,-14253.673856560587,14254.809936776843,0.4951002731013432,0.9912242755945044,2.0,0.0,0.03515033709591426,0.03515033709591426,-5.546538795023095,-14246.717819510215,-14252.264358305238
118,13,0.44510447190298325,-7.71335020002492,3.0,1.0,0.4265603645301625,-14250.9983984869,14255.81860925564,-0.5805244820348889,2.0614932245789532,2.0,0.0,0.03515033709591426,0.03515033709591426,-5.749330033033666,-14243.8506467772,-14249.599976810234
119,13,0.44252117197561414,-7.712948714930918,1.0,1.0,1.0,-14250.786852358498,14250.935985887309,-0.09653172729849757,-0.09653172729849757,1.0,0.0,0.03515033709591426,0.03515033709591426,-5.748082225683694,-14243.639172410401,-14249.387254636085
120,13,0.43573716694417547,-7.727243140313414,3.0,1.0,0.4926466008717271,-14251.031450352317,14252.534192334473,0.11507283057107998,1.2989063919740147,2.0,0.0,0.03515033709591426,0.03515033709591426,-5.7926082992694985,-14243.835890887553,-14249.628499186822
121,13,0.43573716694417547,-7.727243140313414,1.0,1.0,0.893404417353509,-14251.031450352317,14251.313537727485,0.0,0.11271592564662569,1.0,0.0,0.03515033709591426,0.03515033709591426,-5.7926082992694985,-14243.835890887553,-14249.628499186822
122,13,0.43386346062438175,-7.734105734275528,1.0,1.0,0.8447970113311571,-14251.403468375302,14251.539676122899,0.1686589037599333,0.1686589037599333,1.0,0.0,0.03515033709591426,0.03515033709591426,-5.814057365873075,-14244.185465613966,-14249.999522979839
123,13,0.4315749550539458,-7.682976494328623,3.0,1.0,0.9186835149383535,-14251.535673576876,14252.639909448748,-0.11200802140228916,0.2796470468165353,2.0,0.0,0.03515033709591426,0.03515033709591426,-5.655384369035062,-14244.475089310874,-14250.130473679908
124,13,0.43503703968629287,-7.673855039083409,3.0,1.0,1.0,-14251.332410869467,14251.547721303212,-0.11565109605180623,-0.20785509748748154,2.0,0.0,0.03515033709591426,0.03515033709591426,-5.62735189701299,-14244.301739762688,-14249.929091659702
125,13,0.4401235551902036,-7.711648921240273,3.0,1.0,1.0,-14250.722518807854,14251.286060655986,-0.09676134736218955,-0.09676134736218955,2.0,0.0,0.03515033709591426,0.03515033709591426,-5.744043599491671,-14243.57773627026,-14249.321779869751
126,13,0.4360030485777819,-7.691252417885092,3.0,1.0,0.8317944178764572,-14250.989422130217,14251.291653212757,0.0486798900346912,0.27865344732344965,2.0,0.0,0.03515033709591426,0.03515033709591426,-5.6808903042198615,-14243.905719349712,-14249.586609653932
127,13,0.43800375782374,-7.74148748523345,3.0,1.0,0.9441844047777767,-14251.020265132789,14251.234998474469,0.06825665244105039,0.10699241290058126,2.0,0.0,0.03515033709591426,0.03515033709591426,-5.837181633977525,-14243.781295594046,-14249.618477228023
128,13,0.4464954251443559,-7.730007331599978,7.0,1.0,0.8799964393363648,-14251.064383802843,14251.667458480288,0.012830813373511774,0.22895792746930965,3.0,0.0,0.03515033709591426,0.03515033709591426,-5.801242126502597,-14243.865330290038,-14249.666572416541
129,13,0.44000916240386884,-7.773004429869784,3.0,1.0,0.926672319072174,-14251.672728882171,14251.903954437854,0.12391068131364591,0.12391068131364591,2.0,0.0,0.03515033709591426,0.03515033709591426,-5.936525431559421,-14244.335408865147,-14250.271934296707
130,13,0.44174465662241896,-7.7813313165043585,1.0,1.0,1.0,-14251.839227530663,14252.02974451736,-0.009618283749659895,-0.009618283749659895,1.0,0.0,0.03515033709591426,0.03515033709591426,-5.96293829670586,-14244.476327153521,-14250.439265450226
131,13,0.42633993138735093,-7.70985568493938,3.0,1.0,0.6429501914565999,-14252.755479183497,14253.779938697875,0.611968714847535,0.8540578579541034,2.0,0.0,0.03515033709591426,0.03515033709591426,-5.73847455690388,-14245.608768063632,-14251.347242620535
132,13,0.43382677109767126,-7.710170231078269,1.0,1.0,1.0,-14251.12953755405,14252.177188913429,-0.7033248689349421,-0.7033248689349421,1.0,0.0,0.03515033709591426,0.03515033709591426,-5.739451173209678,-14243.98612122187,-14249.725572395078
133,13,0.4523881921069705,-7.754515518126796,3.0,1.0,0.5317477745972591,-14252.07330807188,14253.315803840856,0.26575544126353634,0.95224689097995,2.0,0.0,0.03515033709591426,0.03515033709591426,-5.878126543736599,-14244.799778269691,-14250.677904813429
134,13,0.4377312558773239,-7.794465530586086,3.0,1.0,0.8142913781138104,-14252.869478455972,14253.362657897824,0.23907874290489417,0.24648545030686364,2.0,0.0,0.03515033709591426,0.03515033709591426,-6.004740930741895,-14245.462812046258,-14251.467552977001
135,13,0.45510221017723695,-7.8036265292185885,3.0,1.0,0.9436998659789856,-14253.46286971874,14254.167700224662,-0.163372698090825,-0.3870135393935925,2.0,0.0,0.03515033709591426,0.03515033709591426,-6.0340000229803765,-14246.034479404736,-14252.068479427717
136,13,0.4398376734474908,-7.674749464995653,3.0,1.0,1.0,-14251.293774755277,14253.480780090807,-0.4031439481404959,-0.4031439481404959,2.0,0.0,0.03515033709591426,0.03515033709591426,-5.630097008260965,-14244.262799534481,-14249.892896542742
137,13,0.4340303252047644,-7.703303631000187,7.0,1.0,0.9431202282618092,-14251.092440750137,14251.644293225443,-0.006924869167050929,0.17193723787204362,3.0,0.0,0.03515033709591426,0.03515033709591426,-5.718153954755933,-14243.970431141486,-14249.688585096243
138,13,0.44209648244345257,-7.707810838905662,3.0,1.0,0.7183338029847327,-14250.803832307907,14251.80956660872,-0.09364004596500308,0.6017580943880603,2.0,0.0,0.03515033709591426,0.03515033709591426,-5.7321280437730575,-14243.671907890324,-14249.404035934098
139,13,0.44479785369626795,-7.695404440246585,1.0,1.0,0.8290238605658408,-14251.237557211223,14251.269556931094,0.18750634191383142,0.18750634191383142,1.0,0.0,0.03515033709591426,0.03515033709591426,-5.693712406300948,-14244.145286439565,-14249.838998845866
140,13,0.4322622610725631,-7.688529750296951,3.0,1.0,0.8333919885493697,-14251.385284935535,14252.122839162636,-0.03845619968524261,0.36650142073995085,2.0,0.0,0.03515033709591426,0.03515033709591426,-5.672491634612134,-14244.30797481767,-14249.980466452282
141,13,0.44285794190991523,-7.670560381401776,7.0,1.0,0.9626965351608631,-14251.683336879609,14251.735601039223,0.13594310986627534,-0.1617031853984372,3.0,0.0,0.03515033709591426,0.03515033709591426,-5.617247058273848,-14244.666648557964,-14250.283895616238
142,13,0.4447918658856095,-7.706892279069268,3.0,1.0,0.9250120449758962,-14251.03877018312,14252.543512410402,-0.1671195778890251,-0.1671195778890251,2.0,0.0,0.03515033709591426,0.03515033709591426,-5.7292785045586125,-14243.910930636106,-14249.640209140665
143,13,0.4447918658856095,-7.706892279069268,1.0,1.0,0.4596415810949505,-14251.03877018312,14252.129690270991,0.0,0.777308264743624,1.0,0.0,0.03515033709591426,0.03515033709591426,-5.7292785045586125,-14243.910930636106,-14249.640209140665
144,13,0.4485001798092647,-7.755604182753828,3.0,1.0,0.9220617512246055,-14251.434963585763,14252.1455138916,0.02502084372099489,0.134842828145338,1.0,0.0,0.03515033709591426,0.03515033709591426,-5.881555717193342,-14244.156447905674,-14250.038003622867
145,13,0.43955397884879016,-7.7633772540752295,3.0,1.0,0.9468913436827506,-14251.406407143748,14252.020691370473,0.03077201032465382,0.1381392469520506,2.0,0.0,0.03515033709591426,0.03515033709591426,-5.906074475662453,-14244.099315571533,-14250.005390047196
146,13,0.4494051639678288,-7.74171873880203,3.0,1.0,0.9374879358433507,-14251.475244315363,14252.038979249994,0.05941340386743832,0.13909348792003584,2.0,0.0,0.03515033709591426,0.03515033709591426,-5.8379069452842804,-14244.240750876468,-14250.078657821752
147,13,0.45174890014426405,-7.767544464759969,3.0,1.0,0.9775965495680032,-14252.070717570603,14252.317110739295,0.06957556046290847,-0.1295765588110953,2.0,0.0,0.03515033709591426,0.03515033709591426,-5.919244072723652,-14244.755822828145,-14250.675066900869
148,13,0.4423867647604147,-7.771590242401844,7.0,1.0,0.6439784584160699,-14251.485463890473,14253.776950354786,-0.18112320417094452,1.1169016924377502,3.0,0.0,0.03515033709591426,0.03515033709591426,-5.932046520034311,-14244.153756940575,-14250.08580346061
149,13,0.4422696914331877,-7.779641001873401,1.0,1.0,0.9416675160641877,-14251.750493865387,14251.841891275977,0.060103022055045585,0.060103022055045585,1.0,0.0,0.03515033709591426,0.03515033709591426,-5.957571013658446,-14244.393207678948,-14250.350778692606
150,13,0.440561971616256,-7.758108567088029,3.0,1.0,1.0,-14251.196966903593,14251.740901682208,-0.09015066060783283,-0.15014475617317657,2.0,0.0,0.03515033709591426,0.03515033709591426,-5.889448750711222,-14243.906991474234,-14249.796440224945
51,14,0.45230905561910506,-7.715203148398175,3.0,1.0,0.4624358309925731,-14252.32814987816,14256.596321564335,0.21508582794740505,1.5073060381746473,2.0,0.0,0.0322226730559118,0.0322226730559118,-5.755091046843296,-14245.177625128652,-14250.932716175495
52,14,0.44735789527350034,-7.688626890928898,3.0,1.0,0.9411988116294937,-14251.82350970241,14252.871373137057,-0.19054585875528574,-0.33844303728983505,1.0,0.0,0.031703115791752855,0.031703115791752855,-5.6727911588268825,-14244.753277523887,-14250.426068682715
53,14,0.4423312901250628,-7.7035990700665815,1.0,1.0,1.0,-14250.8624213389,14251.482264775856,-0.34903893130285724,-0.34903893130285724,1.0,0.0,0.031703115791752855,0.031703115791752855,-5.719069308050614,-14243.743665675544,-14249.462734983594
54,14,0.44855394855889114,-7.748302125934969,3.0,1.0,0.8036132318515498,-14251.375621900967,14252.04789201108,0.10224051638215315,0.3044696504712192,2.0,0.0,0.031703115791752855,0.031703115791752855,-5.8585777291617855,-14244.120106587154,-14249.978684316315
55,14,0.44279745234595774,-7.768061789447073,3.0,1.0,0.9881046575900906,-14251.374317523349,14251.80053355039,-0.051715710023927386,-0.13356884923996404,2.0,0.0,0.031703115791752855,0.031703115791752855,-5.9208801808203395,-14244.053968046012,-14249.974848226831
56,14,0.43958537060907243,-7.702951466242425,3.0,1.0,0.9991199852187304,-14250.774899108317,14251.459995232042,-0.09179874513756658,-0.09179874513756658,2.0,0.0,0.031703115791752855,0.031703115791752855,-5.717062963351763,-14243.656834449495,-14249.373897412846
57,14,0.4514277502942652,-7.67367791870572,3.0,1.0,0.5155886065398497,-14253.392740560743,14253.46543287934,0.9571506926586153,0.9571506926586153,1.0,0.0,0.031703115791752855,0.031703115791752855,-5.626808386078616,-14246.370155948642,-14251.99696433472
58,14,0.44763108577380184,-7.683530253667522,1.0,1.0,1.0,-14252.036050439041,14253.227671300756,-0.49866197781557275,-0.49866197781557275,1.0,0.0,0.031703115791752855,0.031703115791752855,-5.657088886346329,-14244.981636564577,-14250.638725450923
59,14,0.45032195143621245,-7.757913213449806,7.0,1.0,0.987116434940065,-14251.717681613241,14253.376931432496,-0.2373163468128041,-0.38227842127707845,3.0,0.0,0.031703115791752855,0.031703115791752855,-5.8888328318089025,-14244.432633738645,-14250.321466570453
60,14,0.4387593707944395,-7.691240360256205,7.0,1.0,0.7313857093623751,-14250.91210145763,14252.857435051192,-0.1940684456130839,0.5802508177512209,2.0,0.0,0.031703115791752855,0.031703115791752855,-5.680853093458287,-14243.82983868132,-14249.510691774778
61,14,0.4268181294761835,-7.736154484083465,3.0,1.0,0.4506607694426041,-14253.193097602709,14254.651963230512,0.9055503691888589,1.567125582598237,2.0,0.0,0.031703115791752855,0.031703115791752855,-5.820469870664564,-14245.96467823721,-14251.785148107874
62,14,0.44092966949352475,-7.686760931681684,3.0,1.0,0.9155489944314049,-14251.05819177702,14253.06877996579,-0.8497373607096961,-0.8497373607096961,1.0,0.0,0.031703115791752855,0.031703115791752855,-5.667039295176871,-14243.990802587101,-14249.657841882277
63,14,0.43431032749842924,-7.679330605087136,3.0,1.0,0.9795898468609904,-14251.276129607051,14251.420392086433,0.003359761663887184,0.059618734292598674,2.0,0.0,0.031703115791752855,0.031703115791752855,-5.644169674382282,-14244.228254339647,-14249.87242401403
64,14,0.4427439758872416,-7.716277552430157,7.0,1.0,0.9544637997352368,-14250.780744291269,14251.921525582578,-0.050857070466008736,0.13051552585238824,2.0,0.0,0.031703115791752855,0.031703115791752855,-5.758433055969716,-14243.622817130417,-14249.381250186387
65,14,0.4422603754299117,-7.73418909670976,3.0,1.0,0.9949063578094751,-14250.787330898504,14250.89731583671,-0.01618136590150243,-0.01618136590150243,1.0,0.0,0.031703115791752855,0.031703115791752855,-5.814318205031583,-14243.57329315967,-14249.387611364702
66,14,0.4326000834589556,-7.697881077537877,5.0,1.0,0.8693400217374011,-14251.289221879757,14251.461786384996,0.146278656562572,0.22595467397695757,2.0,0.0,0.031703115791752855,0.031703115791752855,-5.7013688625600105,-14244.183220540961,-14249.88458940352
67,14,0.441977613459164,-7.712678470790408,3.0,1.0,0.9831599992356043,-14250.761706735679,14251.450529383197,-0.1369162686441996,-0.1369162686441996,2.0,0.0,0.031703115791752855,0.031703115791752855,-5.7472424032621925,-14243.614612087791,-14249.361854491053
68,14,0.4402060467033765,-7.721883328406865,3.0,1.0,0.9975730902849506,-14250.715627708396,14250.757870958396,-0.017355813910398865,-0.017355813910398865,2.0,0.0,0.031703115791752855,0.031703115791752855,-5.775888939267629,-14243.539039891906,-14249.314928831174
69,14,0.4298604549182659,-7.7329604055323635,3.0,1.0,0.5484991260422931,-14252.220894954755,14253.233971700965,0.5629272190908523,1.0682944403743022,2.0,0.0,0.031703115791752855,0.031703115791752855,-5.810474361943077,-14245.00425181422,-14250.814726176162
70,14,0.4355934656006239,-7.716321762199323,1.0,1.0,1.0,-14250.949899622503,14251.784561257555,-0.4780708963644429,-0.4780708963644429,1.0,0.0,0.031703115791752855,0.031703115791752855,-5.75857059828549,-14243.788302653798,-14249.546873252084
71,14,0.4355934656006239,-7.716321762199323,3.0,1.0,0.49884787578765155,-14250.949899622503,14252.93964676304,0.0,0.9401984594460373,1.0,0.0,0.031703115791752855,0.031703115791752855,-5.75857059828549,-14243.788302653798,-14249.546873252084
72,14,0.4363472202399124,-7.740735456366847,7.0,1.0,0.7355819436076262,-14251.176565370704,14252.204774132393,0.0782890034988668,0.6828991552556545,2.0,0.0,0.031703115791752855,0.031703115791752855,-5.834823315607375,-14243.93910822343,-14249.773931539037
73,14,0.4363472202399124,-7.740735456366847,1.0,1.0,0.910975840643935,-14251.176565370704,14251.470788737211,0.0,0.09323890167434001,1.0,0.0,0.031703115791752855,0.031703115791752855,-5.834823315607375,-14243.93910822343,-14249.773931539037
74,14,0.42904688447707995,-7.744331585308955,1.0,1.0,0.5485733381479425,-14252.763950401306,14252.861207319434,0.600434301462883,0.600434301462883,1.0,0.0,0.031703115791752855,0.031703115791752855,-5.846105678697736,-14245.511207462294,-14251.357313140992
75,14,0.4233544853778463,-7.706020592100704,7.0,1.0,0.9015113813608375,-14253.692457088195,14256.688241352691,0.22861642198222398,-0.6778361543565552,3.0,0.0,0.031703115791752855,0.031703115791752855,-5.726575153749052,-14246.555808949783,-14252.282384103532
76,14,0.4325254030811666,-7.719430692418876,3.0,1.0,1.0,-14251.404229009582,14253.172038155131,-0.7727524720794463,-0.9623821034801949,2.0,0.0,0.031703115791752855,0.031703115791752855,-5.768247784161939,-14244.231307712766,-14249.999555496928
77,14,0.4313098623821109,-7.702015655666835,3.0,1.0,1.0,-14251.497319617187,14251.813165737558,-0.009481418559516896,-0.2006922078126081,2.0,0.0,0.031703115791752855,0.031703115791752855,-5.714164464739553,-14244.377807076702,-14250.091971541442
78,14,0.4523788846322456,-7.737006436041314,3.0,1.0,0.9412034127057312,-14252.077297806294,14252.385068848656,0.19405787297182542,0.19405787297182542,2.0,0.0,0.031703115791752855,0.031703115791752855,-5.823137681778391,-14244.858753288103,-14250.681890969881
79,14,0.44037111246094773,-7.758008879394405,3.0,1.0,0.9495801341816157,-14251.204991586063,14252.534756546962,-0.329165394683514,-0.329165394683514,2.0,0.0,0.031703115791752855,0.031703115791752855,-5.889134446524689,-14243.915238253627,-14249.804372700151
80,14,0.4403867002138582,-7.757996521320494,1.0,1.0,1.0,-14251.203802626305,14251.305131704697,-0.0004982625359843951,-0.0004982625359843951,1.0,0.0,0.031703115791752855,0.031703115791752855,-5.889095483587448,-14243.914095798917,-14249.803191282504
81,14,0.4462206786387323,-7.68062609477713,7.0,1.0,0.7236743837237066,-14251.855568641506,14252.860585421126,0.27930610562179936,0.7357230685211107,3.0,0.0,0.031703115791752855,0.031703115791752855,-5.648153056657382,-14244.809484922183,-14250.457637978841
82,14,0.45534484462757246,-7.681800682529963,1.0,1.0,0.37833603004650346,-14254.369007300244,14254.701034585796,0.9719725098839263,0.9719725098839263,1.0,0.0,0.031703115791752855,0.031703115791752855,-5.651766139330417,-14247.322938487081,-14252.974704626411
83,14,0.4513667399727888,-7.700334130977162,1.0,1.0,1.0,-14252.42076646397,14254.137701452864,-0.7207313220224023,-0.7207313220224023,1.0,0.0,0.031703115791752855,0.031703115791752855,-5.708958456384829,-14245.316007833117,-14251.024966289502
84,14,0.4342184094164284,-7.727789871081854,3.0,1.0,1.0,-14251.23990902466,14252.419740199506,-0.4397489769744425,-0.5528878048444312,2.0,0.0,0.031703115791752855,0.031703115791752855,-5.7943153820722095,-14244.04183886101,-14249.836154243083
85,14,0.43981993181682905,-7.704994369129832,3.0,1.0,0.9885421432408826,-14250.759417311101,14251.176554735808,-0.19011161993876158,-0.19011161993876158,2.0,0.0,0.031703115791752855,0.031703115791752855,-5.723393516399853,-14243.635136916384,-14249.358530432784
86,14,0.4510305554299082,-7.786596245322497,3.0,1.0,0.7321525620778756,-14252.334674781512,14252.917666090583,0.2289906469577545,0.3564720417234639,2.0,0.0,0.031703115791752855,0.031703115791752855,-5.9796744187106965,-14244.959067675883,-14250.938742094595
87,14,0.4387388207821033,-7.7582162724366,3.0,1.0,1.0,-14251.332757677263,14252.514596747455,-0.06316069274726033,-0.21824682799160655,2.0,0.0,0.031703115791752855,0.031703115791752855,-5.889788344838804,-14244.041549426502,-14249.93133777134
88,14,0.4387388207821033,-7.7582162724366,1.0,1.0,0.2588153342032319,-14251.332757677263,14253.756786731656,0.0,1.3516404669389885,1.0,0.0,0.031703115791752855,0.031703115791752855,-5.889788344838804,-14244.041549426502,-14249.93133777134
89,14,0.4387388207821033,-7.7582162724366,3.0,1.0,0.7182275992080475,-14251.332757677263,14252.726778137172,0.0,0.740183098889247,2.0,0.0,0.031703115791752855,0.031703115791752855,-5.889788344838804,-14244.041549426502,-14249.93133777134
90,14,0.44085494544168047,-7.623111690592714,3.0,1.0,0.7910338791900307,-14253.772925186495,14253.931851099976,0.49043744093614805,0.49043744093614805,2.0,0.0,0.031703115791752855,0.031703115791752855,-5.472923995812282,-14246.899615461021,-14252.372539456834
91,14,0.431270257896692,-7.756378345394963,5.0,1.0,0.9606766046368197,-14252.575954342312,14254.43534743111,0.018378316057351185,-0.4822076217405993,2.0,0.0,0.031703115791752855,0.031703115791752855,-5.8839949651608965,-14245.286589112613,-14251.170584077774
92,14,0.448397072529606,-7.6894700883395615,3.0,1.0,1.0,-14252.013018144648,14252.449457788012,-0.19517602355881536,-0.6035133720051817,2.0,0.0,0.031703115791752855,0.031703115791752855,-5.675391477027318,-14244.94062372527,-14250.616015202297
93,14,0.43870202914254736,-7.725018110439301,3.0,1.0,0.9650024175703832,-14250.771269665134,14251.847340011365,-0.45032535589052713,-0.45032535589052713,2.0,0.0,0.031703115791752855,0.031703115791752855,-5.785664069055934,-14243.584167378494,-14249.36983144755
94,14,0.44216324586419237,-7.744424193108502,3.0,1.0,0.9681310449576608,-14250.89447135837,14251.09910369504,0.0030295994438347407,0.0676556678408815,2.0,0.0,0.031703115791752855,0.031703115791752855,-5.846396393815453,-14243.648309919281,-14249.494706313097
95,14,0.43012422661329475,-7.664541147867753,3.0,1.0,0.8397932544997501,-14252.049829561754,14252.32246226534,0.1987405856980331,0.1987405856980331,2.0,0.0,0.031703115791752855,0.031703115791752855,-5.598813874400919,-14245.044997591103,-14250.643811465505
96,14,0.4460807281955529,-7.773390051687683,7.0,1.0,1.0,-14251.558170003202,14252.148070338673,-0.12080483211138926,-0.19191589031470357,3.0,0.0,0.031703115791752855,0.031703115791752855,-5.937747091911443,-14244.222431251254,-14250.160178343165
97,14,0.4404133664060997,-7.679972169525478,3.0,1.0,0.8699055492154212,-14251.186173945145,14252.419685812489,-0.013785615954475361,0.2920357010389125,2.0,0.0,0.031703115791752855,0.031703115791752855,-5.646142152187399,-14244.139433346849,-14249.785575499036
98,14,0.43503663446203567,-7.684155724351939,3.0,1.0,0.9966188478645188,-14251.14472695283,14251.297456350037,-0.03631347572809318,-0.037752980324512464,2.0,0.0,0.031703115791752855,0.031703115791752855,-5.65901450593153,-14244.082393022922,-14249.741407528853
99,14,0.4369618176846598,-7.73034853234733,3.0,1.0,0.7353663093571924,-14250.94290262418,14252.254043163382,0.02346132790989941,0.590914586569852,2.0,0.0,0.031703115791752855,0.031703115791752855,-5.802308381481007,-14243.738276947523,-14249.540585329003
100,14,0.43533804620386546,-7.710263182443116,3.0,1.0,0.593065410726612,-14250.953142198287,14252.812898363216,-0.009578209042956587,1.0801749047495832,2.0,0.0,0.031703115791752855,0.031703115791752855,-5.739739791521696,-14243.810241936022,-14249.549981727543
101,14,0.4391919916552578,-7.694534665972919,7.0,1.0,0.9573369910727066,-14250.866697454388,14251.169597995211,-0.052872894704705686,0.09160993167824927,3.0,0.0,0.031703115791752855,0.031703115791752855,-5.691024978300636,-14243.774477190049,-14249.46550216835
102,14,0.44085304019027305,-7.708416833229951,3.0,1.0,0.9735621342298256,-14250.750572446968,14251.085810942122,-0.012424382874087314,0.04904530292697018,2.0,0.0,0.031703115791752855,0.031703115791752855,-5.7340084100135975,-14243.616177392996,-14249.35018580301
103,14,0.44085304019027305,-7.708416833229951,3.0,1.0,0.5414917135844798,-14250.750572446968,14254.034206536717,0.0,0.8299643071022729,2.0,0.0,0.031703115791752855,0.031703115791752855,-5.7340084100135975,-14243.616177392996,-14249.35018580301
104,14,0.43499605295228067,-7.706923592884136,3.0,1.0,0.9311420904476648,-14250.984121866393,14251.122689232589,0.06967305571015459,0.11251207837813126,2.0,0.0,0.031703115791752855,0.031703115791752855,-5.729375631800285,-14243.851405351052,-14249.580780982851
105,14,0.4339471593623616,-7.647196837287511,3.0,1.0,0.8369205298732872,-14252.188784282751,14252.564870731348,0.11355382270267,0.2331286832322803,2.0,0.0,0.031703115791752855,0.031703115791752855,-5.545901606812656,-14245.238982323903,-14250.784883930715
106,14,0.4354073319186731,-7.7179044498004545,3.0,1.0,0.8900003988667272,-14250.979385480758,14252.585621176402,-0.09492705310549354,0.19018795625197527,2.0,0.0,0.031703115791752855,0.031703115791752855,-5.763495831760422,-14243.812765608885,-14249.576261440647
107,14,0.4380021028913565,-7.7588666342226125,3.0,1.0,0.8941366664676512,-14251.425802864213,14252.067974913374,0.10468255848172703,0.20939432998966367,1.0,0.0,0.031703115791752855,0.031703115791752855,-5.891839177008191,-14244.132174948814,-14250.024014125822
108,14,0.44594815511592434,-7.754860146444496,3.0,1.0,0.9436586599312534,-14251.178731009237,14251.959320007256,-0.13200461677115527,0.18515438972644915,2.0,0.0,0.031703115791752855,0.031703115791752855,-5.8792119567046095,-14243.901469460889,-14249.780681417593
109,14,0.42990859597593495,-7.674167688069935,5.0,1.0,0.8978146484809413,-14251.91264193077,14252.007058023568,0.17550892008148367,0.17550892008148367,2.0,0.0,0.031703115791752855,0.031703115791752855,-5.628311367096972,-14244.878189330213,-14250.50650069731
110,14,0.43429056280612927,-7.751161110207543,7.0,1.0,0.8035528080857667,-14251.743346519901,14254.47863332071,0.14247814459486108,0.5239277788205072,2.0,0.0,0.031703115791752855,0.031703115791752855,-5.867567980840255,-14244.472062375275,-14250.339630356115
111,14,0.42874259386144203,-7.743154083962729,1.0,1.0,0.6546936600965795,-14252.814525997894,14253.196552390607,0.4235878472591139,0.4235878472591139,1.0,0.0,0.031703115791752855,0.031703115791752855,-5.842410005178724,-14245.565302066208,-14251.407712071386
112,14,0.4376124805995614,-7.680958795634903,3.0,1.0,0.8525435251261796,-14251.098983504433,14253.48758224288,-0.7421510375497746,-0.7421510375497746,2.0,0.0,0.031703115791752855,0.031703115791752855,-5.649176318821208,-14244.047821547487,-14249.696997866307
113,14,0.4495792288677573,-7.682347996807443,3.0,1.0,0.6486763923707913,-14252.526401344141,14252.86229322325,0.605721133229963,0.605721133229963,1.0,0.0,0.031703115791752855,0.031703115791752855,-5.653450172904162,-14245.476435735804,-14251.129885908707
114,14,0.4442784670217785,-7.781568975913061,5.0,1.0,0.7041349181458301,-14251.762170387658,14254.970262269957,-0.5010306650001439,1.247906032804167,2.0,0.0,0.031703115791752855,0.031703115791752855,-5.963693169523079,-14244.399685532808,-14250.36337870233
115,14,0.4527992696688732,-7.808606525015944,7.0,1.0,0.9414578539517843,-14253.245207881107,14253.628946412346,0.1703566661781224,0.1703566661781224,3.0,0.0,0.031703115791752855,0.031703115791752855,-6.04994072230676,-14245.800021215779,-14251.849961938085
116,14,0.44664855904730116,-7.742767903519771,3.0,1.0,0.752762290919789,-14251.11253534828,14254.143933010324,-0.23228520847806067,0.5790493278891518,2.0,0.0,0.031703115791752855,0.031703115791752855,-5.841198251734676,-14243.87359191935,-14249.714790171085
117,14,0.4440791083052517,-7.69316805547588,7.0,1.0,0.8742308945665936,-14251.196095670892,14251.86141530532,0.0740497967308329,0.2978794943956018,3.0,0.0,0.031703115791752855,0.031703115791752855,-5.686803954185235,-14244.110409880164,-14249.79721383435
118,14,0.43900786354143323,-7.756425452048107,3.0,1.0,1.0,-14251.26151521207,14251.44964445737,-0.02203013606958848,-0.1418905113459914,2.0,0.0,0.031703115791752855,0.031703115791752855,-5.884143409140163,-14243.976085458691,-14249.860228867832
119,14,0.4445889670313903,-7.757971911466761,3.0,1.0,0.9989399957646627,-14251.159007688813,14251.354450448573,-0.08473275117830781,-0.10522031806067389,2.0,0.0,0.031703115791752855,0.031703115791752855,-5.889017893295313,-14243.871337862862,-14249.760355756158
120,14,0.4400902219814394,-7.7139480675035745,7.0,1.0,0.9990358277270422,-14250.715307234146,14251.134511606873,-0.05437224903835158,-0.05437224903835158,2.0,0.0,0.031703115791752855,0.031703115791752855,-5.751188491504622,-14243.563363600597,-14249.3145520921
121,14,0.4427460942695975,-7.703884887683684,7.0,1.0,0.8516485741743628,-14250.887308134743,14252.41637238803,0.05845142733051034,0.26786724144585605,3.0,0.0,0.031703115791752855,0.031703115791752855,-5.7199549344568785,-14243.767860078598,-14249.487815013055
122,14,0.44790532437708114,-7.76984605358594,3.0,1.0,0.8766608663454242,-14251.599353710288,14252.096591808255,0.06445008913942729,0.2276237630230753,2.0,0.0,0.031703115791752855,0.031703115791752855,-5.926525206682774,-14244.275619371587,-14250.20214457827
123,14,0.4379782074020326,-7.756676928069673,3.0,1.0,0.8490333384626766,-14251.36711059326,14252.250629448248,0.06516714733697881,0.22067725051238085,2.0,0.0,0.031703115791752855,0.031703115791752855,-5.884935905897508,-14244.080373909756,-14249.965309815652
124,14,0.44750191224048674,-7.793684170912191,3.0,1.0,0.8263344292031024,-14252.237665454464,14254.00635678346,0.007331155304200365,0.45145699859494925,2.0,0.0,0.031703115791752855,0.031703115791752855,-6.002249249232955,-14244.838036430452,-14250.840285679686
125,14,0.44437857034715217,-7.648839319560472,7.0,1.0,0.4144487406893665,-14252.854049230784,14256.7268676384,0.36175579817609105,1.7955129558522458,2.0,0.0,0.031703115791752855,0.031703115791752855,-5.550899430535297,-14245.904403257773,-14251.455302688308
126,14,0.4386544614537497,-7.694997660991708,3.0,1.0,0.8608701418096557,-14250.85994079146,14254.509893951676,-0.5691586578195711,-0.5691586578195711,2.0,0.0,0.031703115791752855,0.031703115791752855,-5.692455445848288,-14243.766023436196,-14249.458478882045
127,14,0.4479283041408026,-7.755410304414431,7.0,1.0,0.9044531378479103,-14251.36540753021,14251.997258789532,0.10643325848286622,0.1666495282061078,3.0,0.0,0.031703115791752855,0.031703115791752855,-5.880944935076074,-14244.087263143023,-14249.968208078099
128,14,0.43907122054155545,-7.731096446159334,3.0,1.0,1.0,-14250.804660494203,14251.579072444405,-0.0884291301263147,-0.0884291301263147,2.0,0.0,0.031703115791752855,0.031703115791752855,-5.804646025218761,-14243.598759489143,-14249.403405514362
129,14,0.43908174600869126,-7.672861231508029,3.0,1.0,0.967350534566256,-14251.314336847463,14251.365354678757,0.0745109148829215,0.0745109148829215,2.0,0.0,0.031703115791752855,0.031703115791752855,-5.624302708586279,-14244.288784366336,-14249.913087074921
130,14,0.43764074613776094,-7.726187250100664,5.0,1.0,1.0,-14250.842785211176,14251.282885804889,-0.05580939711398969,-0.0824979122444347,2.0,0.0,0.031703115791752855,0.031703115791752855,-5.789312290445606,-14243.651501609698,-14249.440813900144
131,14,0.43449006259581885,-7.714544634213273,3.0,1.0,0.9457398507326307,-14251.065482169506,14251.175198633453,0.07388640507087985,0.08106600870814873,1.0,0.0,0.031703115791752855,0.031703115791752855,-5.7530432628425014,-14243.908829290423,-14249.661872553266
132,14,0.44313465861435797,-7.716049669873531,3.0,1.0,1.0,-14250.805205307706,14250.993843491327,-0.08776699860754889,-0.11729332788308966,2.0,0.0,0.031703115791752855,0.031703115791752855,-5.757724114834343,-14243.64816778231,-14249.405891897144
133,14,0.43861574644477536,-7.730987479154453,3.0,1.0,0.998862146001927,-14250.827085805204,14250.852466069893,0.0034194014897366287,-0.015904680318271858,2.0,0.0,0.031703115791752855,0.031703115791752855,-5.804305408333614,-14243.621299190856,-14249.42560459919
134,14,0.4346555400246034,-7.6489320143659665,5.0,1.0,0.8995013459834652,-14252.095352040193,14252.248626413737,0.13981556170620024,0.18979392890105373,2.0,0.0,0.031703115791752855,0.031703115791752855,-5.551181567149787,-14245.140648979517,-14250.691830546666
135,14,0.4479965902006699,-7.798610991606432,7.0,1.0,0.9934566690490927,-14252.438913597789,14252.531162532357,0.03150669364913483,-0.16873307096466306,3.0,0.0,0.031703115791752855,0.031703115791752855,-6.017970622698832,-14245.023772261784,-14251.041742884483
136,14,0.4221816735057766,-7.61002793465368,5.0,1.0,0.7259869347441559,-14255.62467310541,14256.023459026048,0.5253960167083278,0.6501815415849705,2.0,0.0,0.031703115791752855,0.031703115791752855,-5.43352357806249,-14248.78033420196,-14254.213857780021
137,14,0.433897363536182,-7.676172424268632,3.0,1.0,1.0,-14251.366431700855,14255.894838939614,-0.6956299132125423,-0.6956299132125423,2.0,0.0,0.031703115791752855,0.031703115791752855,-5.63446590696672,-14244.32803865078,-14249.962504557747
138,14,0.4473881581549707,-7.678468754719798,3.0,1.0,0.7018794978782812,-14252.15842411572,14252.76907969457,0.4049283060430753,0.5538946094111452,2.0,0.0,0.031703115791752855,0.031703115791752855,-5.641520579488853,-14245.11947540042,-14250.760995979908
139,14,0.42960917081105787,-7.66062212685636,3.0,1.0,0.9276555593674295,-14252.218540307156,14253.602822323111,-0.2416807992867689,-0.2823994029331516,2.0,0.0,0.031703115791752855,0.031703115791752855,-5.58683181468251,-14245.225395615913,-14250.812227430595
140,14,0.4398897736305377,-7.650277497127763,3.0,1.0,0.9639813166630885,-14252.17928237474,14253.17479382049,0.03878132596219075,-0.2438589613793738,2.0,0.0,0.031703115791752855,0.031703115791752855,-5.555277801382815,-14245.223151793609,-14250.778429594991
141,14,0.44067253184212984,-7.777006649339716,7.0,1.0,0.8774424439849261,-14251.757763180698,14253.365530209787,-0.06391574653571297,0.4795338174117205,3.0,0.0,0.031703115791752855,0.031703115791752855,-5.949211808328147,-14244.40807796813,-14250.357289776459
142,14,0.4460349027132125,-7.730073389948036,3.0,1.0,1.0,-14251.012490762518,14252.216492434716,-0.1228383180241508,-0.1228383180241508,2.0,0.0,0.031703115791752855,0.031703115791752855,-5.801448550264237,-14243.813030543926,-14249.61447909419
143,14,0.4424703948538323,-7.718207472144362,3.0,1.0,1.0,-14250.759455175481,14251.015799313025,-0.07137274284468731,-0.07137274284468731,2.0,0.0,0.031703115791752855,0.031703115791752855,-5.764439105704275,-14243.595394675063,-14249.359833780767
144,14,0.4354061271719762,-7.69905162495856,7.0,1.0,0.9518486182290039,-14250.966191910156,14251.269573485357,0.03623596804027329,0.08728002744464902,2.0,0.0,0.031703115791752855,0.031703115791752855,-5.704989712407665,-14243.858077524525,-14249.563067236932
145,14,0.4360233372763628,-7.708177626954714,3.0,1.0,0.7404076379577177,-14250.88906761663,14251.960771682907,-0.004468255234314711,0.5762013533003483,2.0,0.0,0.031703115791752855,0.031703115791752855,-5.733266122551789,-14243.752999576387,-14249.486265698939
146,14,0.4430203860116259,-7.723312111708996,7.0,1.0,0.9590932887138762,-14250.7772180186,14251.197874496287,-0.029477357831638074,0.08909678962481848,3.0,0.0,0.031703115791752855,0.031703115791752855,-5.780343067673909,-14243.597508819628,-14249.377851887302
147,14,0.43511127515903886,-7.693974533512129,3.0,1.0,0.9841175944123773,-14251.025553998521,14251.061979367176,0.03886705024706316,0.03886705024706316,2.0,0.0,0.031703115791752855,0.031703115791752855,-5.689294681846371,-14243.932979326615,-14249.622274008461
148,14,0.4421600973624314,-7.719377077108553,7.0,1.0,0.9781692085129213,-14250.74351360657,14251.372678366892,-0.04565145507149282,0.0576834531766508,2.0,0.0,0.031703115791752855,0.031703115791752855,-5.76808081355576,-14243.575666271152,-14249.343747084708
149,14,0.42949036699792575,-7.7283839975073185,3.0,1.0,0.6762786755467852,-14252.210266007163,14252.41042473771,0.5439067487986904,0.6294805826400989,1.0,0.0,0.031703115791752855,0.031703115791752855,-5.7961707894369034,-14245.007714026877,-14250.803884816314
150,14,0.4425652977847803,-7.564983726115855,3.0,1.0,0.6679145690325696,-14259.19190346286,14259.610623875695,1.3747208094791858,1.3747208094791858,2.0,0.0,0.031703115791752855,0.031703115791752855,-5.299186629366497,-14252.49313966511,-14257.792326294477
51,15,0.44860376955482295,-7.733408757378449,7.0,1.0,0.7376728610951189,-14251.34915484992,14251.745825141103,0.23529158515702875,0.6284362538699497,2.0,0.0,0.04119987102635279,0.04119987102635279,-5.8118768129718665,-14244.140361166199,-14249.95223797917
52,15,0.44593136218006313,-7.73773232331493,3.0,1.0,1.0,-14251.01565851317,14251.271813604015,-0.14352347894600825,-0.20676017478035646,2.0,0.0,0.03416842574522607,0.03416842574522607,-5.82541130531152,-14243.792190267668,-14249.61760157298
53,15,0.43639816330973075,-7.703625433424178,3.0,1.0,1.0,-14250.87057618298,14251.140296352032,-0.04183626408848795,-0.04183626408848795,2.0,0.0,0.03416842574522607,0.03416842574522607,-5.719150993386785,-14243.748817715721,-14249.467968709108
54,15,0.43591972930790635,-7.697603881600564,1.0,1.0,0.9921309416184338,-14250.936102958649,14250.965228324709,0.007900182808953105,0.007900182808953105,1.0,0.0,0.03416842574522607,0.03416842574522607,-5.700511614084382,-14243.8327354712,-14249.533247085285
55,15,0.43876097355917093,-7.661509862286672,3.0,1.0,0.8254097978062908,-14251.65982657266,14252.088960357312,0.14306422390654916,0.3115161891000753,2.0,0.0,0.03416842574522607,0.03416842574522607,-5.589544641663131,-14244.668873045328,-14250.258417686991
56,15,0.4408259003775295,-7.712712371861425,3.0,1.0,0.9304791339012861,-14250.726043550072,14252.584644210187,-0.17611688456963748,-0.17611688456963748,2.0,0.0,0.03416842574522607,0.03416842574522607,-5.747347751695883,-14243.578296127193,-14249.325643878889
57,15,0.4394215291234399,-7.698393964328276,3.0,1.0,0.9720942563340089,-14250.81991953784,14250.984173318928,0.013499828390195034,0.042799235961865634,2.0,0.0,0.03416842574522607,0.03416842574522607,-5.702955204649239,-14243.715882164894,-14249.418837369543
58,15,0.4371068854569404,-7.694063456464843,3.0,1.0,0.9872821818860466,-14250.904372907724,14250.999059033,0.010922717361609102,0.027669466617226135,2.0,0.0,0.03416842574522607,0.03416842574522607,-5.689569351402955,-14243.812560512972,-14249.502129864375
59,15,0.4334269468224024,-7.699621523599864,1.0,1.0,0.8920264550702126,-14251.172716300818,14251.198007493298,0.11425948869145941,0.11425948869145941,1.0,0.0,0.03416842574522607,0.03416842574522607,-5.70675307362832,-14244.061781959259,-14249.768535032887
60,15,0.43753613547032855,-7.6541411455009625,3.0,1.0,0.9156885995843279,-14251.888663140058,14252.28190228545,0.074253651435356,0.1464664883660589,2.0,0.0,0.03416842574522607,0.03416842574522607,-5.567050489181093,-14244.91958828184,-14250.48663877102
61,15,0.45025676680063387,-7.774050617286713,7.0,1.0,0.9982573405123533,-14251.947322327607,14251.986732028448,0.012273630201889318,-0.17148412656570144,3.0,0.0,0.03416842574522607,0.03416842574522607,-5.9398401271383445,-14244.611240975923,-14250.551081103062
62,15,0.44462194145053047,-7.739951628945082,3.0,1.0,0.9051225089966596,-14250.926184531563,14253.239451831087,-0.18946594231420022,-0.18946594231420022,2.0,0.0,0.03416842574522607,0.03416842574522607,-5.832365880758432,-14243.695181512563,-14249.527547393322
63,15,0.44714059448130977,-7.778613850487806,7.0,1.0,0.9267438982469246,-14251.750787245757,14251.969478719098,0.09982549196320178,0.1504342502921645,3.0,0.0,0.03416842574522607,0.03416842574522607,-5.954310879081365,-14244.39894261254,-14250.353253491623
64,15,0.4458263448259072,-7.779793580888188,3.0,1.0,0.9678534369637215,-14251.724955018055,14252.467647411044,-0.0025206386144418502,-0.1484699326902046,2.0,0.0,0.03416842574522607,0.03416842574522607,-5.9580553829281815,-14244.36879668661,-14250.326852069536
65,15,0.44694778674371344,-7.714763687755702,3.0,1.0,0.3896168957296833,-14251.223420649323,14254.765549571688,0.06953057740793156,2.1533292914846243,2.0,0.0,0.03416842574522607,0.03416842574522607,-5.753724406322349,-14244.072079879898,-14249.82580428622
66,15,0.4480162553167222,-7.7231130998749835,3.0,1.0,0.9586552999742634,-14251.307853449396,14251.53209954349,0.020796042377696722,0.10920434280160407,1.0,0.0,0.03416842574522607,0.03416842574522607,-5.779722540333417,-14244.13096846485,-14249.910691005183
67,15,0.4317735116729706,-7.723547876142156,7.0,1.0,0.9084527156659552,-14251.601088633832,14251.888349509629,0.14051995322006405,0.31227366427447123,2.0,0.0,0.03416842574522607,0.03416842574522607,-5.781078242429975,-14244.414921091962,-14250.195999334392
68,15,0.4373068523994789,-7.704555570004703,3.0,1.0,1.0,-14250.814225784014,14251.300722803091,-0.35756827055047324,-0.35756827055047324,1.0,0.0,0.03416842574522607,0.03416842574522607,-5.722033412532574,-14243.690051390255,-14249.412084802787
69,15,0.4410786661019134,-7.681232747432972,3.0,1.0,0.8571425588021419,-14251.195437073035,14252.044310123098,0.10594071209743561,0.20415414652779873,2.0,0.0,0.03416842574522607,0.03416842574522607,-5.650018974166095,-14244.1451395184,-14249.795158492565
70,15,0.43786417733165434,-7.688983317152637,1.0,1.0,1.0,-14250.95196571711,14251.124481515342,-0.09592108876313432,-0.09592108876313432,1.0,0.0,0.03416842574522607,0.03416842574522607,-5.6738902471761135,-14243.87621717488,-14249.550107422056
71,15,0.4284240679835266,-7.597022630974432,3.0,1.0,0.6458911504602937,-14255.241568702344,14255.71005679415,0.6666866381438012,0.6666866381438012,2.0,0.0,0.03416842574522607,0.03416842574522607,-5.394529059490046,-14248.440039941817,-14253.834569001307
72,15,0.4209790856052637,-7.634691286960848,3.0,1.0,0.9127780525545189,-14254.995951680205,14256.40685340273,0.28897012568995706,-0.6418800118044601,2.0,0.0,0.03416842574522607,0.03416842574522607,-5.507937583824266,-14248.076425291467,-14253.584362875292
73,15,0.42912237138940973,-7.801659920761751,7.0,1.0,0.6656742572938852,-14255.60375632944,14258.289597685418,0.9206474832826643,1.2135667561651644,3.0,0.0,0.03416842574522607,0.03416842574522607,-6.027711845461366,-14248.169450928284,-14254.197162773746
74,15,0.43672194600989667,-7.679483927778028,5.0,1.0,0.9215701406490163,-14251.144648068474,14254.18709343325,-1.8215031009294762,-1.8215031009294762,2.0,0.0,0.03416842574522607,0.03416842574522607,-5.644641024683895,-14244.097566584678,-14249.742207609363
75,15,0.4346790364651989,-7.678284247665042,1.0,1.0,0.973987610181936,-14251.266765973682,14251.306261509193,0.026356695972935995,0.026356695972935995,1.0,0.0,0.03416842574522607,0.03416842574522607,-5.640953551242976,-14244.222303422917,-14249.86325697416
76,15,0.4250447049541617,-7.674551046001336,1.0,1.0,0.5406061252177075,-14253.015756056153,14253.016496715769,0.6150643147975643,0.6150643147975643,1.0,0.0,0.03416842574522607,0.03416842574522607,-5.629487965112498,-14245.977244174625,-14251.606732139737
77,15,0.43397943013945495,-7.683678364862178,1.0,1.0,1.0,-14251.23829495231,14252.429142718102,-0.6026002925627836,-0.6026002925627836,1.0,0.0,0.03416842574522607,0.03416842574522607,-5.657544836901998,-14244.176867114482,-14249.834411951384
78,15,0.44210615546972987,-7.704786166798853,3.0,1.0,1.0,-14250.8349225556,14251.215825438829,-0.05543177594518056,-0.07317531041553593,2.0,0.0,0.03416842574522607,0.03416842574522607,-5.722748147453405,-14243.712382575675,-14249.435130723128
79,15,0.43741070683520955,-7.741644659918398,3.0,1.0,0.9212652947047527,-14251.077625750968,14251.373340162942,0.09319356562082248,0.09319356562082248,2.0,0.0,0.03416842574522607,0.03416842574522607,-5.837674596012872,-14243.83786304818,-14249.675537644192
80,15,0.4362491034799313,-7.6910014677499,3.0,1.0,0.9615374365410169,-14250.978591076979,14251.799983547115,-0.10172637872165069,0.1226057981766644,1.0,0.0,0.03416842574522607,0.03416842574522607,-5.680115882954539,-14243.89579053561,-14249.575906418564
81,15,0.44435707212421655,-7.676820546588587,3.0,1.0,0.823353447334131,-14251.673869594528,14251.743683017585,0.29991261743089126,0.29991261743089126,2.0,0.0,0.03416842574522607,0.03416842574522607,-5.636456502093252,-14244.63865686208,-14250.275113364174
82,15,0.44809055467083414,-7.689322161525397,3.0,1.0,0.9391737760768168,-14251.951894730988,14252.431546982772,0.17828497507434804,-0.20475827117843437,2.0,0.0,0.03416842574522607,0.03416842574522607,-5.674935237310008,-14244.879828263167,-14250.554763500477
83,15,0.44406816016041806,-7.713922939148736,3.0,1.0,1.0,-14250.890253456631,14251.615334962324,-0.4448903888478526,-0.49713915191750857,2.0,0.0,0.03416842574522607,0.03416842574522607,-5.751110373346618,-14243.740256286364,-14249.491366659711
84,15,0.44909017560734854,-7.746797345746293,3.0,1.0,0.8867070231525757,-14251.443036860903,14251.825913703464,0.13005799645907246,0.16294089883740526,1.0,0.0,0.03416842574522607,0.03416842574522607,-5.853849138669867,-14244.192472006058,-14250.046321144728
85,15,0.4255787396617492,-7.70755197083798,3.0,1.0,0.6855520030982883,-14252.958438522486,14253.06703262848,0.6864389039728849,0.6864389039728849,2.0,0.0,0.03416842574522607,0.03416842574522607,-5.731324902688866,-14245.818416074984,-14251.549740977673
86,15,0.43440836157328055,-7.690560211143606,3.0,1.0,0.8635968752713709,-14251.118116592908,14254.53843182842,-0.8122198161418055,-0.8122198161418055,2.0,0.0,0.03416842574522607,0.03416842574522607,-5.678754336869249,-14244.035709045993,-14249.714463382863
87,15,0.44407142278503253,-7.756431825947661,7.0,1.0,0.9369184000736005,-14251.114689365435,14251.816284545446,-0.022489140155812493,0.19440153904542967,3.0,0.0,0.03416842574522607,0.03416842574522607,-5.884163494945011,-14243.831640551902,-14249.715804046848
88,15,0.4328313979139182,-7.657301495537798,3.0,1.0,0.8547012662027466,-14251.913972301787,14252.440190606858,0.11038177836053364,0.28169139246529085,2.0,0.0,0.03416842574522607,0.03416842574522607,-5.576691298571477,-14244.932775333866,-14250.509466632437
89,15,0.4385669082448924,-7.649865157262689,3.0,1.0,0.967189930206898,-14252.105076021588,14252.339627870786,0.10361782322797808,-0.13388974444023916,2.0,0.0,0.03416842574522607,0.03416842574522607,-5.5540222672570865,-14245.149548188154,-14250.703570455411
90,15,0.42944013973102957,-7.671075849375053,7.0,1.0,0.9969798087054291,-14252.04187050901,14252.322206824649,0.021368017723943922,-0.27340044985066925,3.0,0.0,0.03416842574522607,0.03416842574522607,-5.618827301598797,-14245.016633098943,-14250.635460400543
91,15,0.43655280046280875,-7.657395476308107,3.0,1.0,1.0,-14251.755938586279,14252.134873432464,-0.1383723285762244,-0.22240474353202444,2.0,0.0,0.03416842574522607,0.03416842574522607,-5.576978144639226,-14244.776432843079,-14250.353410987718
92,15,0.4330920896026764,-7.667605996387185,3.0,1.0,0.956636462454893,-14251.616729371322,14252.560310023144,-0.02491761284545646,-0.1580684202581324,2.0,0.0,0.03416842574522607,0.03416842574522607,-5.608195079612051,-14244.604170992214,-14250.212366071826
93,15,0.436940767398412,-7.718570061422061,3.0,1.0,0.8835893546135326,-14250.841181883565,14252.90413043149,-0.07693787300740951,0.29874384636059403,2.0,0.0,0.03416842574522607,0.03416842574522607,-5.765567925380803,-14243.673285873907,-14249.438853799287
94,15,0.436940767398412,-7.718570061422061,3.0,1.0,0.46870131588737163,-14250.841181883565,14254.22040279226,0.0,1.13769523987321,2.0,0.0,0.03416842574522607,0.03416842574522607,-5.765567925380803,-14243.673285873907,-14249.438853799287
95,15,0.43971103452465576,-7.674939941424659,3.0,1.0,0.9310154063065158,-14251.282471267396,14251.61864158093,0.06875708823645255,0.13771170497057028,2.0,0.0,0.03416842574522607,0.03416842574522607,-5.630681708901218,-14244.250849432397,-14249.881531141298
96,15,0.4419392341699121,-7.685833150554571,3.0,1.0,0.9973720701021627,-14251.148130522439,14251.407032604176,0.007915031072116108,-0.09746999735398276,2.0,0.0,0.03416842574522607,0.03416842574522607,-5.66418068383044,-14244.084079529806,-14249.748260213637
97,15,0.4404912906727353,-7.695277405207366,1.0,1.0,1.0,-14250.883869703232,14251.076999742503,-0.09236056635927525,-0.09236056635927525,1.0,0.0,0.03416842574522607,0.03416842574522607,-5.693319846340215,-14243.78998906655,-14249.48330891289
98,15,0.43222916821182195,-7.718228818897041,3.0,1.0,0.3690582600904652,-14251.443047499632,14253.944248023117,0.2691361252218485,1.9861296966901136,2.0,0.0,0.03416842574522607,0.03416842574522607,-5.764505559169143,-14244.273705184203,-14250.038210743372
99,15,0.4316231201797342,-7.719530196900267,3.0,1.0,0.9815943284766125,-14251.573225649056,14251.871533572914,0.0568000229086465,-0.15466875744095887,2.0,0.0,0.03416842574522607,0.03416842574522607,-5.768557671989119,-14244.399494939085,-14250.168052611074
100,15,0.45333781439132464,-7.733290861269455,3.0,1.0,0.908390877564684,-14252.342707517308,14252.747825849281,0.2646016196540586,0.2646016196540586,2.0,0.0,0.03416842574522607,0.03416842574522607,-5.811508012766042,-14245.136157556337,-14250.947665569103
101,15,0.44540965709366326,-7.6736893443764504,7.0,1.0,1.0,-14251.949993764109,14252.241922604766,-0.16886442847680883,-0.6011048627933633,3.0,0.0,0.03416842574522607,0.03416842574522607,-5.626843445902876,-14244.924863916985,-14250.551707362889
102,15,0.4342655141925263,-7.741292779517333,3.0,1.0,1.0,-14251.488819704096,14251.90470750994,-0.12848058745839808,-0.4081361408043449,2.0,0.0,0.03416842574522607,0.03416842574522607,-5.836570994026963,-14244.248519144789,-14250.085090138815
103,15,0.4375663180498502,-7.73368541906518,1.0,1.0,1.0,-14250.933471451584,14251.315346529478,-0.23695922289152804,-0.23695922289152804,1.0,0.0,0.03416842574522607,0.03416842574522607,-5.81274231500237,-14243.718720085415,-14249.531462400417
104,15,0.42816125634999286,-7.745141806415653,3.0,1.0,0.6200588963540931,-14253.055955338425,14253.102258369287,0.9212929388559132,0.9212929388559132,2.0,0.0,0.03416842574522607,0.03416842574522607,-5.848649421749918,-14245.800152285443,-14251.648801707193
105,15,0.4620884237604149,-7.771288252348971,3.0,1.0,0.8936508991631592,-14255.026175787374,14255.05658942431,0.3842624356129818,-0.8751596833226358,2.0,0.0,0.03416842574522607,0.03416842574522607,-5.931090338273053,-14247.703025347548,-14253.634115685822
106,15,0.4444891235443424,-7.766126831932828,3.0,1.0,1.0,-14251.327539787895,14253.830567247313,-1.2959972093831311,-1.2959972093831311,2.0,0.0,0.03416842574522607,0.03416842574522607,-5.914761991975775,-14244.01408101211,-14249.928843004085
107,15,0.4513166415931295,-7.750664178900693,3.0,1.0,0.8630380174319722,-14251.840990331391,14251.978364313292,0.24685397630491934,0.24685397630491934,2.0,0.0,0.03416842574522607,0.03416842574522607,-5.866004762929306,-14244.579165705918,-14250.445170468847
108,15,0.44613237749244095,-7.784261806459017,3.0,1.0,0.9852445072215329,-14251.871155414392,14252.241794407,-0.17520159612649877,-0.2992686360521475,2.0,0.0,0.03416842574522607,0.03416842574522607,-5.972250298878902,-14244.500935985703,-14250.473186284582
109,15,0.42999991500233214,-7.663051719660619,7.0,1.0,0.9018765901380548,-14252.101498293121,14252.330091607853,0.10706459309403726,0.19068668004547362,3.0,0.0,0.03416842574522607,0.03416842574522607,-5.594258270192401,-14245.10115098593,-14250.695409256123
110,15,0.43525813937105773,-7.640800749521455,3.0,1.0,0.9968569550498021,-14252.421765991365,14252.642265514845,0.009473870577494381,-0.19181434806159814,2.0,0.0,0.03416842574522607,0.03416842574522607,-5.526464992333619,-14245.492098462892,-14251.018563455225
111,15,0.434561281691977,-7.651535689615141,1.0,1.0,1.0,-14252.00139257806,14252.441088000522,-0.08847876380968955,-0.08847876380968955,1.0,0.0,0.03416842574522607,0.03416842574522607,-5.559109924049118,-14245.038710992789,-14250.597820916837
112,15,0.434561281691977,-7.651535689615141,1.0,1.0,0.447556862886464,-14252.00139257806,14253.824877250157,0.0,0.8039516814369563,1.0,0.0,0.03416842574522607,0.03416842574522607,-5.559109924049118,-14245.038710992789,-14250.597820916837
113,15,0.4360641905662617,-7.703884325904148,3.0,1.0,0.9123195477965753,-14250.893421412153,14252.28329785679,-0.14616002632828895,0.19648432636313373,2.0,0.0,0.03416842574522607,0.03416842574522607,-5.719953193662526,-14243.770687551068,-14249.49064074473
114,15,0.43409967048625353,-7.717377029147224,3.0,1.0,0.930599091806562,-14251.13688115116,14251.228114824267,0.12597787014965434,0.12597787014965434,2.0,0.0,0.03416842574522607,0.03416842574522607,-5.761854250507942,-14243.97120847235,-14249.733062722858
115,15,0.4433252197786771,-7.707617559103399,3.0,1.0,0.9607615578862395,-14250.887714435145,14251.351551868309,-0.1021921765350271,0.11774851808331732,2.0,0.0,0.03416842574522607,0.03416842574522607,-5.731528384679711,-14243.756960315513,-14249.488488700194
116,15,0.447761810004054,-7.70539906350605,3.0,1.0,0.7616377834500921,-14251.499591433014,14251.901599627643,0.26777963981658104,0.42944234554488503,2.0,0.0,0.03416842574522607,0.03416842574522607,-5.724648079702805,-14244.377673669098,-14250.1023217488
117,15,0.4449370283863058,-7.712800355047744,1.0,1.0,1.0,-14250.985473018893,14251.373490087975,-0.22305575643076736,-0.22305575643076736,1.0,0.0,0.03416842574522607,0.03416842574522607,-5.7476211670295365,-14243.839355626485,-14249.586976793515
118,15,0.4608391752092814,-7.749380885650093,3.0,1.0,0.48805592826065175,-14254.650747454805,14255.456498682728,1.3387288376779907,1.3387288376779907,2.0,0.0,0.03416842574522607,0.03416842574522607,-5.861968995139182,-14247.396330925754,-14253.258299920893
119,15,0.4371018974744835,-7.731533098862722,3.0,1.0,0.9958509354649734,-14250.945196577812,14253.984837137672,-1.3527251076848188,-1.3527251076848188,2.0,0.0,0.03416842574522607,0.03416842574522607,-5.806011064703648,-14243.73693991963,-14249.542950984334
120,15,0.43933105064818206,-7.6789003906492,3.0,1.0,0.9223113234473788,-14251.165326079683,14251.436378047558,-0.006161784069263376,0.1574106053722062,2.0,0.0,0.03416842574522607,0.03416842574522607,-5.642847218727684,-14244.121352156812,-14249.764199375539
121,15,0.43416414579121415,-7.68122834800026,3.0,1.0,0.9787970126883936,-14251.25741869542,14251.626675937361,0.005438930302261724,0.05994619757257169,2.0,0.0,0.03416842574522607,0.03416842574522607,-5.650005441245514,-14244.203629400823,-14249.85363484207
122,15,0.4459963670788232,-7.74887441641828,3.0,1.0,0.8292160989261301,-14251.105802387447,14253.286305944654,0.014078865207920899,0.2967807318764244,1.0,0.0,0.03416842574522607,0.03416842574522607,-5.860376677417007,-14243.847397202833,-14249.70777388025
123,15,0.42439390192002896,-7.741139874769192,3.0,1.0,0.4652687054819206,-14254.22970199495,14255.047725289596,1.4372311432634888,1.6527887032061699,1.0,0.0,0.03416842574522607,0.03416842574522607,-5.83609147768159,-14246.984185566489,-14252.820277044171
124,15,0.44814085125998887,-7.604261507571008,3.0,1.0,0.8612913220082636,-14256.937175431214,14256.968051169008,0.5380701310459699,-1.4229510691311589,2.0,0.0,0.03416842574522607,0.03416842574522607,-5.416212910801656,-14250.123852393976,-14255.540065304776
125,15,0.4210694283608877,-7.680295900136544,3.0,1.0,0.8855737506185767,-14254.320540269477,14258.071138419744,-0.8037120179778867,-0.8037120179778867,2.0,0.0,0.03416842574522607,0.03416842574522607,-5.64713761211319,-14247.261872392026,-14252.90901000414
126,15,0.45041784652329186,-7.724670294552353,3.0,1.0,0.4998944869052657,-14251.739307196289,14256.169539552746,-0.8340689209198899,1.745448373410909,2.0,0.0,0.03416842574522607,0.03416842574522607,-5.784578996870894,-14244.558551609754,-14250.343130606625
127,15,0.4376880629956213,-7.688560807322894,3.0,1.0,0.9571827370309816,-14250.961306159605,14252.30512560093,-0.3874061142796563,-0.3874061142796563,1.0,0.0,0.03416842574522607,0.03416842574522607,-5.672587395072384,-14243.88677142224,-14249.559358817312
128,15,0.43834008293374166,-7.674551258079068,3.0,1.0,0.7119988324407379,-14251.249854784446,14252.142990191127,0.059465928134159185,0.6050414672681654,2.0,0.0,0.03416842574522607,0.03416842574522607,-5.62948861605985,-14244.218747201528,-14249.848235817588
129,15,0.4394352752127191,-7.771547191413535,7.0,1.0,0.5377963618720397,-14251.675681522895,14253.887973408073,0.18709174941614037,1.4449220082751708,3.0,0.0,0.03416842574522607,0.03416842574522607,-5.931910203448174,-14244.34269591134,-14250.274606114788
130,15,0.4414277257151435,-7.750670179386127,1.0,1.0,1.0,-14251.003615520873,14251.49195100474,-0.19896831994083186,-0.19896831994083186,1.0,0.0,0.03416842574522607,0.03416842574522607,-5.866023637438195,-14243.737479648436,-14249.603503285874
131,15,0.43021141137831975,-7.68033739083978,7.0,1.0,0.8983978333061253,-14251.782538220112,14251.843286907426,0.2168065045352705,0.22735131548506615,3.0,0.0,0.03416842574522607,0.03416842574522607,-5.647265202102348,-14244.729304597153,-14250.376569799255
132,15,0.43608439046511394,-7.677764326742949,3.0,1.0,1.0,-14251.200329317053,14251.608960054404,-0.2073463684246235,-0.24343694681010675,2.0,0.0,0.03416842574522607,0.03416842574522607,-5.639355910105215,-14244.158203241534,-14249.797559151639
133,15,0.4415736104156094,-7.737081318694783,3.0,1.0,0.9078856059202347,-14250.806102017037,14252.241373780298,-0.039931237462951685,0.19206845552798768,1.0,0.0,0.03416842574522607,0.03416842574522607,-5.823372204790732,-14243.582686798054,-14249.406059002844
134,15,0.4314705883108473,-7.676936424740557,3.0,1.0,0.8686419463521364,-14251.627768990824,14251.833123305967,0.18081040292781836,0.18081040292781836,2.0,0.0,0.03416842574522607,0.03416842574522607,-5.636812445974409,-14244.585698381034,-14250.222510827009
135,15,0.4467976258168264,-7.756275829482449,3.0,1.0,0.9127522711000684,-14251.265135299009,14252.291995682564,-0.09029718853162194,0.1886347429608577,2.0,0.0,0.03416842574522607,0.03416842574522607,-5.8836719214356705,-14243.983782464547,-14249.867454385983
136,15,0.45355004914389097,-7.750205123407577,3.0,1.0,0.8010308548092318,-14252.32257007251,14252.364364636189,0.42320307402769686,0.42320307402769686,2.0,0.0,0.03416842574522607,0.03416842574522607,-5.864560911999268,-14245.063046950152,-14250.927607862151
137,15,0.44140713766995193,-7.705088600464327,7.0,1.0,0.9824280653528324,-14250.797070337967,14252.181864219654,-0.5001269762178708,-0.5001269762178708,3.0,0.0,0.03416842574522607,0.03416842574522607,-5.723685621409104,-14243.673262698456,-14249.396948319865
138,15,0.43546929478239305,-7.673074275741656,3.0,1.0,0.8017640279523898,-14251.327719153258,14251.748611149489,0.06113213258686301,0.33100013909643167,2.0,0.0,0.03416842574522607,0.03416842574522607,-5.624956285167999,-14244.29967137403,-14249.924627659198
139,15,0.4453190762787471,-7.729880881104871,3.0,1.0,0.6481621312651205,-14250.941087766294,14252.436018528622,-0.0077169452742964495,0.7884162403461232,2.0,0.0,0.03416842574522607,0.03416842574522607,-5.80084699729327,-14243.741914297814,-14249.542761295108
140,15,0.43395513386687595,-7.71182880914942,3.0,1.0,0.958245974576876,-14251.119819525196,14251.157324760083,0.08332128928304883,0.08332128928304883,2.0,0.0,0.03416842574522607,0.03416842574522607,-5.744602433635996,-14243.971321028013,-14249.71592346165
141,15,0.43421005687450065,-7.725616714961666,3.0,1.0,0.9379966604749487,-14251.210548501938,14251.434804501543,0.056540885134381824,0.14045572738177725,1.0,0.0,0.03416842574522607,0.03416842574522607,-5.78753180329629,-14244.0192574438,-14249.806789247097
142,15,0.44039355257715346,-7.784580687909439,3.0,1.0,0.842191135376067,-14252.070143492532,14253.251462259183,0.12366777246461425,0.38635215360955044,1.0,0.0,0.03416842574522607,0.03416842574522607,-5.973264103068551,-14244.696271360526,-14250.669535463594
143,15,0.44901962935531414,-7.7277398922988105,3.0,1.0,1.0,-14251.44350218063,14252.212509610164,-0.04188134332980553,-0.1624514645391173,2.0,0.0,0.03416842574522607,0.03416842574522607,-5.79415931858938,-14244.252598092356,-14250.046757410946
144,15,0.4545881209128687,-7.741320876377806,1.0,1.0,0.6653606159061906,-14252.615674276973,14252.873259618527,0.40742610574852733,0.40742610574852733,1.0,0.0,0.03416842574522607,0.03416842574522607,-5.836659109620616,-14245.384437640289,-14251.221096749909
145,15,0.4438520832319532,-7.7731668642284255,3.0,1.0,0.9836726963548162,-14251.505401273404,14252.393428292784,-0.5675903946957988,-0.5675903946957988,2.0,0.0,0.03416842574522607,0.03416842574522607,-5.93704000987557,-14244.169376362837,-14250.106416372713
146,15,0.4438520832319532,-7.7731668642284255,3.0,1.0,0.48864508686437463,-14251.505401273404,14256.877998248083,0.0,1.153489374979472,2.0,0.0,0.03416842574522607,0.03416842574522607,-5.93704000987557,-14244.169376362837,-14250.106416372713
147,15,0.44874323763658225,-7.777719483018593,3.0,1.0,0.9533185311649901,-14251.853160886267,14252.36898524475,0.04843653548050497,-0.12226048113916477,2.0,0.0,0.03416842574522607,0.03416842574522607,-5.951473054249041,-14244.50482883842,-14250.45630189267
148,15,0.42893448720559413,-7.710651299507399,7.0,1.0,0.3112786570606821,-14252.05726680286,14257.876758015576,0.3522919845308934,4.12274455772058,2.0,0.0,0.03416842574522607,0.03416842574522607,-5.740945006417233,-14244.909619371783,-14250.6505643782
149,15,0.4429649385946815,-7.67995517666914,3.0,1.0,0.7741198386986934,-14251.398693371064,14253.203557916662,-0.31516486349755723,0.6491278309313202,2.0,0.0,0.03416842574522607,0.03416842574522607,-5.6460899026634035,-14244.353211716778,-14249.999301619442
150,15,0.4400006499875034,-7.698019135232469,3.0,1.0,1.0,-14250.832462131182,14251.20421003593,-0.20219283288679435,-0.20604907456799992,2.0,0.0,0.03416842574522607,0.03416842574522607,-5.701795844625701,-14243.729867555785,-14249.43166340041
51,16,0.4285650133328458,-7.687942967910102,1.0,1.0,3.83823028191678e-89,-14252.054341803994,14253.886580049877,0.0,203.5850618801851,1.0,0.0,0.08750855096691436,0.08750855096691436,-5.670682545684261,-14244.97674186759,-14250.647424413273
52,16,0.4459545779942697,-7.673337712332885,3.0,1.0,0.9647816212571715,-14252.060995580117,14252.803356507078,0.11166382453302504,-0.24814891991809418,2.0,0.0,0.039637977691287095,0.039637977691287095,-5.62576451806304,-14245.037184280427,-14250.66294879849
53,16,0.4344806547659899,-7.759088473969308,3.0,1.0,1.0,-14251.958469030089,14252.120792136451,-0.03290046907750366,-0.6818654803009849,2.0,0.0,0.039637977691287095,0.039637977691287095,-5.892538816835858,-14244.662315580075,-14250.55485439691
54,16,0.44240910850987075,-7.678342282729331,5.0,1.0,0.8752368221894635,-14251.385925718347,14252.20829997618,-0.3739266315715213,-0.6376609069338883,2.0,0.0,0.039637977691287095,0.039637977691287095,-5.641131901299149,-14244.345143822045,-14249.986275723344
55,16,0.43627073906977526,-7.719791510921986,7.0,1.0,0.9826470371941516,-14250.9049840437,14251.347050241831,-0.17293656156471116,-0.27676052118295047,2.0,0.0,0.039637977691287095,0.039637977691287095,-5.76937153207116,-14243.732939067899,-14249.50231059997
56,16,0.43823473104369537,-7.6850159323640295,3.0,1.0,0.9779574740757755,-14251.0168689822,14251.16680446923,-0.045554085623734863,-0.0726161956336,1.0,0.0,0.039637977691287095,0.039637977691287095,-5.661663443939654,-14243.953533754495,-14249.615197198435
57,16,0.4398184308544198,-7.7372890526242255,3.0,1.0,0.9693709430724371,-14250.842985693433,14251.082550441262,-0.014295798526291037,0.07016763691353844,2.0,0.0,0.039637977691287095,0.039637977691287095,-5.824022830573686,-14243.618075251286,-14249.44209808186
58,16,0.43516928338777183,-7.704157707213232,3.0,1.0,0.9297410800911017,-14250.968975147289,14251.289849013681,0.05412147852621274,0.15485826439180528,1.0,0.0,0.039637977691287095,0.039637977691287095,-5.720800361559246,-14243.844925410001,-14249.565725771561
59,16,0.43947362859251865,-7.72967862529118,3.0,1.0,1.0,-14250.77495555157,14251.062585554766,-0.0763198745680711,-0.0763198745680711,2.0,0.0,0.039637977691287095,0.039637977691287095,-5.800215026842787,-14243.57368397008,-14249.373898996922
60,16,0.43569487110505584,-7.72451379752643,3.0,1.0,0.8760542946235285,-14251.005040074455,14251.075675203312,0.14189252484175086,0.19557183708820958,2.0,0.0,0.039637977691287095,0.039637977691287095,-5.784090816627197,-14243.817975975182,-14249.60206679181
61,16,0.4439145224742812,-7.697505327518392,5.0,1.0,0.9935420923927758,-14251.09136021769,14251.096717007507,0.03282234598918876,-0.16627738188617514,2.0,0.0,0.039637977691287095,0.039637977691287095,-5.700206846976285,-14243.99219685869,-14249.692403705665
62,16,0.4405455426657194,-7.693668418175978,3.0,1.0,0.978298745119999,-14250.910910868282,14251.078138663652,-0.13577704292401904,-0.13577704292401904,2.0,0.0,0.039637977691287095,0.039637977691287095,-5.688349198318525,-14243.822027066175,-14249.510376264494
63,16,0.43443922018727904,-7.665673477226273,3.0,1.0,0.8007662626582387,-14251.563628502596,14252.102003807944,0.10145853778703895,0.40481476010609185,2.0,0.0,0.039637977691287095,0.039637977691287095,-5.602278731044544,-14244.55771303357,-14250.159991764614
64,16,0.4388224003084409,-7.701412441929824,3.0,1.0,0.9840003952911985,-14250.79048289763,14251.697330065854,-0.15454853666597046,-0.16012282054362004,2.0,0.0,0.039637977691287095,0.039637977691287095,-5.712296586944249,-14243.676807961248,-14249.389104548192
65,16,0.4388224003084409,-7.701412441929824,1.0,1.0,0.03711010114412876,-14250.79048289763,14253.25977510254,0.0,3.2938660783911473,1.0,0.0,0.039637977691287095,0.039637977691287095,-5.712296586944249,-14243.676807961248,-14249.389104548192
66,16,0.43432599143166617,-7.710905031842282,7.0,1.0,0.4447102372414063,-14251.068187104413,14252.090298536168,0.1702321645570919,1.4280299955444207,2.0,0.0,0.039637977691287095,0.039637977691287095,-5.741732999581151,-14243.922756887025,-14249.664489886605
67,16,0.4322074033689866,-7.672202571457123,3.0,1.0,0.9082426185030172,-14251.612247260337,14251.855766997538,0.04584574091859395,0.19765555227240839,2.0,0.0,0.039637977691287095,0.039637977691287095,-5.622282359962604,-14244.585116121098,-14250.20739848106
68,16,0.44167242184857236,-7.644872629121398,3.0,1.0,0.3287865742011867,-14252.628270367788,14254.889025543738,0.4710020864386024,1.8502845851817256,2.0,0.0,0.039637977691287095,0.039637977691287095,-5.538834004599971,-14245.689440133241,-14251.22827413784
69,16,0.43729387960196897,-7.699720676088321,5.0,1.0,0.40691694969490805,-14250.844059878604,14254.389898208161,-0.6496885394462879,2.743432242052222,2.0,0.0,0.039637977691287095,0.039637977691287095,-5.707059901094459,-14243.734852385207,-14249.441912286302
70,16,0.440692225991556,-7.774678750298089,3.0,1.0,0.7795292584523034,-14251.675007761107,14252.181354198628,0.28550394375452015,0.28550394375452015,2.0,0.0,0.039637977691287095,0.039637977691287095,-5.941830802821887,-14244.33271303314,-14250.274543835962
71,16,0.4372143379247935,-7.671534621888439,7.0,1.0,0.9774850122861464,-14251.32166549194,14251.602449791231,-0.17352719447080744,-0.2985030294985336,2.0,0.0,0.039637977691287095,0.039637977691287095,-5.620233960081903,-14244.299243373403,-14249.919477333486
72,16,0.4372143379247935,-7.671534621888439,1.0,1.0,0.00995064622248813,-14251.32166549194,14254.710390656866,0.0,4.610117782936868,1.0,0.0,0.039637977691287095,0.039637977691287095,-5.620233960081903,-14244.299243373403,-14249.919477333486
73,16,0.4372143379247935,-7.671534621888439,1.0,1.0,0.1122078502978871,-14251.32166549194,14253.417326576215,0.0,2.1874023213367764,1.0,0.0,0.039637977691287095,0.039637977691287095,-5.620233960081903,-14244.299243373403,-14249.919477333486
74,16,0.4404809148248475,-7.6683981674978465,1.0,1.0,0.8700603872869141,-14251.525280857864,14251.68926875659,0.13919265906770306,0.13919265906770306,1.0,0.0,0.039637977691287095,0.039637977691287095,-5.610621366556839,-14244.514093689913,-14250.12471505647
75,16,0.43988216146425985,-7.77321293863353,3.0,1.0,0.9682081118723515,-14251.691109225229,14251.957432830948,0.07428423999226652,-0.22159891999581305,2.0,0.0,0.039637977691287095,0.039637977691287095,-5.937185974499319,-14244.353066756505,-14250.290252731003
76,16,0.4539816147975669,-7.719769590314251,7.0,1.0,0.1973246583262028,-14252.710102182891,14255.304215774806,0.7520049096820003,3.546635395667181,2.0,0.0,0.039637977691287095,0.039637977691287095,-5.769303257919109,-14245.545997715899,-14251.315300973818
77,16,0.44192472543493705,-7.734629933528053,7.0,1.0,1.0,-14250.785689803959,14251.632949269328,-1.1005790492654342,-1.1005790492654342,2.0,0.0,0.039637977691287095,0.039637977691287095,-5.815697688941115,-14243.57011497412,-14249.38581266306
78,16,0.4492645946564137,-7.7233934192765,1.0,1.0,0.6534948313084161,-14251.522619153964,14251.541432996506,0.42542065519410244,0.42542065519410244,1.0,0.0,0.039637977691287095,0.039637977691287095,-5.780596599514484,-14244.345378494065,-14250.125975093579
79,16,0.4484079261109219,-7.7114369527222015,3.0,1.0,0.8972623047447508,-14251.513812517522,14252.012787882197,0.024629264398754458,0.33391401736480475,1.0,0.0,0.039637977691287095,0.039637977691287095,-5.743385146263066,-14244.373428957273,-14250.116814103536
80,16,0.44097903233857455,-7.697169502587293,3.0,1.0,0.9553905135796779,-14250.87520541504,14251.349311516658,-0.4025912190518284,-0.4025912190518284,2.0,0.0,0.039637977691287095,0.039637977691287095,-5.699168420129641,-14243.775710747232,-14249.474879167361
81,16,0.4526255026020471,-7.799197569127102,3.0,1.0,0.5297077705336202,-14252.910756871359,14254.9625598664,0.48926368711545365,0.801319554742804,1.0,0.0,0.039637977691287095,0.039637977691287095,-6.019843995325593,-14245.495600603486,-14251.515444598812
82,16,0.449816025127582,-7.804128372114435,3.0,1.0,1.0,-14252.761018725963,14253.17990385645,-0.08977854728982493,-0.40962548938659893,2.0,0.0,0.039637977691287095,0.039637977691287095,-6.035605271497047,-14245.328994284682,-14251.36459955618
83,16,0.46692835432646523,-7.7596429012391255,1.0,1.0,0.05813348310975188,-14257.28392196135,14257.939838727985,2.8450134797494684,2.8450134797494684,1.0,0.0,0.039637977691287095,0.039637977691287095,-5.89428758883629,-14249.998955478371,-14255.893243067208
84,16,0.454044690599563,-7.717322960677101,3.0,1.0,0.7640903387536401,-14252.776333065156,14256.860116333544,-2.053718710987596,-2.053718710987596,2.0,0.0,0.039637977691287095,0.039637977691287095,-5.761685979706924,-14245.619869279606,-14251.381555259313
85,16,0.44731064501328727,-7.682657088339401,3.0,1.0,0.820649512149456,-14251.998744469114,14253.435597308726,-0.4617112864252704,-0.9718746349190042,1.0,0.0,0.039637977691287095,0.039637977691287095,-5.654401350276605,-14244.946881968037,-14250.601283318314
86,16,0.45160879378576624,-7.723995851898225,7.0,1.0,0.9450629559696855,-14252.013584146818,14252.187050120176,0.007778368608342134,-0.6863248832432873,2.0,0.0,0.039637977691287095,0.039637977691287095,-5.7824753003745695,-14244.835403505285,-14250.61787880566
87,16,0.4432808942760683,-7.687975166116702,7.0,1.0,1.0,-14251.223664047802,14251.563993500846,-0.46617129680998914,-0.6867731695019756,2.0,0.0,0.039637977691287095,0.039637977691287095,-5.670781805957557,-14244.15363614005,-14249.824417946007
88,16,0.44398984350422016,-7.6896212493861364,3.0,1.0,0.8763011039192227,-14251.26532702933,14251.52834133871,0.03542919922801957,0.2039657674231421,2.0,0.0,0.039637977691287095,0.039637977691287095,-5.67585771445334,-14244.190547005255,-14249.866404719709
89,16,0.4450510543834272,-7.7277040717183585,3.0,1.0,0.9507099423103527,-14250.917286118882,14251.447036287183,-0.18273458670228138,-0.2120748559045751,1.0,0.0,0.039637977691287095,0.039637977691287095,-5.794047466971555,-14243.724793218118,-14249.51884068509
90,16,0.4405702755673149,-7.689834961309217,3.0,1.0,0.9954707636142622,-14250.978646535083,14251.107827070033,-0.006622778084420133,-0.062081046591629274,2.0,0.0,0.039637977691287095,0.039637977691287095,-5.676516921258141,-14243.901606940051,-14249.578123861309
91,16,0.4405702755673149,-7.689834961309217,1.0,1.0,0.22725257729721524,-14250.978646535083,14252.347900606652,0.0,1.481693204746989,1.0,0.0,0.039637977691287095,0.039637977691287095,-5.676516921258141,-14243.901606940051,-14249.578123861309
92,16,0.4405702755673149,-7.689834961309217,3.0,1.0,0.8260962858463373,-14250.978646535083,14251.444682032916,0.0,0.3439206835519144,1.0,0.0,0.039637977691287095,0.039637977691287095,-5.676516921258141,-14243.901606940051,-14249.578123861309
93,16,0.44187200523018577,-7.7382312308502375,7.0,1.0,0.9678763363179712,-14250.818558239363,14251.339674730969,-0.06252524552473915,0.08541900255841028,2.0,0.0,0.039637977691287095,0.039637977691287095,-5.826974288621016,-14243.591681969378,-14249.418656257998
94,16,0.44187200523018577,-7.7382312308502375,1.0,1.0,0.749154304204834,-14250.818558239363,14251.047413960978,0.0,0.28881030305819877,1.0,0.0,0.039637977691287095,0.039637977691287095,-5.826974288621016,-14243.591681969378,-14249.418656257998
95,16,0.44187200523018577,-7.7382312308502375,1.0,1.0,0.09209845899518862,-14250.818558239363,14252.708752499022,0.0,2.3848970677263424,1.0,0.0,0.039637977691287095,0.039637977691287095,-5.826974288621016,-14243.591681969378,-14249.418656257998
96,16,0.44314910096597293,-7.780170645198403,5.0,1.0,0.549907361671817,-14251.73528971586,14252.601029144953,0.22312200716260122,1.1346938384704117,2.0,0.0,0.039637977691287095,0.039637977691287095,-5.95925249119752,-14244.376730469483,-14250.33598296068
97,16,0.4318187210166747,-7.724420757908085,3.0,1.0,0.7622400670298436,-14251.605861054004,14253.110213592508,0.25576083678242867,0.31409931646703626,1.0,0.0,0.039637977691287095,0.039637977691287095,-5.783800598416279,-14244.416996291466,-14250.200796889882
98,16,0.44853534838915277,-7.725357523300851,3.0,1.0,1.0,-14251.376385638168,14251.569584503257,-0.1630800153106975,-0.3394475110089843,2.0,0.0,0.039637977691287095,0.039637977691287095,-5.78672304316812,-14244.192717271766,-14249.979440314934
99,16,0.44508474038748336,-7.727729127184684,1.0,1.0,1.0,-14250.920291578152,14251.237807018177,-0.25470527806828613,-0.25470527806828613,1.0,0.0,0.039637977691287095,0.039637977691287095,-5.794125703828068,-14243.72773542494,-14249.521861128767
100,16,0.4340812090191875,-7.689600911602593,3.0,1.0,0.8576145924704427,-14251.159018075456,14251.956129726035,0.02376370308957121,0.3091804331361345,2.0,0.0,0.039637977691287095,0.039637977691287095,-5.675794983762075,-14244.079394756956,-14249.75518974072
101,16,0.44938190487247975,-7.8031216482068215,7.0,1.0,0.6519993490780204,-14252.690554501807,14253.158286961016,0.25849700271828624,0.694896772656648,2.0,0.0,0.039637977691287095,0.039637977691287095,-6.032385310558132,-14245.261573183692,-14251.29395849425
102,16,0.44938190487247975,-7.8031216482068215,1.0,1.0,0.543011884418898,-14252.690554501807,14253.474950971302,0.0,0.6106240726967371,1.0,0.0,0.039637977691287095,0.039637977691287095,-6.032385310558132,-14245.261573183692,-14251.29395849425
103,16,0.43895728566078257,-7.821859098217906,5.0,1.0,0.6960736742076354,-14254.2204655312,14254.552780777965,0.8642706494447339,0.8642706494447339,2.0,0.0,0.039637977691287095,0.039637977691287095,-6.092482312235788,-14246.72667181243,-14252.819154124665
104,16,0.42594478733378277,-7.657201480050149,3.0,1.0,1.0,-14253.026933750003,14253.746923200697,-0.5135545280154474,-0.9020577463088557,2.0,0.0,0.039637977691287095,0.039637977691287095,-5.576386043171732,-14246.042072460546,-14251.618458503719
105,16,0.4288293066976295,-7.622815227610918,1.0,1.0,1.0,-14253.695069672229,14254.121820935634,-0.09630030962580349,-0.09630030962580349,1.0,0.0,0.039637977691287095,0.039637977691287095,-5.47202933182009,-14246.816276838174,-14252.288306169994
106,16,0.438935014901786,-7.716994853790682,3.0,1.0,0.8464068664303389,-14250.730706080845,14253.786694766419,-0.5862568716111127,-0.5862568716111127,2.0,0.0,0.039637977691287095,0.039637977691287095,-5.760664914777027,-14243.568718717164,-14249.32938363194
107,16,0.44086294964072564,-7.705357070155166,3.0,1.0,0.9396507364904002,-14250.77521733376,14251.108192114325,0.014368502059369348,0.08826301138833514,2.0,0.0,0.039637977691287095,0.039637977691287095,-5.724517891585453,-14243.650317553262,-14249.374835444847
108,16,0.4469170403630264,-7.705607798030363,1.0,1.0,0.7062936529049593,-14251.351222384816,14251.427884593131,0.34772418900865887,0.34772418900865887,1.0,0.0,0.039637977691287095,0.039637977691287095,-5.725295226287867,-14244.228297593621,-14249.95359281991
109,16,0.44354920617552707,-7.718516309218001,1.0,1.0,1.0,-14250.821018642377,14251.1405545342,-0.3115167045780254,-0.3115167045780254,1.0,0.0,0.039637977691287095,0.039637977691287095,-5.765400574720028,-14243.656495000956,-14249.421895575677
110,16,0.44354920617552707,-7.718516309218001,1.0,1.0,0.0006015835533429021,-14250.821018642377,14256.593518594373,0.0,7.4159451238956535,1.0,0.0,0.039637977691287095,0.039637977691287095,-5.765400574720028,-14243.656495000956,-14249.421895575677
111,16,0.43840652809757685,-7.766812738610241,3.0,1.0,0.6178358294201275,-14251.625036974263,14253.120586070716,0.32203122089777025,0.6511568577334401,2.0,0.0,0.039637977691287095,0.039637977691287095,-5.916930348480227,-14244.306520922613,-14250.223451271093
112,16,0.4426008956265212,-7.742379440157566,1.0,1.0,1.0,-14250.871867387566,14251.299077891048,-0.3339420845168206,-0.3339420845168206,1.0,0.0,0.039637977691287095,0.039637977691287095,-5.83997948542797,-14243.6323273036,-14249.472306789028
113,16,0.4426008956265212,-7.742379440157566,7.0,1.0,0.44300832407565194,-14250.871867387566,14252.62812193007,0.0,1.756575067565791,2.0,0.0,0.039637977691287095,0.039637977691287095,-5.83997948542797,-14243.6323273036,-14249.472306789028
114,16,0.4400892848870766,-7.752505752214504,3.0,1.0,0.9501000021354487,-14251.09301896755,14251.108490569739,0.09871375852526398,0.09871375852526398,2.0,0.0,0.039637977691287095,0.039637977691287095,-5.871799116421542,-14243.820464253407,-14249.692263369829
115,16,0.4427640930410066,-7.768215081427046,3.0,1.0,0.977966614724823,-14251.379126717238,14251.457674643705,0.022447890856710728,0.0448952206515969,2.0,0.0,0.039637977691287095,0.039637977691287095,-5.921365038485889,-14244.058276909249,-14249.979641947735
116,16,0.4452160253842874,-7.774327912941697,3.0,1.0,0.6531618692067274,-14251.552725409518,14252.812815305322,0.006613887220737524,0.9102582580271701,2.0,0.0,0.039637977691287095,0.039637977691287095,-5.940718882359547,-14244.213634386919,-14250.154353269278
117,16,0.43536081343295446,-7.628492858756016,7.0,1.0,0.675138872850864,-14253.027753093917,14253.617917327489,0.33280363684752956,0.8535390988927247,2.0,0.0,0.039637977691287095,0.039637977691287095,-5.489178525040969,-14246.135426073664,-14251.624604598705
118,16,0.43305785573102573,-7.749513756732139,3.0,1.0,0.37932477000667514,-14251.933413409415,14254.888800217546,0.2006010231016262,1.9569014770877402,2.0,0.0,0.039637977691287095,0.039637977691287095,-5.862386778644387,-14244.666644668085,-14250.52903144673
119,16,0.44676859207925523,-7.675863196941644,7.0,1.0,0.9917171879103222,-14252.125324719122,14252.151860797458,0.059728438425736385,-0.6771509518912353,2.0,0.0,0.039637977691287095,0.039637977691287095,-5.6335163169641715,-14245.094114986823,-14250.727631303787
120,16,0.4441210857963485,-7.658419390537338,3.0,1.0,0.7582757298014813,-14252.347473731652,14253.036316104473,-0.021829890507433447,0.521089947760629,2.0,0.0,0.039637977691287095,0.039637977691287095,-5.580103885744978,-14245.368507019277,-14250.948610905021
121,16,0.4411473654156948,-7.6750435958234355,3.0,1.0,0.9661910912411543,-14251.36878201631,14252.103884539925,-0.4830339413983893,-0.4830339413983893,2.0,0.0,0.039637977691287095,0.039637977691287095,-5.630999909411716,-14244.337536345618,-14249.96853625503
122,16,0.4405284341554498,-7.765609517801667,3.0,1.0,1.0,-14251.399591662184,14251.598435216309,-0.013818030904076295,-0.21739451388020825,2.0,0.0,0.039637977691287095,0.039637977691287095,-5.913126918241795,-14244.085921884807,-14249.999048803049
123,16,0.43316430171084463,-7.68687816457246,3.0,1.0,0.8839587854460981,-14251.285431074952,14252.888720733808,-0.07910117655774229,0.4279003725569055,1.0,0.0,0.039637977691287095,0.039637977691287095,-5.6674005658399516,-14244.21370654485,-14249.88110711069
124,16,0.4356937317617644,-7.771580045949017,7.0,1.0,0.7781796513479223,-14252.194629626663,14252.20702008848,0.5212618571385974,0.5212618571385974,2.0,0.0,0.039637977691287095,0.039637977691287095,-5.932014233833559,-14244.859641514196,-14250.79165574803
125,16,0.4471803523020798,-7.70854241305367,3.0,1.0,1.0,-14251.3452322929,14252.023524191829,-0.3269629155547591,-0.33605781901314913,2.0,0.0,0.039637977691287095,0.039637977691287095,-5.734398123065659,-14244.21331741179,-14249.947715534856
126,16,0.44584537975962996,-7.721460744974283,3.0,1.0,1.0,-14251.01909626373,14251.326085580175,-0.20216848370910157,-0.28906505702252616,2.0,0.0,0.039637977691287095,0.039637977691287095,-5.774571957217909,-14243.846429704021,-14249.621001661239
127,16,0.44638555064726104,-7.730855020531995,3.0,1.0,0.9365440809948944,-14251.050783313814,14251.208773815408,-0.011194783148312126,0.11476769904584216,2.0,0.0,0.039637977691287095,0.039637977691287095,-5.803891375653549,-14243.84903292679,-14249.652924302443
128,16,0.437790682696026,-7.723076276003244,3.0,1.0,1.0,-14250.808341443972,14251.02431989045,-0.09999938132204989,-0.09999938132204989,2.0,0.0,0.039637977691287095,0.039637977691287095,-5.779607726281463,-14243.626838293758,-14249.406446020039
129,16,0.43761962936130594,-7.698998934499435,3.0,1.0,0.9948608661073696,-14250.837605459008,14250.94427741393,-0.030272338413851685,-0.030272338413851685,1.0,0.0,0.039637977691287095,0.039637977691287095,-5.704826695762307,-14243.730796749282,-14249.435623445044
130,16,0.43761962936130594,-7.698998934499435,1.0,1.0,0.3441519432863591,-14250.837605459008,14251.661098994948,0.0,1.0666720235276443,1.0,0.0,0.039637977691287095,0.039637977691287095,-5.704826695762307,-14243.730796749282,-14249.435623445044
131,16,0.4157998544806617,-7.724535670316066,1.0,1.0,0.019456403534792638,-14257.693213640523,14257.804886353395,3.9395790325215785,3.9395790325215785,1.0,0.0,0.039637977691287095,0.039637977691287095,-5.784159045613025,-14250.49399170144,-14256.278150747054
132,16,0.4387913780229013,-7.723906625370827,7.0,1.0,0.9721653603022036,-14250.760352402252,14254.09478219708,-3.9296079613559414,-3.9296079613559414,2.0,0.0,0.039637977691287095,0.039637977691287095,-5.782197022371525,-14243.57676161271,-14249.358958635083
133,16,0.4253370583958404,-7.707319261977223,7.0,1.0,0.4532550902952233,-14253.032199597943,14253.2877040054,1.2147606784437812,1.3412451660897204,2.0,0.0,0.039637977691287095,0.039637977691287095,-5.730602978034787,-14245.892751675532,-14251.623354653568
134,16,0.4356248962668247,-7.733917605675339,3.0,1.0,0.8895796783654077,-14251.141553452548,14252.60729694034,-0.9960932391968527,-0.9960932391968527,2.0,0.0,0.039637977691287095,0.039637977691287095,-5.81346874130448,-14243.925074804642,-14249.738543545946
135,16,0.4434374386464984,-7.732550052519944,3.0,1.0,0.9343518301250563,-14250.816492989925,14251.580914467655,-0.21387041131856677,0.21933146359333477,2.0,0.0,0.039637977691287095,0.039637977691287095,-5.809190947999068,-14243.608127796677,-14249.417318744676
136,16,0.4434374386464984,-7.732550052519944,1.0,1.0,0.22333009513514565,-14250.816492989925,14251.978923247192,0.0,1.4991043547652225,1.0,0.0,0.039637977691287095,0.039637977691287095,-5.809190947999068,-14243.608127796677,-14249.417318744676
137,16,0.44075978538496186,-7.700939666880178,3.0,1.0,0.9971358699290488,-14250.817569705318,14250.837000106249,0.008629517626104644,-0.024549547622882528,2.0,0.0,0.039637977691287095,0.039637977691287095,-5.710832872616104,-14243.70630540032,-14249.417138272935
138,16,0.44247909072511243,-7.727213072104838,3.0,1.0,0.9906704835053189,-14250.758258062087,14250.944467561156,-0.023387532455672044,0.028387694224875304,1.0,0.0,0.039637977691287095,0.039637977691287095,-5.7925144245807685,-14243.566126298332,-14249.358640722912
139,16,0.44231971702112804,-7.758147797449531,3.0,1.0,0.9145490077022668,-14251.138768160923,14251.245708883163,0.08384618979289371,0.10710125236801105,2.0,0.0,0.039637977691287095,0.039637977691287095,-5.889572442393218,-14243.849503951435,-14249.739076393827
140,16,0.44194411365338593,-7.694378355812706,3.0,1.0,0.9234837653629859,-14250.973992405015,14251.8371348737,0.002943852079624776,0.17404128747330105,2.0,0.0,0.039637977691287095,0.039637977691287095,-5.690542091460247,-14243.883582302085,-14249.574124393546
141,16,0.4391823031997787,-7.693186720185003,7.0,1.0,0.46844441859488445,-14250.885621635774,14252.176060161117,-0.07518479979989934,1.54301354697418,2.0,0.0,0.039637977691287095,0.039637977691287095,-5.686861590941428,-14243.797559974562,-14249.484421565503
142,16,0.44153209473685,-7.761646575048819,7.0,1.0,0.8683633771100618,-14251.241330654877,14251.412313906048,0.10566311659567873,0.28800676222635957,2.0,0.0,0.039637977691287095,0.039637977691287095,-5.900610130553599,-14243.940657829424,-14249.841267959977
143,16,0.429996119034195,-7.685614405316834,3.0,1.0,0.7414543155071808,-14251.774848439865,14253.401876269492,0.22426763342264167,0.5245748922534403,1.0,0.0,0.039637977691287095,0.039637977691287095,-5.663506827402607,-14244.70525040716,-14250.368757234563
144,16,0.44070177772834557,-7.677412911526731,3.0,1.0,0.9081959190365376,-14251.270119714502,14252.321175448269,-0.22447121321602026,-0.22447121321602026,2.0,0.0,0.039637977691287095,0.039637977691287095,-5.638276215517219,-14244.231384170069,-14249.869660385586
145,16,0.4444875181490859,-7.746981477532905,7.0,1.0,0.9141173926602127,-14250.98713692703,14252.149337104,-0.10994807570750709,0.23497606392811576,2.0,0.0,0.039637977691287095,0.039637977691287095,-5.854427629043919,-14243.734011792334,-14249.588439421377
146,16,0.4340857592493776,-7.67903107563117,3.0,1.0,0.9298896391784375,-14251.299738805355,14251.42691718477,0.07399904841804528,0.14087121962984384,2.0,0.0,0.039637977691287095,0.039637977691287095,-5.643248917643343,-14244.2526639949,-14249.895912912543
147,16,0.4390023948873306,-7.720987160401874,3.0,1.0,0.6773371733986905,-14250.738383451078,14251.776280805552,-0.1159626361059054,0.7503983564402006,2.0,0.0,0.039637977691287095,0.039637977691287095,-5.773096242227204,-14243.563998155823,-14249.33709439805
148,16,0.44613923614987455,-7.7491212369070945,3.0,1.0,0.9356717105170228,-14251.120020543058,14251.165881781239,0.08980312000312551,0.08980312000312551,2.0,0.0,0.039637977691287095,0.039637977691287095,-5.861152638492027,-14243.860901764947,-14249.722054403439
149,16,0.4442093900152079,-7.71373070246348,3.0,1.0,0.9034234986928782,-14250.904442948122,14252.118415819737,-0.004129385710257338,0.24036394641007064,2.0,0.0,0.039637977691287095,0.039637977691287095,-5.750512775499542,-14243.755107287629,-14249.505620063128
150,16,0.44598932630418026,-7.778049278029087,3.0,1.0,0.8716207276729661,-14251.679805521735,14252.242756243126,0.07948961358852102,0.2689114115364646,1.0,0.0,0.039637977691287095,0.039637977691287095,-5.9525193995601215,-14244.329254537051,-14250.281773936611
51,17,0.4454050729445508,-7.703968132102395,7.0,1.0,0.973062945436981,-14251.157366813308,14251.784090945222,0.025959140690247295,0.05111208743437601,2.0,0.0,0.013215229475535746,0.013215229475535746,-5.720212888625789,-14244.038865497221,-14249.759078385847
52,17,0.4372856028519439,-7.6935101772705465,3.0,1.0,0.9828173266842453,-14250.904277342639,14251.289791426096,-0.15068685851292685,-0.15068685851292685,1.0,0.0,0.03281462810861016,0.03281462810861016,-5.6878604840819325,-14243.814265047597,-14249.502125531679
53,17,0.43512723573563966,-7.696618225032395,1.0,1.0,0.9623689643052935,-14251.004397327231,14251.028207406864,0.038357363069735584,0.038357363069735584,1.0,0.0,0.03281462810861016,0.03281462810861016,-5.69746402226011,-14243.903661741066,-14249.601125763325
54,17,0.43513764707707286,-7.691207383231262,3.0,1.0,0.6660948170409389,-14251.049135302657,14252.363813701975,-0.002605093479360221,0.7968964656574826,2.0,0.0,0.03281462810861016,0.03281462810861016,-5.680751324588917,-14243.965117909522,-14249.645869234111
55,17,0.4508703256406521,-7.759715485650126,3.0,1.0,0.7680693776957647,-14251.825972514986,14252.576671284227,0.20176533888479753,0.31932958266588685,2.0,0.0,0.03281462810861016,0.03281462810861016,-5.894516557014593,-14244.535459786508,-14250.429976343523
56,17,0.4360608949108353,-7.670578362789457,7.0,1.0,0.9971270353956474,-14251.365684805442,14251.83731444228,-0.16737935752462363,-0.20915676383629034,3.0,0.0,0.03281462810861016,0.03281462810861016,-5.617302178405011,-14244.345600245864,-14249.96290242427
57,17,0.43089547365608716,-7.783488232667604,3.0,1.0,0.4859749056184945,-14253.909348317144,14254.80648172381,1.0677065504969505,1.4425249674295628,2.0,0.0,0.03281462810861016,0.03281462810861016,-5.96979133612901,-14246.533976082312,-14252.50376741844
58,17,0.44344791814994267,-7.767052368920016,3.0,1.0,1.0,-14251.340729487141,14252.991516340928,-1.0463541647277452,-1.0463541647277452,2.0,0.0,0.03281462810861016,0.03281462810861016,-5.917688002575851,-14244.023872042313,-14249.941560044888
59,17,0.4363263997148489,-7.736327675444214,3.0,1.0,0.5107103587633212,-14251.09740540385,14253.635310429596,0.05538530784542672,1.431060826715111,2.0,0.0,0.03281462810861016,0.03281462810861016,-5.821012145093258,-14243.873748648337,-14249.69476079343
60,17,0.4363263997148489,-7.736327675444214,1.0,1.0,0.32529567193347386,-14251.09740540385,14252.837110350578,0.0,1.1230207504377177,1.0,0.0,0.03281462810861016,0.03281462810861016,-5.821012145093258,-14243.873748648337,-14249.69476079343
61,17,0.4356814632184231,-7.719508104305252,3.0,1.0,0.9795602202822611,-14250.96135820314,14251.222296136382,-0.049600693260799744,-0.1076112257251225,1.0,0.0,0.03281462810861016,0.03281462810861016,-5.768488867938706,-14243.789889038222,-14249.558377906162
62,17,0.42419274954694997,-7.7369638771710285,1.0,1.0,0.2798885024793764,-14254.158352120032,14254.166944447077,1.2733639605485223,1.2733639605485223,1.0,0.0,0.03281462810861016,0.03281462810861016,-5.8230043952712975,-14246.92579808678,-14252.748802482052
63,17,0.43060099229991206,-7.7574424629293794,3.0,1.0,0.8750069686199695,-14252.792799251667,14254.586441349502,-0.5686225353838381,-1.175615993408428,1.0,0.0,0.03281462810861016,0.03281462810861016,-5.887348787190981,-14245.499703228028,-14251.38705201522
64,17,0.45231317887619216,-7.766184335825798,3.0,1.0,0.8915254731121086,-14252.156651773506,14254.258476145018,-0.48016530411950953,-0.48016530411950953,2.0,0.0,0.03281462810861016,0.03281462810861016,-5.9149437609417745,-14244.846275897411,-14250.761219658352
65,17,0.43994674128625366,-7.590767572618643,3.0,1.0,0.4101973112395442,-14256.091436957227,14258.097522217944,0.807541432988728,1.0193713800217665,2.0,0.0,0.03281462810861016,0.03281462810861016,-5.3758344107322635,-14249.31477754964,-14254.690611960372
66,17,0.4490298874783808,-7.8355660470740975,7.0,1.0,0.8043979546395906,-14254.197525561556,14257.692092697713,-0.6512573939999129,-0.9972978855312249,3.0,0.0,0.03281462810861016,0.03281462810861016,-6.1366672428654745,-14246.664117776229,-14252.800785019093
67,17,0.4468655595091991,-7.824938338521584,1.0,1.0,1.0,-14253.617044473982,14254.362116012058,-0.03568325784908666,-0.03568325784908666,1.0,0.0,0.03281462810861016,0.03281462810861016,-6.102392011239144,-14246.1170007756,-14252.21939278684
68,17,0.4459056315263641,-7.810363137737699,1.0,1.0,1.0,-14252.898071082815,14253.638365707962,-0.09071354527441144,-0.09071354527441144,1.0,0.0,0.03281462810861016,0.03281462810861016,-6.055569462177356,-14245.444433416245,-14251.500002878423
69,17,0.43709968547268674,-7.761710494138554,3.0,1.0,0.9524033403946811,-14251.621889677359,14253.775767460891,-0.033384460572051466,-0.289925311530169,2.0,0.0,0.03281462810861016,0.03281462810861016,-5.900811891693984,-14244.318831061224,-14250.219642952918
70,17,0.4344320657323148,-7.7059066566206855,3.0,1.0,0.9491980313426097,-14251.045051231316,14252.510876757438,-0.18904969332106702,-0.18904969332106702,1.0,0.0,0.03281462810861016,0.03281462810861016,-5.726221863360212,-14243.915188811701,-14249.641410675062
71,17,0.43778554636214223,-7.709400654613951,3.0,1.0,1.0,-14250.77627076734,14250.963135063117,-0.08933158754189208,-0.09515958783049427,2.0,0.0,0.03281462810861016,0.03281462810861016,-5.737061934377237,-14243.637310812504,-14249.37437274688
72,17,0.444504116576504,-7.728025943227074,7.0,1.0,0.9321185293065141,-14250.871694883126,14251.0988637371,0.03283317568821076,0.14039318017785263,3.0,0.0,0.03281462810861016,0.03281462810861016,-5.7950525734650045,-14243.67795226622,-14249.473004839685
73,17,0.44466539334389893,-7.681413550833806,7.0,1.0,0.7721980656563586,-14251.57536843011,14252.132268516043,0.24527850524827954,0.5933072177504073,2.0,0.0,0.03281462810861016,0.03281462810861016,-5.6505751530833175,-14244.526175620276,-14250.17675077336
74,17,0.4409534565838264,-7.696002275322017,1.0,1.0,1.0,-14250.891362001586,14251.33551072626,-0.250192645651623,-0.250192645651623,1.0,0.0,0.03281462810861016,0.03281462810861016,-5.695560035432834,-14243.795463469054,-14249.491023504486
75,17,0.4488300033078126,-7.683540136053953,1.0,1.0,0.567445177222052,-14252.301587427477,14252.318872436354,0.5666111383070529,0.5666111383070529,1.0,0.0,0.03281462810861016,0.03281462810861016,-5.657119307938921,-14245.24764505135,-14250.904764359288
76,17,0.4488300033078126,-7.683540136053953,3.0,1.0,0.5021879885718848,-14252.301587427477,14255.615991504526,0.0,0.920213426970804,1.0,0.0,0.03281462810861016,0.03281462810861016,-5.657119307938921,-14245.24764505135,-14250.904764359288
77,17,0.42806680570426403,-7.684272036896251,3.0,1.0,1.0,-14252.181819326644,14252.853304650733,-0.1925152770254499,-0.2704834079613647,2.0,0.0,0.03281462810861016,0.03281462810861016,-5.659372637337703,-14245.115237594207,-14250.774610231545
78,17,0.4544370121789734,-7.738800818665209,3.0,1.0,0.923809245496492,-14252.591407861866,14252.872641243835,0.2282994865472574,-0.31348776529011957,2.0,0.0,0.03281462810861016,0.03281462810861016,-5.828759004230871,-14245.368015883276,-14251.196774887507
79,17,0.4504954464177914,-7.736261005360554,1.0,1.0,1.0,-14251.675672799849,14252.492409308914,-0.3236020885906328,-0.3236020885906328,1.0,0.0,0.03281462810861016,0.03281462810861016,-5.820803392783933,-14244.45872387884,-14250.279527271625
80,17,0.4504954464177914,-7.736261005360554,1.0,1.0,0.22853705802721946,-14251.675672799849,14254.036509700985,0.0,1.4760569022473646,1.0,0.0,0.03281462810861016,0.03281462810861016,-5.820803392783933,-14244.45872387884,-14250.279527271625
81,17,0.446854694070146,-7.699266939353817,3.0,1.0,0.9305250745704995,-14251.463742625523,14252.410404283855,-0.023295776882150676,0.23373036474367836,1.0,0.0,0.03281462810861016,0.03281462810861016,-5.705655892798836,-14244.360430373708,-14250.066086266506
82,17,0.43737065398242286,-7.735315261330185,7.0,1.0,0.9360711330513587,-14250.973940853975,14251.658473848465,-0.19949036959769728,-0.2938303149494459,2.0,0.0,0.03281462810861016,0.03281462810861016,-5.8178426295488554,-14243.753989736628,-14249.571832366177
83,17,0.4403717898373607,-7.729116389375199,1.0,1.0,1.0,-14250.74770491062,14250.8869064109,-0.08872379220701987,-0.08872379220701987,1.0,0.0,0.03281462810861016,0.03281462810861016,-5.798458474033037,-14243.548627878465,-14249.347086352498
84,17,0.436088642794714,-7.70705931044966,3.0,1.0,0.7499484936845286,-14250.884651560309,14251.54866659264,0.04157418835347926,0.451418494230893,2.0,0.0,0.03281462810861016,0.03281462810861016,-5.7297966034311525,-14243.75208700183,-14249.481883605262
85,17,0.4398533100511021,-7.7559727664584885,7.0,1.0,0.9704206173326124,-14251.186869741452,14251.264749979082,0.065790623319117,0.065790623319117,3.0,0.0,0.03281462810861016,0.03281462810861016,-5.882716983754132,-14243.903282180576,-14249.78599916433
86,17,0.44131964471331764,-7.72647474066818,7.0,1.0,0.9997559571165909,-14250.730788052097,14251.14741367985,-0.11208408494712785,-0.11208408494712785,3.0,0.0,0.03281462810861016,0.03281462810861016,-5.790209594738007,-14243.540414824609,-14249.330624419346
87,17,0.4477438309265557,-7.7849267092351955,7.0,1.0,0.785363662679779,-14251.966978353159,14254.027857850975,0.18323359814166906,0.4915350939536438,3.0,0.0,0.03281462810861016,0.03281462810861016,-5.97436430677093,-14244.595336764365,-14250.569701071136
88,17,0.4366453607021152,-7.668680810706521,3.0,1.0,0.9455488777797839,-14251.403320024474,14252.779354866178,-0.08761407272686483,0.17835348002699902,2.0,0.0,0.03281462810861016,0.03281462810861016,-5.611487207086025,-14244.389352933247,-14250.000840140334
89,17,0.43626599781632486,-7.690208900797247,3.0,1.0,0.8400344902428966,-14250.987353957476,14253.386880995846,-0.051675222277481225,0.30823935382795753,2.0,0.0,0.03281462810861016,0.03281462810861016,-5.677670469140337,-14243.907007587342,-14249.584678056483
90,17,0.4371293829238697,-7.7681272707272395,7.0,1.0,0.8065333664646077,-14251.83331799327,14252.29921373598,0.3041158886971971,0.40876486534034484,3.0,0.0,0.03281462810861016,0.03281462810861016,-5.92108729315546,-14244.509999156107,-14250.431086449264
91,17,0.44479005015675077,-7.769508358243121,3.0,1.0,0.8966286799131499,-14251.416337553059,14253.50693301067,-0.2421272498613689,0.3647688228666084,2.0,0.0,0.03281462810861016,0.03281462810861016,-5.925456567399824,-14244.092319131349,-14250.017775698749
92,17,0.4449070835735258,-7.696954111198732,3.0,1.0,0.5861402792265854,-14251.219930964513,14253.001165385176,0.09421129078327795,0.9077399887410138,2.0,0.0,0.03281462810861016,0.03281462810861016,-5.698502453300132,-14244.122918929372,-14249.821421382672
93,17,0.44108697236612454,-7.694578714422092,7.0,1.0,0.9246483622169751,-14250.920016607985,14252.240344676766,-0.13841235205291014,0.22792484452293138,3.0,0.0,0.03281462810861016,0.03281462810861016,-5.691161060985044,-14243.828580936708,-14249.519741997694
94,17,0.4402284722966336,-7.735508327400823,3.0,1.0,1.0,-14250.80810123278,14250.992279025915,-0.03178880909217696,-0.03178880909217696,2.0,0.0,0.03281462810861016,0.03281462810861016,-5.818446972996332,-14243.588966263422,-14249.407413236419
95,17,0.4402284722966336,-7.735508327400823,3.0,1.0,0.27013690957788605,-14250.80810123278,14254.436256034742,0.0,2.3483034416476585,1.0,0.0,0.03281462810861016,0.03281462810861016,-5.818446972996332,-14243.588966263422,-14249.407413236419
96,17,0.4364242194338674,-7.685725689527415,7.0,1.0,0.9726798518832859,-14251.04291944918,14251.292904149497,0.020060975299202255,0.07188759954442503,3.0,0.0,0.03281462810861016,0.03281462810861016,-5.663849638397883,-14243.976475809846,-14249.640325448245
97,17,0.43996103796410213,-7.7591523099813795,3.0,1.0,0.7889184232368645,-14251.259468912705,14253.153032192575,0.11160874856432201,0.32790357569137996,2.0,0.0,0.03281462810861016,0.03281462810861016,-5.8927401524392815,-14243.965910731584,-14249.858650884024
98,17,0.4467797180357016,-7.734648166361966,3.0,1.0,0.9594642928717434,-14251.097065436623,14251.456758859113,-0.01591137507057283,0.08052033657986613,2.0,0.0,0.03281462810861016,0.03281462810861016,-5.815754748027147,-14243.883622065068,-14249.699376813096
99,17,0.4467797180357016,-7.734648166361966,3.0,1.0,0.7706277164739346,-14251.097065436623,14251.87458784145,0.0,0.3466266182567779,1.0,0.0,0.03281462810861016,0.03281462810861016,-5.815754748027147,-14243.883622065068,-14249.699376813096
100,17,0.4403086581150621,-7.775527987320397,3.0,1.0,0.9635597869474658,-14251.7348408653,14251.824198648928,0.11425477612829127,0.11425477612829127,2.0,0.0,0.03281462810861016,0.03281462810861016,-5.944522827438981,-14244.389668913162,-14250.334191740601
101,17,0.44612357104510075,-7.778296866970291,3.0,1.0,1.0,-14251.691825786442,14251.921574801077,-0.1048309366160538,-0.2049163049159688,2.0,0.0,0.03281462810861016,0.03281462810861016,-5.95330499998523,-14244.3405478167,-14250.293852816685
102,17,0.4459261654162711,-7.7674374543028035,3.0,1.0,0.9826661708249685,-14251.408981431743,14252.08127234766,-0.033663416314084316,-0.11548974644756527,2.0,0.0,0.03281462810861016,0.03281462810861016,-5.91890567133197,-14244.092016545657,-14250.010922216989
103,17,0.44528659843181206,-7.772491907662592,3.0,1.0,0.9961462313740942,-14251.505590599778,14251.56261968838,0.011628657392066089,-0.06976715266318934,2.0,0.0,0.03281462810861016,0.03281462810861016,-5.934901977500235,-14244.172347767393,-14250.107249744893
104,17,0.43725519045025746,-7.711410716656122,3.0,1.0,0.9837937970244375,-14250.801722628514,14251.639064491712,-0.07909365530940704,-0.07909365530940704,2.0,0.0,0.03281462810861016,0.03281462810861016,-5.7433036503870785,-14243.656251661037,-14249.399555311424
105,17,0.4435093174350021,-7.74862933340131,3.0,1.0,0.9130319625640708,-14250.972364791169,14251.23869258872,0.007009038678006618,0.1510212576304184,2.0,0.0,0.03281462810861016,0.03281462810861016,-5.859606238932595,-14243.713617232328,-14249.573223471261
106,17,0.43693042744892474,-7.69086144790123,5.0,1.0,0.9808169357096558,-14250.94947588273,14251.226091342942,-0.004238734241880593,0.04314609524408297,2.0,0.0,0.03281462810861016,0.03281462810861016,-5.6796838151282225,-14243.867458682333,-14249.54714249746
107,17,0.4437577194209873,-7.691559470993529,3.0,1.0,0.6404264940734944,-14251.194093220474,14252.41927859424,0.13518783205108775,0.8059687166751246,2.0,0.0,0.03281462810861016,0.03281462810861016,-5.681837942502864,-14244.113227412297,-14249.7950653548
108,17,0.4306332990370097,-7.660624562590035,3.0,1.0,0.9189591302271761,-14252.065787939866,14252.403211893547,0.06082252666237764,0.09791879950716975,2.0,0.0,0.03281462810861016,0.03281462810861016,-5.586839256952661,-14245.073219730819,-14250.66005898777
109,17,0.44291577448087893,-7.706410109076525,3.0,1.0,1.0,-14250.86969980182,14251.903988814143,-0.16735784482625604,-0.16735784482625604,2.0,0.0,0.03281462810861016,0.03281462810861016,-5.72778306348345,-14243.742502248293,-14249.470285311776
110,17,0.4425114222895689,-7.677473256383942,7.0,1.0,0.8055661732260433,-14251.421862245072,14252.252900381376,0.14369585351050773,0.4524758460374869,3.0,0.0,0.03281462810861016,0.03281462810861016,-5.638461611386559,-14244.383798367633,-14250.02225997902
111,17,0.44066508953747974,-7.699660719893325,3.0,1.0,0.4810854328515319,-14250.829817029844,14253.95588211934,-0.17396386350446846,1.7643081208698277,2.0,0.0,0.03281462810861016,0.03281462810861016,-5.706874365419224,-14243.722465677249,-14249.429340042669
112,17,0.4505923371109141,-7.776008361270775,3.0,1.0,0.5118387863465313,-14252.032076981926,14253.657860061165,0.2049111393698695,1.0844653382719116,2.0,0.0,0.03281462810861016,0.03281462810861016,-5.946045900119684,-14244.689924267033,-14250.635970167154
113,17,0.4436582179166542,-7.793593818378338,3.0,1.0,0.8228761162793146,-14252.219610447262,14255.126272511803,0.02578232384075818,0.2962019606020476,2.0,0.0,0.03281462810861016,0.03281462810861016,-6.001961162996982,-14244.8185760342,-14250.820537197198
114,17,0.4394771322243664,-7.743075984257898,3.0,1.0,0.9997912347491974,-14250.944707685983,14252.636673000017,-0.1848638571718766,-0.1848638571718766,2.0,0.0,0.03281462810861016,0.03281462810861016,-5.8421649326123095,-14243.701487920402,-14249.543652853014
115,17,0.42592541251690996,-7.729220351097102,3.0,1.0,0.5071425207057988,-14253.289893163494,14253.72155245381,0.9524562857113779,0.9524562857113779,1.0,0.0,0.03281462810861016,0.03281462810861016,-5.798783250263494,-14246.082622929445,-14251.88140617971
116,17,0.43894276027351126,-7.7083969510806085,3.0,1.0,0.8753347415151076,-14250.743631308074,14253.206822129028,-1.0204270454523794,-1.0204270454523794,2.0,0.0,0.03281462810861016,0.03281462810861016,-5.733946710997959,-14243.608365988981,-14249.342312699979
117,17,0.43894276027351126,-7.7083969510806085,3.0,1.0,0.2278045858608758,-14250.743631308074,14255.63466843575,0.0,2.7602661421460652,2.0,0.0,0.03281462810861016,0.03281462810861016,-5.733946710997959,-14243.608365988981,-14249.342312699979
118,17,0.4381556111009943,-7.690402320901137,7.0,1.0,0.9873345583757361,-14250.926904199376,14250.947792060148,0.025497182588878786,0.025497182588878786,3.0,0.0,0.03281462810861016,0.03281462810861016,-5.678267196354731,-14243.846925492297,-14249.525192688652
119,17,0.441091982165515,-7.707473070859381,3.0,1.0,0.9215005102206802,-14250.7643091747,14251.162491095776,-0.013684554522114922,0.1518965929717524,2.0,0.0,0.03281462810861016,0.03281462810861016,-5.731080127945037,-14243.632956830741,-14249.364036958686
120,17,0.4433563024967949,-7.696213651177464,1.0,1.0,0.8990962637071038,-14251.05796748857,14251.065256604708,0.10636517159218783,0.10636517159218783,1.0,0.0,0.03281462810861016,0.03281462810861016,-5.696213385049637,-14243.962542640826,-14249.658756025876
121,17,0.4464563986698211,-7.695250268246566,1.0,1.0,0.8364030206861264,-14251.48677579417,14251.592453833493,0.17864469990126963,0.17864469990126963,1.0,0.0,0.03281462810861016,0.03281462810861016,-5.693235990589945,-14244.395711512712,-14250.088947503302
122,17,0.4361705035337114,-7.721298236852081,3.0,1.0,0.9672493762662361,-14250.925546780345,14251.703041467013,-0.21533789911882195,-0.21533789911882195,2.0,0.0,0.03281462810861016,0.03281462810861016,-5.774065547895378,-14243.748755799103,-14249.522821346998
123,17,0.4445016510570812,-7.779957688017653,3.0,1.0,0.554563106682691,-14251.709518382619,14253.360775921017,0.06057669414622069,1.0552244209338824,2.0,0.0,0.03281462810861016,0.03281462810861016,-5.958576374726227,-14244.352250856165,-14250.310827230891
124,17,0.4319217295182488,-7.765510016674789,3.0,1.0,0.6930900754133199,-14252.766989153211,14253.536449584431,0.6171786786599114,0.6171786786599114,2.0,0.0,0.03281462810861016,0.03281462810861016,-5.912812455917085,-14245.449169738858,-14251.361982194776
125,17,0.43999433768214885,-7.7578801504164625,3.0,1.0,1.0,-14251.224745668207,14252.230674072625,-0.636769444854508,-0.7517251521003345,2.0,0.0,0.03281462810861016,0.03281462810861016,-5.888728593107645,-14243.935215270021,-14249.823943863128
126,17,0.44063064194653273,-7.6026122979925415,3.0,1.0,0.5739806299822041,-14255.217303462703,14255.9185870407,0.8759119094520429,0.8759119094520429,2.0,0.0,0.03281462810861016,0.03281462810861016,-5.411268140613523,-14248.405541744845,-14253.816809885458
127,17,0.45562313486797246,-7.774724454637274,7.0,1.0,1.0,-14252.98365876468,14255.425484327881,-0.4378176164973411,-0.9870193185088283,3.0,0.0,0.03281462810861016,0.03281462810861016,-5.9419756641608,-14245.647480325533,-14251.589455989693
128,17,0.46113839477565605,-7.772931150695471,1.0,1.0,0.5513100897151572,-14254.668443141756,14255.010308299019,0.5954578518758353,0.5954578518758353,1.0,0.0,0.03281462810861016,0.03281462810861016,-5.936293297966589,-14247.339796265189,-14253.276089563156
129,17,0.433846494566446,-7.805319137499842,7.0,1.0,1.0,-14254.331059940692,14254.93258496469,-0.011527202788784052,-1.103741064449423,3.0,0.0,0.03281462810861016,0.03281462810861016,-6.039415189135552,-14246.887690218417,-14252.927105407553
130,17,0.4482818794946202,-7.644913868040986,3.0,1.0,1.0,-14253.975047026666,14255.194838291016,-0.05698288409075758,-1.1316694311044557,2.0,0.0,0.03281462810861016,0.03281462810861016,-5.538959359494918,-14247.039036603654,-14252.577995963149
131,17,0.4303097914296751,-7.810696810922323,3.0,1.0,0.7502099917382398,-14255.795280716859,14256.899863528233,0.6518644599927939,0.6518644599927939,2.0,0.0,0.03281462810861016,0.03281462810861016,-6.056639004785798,-14248.332729267931,-14254.389368272718
132,17,0.4501419032168826,-7.641007880081264,3.0,1.0,1.0,-14254.77624090914,14256.342085326994,-0.3325154263602599,-1.6263979723989905,2.0,0.0,0.03281462810861016,0.03281462810861016,-5.52709378564315,-14247.852859678156,-14253.3799534638
133,17,0.44119390083633764,-7.779416078898841,5.0,1.0,0.9946219948685894,-14251.80565920391,14253.955032308297,-1.1800607303975994,-1.3797691678901174,2.0,0.0,0.03281462810861016,0.03281462810861016,-5.9568570275350545,-14244.448578623736,-14250.405435651272
134,17,0.44020364457116756,-7.746177352211737,3.0,1.0,1.0,-14250.96254448746,14251.81339321624,-0.1623401928554813,-0.1623401928554813,2.0,0.0,0.03281462810861016,0.03281462810861016,-5.851901542338824,-14243.70994290214,-14249.561844444479
135,17,0.44566189390225297,-7.752798451321268,3.0,1.0,0.9861074490655685,-14251.129991370075,14251.296018130994,0.00455761900775542,-0.04614569996192586,2.0,0.0,0.03281462810861016,0.03281462810861016,-5.872720381566845,-14243.859095810056,-14249.731816191623
136,17,0.4424280685245552,-7.698616353835323,5.0,1.0,0.6486948259419872,-14250.938086506621,14252.510229711123,0.007873152648244286,0.8106132649863866,2.0,0.0,0.03281462810861016,0.03281462810861016,-5.703643129889036,-14243.834802233074,-14249.538445362963
137,17,0.4429382105806918,-7.7388869765475645,7.0,1.0,0.9845058637893486,-14250.84194335635,14251.269269784383,-0.056115218521881616,0.07742517376391334,3.0,0.0,0.03281462810861016,0.03281462810861016,-5.829028994921857,-14243.613510250585,-14249.442539245507
138,17,0.4512614572738378,-7.7423171857508315,3.0,1.0,0.7093631771505496,-14251.8157655007,14252.689417762404,0.324351853772896,0.5310131253791042,2.0,0.0,0.03281462810861016,0.03281462810861016,-5.8397841822648555,-14244.580139745189,-14250.419923927453
139,17,0.4455266735785717,-7.74283867026217,1.0,1.0,1.0,-14251.011900443133,14251.540976650911,-0.2817256404196087,-0.2817256404196087,1.0,0.0,0.03281462810861016,0.03281462810861016,-5.841420291808072,-14243.772245413626,-14249.613665705434
140,17,0.4410866723084415,-7.703611172559772,3.0,1.0,0.9836969275331198,-14250.799508335325,14251.118987457374,-0.034569935296531185,-0.034569935296531185,2.0,0.0,0.03281462810861016,0.03281462810861016,-5.71910680683832,-14243.680126774787,-14249.399233581626
141,17,0.4438063708997493,-7.688705724862573,1.0,1.0,0.8480341958966571,-14251.265274904088,14251.276979195598,0.16483431865344755,0.16483431865344755,1.0,0.0,0.03281462810861016,0.03281462810861016,-5.673034242955645,-14244.193234956305,-14249.866269199261
142,17,0.4443961313788586,-7.803828547411627,3.0,1.0,0.9124456778741726,-14252.634467394908,14252.941674564345,0.12756426464875403,0.15420046206236293,2.0,0.0,0.03281462810861016,0.03281462810861016,-6.034646189757025,-14245.201082573463,-14251.23572876322
143,17,0.43361044079428457,-7.687780371017609,3.0,1.0,0.9887456689711901,-14251.226141302224,14252.822631808907,-0.21300226447783643,-0.21300226447783643,2.0,0.0,0.03281462810861016,0.03281462810861016,-5.670181309628532,-14244.151878072395,-14249.822059382022
144,17,0.4358557140220225,-7.716778340846306,3.0,1.0,0.4883696646760471,-14250.926091680678,14253.620154818176,-0.022406774978662725,1.587550245643797,2.0,0.0,0.03281462810861016,0.03281462810861016,-5.759991187894747,-14243.763211237238,-14249.523202425133
145,17,0.4288247767089935,-7.683970888449353,3.0,1.0,0.8566522148633796,-14252.017642305173,14252.418653522076,0.2749972233268636,0.2749972233268636,2.0,0.0,0.03281462810861016,0.03281462810861016,-5.658445415942652,-14244.95243075435,-14250.610876170293
146,17,0.44579195405043,-7.713754761315218,3.0,1.0,1.0,-14251.075661303877,14251.916471620238,-0.21180995621398324,-0.28178639833458874,2.0,0.0,0.03281462810861016,0.03281462810861016,-5.7505875641855395,-14243.926955704634,-14249.67754326882
147,17,0.447087927936684,-7.726940518516322,3.0,1.0,0.9682498045215763,-14251.147662545767,14251.333080549626,0.007568373535832507,0.09179821299949253,1.0,0.0,0.03281462810861016,0.03281462810861016,-5.791663537731385,-14243.95844271932,-14249.750106257052
148,17,0.4337646732011252,-7.674193778222781,7.0,1.0,0.6984977658587973,-14251.415620896189,14253.533718553654,-0.06108820076769916,0.7859418481675675,3.0,0.0,0.03281462810861016,0.03281462810861016,-5.628391438051234,-14244.383230823092,-14250.011622261143
149,17,0.43478073062420985,-7.669448599401692,3.0,1.0,0.8987765119249621,-14251.448218770474,14252.294207555808,-0.006514988395792898,0.2881830050882854,2.0,0.0,0.03281462810861016,0.03281462810861016,-5.613839630660961,-14244.430924161572,-14250.044763792233
150,17,0.43603606117227606,-7.667369552656527,7.0,1.0,0.9998026390634729,-14251.45102705064,14251.55906152149,0.0013824817433487624,-0.0858626406006806,3.0,0.0,0.03281462810861016,0.03281462810861016,-5.607471013816958,-14244.440760739104,-14250.04823175292
51,18,0.4409748629877572,-7.756485029652138,7.0,1.0,0.9560156409664499,-14251.139069405164,14251.49654995429,0.006963926804019138,0.12178313186450396,3.0,0.0,0.026688765262495195,0.026688765262495195,-5.884331155153352,-14243.854410005806,-14249.73874116096
52,18,0.4538381298427274,-7.808214785631053,3.0,1.0,0.8437554807590458,-14253.384701840092,14253.475163126615,0.28876172475065687,0.28876172475065687,2.0,0.0,0.032687098099517704,0.032687098099517704,-6.048685886855645,-14245.941161384839,-14251.989847271694
53,18,0.4473006437965007,-7.747786017079281,3.0,1.0,0.547486190931617,-14251.218253864969,14255.36480565306,-0.27320728506128944,1.3451026503553294,2.0,0.0,0.032687098099517704,0.032687098099517704,-5.856955664117158,-14243.963832786636,-14249.820788450754
54,18,0.43348278614492547,-7.639901311967578,7.0,1.0,0.9043095579954331,-14252.50714965553,14252.824110209784,0.12635070112082758,0.18921020947527722,3.0,0.0,0.032687098099517704,0.032687098099517704,-5.523735036699036,-14245.579263613627,-14251.102998650325
55,18,0.44350772635340946,-7.636184635861693,3.0,1.0,0.7776043560989544,-14253.394534318897,14253.8870130093,0.47991750300752756,0.47991750300752756,2.0,0.0,0.032687098099517704,0.032687098099517704,-5.512462830875961,-14246.482929439755,-14251.995392270632
56,18,0.43783810623168523,-7.645651556837291,1.0,1.0,1.0,-14252.253681526223,14253.167632778399,-0.4578149298995413,-0.4578149298995413,1.0,0.0,0.032687098099517704,0.032687098099517704,-5.5412020164451885,-14245.310608049002,-14250.851810065447
57,18,0.4398767448038531,-7.709897676481715,7.0,1.0,1.0,-14250.729323038537,14252.267801416581,-0.27054536422292585,-0.27054536422292585,3.0,0.0,0.032687098099517704,0.032687098099517704,-5.738604928318091,-14243.589858972555,-14249.328463900873
58,18,0.4427198656346093,-7.698691850105975,7.0,1.0,0.8147640625688342,-14250.959214482507,14251.668389128099,0.08128367186145624,0.3018129159718228,3.0,0.0,0.032687098099517704,0.032687098099517704,-5.703876676388015,-14243.855832508421,-14249.559709184809
59,18,0.4354909881195257,-7.673175498537561,3.0,1.0,0.789793429856465,-14251.324424951557,14252.018119877277,-0.0022739222731615882,0.3953032819681539,2.0,0.0,0.032687098099517704,0.032687098099517704,-5.625266832120559,-14244.29607801219,-14249.921344844312
60,18,0.4433867161161621,-7.760282067289597,3.0,1.0,0.957927063106624,-14251.180653340545,14251.880080660261,-0.007173167734435992,0.13492529014001775,2.0,0.0,0.032687098099517704,0.032687098099517704,-5.896304024969638,-14243.885151810133,-14249.781455835102
61,18,0.43820081143299205,-7.706876059452118,7.0,1.0,0.9082449885331555,-14250.768342416945,14252.803347457479,-0.07476228233099391,0.20617759260312596,3.0,0.0,0.032687098099517704,0.032687098099517704,-5.7292281959452955,-14243.63742541226,-14249.366653608206
62,18,0.43007003095586716,-7.692031278226706,3.0,1.0,0.8258984371535121,-14251.730167484226,14251.8429544019,0.28763487584546965,0.28763487584546965,2.0,0.0,0.032687098099517704,0.032687098099517704,-5.68329423459296,-14244.640824241736,-14250.32411847633
63,18,0.45658940476451093,-7.727373129204126,3.0,1.0,0.6828172068181576,-14253.398352435646,14253.560772104536,0.6966591468135448,0.6966591468135448,2.0,0.0,0.032687098099517704,0.032687098099517704,-5.793014142518108,-14246.2114774592,-14252.004491601718
64,18,0.44693082669843404,-7.735943307456243,3.0,1.0,1.0,-14251.116640806102,14252.541525164468,-0.8738477588522073,-0.961221206405753,2.0,0.0,0.032687098099517704,0.032687098099517704,-5.819808702258393,-14243.899208459445,-14249.719017161704
65,18,0.43876989209864264,-7.726155549615764,3.0,1.0,0.989149488563175,-14250.776060347329,14251.204232968028,-0.09167956864439475,-0.09167956864439475,2.0,0.0,0.032687098099517704,0.032687098099517704,-5.789213353193752,-14243.585442543977,-14249.37465589717
66,18,0.43676304144204053,-7.712418397264252,7.0,1.0,0.9231242754321517,-14250.834530954206,14251.885547856291,0.01342295258291415,0.17682252753911598,3.0,0.0,0.032687098099517704,0.032687098099517704,-5.746434256444125,-14243.685677373696,-14249.43211163014
67,18,0.4370707360968914,-7.717784073738454,3.0,1.0,0.943936468932454,-14250.827841069893,14251.13117143979,0.0033419563787902007,0.09114841460359457,2.0,0.0,0.032687098099517704,0.032687098099517704,-5.763121140312889,-14243.662458399976,-14249.42557954029
68,18,0.443505048866295,-7.743380963366154,3.0,1.0,0.9702529623881434,-14250.904987220994,14251.306496804726,-0.015855061350521282,0.07520848573585681,1.0,0.0,0.032687098099517704,0.032687098099517704,-5.843121974830587,-14243.662721972163,-14249.505843946994
69,18,0.4361123044953403,-7.691747947948535,7.0,1.0,0.9875563193333035,-14250.977492399003,14251.10648086916,0.014549512592566316,0.04484418641368393,3.0,0.0,0.032687098099517704,0.032687098099517704,-5.682419673519045,-14243.892317067042,-14249.574736740562
70,18,0.4390958948989133,-7.734083218438829,5.0,1.0,0.7813322049624584,-14250.835967190493,14251.733260612058,-0.000672809317620704,0.43721519012797216,2.0,0.0,0.032687098099517704,0.032687098099517704,-5.813986915524709,-14243.620737500893,-14249.434724416416
71,18,0.42877842404177,-7.7464914078496205,3.0,1.0,0.644886218109443,-14252.914673999003,14252.935100978826,0.8279615276278491,0.8279615276278491,2.0,0.0,0.032687098099517704,0.032687098099517704,-5.85288804266348,-14245.654992873147,-14251.507880915811
72,18,0.4450544481485777,-7.767949155296322,5.0,1.0,0.9761138783213357,-14251.385322496742,14253.226015710834,-0.7736200273830036,-0.7736200273830036,2.0,0.0,0.032687098099517704,0.032687098099517704,-5.9205239375538925,-14244.066354635457,-14249.98687857301
73,18,0.4338616063989748,-7.65666135929314,7.0,1.0,0.9827190085806449,-14251.860241256665,14251.899575324574,0.0634313659502368,-0.08715787408800679,3.0,0.0,0.032687098099517704,0.032687098099517704,-5.5747377235839854,-14244.881557139077,-14250.45629486266
74,18,0.45113468692600794,-7.687369358362713,3.0,1.0,0.6161977044940358,-14252.761101499073,14254.418900278668,0.658122787846878,0.923718061627369,1.0,0.0,0.032687098099517704,0.032687098099517704,-5.668914402298077,-14245.696295554397,-14251.365209956695
75,18,0.45069146783114755,-7.681909868575387,3.0,1.0,0.9933906429040524,-14252.837698887279,14253.635646149183,0.020027285243486403,-0.5228077519968792,2.0,0.0,0.032687098099517704,0.032687098099517704,-5.65210207040836,-14245.789529530528,-14251.441631600936
76,18,0.4346210069135097,-7.663743611383976,3.0,1.0,0.949570078910973,-14251.606108398579,14253.203063909501,-0.7075804775358847,-0.7075804775358847,2.0,0.0,0.032687098099517704,0.032687098099517704,-5.5963742324736305,-14244.606194301494,-14250.202568533967
77,18,0.4302551989231394,-7.62660343412631,7.0,1.0,0.7608996585804798,-14253.348241782722,14254.074507355857,0.2576425761308201,0.4979792380709114,3.0,0.0,0.032687098099517704,0.032687098099517704,-5.483467969682208,-14246.458830316753,-14251.942298286434
78,18,0.4397253638934469,-7.731441594427062,7.0,1.0,1.0,-14250.781962969751,14253.212836260147,-0.33394156659232976,-0.33394156659232976,3.0,0.0,0.032687098099517704,0.032687098099517704,-5.805724992816166,-14243.575304863167,-14249.381029855984
79,18,0.4399800728968613,-7.728279258976637,1.0,1.0,1.0,-14250.74936579048,14250.778866771025,-0.009619614849725622,-0.009619614849725622,1.0,0.0,0.032687098099517704,0.032687098099517704,-5.7958436740963615,-14243.552713362646,-14249.348557036741
80,18,0.4409979720469987,-7.771389566003491,3.0,1.0,0.5850172667654904,-14251.545524258967,14252.767634802816,0.16155562656058464,0.9162785963744682,2.0,0.0,0.032687098099517704,0.032687098099517704,-5.931411114397227,-14244.21379596448,-14250.145207078878
81,18,0.450646012437177,-7.791030293832893,3.0,1.0,0.936345295635325,-14252.40776316436,14252.869579190357,0.05978638180022244,0.13126545771774545,2.0,0.0,0.032687098099517704,0.032687098099517704,-5.993790846583121,-14245.01788691612,-14251.011677762703
82,18,0.43523643047778343,-7.763784101421252,3.0,1.0,0.5062823258993797,-14251.982984019418,14254.569514518671,0.19875911941562663,1.0863614542649884,2.0,0.0,0.032687098099517704,0.032687098099517704,-5.907359466588676,-14244.672410579185,-14250.579770045773
83,18,0.44660165325800066,-7.683402270358996,3.0,1.0,1.0,-14251.836820449187,14252.139012247491,-0.01826880461703695,-0.42716319311330153,2.0,0.0,0.032687098099517704,0.032687098099517704,-5.656694915829895,-14244.782360096562,-14250.439055012392
84,18,0.44660165325800066,-7.683402270358996,1.0,1.0,0.49492250661112125,-14251.836820449187,14253.551253338674,0.0,0.7033540809698025,1.0,0.0,0.032687098099517704,0.032687098099517704,-5.656694915829895,-14244.782360096562,-14250.439055012392
85,18,0.4491013220124107,-7.680143486354421,1.0,1.0,0.7700153761903932,-14252.488115787184,14252.84960103598,0.26134479525535426,0.26134479525535426,1.0,0.0,0.032687098099517704,0.032687098099517704,-5.646668932187573,-14245.444735725558,-14251.091404657745
86,18,0.4484384401058563,-7.7434189185189535,3.0,1.0,1.0,-14251.333101717191,14253.291602186993,-0.49629621411622793,-0.49629621411622793,1.0,0.0,0.032687098099517704,0.032687098099517704,-5.843241086820456,-14244.092874942315,-14249.936116029136
87,18,0.44706849326122194,-7.768341372361236,3.0,1.0,0.5794548580715194,-14251.49953137479,14253.432558124627,-0.0573733391611313,1.0907539654454013,2.0,0.0,0.032687098099517704,0.032687098099517704,-5.921764510355317,-14244.180202254354,-14250.101966764709
88,18,0.443796080617879,-7.758575235841498,3.0,1.0,0.9871262691294668,-14251.149792429691,14251.727326173375,-0.048668638128219754,-0.0868650135507778,2.0,0.0,0.032687098099517704,0.032687098099517704,-5.890920237425157,-14243.859861801835,-14249.75078203926
89,18,0.4401846170865859,-7.7666957478213,1.0,1.0,0.8960094841344136,-14251.455512542194,14251.49694908122,0.1098042810917832,0.1098042810917832,1.0,0.0,0.032687098099517704,0.032687098099517704,-5.916560472267069,-14244.138242791167,-14250.054803263434
90,18,0.4401846170865859,-7.7666957478213,7.0,1.0,0.3987174802569636,-14251.455512542194,14255.177200101054,0.0,2.299530494148712,2.0,0.0,0.032687098099517704,0.032687098099517704,-5.916560472267069,-14244.138242791167,-14250.054803263434
91,18,0.44313116973445643,-7.6620808559260025,7.0,1.0,0.6515170451168613,-14252.039257976816,14253.682761871696,0.1927981977169111,1.0268990104668774,3.0,0.0,0.032687098099517704,0.032687098099517704,-5.5912899551947985,-14245.048653003038,-14250.639942958232
92,18,0.4419807529003092,-7.7167008430801625,3.0,1.0,0.9424676048915508,-14250.743529989184,14252.459616664393,-0.3604235714428796,-0.3604235714428796,2.0,0.0,0.032687098099517704,0.032687098099517704,-5.759750048216582,-14243.583929173454,-14249.34367922167
93,18,0.4385610765781259,-7.729542864267068,3.0,1.0,0.9848799518861279,-14250.815522711355,14250.847745722618,0.024806027910017292,0.024806027910017292,2.0,0.0,0.032687098099517704,0.032687098099517704,-5.799790849592748,-14243.614223385455,-14249.414014235048
94,18,0.44168454341286645,-7.667077573777177,3.0,1.0,0.8706846908982179,-14251.674678380105,14251.860541565995,0.2067836110945791,0.2067836110945791,2.0,0.0,0.032687098099517704,0.032687098099517704,-5.606576958903365,-14244.668110924847,-14250.274687883752
95,18,0.4240370321750042,-7.688891889318872,3.0,1.0,0.5550555211875966,-14253.292462762725,14253.884166039861,0.5984430527933,0.8302088278796873,2.0,0.0,0.032687098099517704,0.032687098099517704,-5.673608305001319,-14246.209208057871,-14251.882816362873
96,18,0.4465681358610685,-7.726999959670403,3.0,1.0,1.0,-14251.080267809617,14252.746626361804,-0.7102056822350278,-0.7475974012340885,2.0,0.0,0.032687098099517704,0.032687098099517704,-5.79184910112935,-14243.890638783661,-14249.682487884791
97,18,0.441894641350547,-7.760871850425631,7.0,1.0,0.9455798852552311,-14251.210522276157,14251.527658569592,-0.04066629810586164,-0.12639843638862658,3.0,0.0,0.032687098099517704,0.032687098099517704,-5.898165030671604,-14243.91246593254,-14249.810630963213
98,18,0.43789658676835275,-7.702110850390718,3.0,1.0,0.9258403071254658,-14250.804523132294,14252.291882056426,-0.08685672052342852,0.1471652114560129,1.0,0.0,0.032687098099517704,0.032687098099517704,-5.714459272619966,-14243.688221923216,-14249.402681195836
99,18,0.4436411554959452,-7.763373104813282,3.0,1.0,0.8379790282606554,-14251.251450058888,14252.605862005115,0.07886081249307608,0.2318657785126561,1.0,0.0,0.032687098099517704,0.032687098099517704,-5.906061371442652,-14243.946307646645,-14249.852369018088
100,18,0.4445921013653737,-7.695294141191991,3.0,1.0,0.8347660937295119,-14251.21357406396,14252.809365458867,0.09426254326535854,0.3361797795914754,1.0,0.0,0.032687098099517704,0.032687098099517704,-5.693371562467171,-14244.121551975488,-14249.814923537955
101,18,0.4471188958960887,-7.738971829446362,3.0,1.0,0.9642557173224642,-14251.146338905739,14251.983004481006,-0.06361079398084257,0.10121641375553736,1.0,0.0,0.032687098099517704,0.032687098099517704,-5.829294903475552,-14243.919500966676,-14249.748795870151
102,18,0.45314905520868126,-7.7363509513655355,1.0,1.0,0.6611821080517437,-14252.269051405627,14252.307937206013,0.4137259732142411,0.4137259732142411,1.0,0.0,0.032687098099517704,0.032687098099517704,-5.821085025939513,-14245.052853202757,-14250.873938228697
103,18,0.44687319855843355,-7.731674203792887,1.0,1.0,1.0,-14251.108016275086,14251.928192879586,-0.40498890994240355,-0.40498890994240355,1.0,0.0,0.032687098099517704,0.032687098099517704,-5.806452219879441,-14243.903915652085,-14249.710367871965
104,18,0.4394455203180353,-7.771194167083658,3.0,1.0,0.9662361937731873,-14251.66266136614,14251.734549125687,0.10679645577147312,0.10679645577147312,2.0,0.0,0.032687098099517704,0.032687098099517704,-5.930792457640786,-14244.330798537807,-14250.261590995447
105,18,0.4403068162708134,-7.755132468079626,1.0,1.0,1.0,-14251.139943985028,14251.569237884749,-0.13504531218859483,-0.13504531218859483,1.0,0.0,0.032687098099517704,0.032687098099517704,-5.88006972250433,-14243.859224245558,-14249.739293968063
106,18,0.44694661576446026,-7.74589682860501,3.0,1.0,0.999249448170557,-14251.165244863818,14251.356285299467,0.00225419427624729,-0.08691243410976313,2.0,0.0,0.032687098099517704,0.032687098099517704,-5.8510204550265446,-14243.91660754304,-14249.767627998066
107,18,0.4375476941633196,-7.703592428965206,3.0,1.0,1.0,-14250.808180583661,14251.094581651643,-0.08112062281179533,-0.08112062281179533,2.0,0.0,0.032687098099517704,0.032687098099517704,-5.719048731092341,-14243.68711335055,-14249.406162081643
108,18,0.45531725372796644,-7.829282084418428,3.0,1.0,0.6536469644758115,-14254.423868907032,14254.859603374252,0.49962538785075594,0.49962538785075594,2.0,0.0,0.032687098099517704,0.032687098099517704,-6.116387300004709,-14246.913168994217,-14253.029556294221
109,18,0.4507173225409249,-7.805990146382323,1.0,1.0,1.0,-14252.909242522384,14254.236154479857,-0.19015596898498188,-0.19015596898498188,1.0,0.0,0.032687098099517704,0.032687098099517704,-6.041562742633739,-14245.471622789679,-14251.513185532312
110,18,0.4507173225409249,-7.805990146382323,3.0,1.0,0.2737024983410132,-14252.909242522384,14258.521700418347,0.0,2.1880576673975156,1.0,0.0,0.032687098099517704,0.032687098099517704,-6.041562742633739,-14245.471622789679,-14251.513185532312
111,18,0.4373272589387065,-7.641901383405903,5.0,1.0,0.6164095713016787,-14252.404398318555,14255.86195669281,-0.061608768306541606,0.998942654898201,2.0,0.0,0.032687098099517704,0.032687098099517704,-5.5298067158899835,-14245.472461017973,-14251.002267733862
112,18,0.43768977425047506,-7.6969761797980505,3.0,1.0,0.8361370492241761,-14250.854122380166,14252.837300028155,-0.27312339094169147,0.3359025490444765,2.0,0.0,0.032687098099517704,0.032687098099517704,-5.698570684884269,-14243.753605219488,-14249.452175904373
113,18,0.4364011507787293,-7.728056722408138,3.0,1.0,0.9125341563130208,-14250.969344872094,14251.253896281269,0.0832530640400364,0.1677353677678184,2.0,0.0,0.032687098099517704,0.032687098099517704,-5.795148692881473,-14243.771590250371,-14249.566738943253
114,18,0.4471954461959439,-7.673204639749616,7.0,1.0,0.6231917168786667,-14252.314195469899,14253.488641466774,0.46699964370600355,1.2244726029148296,2.0,0.0,0.032687098099517704,0.032687098099517704,-5.625356237938563,-14245.291328922985,-14250.916685160924
115,18,0.4471954461959439,-7.673204639749616,1.0,1.0,0.5319280487209462,-14252.314195469899,14253.981216438033,0.0,0.6312470455522998,1.0,0.0,0.032687098099517704,0.032687098099517704,-5.625356237938563,-14245.291328922985,-14250.916685160924
116,18,0.4381495609221013,-7.736053553881369,7.0,1.0,0.7428721451934,-14250.920730547292,14253.458445586251,-0.4950518262467085,1.0127501179140381,2.0,0.0,0.032687098099517704,0.032687098099517704,-5.8201538648800515,-14243.69886213167,-14249.519015996551
117,18,0.4260274473075232,-7.667517528853833,7.0,1.0,0.5723232820742997,-14252.828365308236,14254.107988272594,0.4322221413731313,0.9967914363114687,3.0,0.0,0.032687098099517704,0.032687098099517704,-5.607924157383108,-14245.81201594495,-14251.419940102332
118,18,0.44974595430484626,-7.766719650029978,7.0,1.0,1.0,-14251.74794919269,14252.584859155651,-0.3255850795558217,-0.4770396422718477,2.0,0.0,0.032687098099517704,0.032687098099517704,-5.916636039996447,-14244.434865544936,-14250.351501584932
119,18,0.4452790129353562,-7.708746936508359,7.0,1.0,0.9532400855386053,-14251.071389022945,14252.833293596748,-0.05597573795967037,0.25458703606818744,2.0,0.0,0.032687098099517704,0.032687098099517704,-5.7350328563896475,-14243.938011950966,-14249.673044807356
120,18,0.44139517876874496,-7.724656614538856,3.0,1.0,0.9745351226022305,-14250.725793525711,14251.088041698558,-0.1404008070985583,-0.1404008070985583,2.0,0.0,0.032687098099517704,0.032687098099517704,-5.784536322160876,-14243.541129501153,-14249.325665823313
121,18,0.43448102577705144,-7.684293326157809,3.0,1.0,0.9053631782392445,-14251.185480527596,14251.340360009688,0.07640084269769432,0.11548915751700406,2.0,0.0,0.032687098099517704,0.032687098099517704,-5.659438189368984,-14244.122427902914,-14249.781866092282
122,18,0.43467222056923305,-7.677463399451094,1.0,1.0,0.99572670987576,-14251.282416016371,14251.333110419911,0.0042824467236641794,0.0042824467236641794,1.0,0.0,0.032687098099517704,0.032687098099517704,-5.6384313279500855,-14244.240472065092,-14249.878903393042
123,18,0.4493139726539848,-7.746853967353067,3.0,1.0,0.6970241849380429,-14251.477295290526,14252.632958623391,0.12740950985971722,0.605583648177344,2.0,0.0,0.032687098099517704,0.032687098099517704,-5.85402702425054,-14244.226644446035,-14250.080671470285
124,18,0.43927130313501583,-7.753115023002047,3.0,1.0,1.0,-14251.15952609043,14251.56102171936,-0.0814528747141594,-0.08720423389422649,2.0,0.0,0.032687098099517704,0.032687098099517704,-5.873716881646083,-14243.884653057841,-14249.758369939487
125,18,0.4453472871973061,-7.739593136719933,3.0,1.0,0.9916484428342649,-14250.974889040699,14251.202578909923,-0.06137046007643221,-0.06137046007643221,2.0,0.0,0.032687098099517704,0.032687098099517704,-5.831242150241928,-14243.745332906148,-14249.57657505639
126,18,0.4415821764869574,-7.662738931357951,3.0,1.0,0.78501617615969,-14251.823952693243,14252.275290602813,0.21882667029058211,0.32780085002559645,2.0,0.0,0.032687098099517704,0.032687098099517704,-5.593301849535982,-14244.830611888512,-14250.423913738048
127,18,0.435713463727741,-7.717409910093554,3.0,1.0,1.0,-14250.94390653933,14251.757947202135,-0.19097666522793588,-0.21337811077137303,2.0,0.0,0.032687098099517704,0.032687098099517704,-5.761956583354698,-14243.778986397554,-14249.540942980908
128,18,0.4418970723337196,-7.775953023227064,3.0,1.0,0.8491986740894956,-14251.643200082513,14252.892384844272,0.09830557602617773,0.32531953976831574,1.0,0.0,0.032687098099517704,0.032687098099517704,-5.94587043366929,-14244.297439481372,-14250.24330991504
129,18,0.44908721954005937,-7.677480016521011,3.0,1.0,0.7067478178952702,-14252.58560724664,14253.213864592353,0.5262730356989778,0.6359341480238072,2.0,0.0,0.032687098099517704,0.032687098099517704,-5.638482380599284,-14245.550407933273,-14251.188890313873
130,18,0.44484662020173277,-7.646626529176565,3.0,1.0,1.0,-14253.060653768796,14253.944196334322,-0.0021964130883134203,-0.4977589525296935,2.0,0.0,0.032687098099517704,0.032687098099517704,-5.5441668769653765,-14246.117950318478,-14251.662117195443
131,18,0.4521506930825739,-7.706699972300108,3.0,1.0,0.8467077788244852,-14252.469167509811,14254.983418946256,0.007470199248928111,0.6022728187708708,1.0,0.0,0.032687098099517704,0.032687098099517704,-5.728682040895007,-14245.34499068875,-14251.073672729646
132,18,0.44837064968983875,-7.706074931004354,1.0,1.0,1.0,-14251.600447201818,14252.420706371977,-0.3401085885343491,-0.3401085885343491,1.0,0.0,0.032687098099517704,0.032687098099517704,-5.72674365203686,-14244.476689579144,-14250.20343323118
133,18,0.4296805606075908,-7.649144508332477,7.0,1.0,0.9744141820772171,-14252.521947372608,14253.154782250458,-0.07413795415777713,-0.22820316129036655,3.0,0.0,0.032687098099517704,0.032687098099517704,-5.5518283707506555,-14245.563847118037,-14251.115675488789
134,18,0.43907339000088774,-7.660350774547376,7.0,1.0,0.8826219770469391,-14251.716301763972,14254.597162681936,-0.08821773567979108,0.2955603145692294,3.0,0.0,0.032687098099517704,0.032687098099517704,-5.5860027475594025,-14244.72904510995,-14250.31504785751
135,18,0.42949775938676105,-7.720709455675181,3.0,1.0,0.6003492540909671,-14252.060137207569,14253.941404007623,0.33137560322757054,0.9387737625402224,2.0,0.0,0.032687098099517704,0.032687098099517704,-5.7722310036858575,-14244.881529267284,-14250.65376027097
136,18,0.4367683509053181,-7.712137793696317,1.0,1.0,1.0,-14250.833797227764,14251.582673711784,-0.48052502181963064,-0.48052502181963064,1.0,0.0,0.032687098099517704,0.032687098099517704,-5.745562390878762,-14243.685818242398,-14249.431380633278
137,18,0.4337424011070666,-7.691227851105541,3.0,1.0,0.9716647251297946,-14251.179663115894,14251.308809400818,0.06357284853402234,0.06357284853402234,2.0,0.0,0.032687098099517704,0.032687098099517704,-5.680814489419758,-14244.094837976942,-14249.775652466362
138,18,0.44048783721008195,-7.755419658773322,7.0,1.0,1.0,-14251.137068109527,14251.186422826617,-0.01154340954235522,-0.08738884321064688,3.0,0.0,0.032687098099517704,0.032687098099517704,-5.880974403596486,-14243.855531247826,-14249.736505651423
139,18,0.44780038470083544,-7.752957146814148,7.0,1.0,0.9905517934037688,-14251.32310600787,14251.394750902762,0.027987930938252248,-0.07225507036309864,3.0,0.0,0.032687098099517704,0.032687098099517704,-5.873219908577945,-14244.052632707411,-14249.925852615988
140,18,0.45157892854853404,-7.742981976687117,7.0,1.0,0.9194362902840432,-14251.880578358683,14251.994472397757,0.23829109777580015,0.23829109777580015,3.0,0.0,0.032687098099517704,0.032687098099517704,-5.841869950129588,-14244.642991392688,-14250.484861342817
141,18,0.43497124506553664,-7.7332192301796825,3.0,1.0,1.0,-14251.217238628462,14251.756708783118,-0.16093790285776777,-0.32985902850668936,2.0,0.0,0.032687098099517704,0.032687098099517704,-5.811283944638638,-14244.002600675007,-14249.813884619645
142,18,0.4386936940284015,-7.727757178612119,3.0,1.0,1.0,-14250.792307718633,14251.060044940961,-0.16874563650344498,-0.1984627655638178,2.0,0.0,0.032687098099517704,0.032687098099517704,-5.79421329645706,-14243.596652054526,-14249.390865350982
143,18,0.4387834860632584,-7.705441369634973,7.0,1.0,0.9733828366497954,-14250.761537430724,14250.934861402373,-0.023263089187821606,0.06336718790771556,3.0,0.0,0.032687098099517704,0.032687098099517704,-5.724779239280292,-14243.63536050077,-14249.36013974005
144,18,0.4405631484640398,-7.764088013989666,3.0,1.0,0.7045010277106476,-14251.35396438831,14252.139201398777,0.13535174872049538,0.5353341318113962,2.0,0.0,0.032687098099517704,0.032687098099517704,-5.908319455237769,-14244.045118822036,-14249.953438277274
145,18,0.44522557395273127,-7.797977868102142,3.0,1.0,0.5173949363845164,-14252.361371125156,14254.544593844432,0.09500558107356483,1.3856439513165242,2.0,0.0,0.032687098099517704,0.032687098099517704,-6.015948980687922,-14244.947054239568,-14250.963003220257
146,18,0.4437299450790578,-7.780188526800404,1.0,1.0,1.0,-14251.722840932855,14252.31629543212,-0.07883273298284621,-0.07883273298284621,1.0,0.0,0.032687098099517704,0.032687098099517704,-5.95930926545196,-14244.36449114164,-14250.323800407092
147,18,0.4390533686302818,-7.7955587210077475,3.0,1.0,0.8664043649973685,-14252.71909702614,14252.77314146024,0.3331667596594343,0.3331667596594343,2.0,0.0,0.032687098099517704,0.032687098099517704,-6.008228035397108,-14245.309605176848,-14251.317833212244
148,18,0.44694596980780754,-7.757182371045027,3.0,1.0,0.8154304022729847,-14251.29105683825,14253.787437760853,-0.395541781479551,0.6507635176039912,2.0,0.0,0.032687098099517704,0.032687098099517704,-5.886528940578374,-14244.006910754635,-14249.893439695214
149,18,0.4368784207127501,-7.730487720720678,3.0,1.0,0.9522377105962262,-14250.952442091091,14251.497198289553,0.0002627772937557893,0.09919578106382687,2.0,0.0,0.032687098099517704,0.032687098099517704,-5.8027433796581604,-14243.74733865021,-14249.550082029868
150,18,0.43886592491844467,-7.726684920141846,1.0,1.0,1.0,-14250.775583168017,14250.895689003999,-0.06969066528290568,-0.06969066528290568,1.0,0.0,0.032687098099517704,0.032687098099517704,-5.790865650974167,-14243.583360785282,-14249.374226436255
51,19,0.43748970502568474,-7.669922272537161,7.0,1.0,0.9973384736795385,-14251.365067006132,14251.618718512915,-0.004021883907626034,0.00775016132138262,3.0,0.0,0.014556262935265499,0.014556262935265499,-5.615291209208114,-14244.3477278492,-14249.963019058407
52,19,0.42972475285503675,-7.662191504106071,3.0,1.0,0.6801577945472356,-14252.164075010742,14253.404050173129,0.18172678537303,0.724306573791182,2.0,0.0,0.03410342181062472,0.03410342181062472,-5.591628202918568,-14245.166200277952,-14250.757828480871
53,19,0.42996027875320914,-7.662127414568592,3.0,1.0,1.0,-14252.128433403053,14252.431016578244,-0.012466339338061516,-0.212105671669633,2.0,0.0,0.03410342181062472,0.03410342181062472,-5.591432281889961,-14245.130889437425,-14250.722321719315
54,19,0.42996027875320914,-7.662127414568592,3.0,1.0,0.721588900518986,-14252.128433403053,14253.851472020271,0.0,0.579695232303493,1.0,0.0,0.03410342181062472,0.03410342181062472,-5.591432281889961,-14245.130889437425,-14250.722321719315
55,19,0.4404377731143952,-7.7394683000072675,3.0,1.0,0.39274520691775155,-14250.850332768196,14255.444664116114,-0.2237291732290032,2.492739832334337,2.0,0.0,0.03410342181062472,0.03410342181062472,-5.830850866976757,-14243.618895254749,-14249.449746121725
56,19,0.4445380656323379,-7.720860686728525,7.0,1.0,0.9691819339767915,-14250.88890438933,14251.129830782713,0.038092777871497674,0.07536195247303112,3.0,0.0,0.03410342181062472,0.03410342181062472,-5.7727021814067605,-14243.717527419956,-14249.490229601362
57,19,0.4335880553419289,-7.713797121943557,7.0,1.0,0.8505953132311905,-14251.182138861144,14251.582031974269,0.11667775860223628,0.3486487680420396,2.0,0.0,0.03410342181062472,0.03410342181062472,-5.750719246678608,-14244.027325589494,-14249.778044836172
58,19,0.4435564752349749,-7.709406225805992,3.0,1.0,0.9617985683465046,-14250.887666840848,14251.396064222803,-0.11268793070485117,0.11934843286690011,2.0,0.0,0.03410342181062472,0.03410342181062472,-5.737079228656836,-14243.75146787041,-14249.488547099067
59,19,0.4393287199219513,-7.782802887479894,3.0,1.0,0.5630705367664639,-14252.110315689668,14252.902553229698,0.2996012439925835,0.8243878942557785,2.0,0.0,0.03410342181062472,0.03410342181062472,-5.9676133259997215,-14244.741574511376,-14250.709187837376
60,19,0.44144756504295674,-7.731495935169269,3.0,1.0,1.0,-14250.758506410697,14252.098492464555,-0.3636886071344634,-0.3636886071344634,2.0,0.0,0.03410342181062472,0.03410342181062472,-5.8058948782013005,-14243.55250872148,-14249.358403599681
61,19,0.4449013564526949,-7.773520633535581,3.0,1.0,0.874074634262363,-14251.523758695776,14251.675669078444,0.10835411516927707,0.17751946797943674,2.0,0.0,0.03410342181062472,0.03410342181062472,-5.938160812441863,-14244.187085746144,-14250.125246558586
62,19,0.4475872712273787,-7.778692522694734,1.0,1.0,0.9681486889328934,-14251.781869759447,14251.82634597122,0.032369599231969914,0.032369599231969914,1.0,0.0,0.03410342181062472,0.03410342181062472,-5.954560543992669,-14244.429965659636,-14250.384526203628
63,19,0.44254076817879057,-7.7903423839584365,3.0,1.0,0.9569252828485205,-14252.140128463127,14252.266228596065,0.12530003868960193,0.12530003868960193,2.0,0.0,0.03410342181062472,0.03410342181062472,-5.991599498566294,-14244.748940372161,-14250.740539870727
64,19,0.4547823174808112,-7.72506608775171,3.0,1.0,0.2137914827769285,-14252.85670998318,14258.351498315935,0.5994755291758338,3.715727573213371,2.0,0.0,0.03410342181062472,0.03410342181062472,-5.785813752125386,-14245.676389686825,-14251.46220343895
65,19,0.4500846612297419,-7.6861067396096185,3.0,1.0,0.9012263733300272,-14252.522620881851,14254.032397510377,-0.10325063151867653,0.35143282219905814,1.0,0.0,0.03410342181062472,0.03410342181062472,-5.665023556925322,-14245.461286804966,-14251.126310361891
66,19,0.4232485136521154,-7.66519811927508,3.0,1.0,0.9731772991012351,-14253.640276913015,14253.931512609928,0.08389054570398002,-0.6787970746099745,2.0,0.0,0.03410342181062472,0.03410342181062472,-5.600824009452993,-14246.629313329016,-14252.230137338469
67,19,0.4435707225767531,-7.723725262988908,3.0,1.0,0.9495459349001271,-14250.808254647683,14254.652190844352,-0.7769421006905759,-0.7769421006905759,2.0,0.0,0.03410342181062472,0.03410342181062472,-5.781631417348459,-14243.627510004113,-14249.409141421462
68,19,0.44778029612902887,-7.773844453124452,7.0,1.0,0.8710702108579379,-14251.676367929049,14252.520344076262,0.11561779066505551,0.26217782787352917,3.0,0.0,0.03410342181062472,0.03410342181062472,-5.939186838810751,-14244.339919215323,-14250.279106054133
69,19,0.4485267952739466,-7.669098446772769,3.0,1.0,0.628987933818094,-14252.791342632412,14253.730105495877,0.6658207021246199,0.9254423816510098,2.0,0.0,0.03410342181062472,0.03410342181062472,-5.612766726822184,-14245.781627022881,-14251.394393749704
70,19,0.43891944164461977,-7.726988270224254,3.0,1.0,0.9703985374024852,-14250.77548302827,14252.461240814235,-0.7897874710670294,-0.7897874710670294,2.0,0.0,0.03410342181062472,0.03410342181062472,-5.791812608736647,-14243.582340246574,-14249.374152855311
71,19,0.44871487848362845,-7.758359318225834,3.0,1.0,0.8364140289549131,-14251.494599250032,14251.735400126114,0.13921701998697245,0.23869744066541898,2.0,0.0,0.03410342181062472,0.03410342181062472,-5.890239385035778,-14244.207489115788,-14250.097728500823
72,19,0.43784882913178846,-7.785428751129538,7.0,1.0,0.8180126412786731,-14252.421596031396,14252.676003174614,0.3365450617911847,0.504703743963546,3.0,0.0,0.03410342181062472,0.03410342181062472,-5.97596080378244,-14245.043769182517,-14251.0197299863
73,19,0.45162917694918203,-7.752933843845082,7.0,1.0,0.9117594676521276,-14251.911986227875,14252.782321649009,-0.1539232384038769,-0.3868664348428865,3.0,0.0,0.03410342181062472,0.03410342181062472,-5.873146556067287,-14244.643142294479,-14250.516288850546
74,19,0.4422696554421175,-7.795094554105981,3.0,1.0,0.986792940593871,-14252.358045725174,14253.033821452716,-0.018424395861075027,-0.285810638235489,2.0,0.0,0.03410342181062472,0.03410342181062472,-6.006747270360834,-14244.951583265185,-14250.958330535546
75,19,0.4501644942006845,-7.80421414040528,7.0,1.0,0.9560360405014993,-14252.793052830331,14253.296067583999,-0.05604958972253371,-0.3394872188819136,3.0,0.0,0.03410342181062472,0.03410342181062472,-6.035879644351257,-14245.360894839783,-14251.396774484134
76,19,0.45041643472234194,-7.77364525759838,3.0,1.0,0.5033909663144955,-14251.961208545423,14255.391141366774,-0.05028947305800102,1.5593529677080369,2.0,0.0,0.03410342181062472,0.03410342181062472,-5.938555672912587,-14244.626475717276,-14250.565031390188
77,19,0.45546739141434445,-7.773053119464018,1.0,1.0,0.710866590445031,-14252.925805279763,14253.047582788457,0.34127050328970654,0.34127050328970654,1.0,0.0,0.03410342181062472,0.03410342181062472,-5.936679673308697,-14245.594867001864,-14251.531546675173
78,19,0.4333139895770745,-7.734809491794669,3.0,1.0,1.0,-14251.512580882692,14252.701798986924,-0.23357197563382215,-0.4704193161760486,2.0,0.0,0.03410342181062472,0.03410342181062472,-5.816259625429414,-14244.29207869048,-14250.10833831591
79,19,0.4333139895770745,-7.734809491794669,1.0,1.0,0.22185153214476572,-14251.512580882692,14253.76155664105,0.0,1.5057468949617032,1.0,0.0,0.03410342181062472,0.03410342181062472,-5.816259625429414,-14244.29207869048,-14250.10833831591
80,19,0.43552066902522496,-7.763314834656285,3.0,1.0,0.9702365793359373,-14251.916697069835,14252.427915605365,0.09353105158334074,-0.11001137927451055,2.0,0.0,0.03410342181062472,0.03410342181062472,-5.905877344160448,-14244.607755191495,-14250.513632535656
81,19,0.44547708746076714,-7.677520887454306,3.0,1.0,1.0,-14251.827779994112,14252.097951390195,-0.02261623426602455,-0.4369166572942049,2.0,0.0,0.03410342181062472,0.03410342181062472,-5.638607949604645,-14244.790915428084,-14250.429523377688
82,19,0.43361611018853763,-7.710533772250559,3.0,1.0,0.9074720293886954,-14251.159812595462,14252.385370369813,-0.24484713794845447,0.30248578256396286,2.0,0.0,0.03410342181062472,0.03410342181062472,-5.740580034647123,-14244.015153705624,-14249.755733740272
83,19,0.4391798014590816,-7.740316834242928,3.0,1.0,0.9722417601472744,-14250.916729212302,14251.511022876048,-0.10421253450840595,-0.10421253450840595,1.0,0.0,0.03410342181062472,0.03410342181062472,-5.833510786236443,-14243.682017120289,-14249.515527906526
84,19,0.4336958324827717,-7.728601278250767,3.0,1.0,0.8631715607082461,-14251.333959693859,14251.524421035749,0.20373352431852254,0.2563966308480303,1.0,0.0,0.03410342181062472,0.03410342181062472,-5.796849427261279,-14244.133074482508,-14249.929923909769
85,19,0.44432317074390154,-7.79080568789248,3.0,1.0,0.8816493281751083,-14252.090432402067,14253.682777504651,-0.021106839360072627,0.4385856095850613,1.0,0.0,0.03410342181062472,0.03410342181062472,-5.993075308701487,-14244.698585578026,-14250.691660886727
86,19,0.44276261635182595,-7.792075559031326,1.0,1.0,0.9427124955930899,-14252.198725259323,14252.422419477878,0.05899392555693339,0.05899392555693339,1.0,0.0,0.03410342181062472,0.03410342181062472,-5.997121461570593,-14244.802118343105,-14250.799239804675
87,19,0.4321155603773717,-7.664302684888129,7.0,1.0,0.9972648897887832,-14251.793082111833,14252.694450971507,-0.12337078896052844,-0.257993521512617,3.0,0.0,0.03410342181062472,0.03410342181062472,-5.598084356117868,-14244.790098197751,-14250.388182553868
88,19,0.4321155603773717,-7.664302684888129,1.0,1.0,0.46289269569973274,-14251.793082111833,14252.948578050287,0.0,0.7702600105039892,1.0,0.0,0.03410342181062472,0.03410342181062472,-5.598084356117868,-14244.790098197751,-14250.388182553868
89,19,0.4321155603773717,-7.664302684888129,1.0,1.0,0.15547200087336033,-14251.793082111833,14254.63577790858,0.0,1.8612896222675772,1.0,0.0,0.03410342181062472,0.03410342181062472,-5.598084356117868,-14244.790098197751,-14250.388182553868
90,19,0.43709100825134134,-7.760406486056066,7.0,1.0,0.8432977570808738,-14251.582252695864,14252.509069781314,0.12332991748553468,0.3595088870752079,3.0,0.0,0.03410342181062472,0.03410342181062472,-5.896696587837996,-14244.283304946657,-14250.180001534494
91,19,0.44909913644917837,-7.730767935126808,3.0,1.0,1.0,-14251.440527124512,14251.672665599004,-0.02439379450152046,-0.26812642283402965,2.0,0.0,0.03410342181062472,0.03410342181062472,-5.803619177915181,-14244.240195917882,-14250.043815095798
92,19,0.4317750588897948,-7.721317968594576,7.0,1.0,0.9433935180979205,-14251.567816652583,14251.802398074491,0.09063865332791465,-0.2683131056601269,2.0,0.0,0.03410342181062472,0.03410342181062472,-5.77412703472633,-14244.388601178918,-14250.162728213645
93,19,0.4307276083167078,-7.695360687272739,3.0,1.0,0.9481289782354381,-14251.599851198927,14252.07583107369,-0.07134382178628584,-0.23544541059345647,1.0,0.0,0.03410342181062472,0.03410342181062472,-5.693577200319606,-14244.500598371269,-14250.194175571589
94,19,0.43203048040820724,-7.689766434167911,1.0,1.0,1.0,-14251.409032431162,14251.703097153792,-0.0993677238602686,-0.0993677238602686,1.0,0.0,0.03410342181062472,0.03410342181062472,-5.676305540347184,-14244.327780229696,-14250.004085770044
95,19,0.43795088307668656,-7.6616603434759645,3.0,1.0,0.9849965989717985,-14251.62664380309,14251.83642238627,-0.020624503536964767,-0.08372675180726219,2.0,0.0,0.03410342181062472,0.03410342181062472,-5.590004574614796,-14244.634824678242,-14250.224829252857
96,19,0.4455002603118717,-7.7063963363366375,3.0,1.0,0.9362246873443278,-14251.131973206102,14252.418469225231,0.019316616466312553,0.18897728732008545,2.0,0.0,0.03410342181062472,0.03410342181062472,-5.7277403510075064,-14244.005986465692,-14249.7337268167
97,19,0.44572247707005214,-7.679687743812912,3.0,1.0,0.8436028382255364,-14251.797956077562,14252.068437084183,0.23518730194700765,0.23518730194700765,1.0,0.0,0.03410342181062472,0.03410342181062472,-5.645267639891224,-14244.754539894562,-14250.399807534453
98,19,0.43309110778024684,-7.731470575550143,7.0,1.0,1.0,-14251.487297767626,14251.72534584187,-0.08066832008807978,-0.4029311797912669,3.0,0.0,0.03410342181062472,0.03410342181062472,-5.805815596092594,-14244.277118336917,-14250.08293393301
99,19,0.440951625222016,-7.73264099459144,3.0,1.0,0.9703140137576604,-14250.767743516433,14251.380616973474,-0.32403306120795605,-0.32403306120795605,2.0,0.0,0.03410342181062472,0.03410342181062472,-5.809475362537717,-14243.557928779463,-14249.367404142
100,19,0.45463360521831975,-7.736752544836044,3.0,1.0,0.5882562918034467,-14252.663531824399,14253.304727140583,0.7243162174800091,0.8552857014328765,2.0,0.0,0.03410342181062472,0.03410342181062472,-5.822342568328528,-14245.446628382188,-14251.268970950516
101,19,0.44038874012006,-7.769007536287876,3.0,1.0,0.9544221229553375,-14251.51162525427,14252.555196381232,-0.5411312415526481,-0.5411312415526481,2.0,0.0,0.03410342181062472,0.03410342181062472,-5.923871922780655,-14244.187142974542,-14250.111014897324
102,19,0.45034562326364125,-7.786840016407705,3.0,1.0,0.9031830151222292,-14252.255943973272,14252.965531464655,0.04165636693687702,0.28721590270652086,2.0,0.0,0.03410342181062472,0.03410342181062472,-5.980449988105861,-14244.879288441625,-14250.859738429732
103,19,0.4579220496895774,-7.797842748592549,1.0,1.0,0.6352472440045116,-14253.956521895057,14253.979486690028,0.453740995233602,0.453740995233602,1.0,0.0,0.03410342181062472,0.03410342181062472,-6.015517579208332,-14246.54760254119,-14252.563120120398
104,19,0.4500657647286449,-7.773710816366414,3.0,1.0,1.0,-14251.915364928,14253.555519183215,-0.47469030517095234,-0.47469030517095234,2.0,0.0,0.03410342181062472,0.03410342181062472,-5.938763396383804,-14244.580283388423,-14250.519046784806
105,19,0.4307748985196606,-7.699738179167722,7.0,1.0,0.9716082928577345,-14251.591210791146,14252.29718430595,0.08343994331153226,-0.18608623935870128,3.0,0.0,0.03410342181062472,0.03410342181062472,-5.707114065410579,-14244.478447809048,-14250.185561874458
106,19,0.45188902180213963,-7.723980560162534,3.0,1.0,0.8899360004703545,-14252.081090241161,14252.27137240103,0.2471280348545406,0.2471280348545406,2.0,0.0,0.03410342181062472,0.03410342181062472,-5.782427608233738,-14244.903066479066,-14250.6854940873
107,19,0.4299268404552109,-7.721533503167787,3.0,1.0,1.0,-14251.970492106804,14252.106031677884,-0.022973151220867294,-0.5508097493529931,2.0,0.0,0.03410342181062472,0.03410342181062472,-5.774798695536294,-14244.78956261171,-14250.564361307246
108,19,0.4307267453125526,-7.722258320659401,1.0,1.0,1.0,-14251.799650446861,14252.347596448471,-0.07040934848191682,-0.07040934848191682,1.0,0.0,0.03410342181062472,0.03410342181062472,-5.777057752859008,-14244.616916579042,-14250.3939743319
109,19,0.44303570535583153,-7.724858553094202,3.0,1.0,0.9945529930803563,-14250.777843977778,14251.392311826368,-0.4388992257663631,-0.4570410611831903,2.0,0.0,0.03410342181062472,0.03410342181062472,-5.785166287133269,-14243.593318633375,-14249.378484920508
110,19,0.44303570535583153,-7.724858553094202,3.0,1.0,0.5453456341621093,-14250.777843977778,14252.091382473207,0.0,0.9936419106961694,1.0,0.0,0.03410342181062472,0.03410342181062472,-5.785166287133269,-14243.593318633375,-14249.378484920508
111,19,0.438413179974305,-7.72488890360986,3.0,1.0,0.9953030647557374,-14250.784640026332,14250.82827495053,0.009704893975140294,-0.010200388447628939,2.0,0.0,0.03410342181062472,0.03410342181062472,-5.7852609717444805,-14243.597796679436,-14249.383057651181
112,19,0.438413179974305,-7.72488890360986,3.0,1.0,0.6601507645527119,-14250.784640026332,14251.791320288054,0.0,0.6244724624029914,1.0,0.0,0.03410342181062472,0.03410342181062472,-5.7852609717444805,-14243.597796679436,-14249.383057651181
113,19,0.43472979026300984,-7.734125021070966,1.0,1.0,0.8135066157983293,-14251.26791805688,14251.284425494434,0.2064012198443379,0.2064012198443379,1.0,0.0,0.03410342181062472,0.03410342181062472,-5.814117713198924,-14244.050318316135,-14249.864436029333
114,19,0.4401947998291235,-7.738395426662291,3.0,1.0,1.0,-14250.843726405901,14251.158244392524,-0.20393255513226904,-0.20393255513226904,1.0,0.0,0.03410342181062472,0.03410342181062472,-5.827488737603622,-14243.615533332531,-14249.443022070134
115,19,0.4335665810775424,-7.653607442904249,3.0,1.0,0.7271883331859059,-14251.977977282173,14252.530320615968,0.14559011302117142,0.46269302334803797,2.0,0.0,0.03410342181062472,0.03410342181062472,-5.565423387881929,-14245.008448253297,-14250.573871641178
116,19,0.42906803722703485,-7.646537670968298,3.0,1.0,0.9500101451266142,-14252.696343850355,14252.761693407114,0.1624831238095794,0.1624831238095794,2.0,0.0,0.03410342181062472,0.03410342181062472,-5.543896622552089,-14245.74582221917,-14251.289718841723
117,19,0.42906803722703485,-7.646537670968298,3.0,1.0,0.3692700198149525,-14252.696343850355,14256.50545226921,0.0,2.5155537722366716,2.0,0.0,0.03410342181062472,0.03410342181062472,-5.543896622552089,-14245.74582221917,-14251.289718841723
118,19,0.4456192383178575,-7.708317411450338,3.0,1.0,0.9077342726238479,-14251.119876722554,14253.032027669347,-0.16435342417753418,0.17867950213258155,2.0,0.0,0.03410342181062472,0.03410342181062472,-5.733699884651694,-14243.987982887706,-14249.721682772357
119,19,0.42990124639925553,-7.656634171407804,3.0,1.0,0.88019374949075,-14252.272771423317,14252.692188133758,0.10606975941300334,0.1952463536945288,2.0,0.0,0.03410342181062472,0.03410342181062472,-5.574654760361453,-14245.29197122552,-14250.866625985882
120,19,0.43445600808229234,-7.65874614619622,7.0,1.0,0.6467438731794245,-14251.762369876276,14254.488393670714,-0.1307795989960141,1.1866327865645871,3.0,0.0,0.03410342181062472,0.03410342181062472,-5.5811016055851725,-14244.777640490574,-14250.35874209616
121,19,0.4442468330344815,-7.712610302061353,3.0,1.0,0.5378850136934338,-14250.917664016668,14253.511151987947,-0.05703432791597152,1.2818556324946258,2.0,0.0,0.03410342181062472,0.03410342181062472,-5.747030570695376,-14243.771827477598,-14249.518858048294
122,19,0.4269862159554236,-7.611789358510588,3.0,1.0,0.6578516682806109,-14254.527041948655,14254.893827471873,0.4996736907760351,0.4996736907760351,2.0,0.0,0.03410342181062472,0.03410342181062472,-5.4388179574946065,-14247.68037493712,-14253.119192894614
123,19,0.4310124481126636,-7.6166294773129675,1.0,1.0,1.0,-14253.80508716225,14254.713882469396,-0.13817720676161116,-0.13817720676161116,1.0,0.0,0.03410342181062472,0.03410342181062472,-5.453382064858137,-14246.94619006776,-14252.399572132617
124,19,0.43488677310155965,-7.698704020274401,3.0,1.0,0.8999709516085964,-14251.013960665423,14254.20620567309,-0.39643927257748146,-0.39643927257748146,2.0,0.0,0.03410342181062472,0.03410342181062472,-5.703914325141753,-14243.906647600461,-14249.610561925603
125,19,0.4523944568538184,-7.7532949371506374,3.0,1.0,0.4321702255237588,-14252.069083689841,14253.919687559546,0.339886225083319,1.3687089649502013,2.0,0.0,0.03410342181062472,0.03410342181062472,-5.8742832576457955,-14244.799399581625,-14250.673682839271
126,19,0.4489951399674601,-7.744033514053286,3.0,1.0,1.0,-14251.416653775426,14252.0144332501,-0.19425949480682903,-0.29758800390482065,2.0,0.0,0.03410342181062472,0.03410342181062472,-5.84517002934093,-14244.174728881178,-14250.01989891052
127,19,0.45054237384269014,-7.7852152322738695,3.0,1.0,0.9608293273968908,-14252.236896357166,14252.590507508436,0.03068792467820458,-0.19170927863160614,2.0,0.0,0.03410342181062472,0.03410342181062472,-5.975281781408033,-14244.86548780742,-14250.840769588827
128,19,0.44447886640051343,-7.755028831076354,3.0,1.0,0.7150867002945325,-14251.102949468916,14253.212343948644,-0.18644176187808625,0.698658588449689,2.0,0.0,0.03410342181062472,0.03410342181062472,-5.879743275223307,-14243.824504797536,-14249.70424807276
129,19,0.44447886640051343,-7.755028831076354,3.0,1.0,0.5403496299492169,-14251.102949468916,14253.736673018106,0.0,0.9790844613144145,1.0,0.0,0.03410342181062472,0.03410342181062472,-5.879743275223307,-14243.824504797536,-14249.70424807276
130,19,0.44307625773380466,-7.706906066808054,3.0,1.0,0.9424694698595322,-14250.876125101882,14251.740752202872,0.006951646995730698,0.14891935476589424,1.0,0.0,0.03410342181062472,0.03410342181062472,-5.72932127038767,-14243.747463490708,-14249.476784761096
131,19,0.4334342649957802,-7.671922218907338,3.0,1.0,0.8992766652023909,-14251.49058248929,14251.75463279959,0.06049329952293192,0.1693933697497414,2.0,0.0,0.03410342181062472,0.03410342181062472,-5.62142254891184,-14244.46498264011,-14250.08640518902
132,19,0.4381962106974535,-7.815343634378304,5.0,1.0,0.6168286030840466,-14253.953013810282,14254.314770351228,0.7760241520336422,1.0740036074439558,2.0,0.0,0.03410342181062472,0.03410342181062472,-6.071545317579429,-14246.479777374014,-14252.551322691594
133,19,0.44258984623272857,-7.770915367928844,3.0,1.0,1.0,-14251.459454536147,14253.282913604799,-0.7394238702545408,-0.7394238702545408,2.0,0.0,0.03410342181062472,0.03410342181062472,-5.92990981169522,-14244.129978983843,-14250.059888795538
134,19,0.435667483972875,-7.677061645321531,5.0,1.0,0.667076571996503,-14251.232430057958,14252.834681798668,-0.07488797604128195,0.8015852071785048,2.0,0.0,0.03410342181062472,0.03410342181062472,-5.637197102167538,-14244.192245343967,-14249.829442446135
135,19,0.435667483972875,-7.677061645321531,3.0,1.0,0.4524414197603946,-14251.232430057958,14253.812807761202,0.0,1.4895792555653316,1.0,0.0,0.03410342181062472,0.03410342181062472,-5.637197102167538,-14244.192245343967,-14249.829442446135
136,19,0.44400003139907646,-7.763086709684276,7.0,1.0,0.9997708723545105,-14251.248836354534,14251.269780697092,0.0016051811326178722,-0.07063280799411586,3.0,0.0,0.03410342181062472,0.03410342181062472,-5.905156918521373,-14243.944761748977,-14249.849918667498
137,19,0.44834112472994847,-7.825109344697284,3.0,1.0,0.5213070245726885,-14253.625235272963,14254.886078733025,0.3284087526408257,1.0566932332130818,2.0,0.0,0.03410342181062472,0.03410342181062472,-6.102942626099107,-14246.125266346362,-14252.228208972461
138,19,0.44588464423099244,-7.800646598615542,1.0,1.0,1.0,-14252.468038400968,14253.526369744279,-0.13756175697744766,-0.13756175697744766,1.0,0.0,0.03410342181062472,0.03410342181062472,-6.024473285033877,-14245.045487719795,-14251.069961004829
139,19,0.44764825814575915,-7.720345663927239,3.0,1.0,0.6095122959582793,-14251.27293059095,14253.818230645447,-0.03668818882579217,0.9209643810390844,2.0,0.0,0.03410342181062472,0.03410342181062472,-5.771097662381374,-14244.104515213416,-14249.875612875798
140,19,0.437969265643918,-7.7608747150126955,3.0,1.0,0.9949067653337279,-14251.488266147335,14251.543210163947,0.015397641585877864,-0.1848899989254278,2.0,0.0,0.03410342181062472,0.03410342181062472,-5.898174070457874,-14244.188286792929,-14250.086460863387
141,19,0.442595579547411,-7.684031656986728,3.0,1.0,1.0,-14251.250273549842,14251.642273184165,-0.07373942200865713,-0.18428465036595298,2.0,0.0,0.03410342181062472,0.03410342181062472,-5.658632512004619,-14244.192077965476,-14249.85071047748
142,19,0.442595579547411,-7.684031656986728,1.0,1.0,0.6918239751746816,-14251.250273549842,14251.874075587724,0.0,0.3684237268571451,1.0,0.0,0.03410342181062472,0.03410342181062472,-5.658632512004619,-14244.192077965476,-14249.85071047748
143,19,0.4481806893798165,-7.761190392811338,7.0,1.0,0.9919163717544767,-14251.47172891612,14251.626521222759,-0.031018038895126665,-0.16363896510665654,3.0,0.0,0.03410342181062472,0.03410342181062472,-5.899170306143,-14244.17546518448,-14250.074635490624
144,19,0.4419098769447971,-7.721951963206551,3.0,1.0,0.9769564188832791,-14250.73300142176,14251.87373793076,-0.13894211770093534,-0.13894211770093534,2.0,0.0,0.03410342181062472,0.03410342181062472,-5.7761028566052035,-14243.557014430355,-14249.33311728696
145,19,0.4339784526285723,-7.680834543495434,3.0,1.0,0.8858220540349375,-14251.279859052542,14251.430471235715,0.09468374112839228,0.14081861281010788,2.0,0.0,0.03410342181062472,0.03410342181062472,-5.648794153225203,-14244.227181372939,-14249.875975526164
146,19,0.4458403676536739,-7.75124937717295,3.0,1.0,0.9890997103944373,-14251.121918838851,14251.589220382632,-0.02461580857379886,-0.08668242252679192,2.0,0.0,0.03410342181062472,0.03410342181062472,-5.867845671807863,-14243.855976367242,-14249.72382203905
147,19,0.441026375854245,-7.74039410243842,3.0,1.0,0.9990945991866066,-14250.849024502411,14251.171720826314,-0.04347819488066307,-0.05595573994833103,2.0,0.0,0.03410342181062472,0.03410342181062472,-5.833753036345742,-14243.614967878997,-14249.448720915343
148,19,0.4570185667427663,-7.817631053573709,3.0,1.0,0.337679311475644,-14254.290802246338,14255.826899872542,0.5873839017258433,1.5220624183148175,2.0,0.0,0.03410342181062472,0.03410342181062472,-6.0788909460891425,-14246.818199886251,-14252.89709083234
149,19,0.44884381459074757,-7.663638961662732,3.0,1.0,0.6639461067566702,-14253.121599251317,14256.89112355751,0.2781004596254206,1.1255878992942598,2.0,0.0,0.03410342181062472,0.03410342181062472,-5.596054159093043,-14246.128727736876,-14251.72478189597
150,19,0.43711089818262905,-7.714273018698373,3.0,1.0,0.9789436913016237,-14250.813757033882,14252.487221401425,-0.9002744556510152,-0.9002744556510152,2.0,0.0,0.03410342181062472,0.03410342181062472,-5.752198745388223,-14243.65931729652,-14249.411516041908
51,20,0.4413207269426374,-7.704421260718129,1.0,1.0,1.4969537879121043e-5,-14250.800220298213,14251.832706887122,0.0,11.109493229807413,1.0,0.0,0.11353910532648209,0.11353910532648209,-5.721617145312321,-14243.678440035286,-14249.4000571806
52,20,0.4417379451978111,-7.796760367280476,3.0,1.0,0.667362948751388,-14252.473522224354,14253.411289765427,0.4336876495872275,0.4336876495872275,2.0,0.0,0.037041408701982755,0.037041408701982755,-6.012062475865654,-14245.06149449701,-14251.073556972875
53,20,0.4496655243351291,-7.76870076786823,3.0,1.0,1.0,-14251.770477381335,14252.390025770768,-0.20317533118759457,-0.28276082067350217,2.0,0.0,0.037041408701982755,0.037041408701982755,-5.92290140445012,-14244.45109567702,-14250.37399708147
54,20,0.4399517107194334,-7.755860342122758,7.0,1.0,0.9818369625073066,-14251.177848901734,14252.03673449484,-0.09232225017876772,-0.15097072554090119,3.0,0.0,0.037041408701982755,0.037041408701982755,-5.882362763186619,-14243.894663563979,-14249.777026327165
55,20,0.4399517107194334,-7.755860342122758,1.0,1.0,0.6980956030428789,-14251.177848901734,14251.68117657145,0.0,0.3593992184887611,1.0,0.0,0.037041408701982755,0.037041408701982755,-5.882362763186619,-14243.894663563979,-14249.777026327165
56,20,0.4491242709091746,-7.76036578474245,3.0,1.0,0.7682099356574629,-14251.572650209284,14252.274316400908,0.06870325986528769,0.4462843513883854,2.0,0.0,0.037041408701982755,0.037041408701982755,-5.896568166404112,-14244.279380353664,-14250.17594852007
57,20,0.4484083044655697,-7.692559358460612,7.0,1.0,0.7512875520496782,-14251.926081716167,14253.34327350284,0.37960171979648294,0.7013537650527724,2.0,0.0,0.037041408701982755,0.037041408701982755,-5.684924484354951,-14244.844158975668,-14250.529083460022
58,20,0.4491387390740599,-7.77009513393861,3.0,1.0,0.927163773787614,-14251.731169747009,14252.909656673395,-0.38018961883608426,-0.4233280256667058,2.0,0.0,0.037041408701982755,0.037041408701982755,-5.927313496284471,-14244.407160510878,-14250.334474007162
59,20,0.4403143439495357,-7.688015101994284,15.0,1.0,0.8912595045552147,-14251.002386349623,14253.068337907798,-0.16824422187892196,0.2597664296445146,3.0,0.0,0.037041408701982755,0.037041408701982755,-5.670904921277289,-14243.93083505793,-14249.601739979207
60,20,0.4346370866088079,-7.684138200883347,3.0,1.0,0.9944971096375929,-14251.174966176719,14251.221644701793,0.0166464577523584,-0.055965555053262506,2.0,0.0,0.037041408701982755,0.037041408701982755,-5.658960551578691,-14244.112474315929,-14249.771434867507
61,20,0.438320725318996,-7.729661913474239,3.0,1.0,0.9482450898040259,-14250.83077261096,14251.606663242077,-0.035242132618805044,0.12375720886848285,2.0,0.0,0.037041408701982755,0.037041408701982755,-5.800162810769359,-14243.628981135596,-14249.429143946365
62,20,0.457910322785287,-7.755457172591873,3.0,1.0,0.48884714439026533,-14253.551400183402,14254.036877722692,1.0867183071095496,1.0867183071095496,2.0,0.0,0.037041408701982755,0.037041408701982755,-5.881092582187242,-14246.276901850282,-14252.15799443247
63,20,0.4306838784328022,-7.754678637398302,3.0,1.0,1.0,-14252.666822732883,14254.180505421367,-0.16472668449932826,-0.4067616324082337,2.0,0.0,0.037041408701982755,0.037041408701982755,-5.8786402759568475,-14245.382482113024,-14251.26112238898
64,20,0.44194066971001394,-7.601333794832642,3.0,1.0,0.8632032255481713,-14255.55721785287,14255.56656146597,0.5282945260223642,-0.7876273235797271,2.0,0.0,0.037041408701982755,0.037041408701982755,-5.407436718686875,-14248.749911501272,-14254.15734821996
65,20,0.44401887258068157,-7.655613311070096,3.0,1.0,1.0,-14252.458232847186,14255.310020261075,-0.8792992551570933,-0.8792992551570933,2.0,0.0,0.037041408701982755,0.037041408701982755,-5.571540162884707,-14245.487783543864,-14251.059323706748
66,20,0.44007311474573174,-7.739436914753501,3.0,1.0,1.0,-14250.86179953584,14252.50076030364,-0.5962069432898716,-0.5962069432898716,2.0,0.0,0.037041408701982755,0.037041408701982755,-5.830752496727586,-14243.630283577291,-14249.461036074019
67,20,0.4357492551510852,-7.694610687545468,7.0,1.0,0.824549549416438,-14250.971725853171,14252.301936764601,-0.0004215076842228882,0.3298757074353489,3.0,0.0,0.037041408701982755,0.037041408701982755,-5.691259839536221,-14243.877521166487,-14249.568781006023
68,20,0.4417118801817781,-7.749039610739339,11.0,1.0,0.9304640065041493,-14250.968966037673,14251.153281994953,-0.006571061570866732,0.1497525711729395,3.0,0.0,0.037041408701982755,0.037041408701982755,-5.860896013147545,-14243.708092454179,-14249.568988467327
69,20,0.4337021183387313,-7.6310825428143545,3.0,1.0,0.608025702184126,-14252.907377837537,14253.456434720789,0.32878435348175117,0.6465614039425418,2.0,0.0,0.037041408701982755,0.037041408701982755,-5.49701132880161,-14246.006334118389,-14251.50334544719
70,20,0.4211695577581946,-7.6494952880615035,3.0,1.0,0.7045352324938855,-14254.563362736946,14254.9479052066,0.8089396023369773,0.8089396023369773,2.0,0.0,0.037041408701982755,0.037041408701982755,-5.55289619676182,-14247.599001073657,-14253.151897270418
71,20,0.4446542841065151,-7.6497059338460875,3.0,1.0,0.8331296505355849,-14252.86124718595,14256.609414089708,-0.4068234016340284,0.6943700247156812,2.0,0.0,0.037041408701982755,0.037041408701982755,-5.5535374931972985,-14245.909087056709,-14251.462624549906
72,20,0.42562451832323006,-7.6852996871980634,3.0,1.0,0.9988311903496013,-14252.804053724776,14253.826987974902,0.003512590881655342,-0.7611294648449984,2.0,0.0,0.037041408701982755,0.037041408701982755,-5.66253740531667,-14245.732846638426,-14251.395384043743
73,20,0.446764284947294,-7.673162003825316,3.0,1.0,1.0,-14252.225748780736,14253.416063819875,-0.1436726053161692,-0.4474320101144258,2.0,0.0,0.037041408701982755,0.037041408701982755,-5.625225430362753,-14245.202828079737,-14250.8280535101
74,20,0.43300494724754757,-7.647662063881629,3.0,1.0,0.9521559216123424,-14252.223547519163,14252.95023008773,-0.41890554102064925,-0.6124682643348933,2.0,0.0,0.037041408701982755,0.037041408701982755,-5.547316946728748,-14245.271819746305,-14250.819136693035
75,20,0.42936693922229857,-7.655635536180751,11.0,1.0,0.9854991616220924,-14252.381552988476,14252.46134285765,0.10284245561524585,-0.26098798482598795,3.0,0.0,0.037041408701982755,0.037041408701982755,-5.571607959567686,-14245.403492737938,-14250.975100697506
76,20,0.4490045692751371,-7.753057941088545,3.0,1.0,0.7472199984580413,-14251.475137361662,14253.18214536658,-0.12357271750079235,0.614496258474901,2.0,0.0,0.037041408701982755,0.037041408701982755,-5.873537192560361,-14244.20484919181,-14250.07838638437
77,20,0.4209362151266605,-7.671180205800982,7.0,1.0,0.5618742827792815,-14254.383692414387,14254.877106152722,1.1569185769440082,1.2506822567283962,3.0,0.0,0.037041408701982755,0.037041408701982755,-5.619147254001196,-14247.352928551976,-14252.972075805978
78,20,0.44268788219935024,-7.732554390053272,3.0,1.0,0.9597710241429399,-14250.78731865097,14254.529624630484,-1.3461184315001447,-1.3461184315001447,2.0,0.0,0.037041408701982755,0.037041408701982755,-5.809204513122876,-14243.578593984861,-14249.387798497984
79,20,0.44213652209884874,-7.745115075834253,3.0,1.0,0.9612485926837153,-14250.904126505797,14251.023070554893,0.019759704595344374,0.07157266744798108,2.0,0.0,0.037041408701982755,0.037041408701982755,-5.848565488840186,-14243.655783436092,-14249.504348924933
80,20,0.4335084720319292,-7.693080834348391,3.0,1.0,0.8479490801919284,-14251.19224513481,14252.097209940388,0.09694841413511313,0.25212146686135384,1.0,0.0,0.037041408701982755,0.037041408701982755,-5.6865346193331385,-14244.10157342218,-14249.788108041514
81,20,0.43788553226756943,-7.654788586326539,3.0,1.0,0.8628917241291868,-14251.874116168463,14252.508552762989,0.1089853498069715,0.2959789985561656,2.0,0.0,0.037041408701982755,0.037041408701982755,-5.5690247270460915,-14244.90324392621,-14250.472268653257
82,20,0.4338483257424661,-7.693358969919994,11.0,1.0,0.9951673602943398,-14251.151759811823,14252.182700018844,-0.12806125237511878,-0.25132038555602776,3.0,0.0,0.037041408701982755,0.037041408701982755,-5.687393515806076,-14244.060412749239,-14249.747806265044
83,20,0.44391035766373566,-7.712605330175944,3.0,1.0,1.0,-14250.887504576973,14251.169575373522,-0.04143043627482257,-0.05889355858016643,2.0,0.0,0.037041408701982755,0.037041408701982755,-5.747015120871565,-14243.74153105151,-14249.48854617238
84,20,0.44260105780836745,-7.779001997794313,3.0,1.0,0.8324817206233285,-14251.714267088937,14251.938132191013,0.13218432905887312,0.2146399906851002,2.0,0.0,0.037041408701982755,0.037041408701982755,-5.955542718021256,-14244.359163847843,-14250.314706565865
85,20,0.42406582918999913,-7.753492887218624,3.0,1.0,0.39779697636934785,-14254.869110742022,14256.764658781407,1.8669721177266183,2.177429611176194,2.0,0.0,0.037041408701982755,0.037041408701982755,-5.874906448746435,-14247.584575803392,-14253.459482252138
86,20,0.43733334651123035,-7.725226542416767,3.0,1.0,1.0,-14250.857089811903,14252.90171373574,-2.0369167651097086,-2.049151865496242,2.0,0.0,0.037041408701982755,0.037041408701982755,-5.786314366850165,-14243.668647961123,-14249.454962327974
87,20,0.43733334651123035,-7.725226542416767,1.0,1.0,0.6017011403165142,-14250.857089811903,14251.501364408725,0.0,0.5079944015997171,1.0,0.0,0.037041408701982755,0.037041408701982755,-5.786314366850165,-14243.668647961123,-14249.454962327974
88,20,0.4389983331269292,-7.7104632565899145,3.0,1.0,0.9969436503187626,-14250.735039465664,14250.829972273661,-0.06918393310661486,-0.07008127646440698,1.0,0.0,0.037041408701982755,0.037041408701982755,-5.7403610603685244,-14243.593387340194,-14249.333748400562
89,20,0.4405345057325206,-7.710909787046124,3.0,1.0,0.741176308148281,-14250.729533942333,14251.223883568262,0.0009075236412172671,0.49249527144638705,2.0,0.0,0.037041408701982755,0.037041408701982755,-5.741747767994729,-14243.587246245192,-14249.328994013187
90,20,0.4398670978647802,-7.617643330994254,3.0,1.0,0.4725259175489982,-14254.00129693421,14255.020759107421,0.8876265684466489,0.8876265684466489,2.0,0.0,0.037041408701982755,0.037041408701982755,-5.456435757896336,-14247.14399733014,-14252.600433088037
91,20,0.4326261059516521,-7.729583871537057,3.0,1.0,0.46240352174065724,-14251.5380592048,14255.741296409744,-0.4738191830128926,1.6614148995267897,2.0,0.0,0.037041408701982755,0.037041408701982755,-5.799918972427509,-14244.333522044268,-14250.133441016695
92,20,0.43714069002244155,-7.741675450760685,3.0,1.0,0.9999634575789736,-14251.105623405449,14251.57871880973,-0.2427094812865107,-0.2427094812865107,1.0,0.0,0.037041408701982755,0.037041408701982755,-5.8377711711777724,-14243.865626468163,-14249.703397639341
93,20,0.4346419785871675,-7.771192202200284,1.0,1.0,0.5853851916503524,-14252.379860815954,14252.589574436712,0.5354852011660114,0.5354852011660114,1.0,0.0,0.037041408701982755,0.037041408701982755,-5.930786236774834,-14245.045545872374,-14250.976332109149
94,20,0.42604077648488264,-7.764837176137474,3.0,1.0,0.5202234285024635,-14254.616962545779,14255.525836736277,1.2288195137061848,1.3166471987042314,2.0,0.0,0.037041408701982755,0.037041408701982755,-5.910686277524505,-14247.29785912605,-14253.208545403575
95,20,0.42445023251321456,-7.712711642477687,3.0,1.0,0.9867541363217032,-14253.416876715437,14255.934711618527,-0.6471946615765773,-0.6471946615765773,1.0,0.0,0.037041408701982755,0.037041408701982755,-5.747345485105412,-14246.260141134726,-14252.007486619832
96,20,0.4575773180874301,-7.738610257270068,3.0,1.0,1.0,-14253.566949690126,14254.214609348492,-0.014691347827465506,-0.7791441842000495,2.0,0.0,0.037041408701982755,0.037041408701982755,-5.828161873362474,-14246.345268683957,-14252.173430557319
97,20,0.45058325368675617,-7.7655909594881445,1.0,1.0,1.0,-14251.85142626573,14253.036030513173,-0.9906626504107408,-0.9906626504107408,1.0,0.0,0.037041408701982755,0.037041408701982755,-5.913068265990011,-14244.542247558897,-14250.455315824887
98,20,0.44289951956832635,-7.795168597770115,3.0,1.0,0.9467619111953184,-14252.321337881962,14253.132175648498,0.06951025429589208,-0.2477843868364289,2.0,0.0,0.037041408701982755,0.037041408701982755,-6.00698346679059,-14244.9149324028,-14250.92191586959
99,20,0.4480531962187625,-7.7391560229837575,3.0,1.0,0.7503257595115179,-14251.26656479053,14253.095213031158,-0.1603430214618129,0.5631656863606622,2.0,0.0,0.037041408701982755,0.037041408701982755,-5.829872146449388,-14244.039545724714,-14249.869417871163
100,20,0.4501562254462558,-7.66407370245039,7.0,1.0,0.6240217983960958,-14253.464161696724,14253.580869903282,1.0953113133018633,1.1326492031312227,2.0,0.0,0.037041408701982755,0.037041408701982755,-5.5973838947173835,-14246.470496125829,-14252.067880020546
101,20,0.4441585467684707,-7.729785125939996,7.0,1.0,0.9883003803161813,-14250.848684072342,14252.823643627718,-1.2428276799764717,-1.2428276799764717,2.0,0.0,0.037041408701982755,0.037041408701982755,-5.800547794689996,-14243.649290403224,-14249.449838197914
102,20,0.4234269515342183,-7.587490299762678,3.0,1.0,0.23179949695825183,-14256.656784478635,14258.230969455262,1.0041983008377429,1.957002157027091,2.0,0.0,0.037041408701982755,0.037041408701982755,-5.366055163716905,-14249.880701810589,-14255.246756974306
103,20,0.42395907275930844,-7.625758841083837,1.0,1.0,1.0,-14254.466561643107,14256.726242068975,-0.33451547246477276,-0.33451547246477276,1.0,0.0,0.037041408701982755,0.037041408701982755,-5.480916444851236,-14247.575950276763,-14253.056866721614
104,20,0.4560125238670133,-7.7955420130366715,3.0,1.0,0.42852675764434006,-14253.44138635255,14257.974750847512,-0.046539702445443254,2.5136976320409303,2.0,0.0,0.037041408701982755,0.037041408701982755,-6.0081747306173225,-14246.039147562502,-14252.04732229312
105,20,0.4509779510650571,-7.796878632266875,1.0,1.0,1.0,-14252.623105121433,14253.353316208071,-0.3127054298602161,-0.3127054298602161,1.0,0.0,0.037041408701982755,0.037041408701982755,-6.012439936228337,-14245.214711679255,-14251.227151615483
106,20,0.4481471597451197,-7.7347117205705604,3.0,1.0,0.9387352690241201,-14251.277406300518,14253.139917108792,-0.10357327279052697,-0.20318806977957138,2.0,0.0,0.037041408701982755,0.037041408701982755,-5.815953641543072,-14244.064345178056,-14249.880298819598
107,20,0.4481471597451197,-7.7347117205705604,3.0,1.0,0.6291724349643674,-14251.277406300518,14252.437829304314,0.0,0.7727074523827469,1.0,0.0,0.037041408701982755,0.037041408701982755,-5.815953641543072,-14244.064345178056,-14249.880298819598
108,20,0.4362850816254054,-7.741718491165233,3.0,1.0,0.6976368232529501,-14251.204036284185,14252.128415550103,0.002373257648287108,0.6085594388641766,2.0,0.0,0.037041408701982755,0.037041408701982755,-5.837906168559473,-14243.963464104112,-14249.801370272671
109,20,0.43203449235188573,-7.694228836694672,7.0,1.0,0.933621542028399,-14251.384286984872,14252.140146471436,4.985449777450413e-7,0.1867583066541556,2.0,0.0,0.037041408701982755,0.037041408701982755,-5.690080206957254,-14244.28926233932,-14249.979342546278
110,20,0.450163971436553,-7.755623549718429,3.0,1.0,0.9824724634447165,-14251.670863343243,14251.885217430492,0.05401553280898952,-0.20013855039906048,2.0,0.0,0.037041408701982755,0.037041408701982755,-5.8816167317245736,-14244.39296805481,-14250.274584786535
111,20,0.4351462381564907,-7.753206474747982,3.0,1.0,0.7663587309154852,-14251.655011620585,14253.856099442914,0.1361616836838948,0.4863152002908464,2.0,0.0,0.037041408701982755,0.037041408701982755,-5.874004770879247,-14244.377745315054,-14250.251750085934
112,20,0.441350249429209,-7.763052710980573,3.0,1.0,0.9899957225009471,-14251.284756814815,14251.692712270666,-0.2917268151650205,-0.35346139250214037,2.0,0.0,0.037041408701982755,0.037041408701982755,-5.9050495540311205,-14243.979558191944,-14249.884607745975
113,20,0.4427471853295148,-7.708660919634426,7.0,1.0,0.9257632372268672,-14250.834695788113,14251.429762917653,-0.08056918336478702,0.156560693800202,2.0,0.0,0.037041408701982755,0.037041408701982755,-5.734765900119005,-14243.700437272682,-14249.435203172801
114,20,0.43409890721643524,-7.766174938751021,7.0,1.0,0.6987151820464866,-14252.291143802307,14252.64028395781,0.6490878187905764,0.6935699122004735,2.0,0.0,0.037041408701982755,0.037041408701982755,-5.91491405669959,-14244.972410907792,-14250.887324964491
115,20,0.44646203337988244,-7.667771794768714,3.0,1.0,0.9920389947307147,-14252.379441239138,14252.576957277674,0.024172838899175986,-0.6809782977270515,2.0,0.0,0.037041408701982755,0.037041408701982755,-5.608702840257504,-14245.372912549503,-14250.981615389761
116,20,0.4456822545393782,-7.760707558104995,7.0,1.0,1.0,-14251.259110783478,14251.90079466871,-0.6348005916552211,-0.7286904622469592,2.0,0.0,0.037041408701982755,0.037041408701982755,-5.897646586617902,-14243.96329797334,-14249.860944559958
117,20,0.42839913962754084,-7.695451996953541,7.0,1.0,0.7895482984607057,-14252.086650098085,14252.217977328179,0.469761336222291,0.469761336222291,2.0,0.0,0.037041408701982755,0.037041408701982755,-5.693859368796625,-14244.98577645281,-14250.679635821607
118,20,0.4293606587814169,-7.697559606235878,3.0,1.0,1.0,-14251.873378164,14252.46628147865,-0.08697015829238808,-0.09440681764499459,2.0,0.0,0.037041408701982755,0.037041408701982755,-5.7003746964348965,-14244.766547555311,-14250.466922251746
119,20,0.45169187877202116,-7.738771339717994,3.0,1.0,0.9909895077382033,-14251.913872385052,14252.474836478927,0.027403547561334562,-0.1137164720785222,2.0,0.0,0.037041408701982755,0.037041408701982755,-5.828666628533363,-14244.689532855753,-14250.518199484286
120,20,0.45169187877202116,-7.738771339717994,3.0,1.0,0.6420471659080631,-14251.913872385052,14253.24042012216,0.0,0.7510909483535215,1.0,0.0,0.037041408701982755,0.037041408701982755,-5.828666628533363,-14244.689532855753,-14250.518199484286
121,20,0.4447306037527363,-7.673955459453356,7.0,1.0,1.0,-14251.827676719631,14251.978117537903,-0.03374103715395904,-0.37150837082481303,3.0,0.0,0.037041408701982755,0.037041408701982755,-5.627660060523313,-14244.801428209788,-14250.429088270312
122,20,0.4294968753869566,-7.696456500923091,3.0,1.0,1.0,-14251.842547694734,14252.304480783516,-0.011441873410149128,-0.37297664701873146,2.0,0.0,0.037041408701982755,0.037041408701982755,-5.696964073656879,-14244.73920617577,-14250.436170249426
123,20,0.4474008059826831,-7.703749167071989,3.0,1.0,1.0,-14251.46674797351,14251.860691368453,-0.0766615285538137,-0.3311586366580741,2.0,0.0,0.037041408701982755,0.037041408701982755,-5.719534384212138,-14244.34979083583,-14250.069325220042
124,20,0.4292162097040098,-7.697586330233038,3.0,1.0,0.6500542030911206,-14251.904955522365,14252.82303092817,0.1125051907984016,0.654394165312624,2.0,0.0,0.037041408701982755,0.037041408701982755,-5.700457337798064,-14244.797958890877,-14250.498416228675
125,20,0.44557987278374167,-7.682156735209384,3.0,1.0,1.0,-14251.695643380632,14252.14244700183,-0.049809868118245504,-0.42147602284421737,2.0,0.0,0.037041408701982755,0.037041408701982755,-5.652861645249054,-14244.644570447934,-14250.297432093183
126,20,0.43205511104998384,-7.6847160475990215,3.0,1.0,1.0,-14251.448925719878,14251.84780090301,-0.23567290859500645,-0.33119305095169693,2.0,0.0,0.037041408701982755,0.037041408701982755,-5.660739890087178,-14244.383252811327,-14250.043992701414
127,20,0.44567739918084925,-7.72549559280159,3.0,1.0,0.8871105023623098,-14250.982706291838,14251.72213004344,-0.08945939110708423,0.1915552292175562,2.0,0.0,0.037041408701982755,0.037041408701982755,-5.7871538554075865,-14243.797384077758,-14249.584537933166
128,20,0.43782933103475913,-7.68879817680855,3.0,1.0,0.9606253571988459,-14250.955341335084,14251.515948667527,-0.08385987636756909,0.12570374124152295,1.0,0.0,0.037041408701982755,0.037041408701982755,-5.673319326090384,-14243.880146115524,-14249.553465441613
129,20,0.4327859083763854,-7.69083470575226,1.0,1.0,0.8689411090227785,-14251.29726704783,14251.31580018445,0.14047992468658776,0.14047992468658776,1.0,0.0,0.037041408701982755,0.037041408701982755,-5.679601297470393,-14244.213135179292,-14249.892736476762
130,20,0.4296373889546216,-7.7176078863804785,3.0,1.0,0.7595708073937545,-14251.97750466723,14252.34848658479,0.43720645760731713,0.4574833872538875,1.0,0.0,0.037041408701982755,0.037041408701982755,-5.7625727526166,-14244.808635246365,-14250.571207998983
131,20,0.4379422190893542,-7.6997227893624665,1.0,1.0,1.0,-14250.821585066862,14251.413057963218,-0.6007861945981858,-0.6007861945981858,1.0,0.0,0.037041408701982755,0.037041408701982755,-5.707066440730236,-14243.71269970757,-14249.419766148301
132,20,0.44173612845407634,-7.724546504648105,3.0,1.0,0.9125440997646154,-14250.731501592187,14250.959574497589,-0.013916006622821442,0.14595343391920323,2.0,0.0,0.037041408701982755,0.037041408701982755,-5.784192841913123,-14243.547342640348,-14249.33153548226
133,20,0.4451468150641351,-7.734725744063513,3.0,1.0,0.9173727943986286,-14250.935207868672,14251.294588855082,0.06757469117292203,0.10998594417469576,2.0,0.0,0.037041408701982755,0.037041408701982755,-5.815997528745057,-14243.720807478314,-14249.53680500706
134,20,0.4401781692303968,-7.744427012866917,3.0,1.0,0.7855046180714848,-14250.933547086455,14251.481272475143,-0.004886825689027319,0.40703138648132153,2.0,0.0,0.037041408701982755,0.037041408701982755,-5.846405245757332,-14243.68642943152,-14249.532834677277
135,20,0.43754016118601496,-7.749532488530086,1.0,1.0,0.8616736962632366,-14251.232074321395,14251.296545794961,0.14887862260184193,0.14887862260184193,1.0,0.0,0.037041408701982755,0.037041408701982755,-5.862445678028272,-14243.967606317849,-14249.830051995878
136,20,0.4320884642941289,-7.6155467802678904,3.0,1.0,0.5875343828881705,-14253.805919604772,14257.090345542116,0.21192756342861685,0.9762179591525637,1.0,0.0,0.037041408701982755,0.037041408701982755,-5.450122152898495,-14246.950882899242,-14252.401005052141
137,20,0.43237435005848796,-7.59656520022546,1.0,1.0,0.7378702275466971,-14255.045580874848,14255.40067150367,0.30398731327659334,0.30398731327659334,1.0,0.0,0.037041408701982755,0.037041408701982755,-5.393160598806769,-14248.247663616581,-14253.640824215388
138,20,0.4275584216940155,-7.620300841359034,1.0,1.0,1.0,-14253.997249729018,14255.21372011868,-0.2562333466776181,-0.2562333466776181,1.0,0.0,0.037041408701982755,0.037041408701982755,-5.46444496768348,-14247.125295824937,-14252.58974079262
139,20,0.43950118146498135,-7.83107716524149,7.0,1.0,0.7859880173686306,-14254.730865417305,14255.391423544677,0.6130364280779759,0.6130364280779759,2.0,0.0,0.037041408701982755,0.037041408701982755,-6.122176452602569,-14247.207645946695,-14253.329822399297
140,20,0.43385150758635055,-7.713339819429136,3.0,1.0,1.0,-14251.142120645816,14255.262600536793,-1.0561389573831548,-1.0561389573831548,2.0,0.0,0.037041408701982755,0.037041408701982755,-5.749297768327192,-14243.988871044543,-14249.73816881287
141,20,0.441041218470472,-7.6602265054092245,5.0,1.0,0.6067204869695548,-14251.866939501399,14252.932307342802,0.14920486842856917,0.9254908977964078,2.0,0.0,0.037041408701982755,0.037041408701982755,-5.585623090622175,-14244.881019924163,-14250.466643014786
142,20,0.4355669522209405,-7.740099193054269,3.0,1.0,0.8366065406805424,-14251.264298337957,14252.356852462815,-0.0771307194390829,0.31059661724248144,2.0,0.0,0.037041408701982755,0.037041408701982755,-5.83282847287714,-14244.028429600125,-14249.861258073002
143,20,0.44247215991513916,-7.670231541957109,7.0,1.0,0.9833669740608375,-14251.649185413478,14251.662631888385,0.06530624341030489,-0.2489137669781485,2.0,0.0,0.037041408701982755,0.037041408701982755,-5.61623909113199,-14244.633325750863,-14250.249564841995
144,20,0.4334894003797848,-7.714943815615099,3.0,1.0,0.7882019381769713,-14251.204728392573,14252.24616118236,-0.09810457807361672,0.39395749029245053,2.0,0.0,0.037041408701982755,0.037041408701982755,-5.754284546966441,-14244.046296423314,-14249.80058097028
145,20,0.44418126942765385,-7.690996248794022,3.0,1.0,0.9962665190117539,-14251.256550569144,14251.317821956814,0.011263640260949614,-0.2247662446625327,2.0,0.0,0.037041408701982755,0.037041408701982755,-5.68009977815085,-14244.177615193563,-14249.857714971713
146,20,0.4446495962950632,-7.757323632973489,3.0,1.0,0.9419280850240267,-14251.149385706709,14252.218068509093,-0.15735315975325648,0.19142173198451928,1.0,0.0,0.037041408701982755,0.037041408701982755,-5.886974209875637,-14243.863786759348,-14249.750760969224
147,20,0.43422487579372215,-7.711922814129022,3.0,1.0,0.8660582346164114,-14251.085143189608,14252.103058545945,0.08492612897134677,0.26882528071473644,1.0,0.0,0.037041408701982755,0.037041408701982755,-5.744894479434966,-14243.936497391309,-14249.681391870743
148,20,0.4425834071118322,-7.68582527852479,3.0,1.0,0.9928599225793325,-14251.204730421061,14251.284486330465,0.02165297504143382,-0.1615837916288001,2.0,0.0,0.037041408701982755,0.037041408701982755,-5.664156432790823,-14244.141005250613,-14249.805161683404
149,20,0.43428992533855176,-7.70847842118762,3.0,1.0,0.74118881828708,-14251.06522411515,14251.878561054373,-0.039824206209232216,0.5033508331816847,2.0,0.0,0.037041408701982755,0.037041408701982755,-5.734199534533282,-14243.927308075838,-14249.661507610372
150,20,0.42541630016265347,-7.72437828998588,1.0,1.0,0.3140110927136443,-14253.336891724432,14253.50221204414,1.1583269665843545,1.1583269665843545,1.0,0.0,0.037041408701982755,0.037041408701982755,-5.783668131227415,-14246.144427032832,-14251.92809516406
51,21,0.44680749245941986,-7.734790669866912,1.0,1.0,1.0,-14251.100480244677,14251.735843616394,-0.07403885806525068,-0.07403885806525068,1.0,0.0,0.05380291055284807,0.05380291055284807,-5.8162007197616274,-14243.886602859007,-14249.70280357877
52,21,0.44633961529232935,-7.759937866438528,7.0,1.0,0.4487012568757812,-14251.286691466785,14252.650702264338,-0.04295918672687549,1.6460908613789798,2.0,0.0,0.040316421507805525,0.040316421507805525,-5.895218092011988,-14243.993594423102,-14249.888812515113
53,21,0.44375049843389547,-7.674630388602679,3.0,1.0,0.7933225920598149,-14251.660296117687,14251.977290473531,0.31891369150253013,0.4261329920282151,2.0,0.0,0.040316421507805525,0.040316421507805525,-5.629731500922069,-14244.63153346024,-14250.261264961162
54,21,0.44854047796205115,-7.745812893950348,3.0,1.0,0.8709717036717478,-14251.35859820767,14252.75514074031,-0.17597009651035478,0.48952883385027235,1.0,0.0,0.040316421507805525,0.040316421507805525,-5.850756842742924,-14244.110898176132,-14249.961655018875
55,21,0.4319678172159618,-7.671309210754871,3.0,1.0,0.9757165529882235,-14251.657996349639,14251.85484677679,-0.008284609422844369,-0.13903442963419366,2.0,0.0,0.040316421507805525,0.040316421507805525,-5.619542792803564,-14244.633472164101,-14250.253014956905
56,21,0.4476252291801189,-7.771924459139008,7.0,1.0,0.9800607657394068,-14251.620150127974,14251.76029693441,-0.05607606730882253,-0.23591130139539018,2.0,0.0,0.040316421507805525,0.040316421507805525,-5.933104846464469,-14244.289717812406,-14250.22282265887
57,21,0.4417894734457708,-7.7239739670315615,3.0,1.0,0.8849662465004139,-14250.731646943665,14251.694739785491,-0.1836614471667417,0.22248017045058077,2.0,0.0,0.040316421507805525,0.040316421507805525,-5.7824070455301975,-14243.549298983316,-14249.331706028846
58,21,0.4439448687848901,-7.77072860096143,3.0,1.0,0.9021575706763283,-14251.437469899283,14251.534204230204,0.14759263434825698,0.14759263434825698,2.0,0.0,0.040316421507805525,0.040316421507805525,-5.929318572508933,-14244.109208600326,-14250.038527172836
59,21,0.4568367690423802,-7.7482652706422,1.0,1.0,0.3369780702178897,-14253.237793475597,14253.376177475362,1.087737424284569,1.087737424284569,1.0,0.0,0.040316421507805525,0.040316421507805525,-5.858461888793085,-14245.98555706085,-14251.844018949643
60,21,0.44585512079167783,-7.6938393514386645,3.0,1.0,0.9552728994883256,-14251.42311875496,14253.562360363032,-0.8504704913084424,-0.8504704913084424,1.0,0.0,0.040316421507805525,0.040316421507805525,-5.688877140007245,-14244.336151282336,-14250.025028422344
61,21,0.43031238318438847,-7.678524188479823,3.0,1.0,1.0,-14251.785893696027,14252.157748815374,-0.04071767691857531,-0.10623777277396584,2.0,0.0,0.040316421507805525,0.040316421507805525,-5.641690945520648,-14244.738291779924,-14250.379982725444
62,21,0.43031238318438847,-7.678524188479823,1.0,1.0,0.0245699032537698,-14251.785893696027,14254.950159676788,0.0,3.7062330300323083,1.0,0.0,0.040316421507805525,0.040316421507805525,-5.641690945520648,-14244.738291779924,-14250.379982725444
63,21,0.44297411970399314,-7.741648029123258,3.0,1.0,0.9441083000195283,-14250.870716116999,14252.446638028287,-0.310844379973787,-0.310844379973787,1.0,0.0,0.040316421507805525,0.040316421507805525,-5.837685163443588,-14243.633643445972,-14249.471328609416
64,21,0.44297411970399314,-7.741648029123258,3.0,1.0,0.6543777482973866,-14250.870716116999,14251.343534649253,0.0,0.671860500719049,2.0,0.0,0.040316421507805525,0.040316421507805525,-5.837685163443588,-14243.633643445972,-14249.471328609416
65,21,0.44297411970399314,-7.741648029123258,1.0,1.0,0.24302083575034458,-14250.870716116999,14252.088560252962,0.0,1.414608095488802,1.0,0.0,0.040316421507805525,0.040316421507805525,-5.837685163443588,-14243.633643445972,-14249.471328609416
66,21,0.43591157008653525,-7.763700845237901,5.0,1.0,0.2735736615005323,-14251.864665679408,14253.88350773602,0.5387160627578851,3.148116310696423,2.0,0.0,0.040316421507805525,0.040316421507805525,-5.9070964959151935,-14244.554709057238,-14250.461805553154
67,21,0.442130986948994,-7.647036517167801,3.0,1.0,0.955284777770323,-14252.581393866598,14252.649575237561,0.14403859090634796,-0.5601899538887665,2.0,0.0,0.040316421507805525,0.040316421507805525,-5.545413921587028,-14245.636199766972,-14251.181613688559
68,21,0.4444844909083979,-7.732878322189801,3.0,1.0,0.9122094954047805,-14250.878921389653,14253.01187802901,-0.6304048293259257,-0.6304048293259257,2.0,0.0,0.040316421507805525,0.040316421507805525,-5.810217625835862,-14243.670004896949,-14249.480222522785
69,21,0.4444844909083979,-7.732878322189801,1.0,1.0,0.17628485728180512,-14250.878921389653,14252.197592066062,0.0,1.7356540850323654,1.0,0.0,0.040316421507805525,0.040316421507805525,-5.810217625835862,-14243.670004896949,-14249.480222522785
70,21,0.4444844909083979,-7.732878322189801,1.0,1.0,0.0006543267405535558,-14250.878921389653,14256.053141870427,0.0,7.33190372797435,1.0,0.0,0.040316421507805525,0.040316421507805525,-5.810217625835862,-14243.670004896949,-14249.480222522785
71,21,0.43585845316678024,-7.738492891566439,3.0,1.0,0.8935607406517435,-14251.19366098072,14251.25112554233,0.2147956873250223,0.2147956873250223,2.0,0.0,0.040316421507805525,0.040316421507805525,-5.827794121851084,-14243.962979032416,-14249.790773154267
72,21,0.4345773802049702,-7.733113031325563,3.0,1.0,0.8949653510939957,-14251.272465997276,14251.57777429618,0.0590075361324125,0.2981413963589148,1.0,0.0,0.040316421507805525,0.040316421507805525,-5.810951755053614,-14244.05795115451,-14249.868902909562
73,21,0.4402809041767457,-7.717368133283005,1.0,1.0,1.0,-14250.710520971035,14250.950127145727,-0.3364434608956799,-0.3364434608956799,1.0,0.0,0.040316421507805525,0.040316421507805525,-5.76182656477801,-14243.548031833363,-14249.309858398141
74,21,0.4392051109919889,-7.6780344227527735,3.0,1.0,0.8852093939153415,-14251.182495672552,14251.331447895142,0.13030939504824346,0.13030939504824346,2.0,0.0,0.040316421507805525,0.040316421507805525,-5.64018584199837,-14244.141121021694,-14249.781306863691
75,21,0.4345420985098803,-7.671272408765431,1.0,1.0,0.9798028069684259,-14251.419606642708,14251.473732081175,0.02040394494360953,0.02040394494360953,1.0,0.0,0.040316421507805525,0.040316421507805525,-5.619429953464747,-14244.39659480887,-14250.016024762335
76,21,0.4345420985098803,-7.671272408765431,1.0,1.0,0.6660227174833664,-14251.419606642708,14251.8640329414,0.0,0.40643149868810724,1.0,0.0,0.040316421507805525,0.040316421507805525,-5.619429953464747,-14244.39659480887,-14250.016024762335
77,21,0.42514937162016864,-7.694923790922105,3.0,1.0,0.5424316741288634,-14252.968145435168,14253.238843574074,1.0077718342381559,1.0077718342381559,2.0,0.0,0.040316421507805525,0.040316421507805525,-5.69222720280604,-14245.86695847453,-14251.559185677335
78,21,0.44040340106955567,-7.747482345746121,3.0,1.0,0.9333672441305888,-14250.97755818094,14252.89802544761,-1.031757786322487,-1.031757786322487,2.0,0.0,0.040316421507805525,0.040316421507805525,-5.856001387886262,-14243.720953527685,-14249.576954915572
79,21,0.4393973447040545,-7.6686932144940245,7.0,1.0,0.9444086376249169,-14251.450625037705,14251.500186676707,0.1281016461980471,0.1281016461980471,2.0,0.0,0.040316421507805525,0.040316421507805525,-5.611525206297757,-14244.438005765616,-14250.049530971914
80,21,0.45808039780582527,-7.864144780261608,7.0,1.0,0.23202927949820704,-14256.599224931782,14257.95259983259,1.0113542492836132,2.691301843868132,2.0,0.0,0.040316421507805525,0.040316421507805525,-6.22939623626479,-14248.976480502324,-14255.20587673859
81,21,0.45537168154107766,-7.864762806822174,3.0,1.0,1.0,-14256.282694883475,14257.333225862898,-0.07543040087148256,-0.9374284507885022,2.0,0.0,0.040316421507805525,0.040316421507805525,-6.2314105601026775,-14248.656991310927,-14254.88840187103
82,21,0.4452336427012574,-7.734313748903649,3.0,1.0,0.8661377655798522,-14250.941019369413,14257.408463231623,-0.9980068124459649,-0.9980068124459649,1.0,0.0,0.040316421507805525,0.040316421507805525,-5.8147082518726085,-14243.727946791007,-14249.542655042878
83,21,0.4474935423405005,-7.72457402148026,1.0,1.0,0.8289319965994795,-14251.217119859264,14251.352255289295,0.18761715785149136,0.18761715785149136,1.0,0.0,0.040316421507805525,0.040316421507805525,-5.7842786776463,-14244.035457852136,-14249.819736529782
84,21,0.4298768846468774,-7.712480662122092,3.0,1.0,0.7148822047776086,-14251.85617394675,14252.050781548,0.36641407582283136,0.5091218206289341,2.0,0.0,0.040316421507805525,0.040316421507805525,-5.7466277307507285,-14244.703386840305,-14250.450014571055
85,21,0.4310379164518756,-7.70934184050819,3.0,1.0,0.7714998031796764,-14251.583189879935,14252.193901120188,-0.1693737348796276,0.4949253769900679,2.0,0.0,0.040316421507805525,0.040316421507805525,-5.736879363567699,-14244.440809812753,-14250.17768917632
86,21,0.4310379164518756,-7.70934184050819,1.0,1.0,0.053997186295892605,-14251.583189879935,14254.304009220488,0.0,2.9188233394070267,1.0,0.0,0.040316421507805525,0.040316421507805525,-5.736879363567699,-14244.440809812753,-14250.17768917632
87,21,0.44142948799634507,-7.684587788945645,3.0,1.0,0.8545834157457742,-14251.138544017369,14251.826380446842,-0.3087655370709399,0.31967643987445626,2.0,0.0,0.040316421507805525,0.040316421507805525,-5.660344919907098,-14244.078087699709,-14249.738432619615
88,21,0.44219360456036383,-7.753718652920184,3.0,1.0,0.9282874809041174,-14251.048776398711,14251.932560776631,-0.07209634640275908,0.17107973452584702,1.0,0.0,0.040316421507805525,0.040316421507805525,-5.8756172575148895,-14243.773408329374,-14249.649025586888
89,21,0.4412867893516806,-7.725430620150677,7.0,1.0,0.9799874351107583,-14250.726762537848,14251.084937467887,-0.07651480307140446,-0.07651480307140446,2.0,0.0,0.040316421507805525,0.040316421507805525,-5.786951121704917,-14243.539632139771,-14249.326583261476
90,21,0.4412867893516806,-7.725430620150677,3.0,1.0,0.6536358241521273,-14250.726762537848,14253.114899131298,0.0,0.5206924547674134,1.0,0.0,0.040316421507805525,0.040316421507805525,-5.786951121704917,-14243.539632139771,-14249.326583261476
91,21,0.44941158632760453,-7.716776925688642,15.0,1.0,0.6189774941894745,-14251.62837250574,14252.093868419139,0.5341281581058865,0.9600749798737525,3.0,0.0,0.040316421507805525,0.040316421507805525,-5.759986784479619,-14244.471801853879,-14250.231788638359
92,21,0.4373455434511146,-7.739021732448291,3.0,1.0,0.857667970874834,-14251.036359362217,14251.61929853996,-0.35900235142253223,0.3842468243910844,2.0,0.0,0.040316421507805525,0.040316421507805525,-5.829451290830166,-14243.804786799152,-14249.634238089982
93,21,0.4335597532564489,-7.7259568032982076,3.0,1.0,0.9001128418419734,-14251.315636525314,14251.484904751758,0.18736461365551804,0.18736461365551804,2.0,0.0,0.040316421507805525,0.040316421507805525,-5.788593088595634,-14244.122934101551,-14249.911527190146
94,21,0.4351842665047048,-7.7034943799500875,3.0,1.0,0.9428226389218044,-14250.968872628142,14251.29881839211,-0.2545978880389157,-0.2545978880389157,2.0,0.0,0.040316421507805525,0.040316421507805525,-5.718744938649801,-14243.84688621663,-14249.56563115528
95,21,0.43557106601849077,-7.747384701889341,3.0,1.0,0.7756772569573763,-14251.430206266916,14251.896153229885,0.291005478678926,0.5455547794645099,1.0,0.0,0.040316421507805525,0.040316421507805525,-5.855694565174936,-14244.17147359304,-14250.027168158214
96,21,0.43557106601849077,-7.747384701889341,3.0,1.0,0.3583585507714024,-14251.430206266916,14253.762357129324,0.0,3.434945824194074,1.0,0.0,0.040316421507805525,0.040316421507805525,-5.855694565174936,-14244.17147359304,-14250.027168158214
97,21,0.4339459073471882,-7.7293644849981975,3.0,1.0,0.8983483028862428,-14251.306163571406,14251.795585587672,-0.036688864123789244,0.36377881872977014,1.0,0.0,0.040316421507805525,0.040316421507805525,-5.799233542188299,-14244.103029003832,-14249.90226254602
98,21,0.4488670571243549,-7.758655916144821,3.0,1.0,0.9637960555143982,-14251.51747291958,14251.879579658475,-0.11623781782509468,-0.1320209460445767,2.0,0.0,0.040316421507805525,0.040316421507805525,-5.891174658355737,-14244.229490516263,-14250.12066517462
99,21,0.4330136266061306,-7.717638588411166,3.0,1.0,0.836904722943076,-14251.302180287472,14251.899115709666,0.09920531474745076,0.3111916013076552,2.0,0.0,0.040316421507805525,0.040316421507805525,-5.762668311245698,-14244.135105886617,-14249.897774197862
100,21,0.457420983788111,-7.741331975407201,3.0,1.0,0.4227494367592903,-14253.482762987518,14254.097202847026,1.1257091344868968,1.1257091344868968,2.0,0.0,0.040316421507805525,0.040316421507805525,-5.83669391791091,-14246.252496395222,-14252.089190313132
101,21,0.4433686997299269,-7.739735278924173,1.0,1.0,1.0,-14250.863188095647,14252.142436357675,-1.4094070363826177,-1.4094070363826177,1.0,0.0,0.040316421507805525,0.040316421507805525,-5.831687694131368,-14243.63229462902,-14249.463982323152
102,21,0.439529461168352,-7.707108418381685,3.0,1.0,0.9833645564713986,-14250.744354971974,14251.051561549508,-0.028826446538005257,0.04852461690279597,1.0,0.0,0.040316421507805525,0.040316421507805525,-5.729948931997219,-14243.613376909097,-14249.343325841095
103,21,0.44270793398299113,-7.679127073194555,7.0,1.0,0.8458810566049573,-14251.394403303942,14251.423261757913,0.3005395197451435,0.3005395197451435,2.0,0.0,0.040316421507805525,0.040316421507805525,-5.643544005406699,-14244.35134845996,-14249.994892465367
104,21,0.4365140454077296,-7.689415745365151,1.0,1.0,1.0,-14250.98561634947,14251.203136586892,-0.24819367377858725,-0.24819367377858725,1.0,0.0,0.040316421507805525,0.040316421507805525,-5.675223868473231,-14243.907844882999,-14249.583068751472
105,21,0.4365140454077296,-7.689415745365151,1.0,1.0,0.12838723714121852,-14250.98561634947,14252.385231366638,0.0,2.052704291878399,1.0,0.0,0.040316421507805525,0.040316421507805525,-5.675223868473231,-14243.907844882999,-14249.583068751472
106,21,0.4400664720560148,-7.73325025517015,3.0,1.0,0.8975578023385391,-14250.788924656925,14251.904286047597,-0.014452169905780465,0.26061743656646286,2.0,0.0,0.040316421507805525,0.040316421507805525,-5.81138099281169,-14243.57677697109,-14249.3881579639
107,21,0.43661210154124314,-7.738630912717017,3.0,1.0,0.8442577283832785,-14251.105707597519,14251.154244141475,0.1916090611503023,0.24218631885378272,2.0,0.0,0.040316421507805525,0.040316421507805525,-5.828226596180959,-14243.874983980519,-14249.7032105767
108,21,0.44499410290468816,-7.715054860010963,11.0,1.0,1.0,-14250.970658034197,14251.055883703582,-0.06609973199920205,-0.22092608524872048,3.0,0.0,0.040316421507805525,0.040316421507805525,-5.754629876065846,-14243.817557369432,-14249.572187245498
109,21,0.43547612319882084,-7.7461304377410265,3.0,1.0,0.7864149836973255,-14251.41313024589,14251.547749250169,0.23536319695085695,0.3440416579687735,2.0,0.0,0.040316421507805525,0.040316421507805525,-5.851754184750606,-14244.158288151737,-14250.010042336487
110,21,0.4457059595722476,-7.687772532226397,7.0,1.0,0.9801896631898906,-14251.553380436659,14251.586267055633,0.07820099805758218,-0.37190722972263757,2.0,0.0,0.040316421507805525,0.040316421507805525,-5.670157145721628,-14244.485067488939,-14250.15522463466
111,21,0.4478356567828484,-7.706818928553644,3.0,1.0,0.8776429271169307,-14251.486898343372,14252.06831393256,-0.0015582931737299077,0.45739737288204196,1.0,0.0,0.040316421507805525,0.040316421507805525,-5.729050994333911,-14244.360608843834,-14250.089659838168
112,21,0.44386892395699123,-7.706567861615457,3.0,1.0,0.9295682483446158,-14250.947328244452,14251.351070316032,-0.32809851089768927,-0.32809851089768927,2.0,0.0,0.040316421507805525,0.040316421507805525,-5.728272304398088,-14243.82007869937,-14249.548351003767
113,21,0.43091012535907064,-7.700875121610701,7.0,1.0,0.8347986226090053,-14251.567883443791,14251.751673529885,0.2839528832973883,0.4494614582363283,2.0,0.0,0.040316421507805525,0.040316421507805525,-5.710633057423768,-14244.451677744484,-14250.162310801908
114,21,0.4432715445192049,-7.66642081297824,3.0,1.0,0.9685576892333317,-14251.887491569922,14252.356798053417,0.09907689049032342,-0.2496384957630653,2.0,0.0,0.040316421507805525,0.040316421507805525,-5.604566233828463,-14244.88367493615,-14250.48824116998
115,21,0.44558017085156626,-7.719223622665941,3.0,1.0,0.9172839737553852,-14251.002831557704,14252.104793658125,-0.34633556063636206,-0.34642073824215913,1.0,0.0,0.040316421507805525,0.040316421507805525,-5.767602936447239,-14243.83701746513,-14249.604620401577
116,21,0.4425878538185241,-7.7409302254372205,3.0,1.0,0.8979502825972316,-14250.85504527915,14251.952274708729,-0.13480301106028492,0.28765179538095254,2.0,0.0,0.040316421507805525,0.040316421507805525,-5.835434045707677,-14243.620044565514,-14249.455478611222
117,21,0.4470839676833654,-7.790982482076234,3.0,1.0,0.8450127488842284,-14252.126158530127,14252.456656974558,0.24400855078056338,0.28505556303207413,2.0,0.0,0.040316421507805525,0.040316421507805525,-5.993638526157875,-14244.734962019842,-14250.728600546
118,21,0.4470839676833654,-7.790982482076234,1.0,1.0,0.0665115761090824,-14252.126158530127,14254.183700603095,0.0,2.710379269641635,1.0,0.0,0.040316421507805525,0.040316421507805525,-5.993638526157875,-14244.734962019842,-14250.728600546
119,21,0.43405116640777763,-7.703727619144346,3.0,1.0,0.5784842058986378,-14251.089689819972,14252.813873709947,-0.12186914162157336,1.0040154486923711,2.0,0.0,0.040316421507805525,0.040316421507805525,-5.719467616488614,-14243.96637774172,-14249.68584535821
120,21,0.44916769347072966,-7.715494220114581,3.0,1.0,0.7798360459132857,-14251.59806990759,14251.912344582315,0.3524539395384636,0.4516967239542282,1.0,0.0,0.040316421507805525,0.040316421507805525,-5.755996331837116,-14244.445389736886,-14250.201386068722
121,21,0.4481804667579975,-7.652552098563611,3.0,1.0,0.5246028847105405,-14253.51218130083,14254.622062576036,0.9243172189180768,1.731569397599742,1.0,0.0,0.040316421507805525,0.040316421507805525,-5.56220679375089,-14246.55288098829,-14252.115087782042
122,21,0.42877173662016654,-7.738966882950985,5.0,1.0,1.0,-14252.676969006567,14253.29550670707,-0.271543534770899,-1.356094708211458,2.0,0.0,0.040316421507805525,0.040316421507805525,-5.829279402152445,-14245.44089263181,-14251.270172033963
123,21,0.4507537300807697,-7.726552795971407,3.0,1.0,0.9729386477897553,-14251.791860811902,14252.452725092684,-0.5863224899167108,-0.5863224899167108,2.0,0.0,0.040316421507805525,0.040316421507805525,-5.790453232157802,-14244.605365079122,-14250.395818311279
124,21,0.43693475011118305,-7.674708802578167,3.0,1.0,0.840628333347797,-14251.245117560904,14253.152921842933,-0.519328028010932,0.6503080218008108,2.0,0.0,0.040316421507805525,0.040316421507805525,-5.6299721925735335,-14244.212814199274,-14249.842786391848
125,21,0.44457038393084825,-7.708773480805493,3.0,1.0,0.9276617702316283,-14250.990431909056,14251.610295496714,0.05772225147484278,0.12728423774024122,1.0,0.0,0.040316421507805525,0.040316421507805525,-5.73511523900539,-14243.856656395863,-14249.591771634869
126,21,0.42860651359084867,-7.761156122295282,3.0,1.0,0.49251097886213885,-14253.538111008314,14253.627252324826,1.4923893776758632,1.4923893776758632,1.0,0.0,0.040316421507805525,0.040316421507805525,-5.899062148289062,-14246.232155672727,-14252.131217821017
127,21,0.44164604635265925,-7.74744646374586,3.0,1.0,0.9583285769313807,-14250.943066221202,14252.125017573608,-1.5954670301944134,-1.5954670301944134,2.0,0.0,0.040316421507805525,0.040316421507805525,-5.855888636084285,-14243.687168875127,-14249.543057511211
128,21,0.43998747119319553,-7.7218531764414875,3.0,1.0,1.0,-14250.717943485251,14250.962378101221,-0.05447292436292628,-0.05447292436292628,1.0,0.0,0.040316421507805525,0.040316421507805525,-5.775794964695437,-14243.541343370887,-14249.317138335582
129,21,0.43998747119319553,-7.7218531764414875,3.0,1.0,0.3257237589157145,-14250.717943485251,14253.061285522279,0.0,1.604881053306599,2.0,0.0,0.040316421507805525,0.040316421507805525,-5.775794964695437,-14243.541343370887,-14249.317138335582
130,21,0.43998747119319553,-7.7218531764414875,1.0,1.0,0.28899093924492375,-14250.717943485251,14251.564042262327,0.0,1.2413599434548814,1.0,0.0,0.040316421507805525,0.040316421507805525,-5.775794964695437,-14243.541343370887,-14249.317138335582
131,21,0.43998747119319553,-7.7218531764414875,15.0,1.0,0.3156458808103032,-14250.717943485251,14253.238773296225,0.0,2.8194862827149336,3.0,0.0,0.040316421507805525,0.040316421507805525,-5.775794964695437,-14243.541343370887,-14249.317138335582
132,21,0.44111574625895184,-7.665422784136921,7.0,1.0,0.5792449698357134,-14251.679127869564,14252.302632993582,0.34595874343176547,1.128740435013242,2.0,0.0,0.040316421507805525,0.040316421507805525,-5.601511515443006,-14244.677355492557,-14250.278867007999
133,21,0.42931003329825546,-7.687996428639469,3.0,1.0,0.9102014050143908,-14251.89544103008,14252.859778883972,0.1584422502292,-0.28069047973986017,2.0,0.0,0.040316421507805525,0.040316421507805525,-5.670847354394679,-14244.818108560676,-14250.48895591507
134,21,0.4329574261173674,-7.682824517577729,7.0,1.0,0.9560086943096936,-14251.356357510069,14251.80638308197,-0.3182454755769868,-0.45103209701665037,2.0,0.0,0.040316421507805525,0.040316421507805525,-5.6549166255809045,-14244.29700411376,-14249.95192073934
135,21,0.43882178320524456,-7.808003502508809,3.0,1.0,0.3816728437595764,-14253.409558059298,14256.339491370292,0.9305506896016595,1.1489996139680443,1.0,0.0,0.040316421507805525,0.040316421507805525,-6.048009159912224,-14245.960170243334,-14252.008179403247
136,21,0.4387121424854078,-7.729489748407396,3.0,1.0,1.0,-14250.806842916805,14253.1239922103,-0.9575926531178993,-0.9575926531178993,2.0,0.0,0.040316421507805525,0.040316421507805525,-5.799624897262651,-14243.605784836625,-14249.405409733889
137,21,0.4377674471710866,-7.723587903141973,3.0,1.0,0.978822271476879,-14250.813367247561,14250.88089159461,0.009985803471863619,0.05508687533438206,1.0,0.0,0.040316421507805525,0.040316421507805525,-5.781203062534288,-14243.630257013281,-14249.411460075815
138,21,0.45742639489995734,-7.802905154582905,3.0,1.0,0.3895205381851865,-14253.949513616451,14254.623094911198,0.8524046097118116,1.3684764476129203,2.0,0.0,0.040316421507805525,0.040316421507805525,-6.03169299789171,-14246.524249800717,-14252.55594279861
139,21,0.45597634860585423,-7.797031925679234,1.0,1.0,1.0,-14253.468509035076,14254.45083554265,-0.13653328682084975,-0.13653328682084975,1.0,0.0,0.040316421507805525,0.040316421507805525,-6.012929215856759,-14246.061502925071,-14252.074432140927
140,21,0.4289303627599835,-7.762896534170592,3.0,1.0,0.5499108216046928,-14253.510767457834,14255.681647121826,0.8463504939882114,1.5107025611923746,1.0,0.0,0.040316421507805525,0.040316421507805525,-5.904556378207669,-14246.199506261702,-14252.10406263991
141,21,0.4321295854855952,-7.759338201035586,1.0,1.0,1.0,-14252.472189229491,14253.97582305748,-0.6305648617835686,-0.6305648617835686,1.0,0.0,0.040316421507805525,0.040316421507805525,-5.893326466779,-14245.173970963644,-14251.067297430423
142,21,0.44635853868485736,-7.69622065506441,7.0,1.0,0.8954350091161197,-14251.448313653353,14252.168001367121,-0.5679806377847854,-0.9767180301823828,2.0,0.0,0.040316421507805525,0.040316421507805525,-5.69623503439314,-14244.354207883953,-14250.050442918346
143,21,0.4346917353480313,-7.7792137729225015,7.0,1.0,0.7106329159557896,-14252.71709403583,14252.906535874827,0.5571486631160951,0.7498703818400827,2.0,0.0,0.040316421507805525,0.040316421507805525,-5.956214879084403,-14245.357376907798,-14251.313591786882
144,21,0.43347358068443825,-7.699083896122827,3.0,1.0,1.0,-14251.168140280399,14252.168360359205,-0.8053116943374334,-0.8364003149799828,2.0,0.0,0.040316421507805525,0.040316421507805525,-5.705089556084518,-14244.058894731921,-14249.763984288005
145,21,0.443210895695114,-7.713234428266404,3.0,1.0,1.0,-14250.82798687904,14251.152084581887,-0.12337219493565499,-0.1284279538649571,2.0,0.0,0.040316421507805525,0.040316421507805525,-5.748970200269204,-14243.679738380497,-14249.428708580766
146,21,0.4400772278224556,-7.692125254891215,3.0,1.0,0.9558534668209905,-14250.919858414056,14251.047095139917,-0.005397148768679472,0.09057679953002662,2.0,0.0,0.040316421507805525,0.040316421507805525,-5.683584331918018,-14243.835512620855,-14249.519096952774
147,21,0.44108095513039697,-7.720847241435035,3.0,1.0,0.8800296464113663,-14250.715556420051,14251.033426414455,-0.06313253650478146,0.24393285223959538,2.0,0.0,0.040316421507805525,0.040316421507805525,-5.772660290123942,-14243.542618643613,-14249.315278933736
148,21,0.44108095513039697,-7.720847241435035,1.0,1.0,0.4428685400584869,-14250.715556420051,14251.313239309931,0.0,0.8144823022794299,1.0,0.0,0.040316421507805525,0.040316421507805525,-5.772660290123942,-14243.542618643613,-14249.315278933736
149,21,0.4438369332209298,-7.671312439585923,11.0,1.0,0.456313987128367,-14251.78641645425,14252.665233246873,0.49286711818058393,1.8014972999171732,3.0,0.0,0.040316421507805525,0.040316421507805525,-5.619552692853668,-14244.76787196771,-14250.387424660563
150,21,0.43495840965085153,-7.715201131013571,3.0,1.0,0.9616790798525714,-14251.012972555773,14251.717535934193,-0.33522709346834745,-0.33522709346834745,2.0,0.0,0.040316421507805525,0.040316421507805525,-5.7550847727127135,-14243.85452698129,-14249.609611754002
51,22,0.44784060707236617,-7.809105275793466,7.0,1.0,0.8302687075427951,-14252.855366927637,14256.335719367813,-0.6634793280518352,0.8166257763441536,3.0,0.0,0.03849616490625588,0.03849616490625588,-6.051538563047762,-14245.406591947847,-14251.458130510895
52,22,0.435719365092589,-7.784759067965739,3.0,1.0,0.7573171774617666,-14252.76414575867,14254.08004453027,0.407050074705694,0.5003132838955935,2.0,0.0,0.03503283220468196,0.03503283220468196,-5.973831262402609,-14245.38735402374,-14251.361185286143
53,22,0.44589372384793846,-7.679855302449824,7.0,1.0,0.911312428539974,-14251.82229124012,14253.179834872903,-0.2788304222995066,-0.5623141485266387,2.0,0.0,0.03503283220468196,0.03503283220468196,-5.645782815900324,-14244.778435005102,-14250.424217821002
54,22,0.44589372384793846,-7.679855302449824,1.0,1.0,0.6511346644782231,-14251.82229124012,14252.742090656184,0.0,0.4290388002882537,1.0,0.0,0.03503283220468196,0.03503283220468196,-5.645782815900324,-14244.778435005102,-14250.424217821002
55,22,0.440597903791558,-7.762749696573982,3.0,1.0,1.0,-14251.314881381859,14251.736942781492,-0.3010086567246617,-0.4173840268886124,2.0,0.0,0.03503283220468196,0.03503283220468196,-5.904092716040591,-14244.010279312593,-14249.914372028634
56,22,0.4430898649855619,-7.7351155272498975,7.0,1.0,0.9572393866238741,-14250.816592397703,14251.395431084718,-0.12832180181794683,0.1329005792576936,3.0,0.0,0.03503283220468196,0.03503283220468196,-5.817217452847917,-14243.600040881276,-14249.417258334124
57,22,0.44184921399794036,-7.722676325530472,3.0,1.0,0.7064326390342548,-14250.731635543681,14251.52843296548,-0.013133451733665424,0.5950012208122644,2.0,0.0,0.03503283220468196,0.03503283220468196,-5.778360798246893,-14243.55336201823,-14249.331722816478
58,22,0.4420406419844858,-7.743776775165338,3.0,1.0,0.9865827052430753,-14250.88545986982,14250.897437596459,0.022023626779628103,0.022023626779628103,2.0,0.0,0.03503283220468196,0.03503283220468196,-5.844364194018088,-14243.64127307051,-14249.485637264528
59,22,0.44477581855665776,-7.6586458258973655,7.0,1.0,0.6944462533385176,-14252.451020720027,14252.69159112871,0.5827106221895519,0.7321554594309418,3.0,0.0,0.03503283220468196,0.03503283220468196,-5.58079527496435,-14245.471657226519,-14251.052452501483
60,22,0.4461484224394858,-7.683135928887768,3.0,1.0,1.0,-14251.762818608622,14252.716260306748,-0.18185283417005849,-0.27297883752544294,2.0,0.0,0.03503283220468196,0.03503283220468196,-5.655875090436653,-14244.708981382932,-14250.364856473368
61,22,0.44626232536012916,-7.676143189958172,7.0,1.0,0.9660299911239808,-14252.016558417554,14253.10966841102,0.08901991325910785,-0.2149574209597631,3.0,0.0,0.03503283220468196,0.03503283220468196,-5.6343761287611835,-14244.984269746521,-14250.618645875282
62,22,0.4245012080863534,-7.664793417256231,3.0,1.0,0.9342355917524096,-14253.273115218546,14253.563874412535,0.21976579329566448,-0.5079599631935707,2.0,0.0,0.03503283220468196,0.03503283220468196,-5.59958569186252,-14246.264170949336,-14251.863756641198
63,22,0.44999703321831447,-7.721524509500316,3.0,1.0,1.0,-14251.686472973575,14253.201713919969,-0.3161540000928653,-0.4851949422609323,2.0,0.0,0.03503283220468196,0.03503283220468196,-5.774770668041342,-14244.515356409824,-14250.290127077866
64,22,0.44999703321831447,-7.721524509500316,3.0,1.0,0.5271657449735084,-14251.686472973575,14253.716476619606,0.0,1.3562321097415406,1.0,0.0,0.03503283220468196,0.03503283220468196,-5.774770668041342,-14244.515356409824,-14250.290127077866
65,22,0.45249115358673336,-7.71240204484061,3.0,1.0,0.6436464704329725,-14252.43329676138,14253.72646853236,0.3502527492255467,0.6897056621692172,2.0,0.0,0.03503283220468196,0.03503283220468196,-5.746383445538715,-14245.291549590132,-14251.037933035672
66,22,0.4547950895908917,-7.756579601683718,3.0,1.0,0.9882864304202502,-14252.642699129688,14253.746689078605,-0.13591059103964653,-0.13591059103964653,2.0,0.0,0.03503283220468196,0.03503283220468196,-5.884629185872201,-14245.363568057219,-14251.24819724309
67,22,0.44358304075399013,-7.773808115639437,3.0,1.0,1.0,-14251.525760137145,14252.308354782746,-0.49349663136308664,-0.5137006923123408,2.0,0.0,0.03503283220468196,0.03503283220468196,-5.939071697817258,-14244.187580845064,-14250.126652542882
68,22,0.443337201897328,-7.719543749837148,3.0,1.0,1.0,-14250.802898768114,14251.466156271345,-0.09859127442723548,-0.09859127442723548,2.0,0.0,0.03503283220468196,0.03503283220468196,-5.768599880805611,-14243.63507865514,-14249.403678535946
69,22,0.4492004665228364,-7.815173713967065,3.0,1.0,0.6114805876892998,-14253.175365219216,14253.690016141545,0.3199131111996394,0.5960694958357635,2.0,0.0,0.03503283220468196,0.03503283220468196,-6.070999858023402,-14245.707694984518,-14251.778694842542
70,22,0.4394087256535695,-7.707181590384381,3.0,1.0,1.0,-14250.744411116897,14252.982086638754,-0.3614570699810429,-0.3614570699810429,2.0,0.0,0.03503283220468196,0.03503283220468196,-5.730175909706994,-14243.613146740852,-14249.343322650559
71,22,0.4394087256535695,-7.707181590384381,3.0,1.0,0.8138332742438598,-14250.744411116897,14251.267922111765,0.0,0.3215463903688942,1.0,0.0,0.03503283220468196,0.03503283220468196,-5.730175909706994,-14243.613146740852,-14249.343322650559
72,22,0.4437745046991494,-7.77924855762494,3.0,1.0,0.533388271620962,-14251.691488512643,14252.812527012351,0.1718347312453261,0.9783628806108027,2.0,0.0,0.03503283220468196,0.03503283220468196,-5.956325287851088,-14244.336143007069,-14250.29246829492
73,22,0.43603836021714126,-7.703720468038345,3.0,1.0,0.988832238506815,-14250.89589127124,14251.831926023426,-0.12244809318690386,-0.12244809318690386,2.0,0.0,0.03503283220468196,0.03503283220468196,-5.719445458401527,-14243.773651711117,-14249.49309716952
74,22,0.44098698160003164,-7.701160137094924,7.0,1.0,0.997978484097654,-14250.823065154278,14250.965753953746,-0.019170069519532262,-0.02884239186460036,3.0,0.0,0.03503283220468196,0.03503283220468196,-5.711515421881917,-14243.711227290874,-14249.422742712757
75,22,0.442522675065201,-7.743074739628932,7.0,1.0,0.7588826053889489,-14250.879292231313,14252.440783151538,0.0030869649708620273,0.4618152508737694,3.0,0.0,0.03503283220468196,0.03503283220468196,-5.842161027084638,-14243.637534182228,-14249.479695209313
76,22,0.44703945977956894,-7.772362480454146,3.0,1.0,0.8871977146319714,-14251.586860047728,14251.806820300146,0.10518049705933663,0.18312686398530786,2.0,0.0,0.03503283220468196,0.03503283220468196,-5.93449204826725,-14244.254790952262,-14250.189283000529
77,22,0.4551540550304289,-7.759275721013678,1.0,1.0,0.5949406320327721,-14252.744113513934,14252.859312358747,0.5192936565108539,0.5192936565108539,1.0,0.0,0.03503283220468196,0.03503283220468196,-5.893129396244195,-14245.456612588778,-14251.349741985023
78,22,0.44799589001182877,-7.691283104816823,3.0,1.0,0.9013032772921058,-14251.875565139964,14254.395450683802,-0.15945656812436937,0.3511050107481424,1.0,0.0,0.03503283220468196,0.03503283220468196,-5.6809850070854715,-14244.797409125087,-14250.478394132173
79,22,0.44799589001182877,-7.691283104816823,3.0,1.0,0.39348557776403087,-14251.875565139964,14255.955071963917,0.0,2.578043099041679,1.0,0.0,0.03503283220468196,0.03503283220468196,-5.6809850070854715,-14244.797409125087,-14250.478394132173
80,22,0.44467083001149277,-7.72370792509308,3.0,1.0,0.9816139967382264,-14250.890589776258,14251.652207128365,-0.44520132886827923,-0.4675744801570545,1.0,0.0,0.03503283220468196,0.03503283220468196,-5.7815773483157,-14243.710397207597,-14249.491974555913
81,22,0.4433176487760219,-7.712774749279866,3.0,1.0,0.9809554566855524,-14250.839027640906,14251.029455136068,-0.013446535884213517,0.030831814343400765,2.0,0.0,0.03503283220468196,0.03503283220468196,-5.747541594100606,-14243.69225683426,-14249.43979842836
82,22,0.43847897705567507,-7.757991432935426,3.0,1.0,0.6154016784381066,-14251.3515062105,14252.249189053327,0.15249507741827983,0.7715836130664684,2.0,0.0,0.03503283220468196,0.03503283220468196,-5.889079440805947,-14244.060877293694,-14249.9499567345
83,22,0.4333989916753419,-7.668085913408758,3.0,1.0,0.9725944505725561,-14251.578403543765,14251.885359411843,-0.06858766220830148,-0.16743256152403774,2.0,0.0,0.03503283220468196,0.03503283220468196,-5.60966490984511,-14244.56454220551,-14250.174207115355
84,22,0.4462407684861313,-7.773652861330845,5.0,1.0,0.7967747766391162,-14251.572296777582,14252.727669935646,0.004586420998748508,0.494603553412162,2.0,0.0,0.03503283220468196,0.03503283220468196,-5.938579765178262,-14244.23579509258,-14250.174374857757
85,22,0.44105768121609223,-7.748469970661352,3.0,1.0,0.7156083947736379,-14250.972838893469,14252.393022817796,-0.06730360889196163,0.6095274441177025,2.0,0.0,0.03503283220468196,0.03503283220468196,-5.859105301368158,-14243.713444978837,-14249.572550280205
86,22,0.4378465950070301,-7.7157023489290575,3.0,1.0,0.9786754794356596,-14250.77311191,14251.253945982455,-0.03396958816119877,0.03557285896567919,1.0,0.0,0.03503283220468196,0.03503283220468196,-5.756643701549777,-14243.614601035071,-14249.371244736622
87,22,0.4424511991533309,-7.778228983721725,3.0,1.0,0.7929933263579899,-14251.69412453638,14252.660242018552,0.18514630189201853,0.2610716615272395,1.0,0.0,0.03503283220468196,0.03503283220468196,-5.95308960014208,-14244.341404586896,-14250.294494187037
88,22,0.4381541930962124,-7.727701433000238,3.0,1.0,0.9501343891602136,-14250.822161736021,14252.359776020161,-0.15620631485217018,-0.15620631485217018,2.0,0.0,0.03503283220468196,0.03503283220468196,-5.79403922748829,-14243.626410285335,-14249.420449512823
89,22,0.44653266359890015,-7.725110039215164,3.0,1.0,0.9371616363283918,-14251.083260452802,14251.215874460315,0.10221159642424027,0.10221159642424027,2.0,0.0,0.03503283220468196,0.03503283220468196,-5.78595087708196,-14243.899514307735,-14249.685465184817
90,22,0.43623804556218276,-7.7485962339293275,7.0,1.0,0.841979224005394,-14251.366503204295,14251.864686864186,0.11400875574145175,0.3713908364316012,3.0,0.0,0.03503283220468196,0.03503283220468196,-5.859502192642404,-14244.10431061991,-14249.963812812553
91,22,0.4448978774439227,-7.744297845232013,3.0,1.0,0.9652164954284793,-14250.980804550483,14251.943649395973,-0.21019327615613292,-0.21019327615613292,2.0,0.0,0.03503283220468196,0.03503283220468196,-5.845999763719785,-14243.736291097164,-14249.582290860884
92,22,0.4482289150404736,-7.71663873655451,3.0,1.0,0.8465220527893091,-14251.408617179048,14251.642984137958,0.2574036794612766,0.2659074372968462,2.0,0.0,0.03503283220468196,0.03503283220468196,-5.759556803786621,-14244.251987149388,-14250.011543953175
93,22,0.44726822977958897,-7.72705753506783,7.0,1.0,0.9328900122061408,-14251.17183286498,14251.973565261884,-0.12484403826056223,0.22334681275060575,3.0,0.0,0.03503283220468196,0.03503283220468196,-5.792028843376735,-14243.982324783947,-14249.774353627323
94,22,0.4425811789676204,-7.7871931217996195,3.0,1.0,0.9334966913976243,-14252.012901566077,14252.338576982695,0.07803234744096699,0.13289665994125244,2.0,0.0,0.03503283220468196,0.03503283220468196,-5.981573515219983,-14244.631758276042,-14250.613331791263
95,22,0.43986525684622096,-7.693767171602666,3.0,1.0,0.6247629026331324,-14250.888196420632,14253.111724963259,-0.24077238531208423,0.8358651771250152,2.0,0.0,0.03503283220468196,0.03503283220468196,-5.688654202978392,-14243.798677472823,-14249.487331675802
96,22,0.44805187228254795,-7.693050162309193,3.0,1.0,0.7470567976591324,-14251.83821054979,14251.943246154036,0.4650638255679951,0.4650638255679951,1.0,0.0,0.03503283220468196,0.03503283220468196,-5.686439907287078,-14244.75462316693,-14250.441063074217
97,22,0.4486434260613588,-7.7230661294929295,3.0,1.0,0.9418142001691824,-14251.41328832817,14252.34506651396,-0.20421384520159336,-0.20421384520159336,2.0,0.0,0.03503283220468196,0.03503283220468196,-5.7795760904666365,-14244.23681184015,-14250.016387930616
98,22,0.4337794944140056,-7.672695397619058,3.0,1.0,0.9065811209171669,-14251.444695287735,14252.951770090496,-0.1952445497881854,0.3288605711350101,1.0,0.0,0.03503283220468196,0.03503283220468196,-5.623793995200477,-14244.416910650343,-14250.040704645544
99,22,0.4411678121480655,-7.708862936002709,3.0,1.0,1.0,-14250.756218603507,14251.365169317656,-0.10941036795520631,-0.10941036795520631,2.0,0.0,0.03503283220468196,0.03503283220468196,-5.735392876451324,-14243.620589726032,-14249.355982602483
100,22,0.4301717009320349,-7.637299169497754,7.0,1.0,0.8380836942397768,-14252.88352801427,14252.897218162772,0.3392347584194795,0.3392347584194795,3.0,0.0,0.03503283220468196,0.03503283220468196,-5.515841619524345,-14245.961695356005,-14251.47753697553
101,22,0.4292904118902763,-7.704121847545527,3.0,1.0,0.8474779756053685,-14251.916255548527,14253.909419221307,0.12479748511395883,0.41588174229218566,2.0,0.0,0.03503283220468196,0.03503283220468196,-5.72068923353947,-14244.789069875731,-14250.50975910927
102,22,0.4350197423774073,-7.714412233345406,1.0,1.0,1.0,-14251.001714082788,14251.687332321586,-0.3586293496082362,-0.3586293496082362,1.0,0.0,0.03503283220468196,0.03503283220468196,-5.752631587732028,-14243.845754140202,-14249.598385727933
103,22,0.43864849949905277,-7.6957493289247845,3.0,1.0,0.9947314053644667,-14250.850684721403,14251.002369053576,-0.0998522938170936,-0.10988776668091305,2.0,0.0,0.03503283220468196,0.03503283220468196,-5.694778252582327,-14243.754441588624,-14249.449219841206
104,22,0.43864849949905277,-7.6957493289247845,3.0,1.0,0.6316265899261778,-14250.850684721403,14252.403642673771,0.0,0.7103556005113205,1.0,0.0,0.03503283220468196,0.03503283220468196,-5.694778252582327,-14243.754441588624,-14249.449219841206
105,22,0.43772948364031444,-7.744548076994106,3.0,1.0,0.8676934302208558,-14251.103567453609,14251.689044734641,0.13225934028014308,0.22926028560141276,1.0,0.0,0.03503283220468196,0.03503283220468196,-5.846785304473361,-14243.854855773405,-14249.701641077878
106,22,0.43797187116935726,-7.737127137624143,1.0,1.0,1.0,-14250.950332406612,14251.134498298312,-0.05307217114204832,-0.05307217114204832,1.0,0.0,0.03503283220468196,0.03503283220468196,-5.82351570665537,-14243.725012729174,-14249.54852843583
107,22,0.43797187116935726,-7.737127137624143,3.0,1.0,0.9296230453190523,-14250.950332406612,14251.876369357045,0.0,0.1636562758267246,1.0,0.0,0.03503283220468196,0.03503283220468196,-5.82351570665537,-14243.725012729174,-14249.54852843583
108,22,0.4511726421824983,-7.757727301281504,3.0,1.0,0.8032587408624311,-14251.859643303218,14252.758953420733,0.22596467004768783,0.24599171015870525,2.0,0.0,0.03503283220468196,0.03503283220468196,-5.888246715798235,-14244.57552001976,-14250.463766735558
109,22,0.4412520644736623,-7.716127603801875,3.0,1.0,1.0,-14250.723156566239,14252.148700344642,-0.3175291168572585,-0.3175291168572585,2.0,0.0,0.03503283220468196,0.03503283220468196,-5.757966560929978,-14243.564994185388,-14249.322960746318
110,22,0.4359337778539171,-7.719638023010591,3.0,1.0,0.9402069383401104,-14250.936387460908,14250.946670575264,0.09480300345785508,0.09480300345785508,2.0,0.0,0.03503283220468196,0.03503283220468196,-5.768893487128479,-14243.764645421732,-14249.53353890886
111,22,0.43586436150619245,-7.74060605257758,3.0,1.0,0.8773124536578845,-14251.23479527646,14251.49226536735,0.12465337733010529,0.19454903742371243,2.0,0.0,0.03503283220468196,0.03503283220468196,-5.8344175699525636,-14243.997492962395,-14249.831910532348
112,22,0.443250566157459,-7.721543511255248,7.0,1.0,0.9974257033533266,-14250.792179100348,14251.1703959964,-0.1914964334864635,-0.223149030976856,3.0,0.0,0.03503283220468196,0.03503283220468196,-5.7748298844230135,-14243.61808916944,-14249.392919053864
113,22,0.443692893287734,-7.775114782027188,7.0,1.0,0.9509624047707889,-14251.563535756695,14251.575519278409,0.1107304039196606,0.12126714318947052,3.0,0.0,0.03503283220468196,0.03503283220468196,-5.943212904183411,-14244.221265427837,-14250.16447833202
114,22,0.4450507611396021,-7.737544209005214,3.0,1.0,1.0,-14250.940197665659,14251.608045248044,-0.08453679759622901,-0.10423468827320903,2.0,0.0,0.03503283220468196,0.03503283220468196,-5.824822043240911,-14243.71693005814,-14249.541752101382
115,22,0.4383115648551247,-7.778038506508855,7.0,1.0,0.6884244525439972,-14252.043914716278,14252.526300294438,0.34873866397174424,0.6727882581835729,3.0,0.0,0.03503283220468196,0.03503283220468196,-5.9524852228868,-14244.689796238512,-14250.642281461398
116,22,0.4495500011365255,-7.725504662684035,3.0,1.0,1.0,-14251.557421519492,14252.103224627146,-0.053106277498955023,-0.33938430831040023,2.0,0.0,0.03503283220468196,0.03503283220468196,-5.787182156433348,-14244.373712013505,-14250.160894169938
117,22,0.44051587184547203,-7.7887436635359535,3.0,1.0,0.9800328904565285,-14252.231471281337,14252.685947007321,0.024646068462971016,-0.16000550904027477,2.0,0.0,0.03503283220468196,0.03503283220468196,-5.986508576677768,-14244.844413782293,-14250.830922358971
118,22,0.4522909824101479,-7.7606310517685255,3.0,1.0,0.9970975242669122,-14252.095104159787,14252.90825370632,0.00874555835434876,-0.3811715864849248,2.0,0.0,0.03503283220468196,0.03503283220468196,-5.897405170940578,-14244.802258326103,-14250.699663497044
119,22,0.4363463275237598,-7.741140587906852,3.0,1.0,1.0,-14251.18477663733,14252.145638666436,-0.1879118936994928,-0.22145238642588083,2.0,0.0,0.03503283220468196,0.03503283220468196,-5.83609371405993,-14243.946048629521,-14249.782142343582
120,22,0.44441755269870187,-7.706970933796955,3.0,1.0,1.0,-14250.99679103952,14251.307906001835,-0.07078209625433374,-0.07078209625433374,2.0,0.0,0.03503283220468196,0.03503283220468196,-5.729522472758489,-14243.868539581355,-14249.598062054114
121,22,0.44096277680060936,-7.7206779270318355,3.0,1.0,1.0,-14250.71414320023,14250.883679857478,-0.12815571207465837,-0.12815571207465837,2.0,0.0,0.03503283220468196,0.03503283220468196,-5.772132775456422,-14243.541676392191,-14249.313809167648
122,22,0.44411378067362256,-7.676331056046664,3.0,1.0,0.7747829526663613,-14251.65478963289,14251.927163530372,0.3444755859327415,0.3491975254692079,2.0,0.0,0.03503283220468196,0.03503283220468196,-5.63495307809414,-14244.620970421023,-14250.255923499117
123,22,0.44411378067362256,-7.676331056046664,3.0,1.0,0.5857766210090597,-14251.65478963289,14253.985148549067,0.0,1.1396830522226082,1.0,0.0,0.03503283220468196,0.03503283220468196,-5.63495307809414,-14244.620970421023,-14250.255923499117
124,22,0.4577389493662589,-7.770628073765743,7.0,1.0,0.5808271747062985,-14253.52504832898,14254.433057712473,0.5426755226708337,1.011113533484604,3.0,0.0,0.03503283220468196,0.03503283220468196,-5.929000352851551,-14246.202583988952,-14252.131584341803
125,22,0.44783714291033916,-7.773890011694173,1.0,1.0,1.0,-14251.682065480009,14252.851300986258,-0.7073353982432309,-0.7073353982432309,1.0,0.0,0.03503283220468196,0.03503283220468196,-5.939331200116066,-14244.345496401687,-14250.284827601803
126,22,0.4491273290394775,-7.755481259441647,3.0,1.0,0.9795118499980043,-14251.51552680419,14251.864673865286,0.04783262937053223,-0.14803939340345096,2.0,0.0,0.03503283220468196,0.03503283220468196,-5.8811684629667225,-14244.237657909669,-14250.118826372636
127,22,0.4407719624693215,-7.768178941068347,3.0,1.0,1.0,-14251.460180593524,14251.92033451593,-0.017140732081315946,-0.20011802922817878,2.0,0.0,0.03503283220468196,0.03503283220468196,-5.921250725561848,-14244.138504288108,-14250.05975501367
128,22,0.44299047916723944,-7.719089771587868,3.0,1.0,0.9996515923624981,-14250.783543901884,14251.819757971563,-0.15314707491415902,-0.15314707491415902,2.0,0.0,0.03503283220468196,0.03503283220468196,-5.767186125995616,-14243.616977828855,-14249.38416395485
129,22,0.4376684502396426,-7.699821830876053,3.0,1.0,0.9845464404440957,-14250.829126407672,14251.023672571313,-0.01247799068733002,0.04746974890258571,1.0,0.0,0.03503283220468196,0.03503283220468196,-5.707372934808559,-14243.719796197849,-14249.427169132658
130,22,0.44807033217375364,-7.754100268777066,3.0,1.0,0.8023775512889849,-14251.366491139877,14252.529394615376,0.14910926135235059,0.26802734966622666,2.0,0.0,0.03503283220468196,0.03503283220468196,-5.876818866351363,-14244.092532551917,-14249.969351418267
131,22,0.45718173784283406,-7.700264102211407,3.0,1.0,0.4383151762731566,-14254.335144701086,14254.965521990953,1.4878989935423306,1.4878989935423306,1.0,0.0,0.03503283220468196,0.03503283220468196,-5.708741708325965,-14247.232747994196,-14252.941489702522
132,22,0.4481306420195467,-7.6807277326956545,3.0,1.0,0.8599726148111007,-14252.239328574411,14255.147488094315,-1.0033558807335794,-1.0033558807335794,2.0,0.0,0.03503283220468196,0.03503283220468196,-5.648465644759597,-14245.193748521184,-14250.842214165943
133,22,0.44100659957759486,-7.682615560810399,1.0,1.0,1.0,-14251.156690568081,14251.876224493835,-0.532773478762465,-0.532773478762465,1.0,0.0,0.03503283220468196,0.03503283220468196,-5.654273550712282,-14244.102103966812,-14249.756377517524
134,22,0.4463235289466551,-7.7028621407659985,3.0,1.0,0.9079618617772499,-14251.30685114645,14251.711554488862,0.1441579747479409,0.15299429801598308,2.0,0.0,0.03503283220468196,0.03503283220468196,-5.7167862565525605,-14244.192178951094,-14249.908965207647
135,22,0.4369751802323575,-7.700988885931062,3.0,1.0,0.983003716428332,-14250.849953364019,14251.383279807796,-0.2413983107308013,-0.2413983107308013,2.0,0.0,0.03503283220468196,0.03503283220468196,-5.710985244662965,-14243.736657671081,-14249.447642915744
136,22,0.4274756905405681,-7.729809213185654,3.0,1.0,0.542777724908897,-14252.808094624965,14253.40575970936,0.922391844818776,1.098353844259691,2.0,0.0,0.03503283220468196,0.03503283220468196,-5.800623058347741,-14245.599913627646,-14251.400536685993
137,22,0.44545237604164517,-7.665666065319553,3.0,1.0,0.6256883908561017,-14252.269588031588,14254.919679725244,-0.3771560016539297,1.099637582889045,2.0,0.0,0.03503283220468196,0.03503283220468196,-5.602256046907104,-14245.269064457307,-14250.871320504213
138,22,0.45184643673079533,-7.738577132241365,3.0,1.0,0.8851749825307972,-14251.948473009974,14254.283148374501,-0.09048072950645292,0.35672004885054776,2.0,0.0,0.03503283220468196,0.03503283220468196,-5.828058078618807,-14244.724802226387,-14250.552860305006
139,22,0.45727767310030937,-7.835686509795373,3.0,1.0,0.7308871193846646,-14255.037635945719,14257.089269322663,0.23135915445345745,0.647502445441205,2.0,0.0,0.03503283220468196,0.03503283220468196,-6.137056392397331,-14247.50695762215,-14253.644014014548
140,22,0.43967699972082375,-7.766302910878323,3.0,1.0,1.0,-14251.48362915822,14254.89648468632,-0.44751815908239223,-0.5630236274246272,2.0,0.0,0.03503283220468196,0.03503283220468196,-5.915318585390644,-14244.167353784322,-14250.082672369712
141,22,0.4402145282779523,-7.663888949877747,3.0,1.0,0.9949877463646387,-14251.660248805658,14252.025707867682,0.01515095922331966,-0.21314259567043337,2.0,0.0,0.03503283220468196,0.03503283220468196,-5.596818771490007,-14244.662735272686,-14250.259554044176
142,22,0.4315151992101553,-7.673188529806464,3.0,1.0,0.9268920881447281,-14251.681701789903,14252.652169470903,-0.028365126559947385,0.24759472924597503,2.0,0.0,0.03503283220468196,0.03503283220468196,-5.62530681220769,-14244.651161730955,-14250.276468543163
143,22,0.443040733383865,-7.722358451171383,3.0,1.0,0.7369485566173043,-14250.779123644596,14252.217852620017,-0.1776803100565303,0.5395228265442711,2.0,0.0,0.03503283220468196,0.03503283220468196,-5.777369873502884,-14243.602397035194,-14249.379766908698
144,22,0.44080513864673637,-7.761166260826215,3.0,1.0,0.7676920191212074,-14251.261304679625,14251.697313724164,0.10510168604196224,0.395796758151846,2.0,0.0,0.03503283220468196,0.03503283220468196,-5.899094145401496,-14243.961800893172,-14249.860895038573
145,22,0.44727071726496925,-7.73387500718636,3.0,1.0,0.8714790079640874,-14251.157062124525,14251.760931414252,0.026683317117203842,0.20518138431725674,2.0,0.0,0.03503283220468196,0.03503283220468196,-5.81333546229932,-14243.946248485701,-14249.759583948
146,22,0.4530424070429408,-7.7009213111392745,3.0,1.0,0.5925103700627604,-14252.879741012923,14253.178842726918,0.8289663123468927,0.8289663123468927,1.0,0.0,0.03503283220468196,0.03503283220468196,-5.710776047642082,-14245.773811415029,-14251.484587462672
147,22,0.43088344091734376,-7.769027006344431,7.0,1.0,0.9902610073310211,-14253.19805885022,14253.200592085383,0.0676698993829632,-0.9602512185847445,3.0,0.0,0.03503283220468196,0.03503283220468196,-5.923933523062338,-14245.868537646164,-14251.792471169227
148,22,0.4386817151116434,-7.715028336964508,3.0,1.0,0.9695523894832186,-14250.73704568798,14252.43982277065,-1.048049822802568,-1.048049822802568,2.0,0.0,0.03503283220468196,0.03503283220468196,-5.7545473928019035,-14243.58104996219,-14249.335597354991
149,22,0.4373648570474718,-7.727006861405448,3.0,1.0,0.9569664421929703,-14250.87115686619,14250.902959424631,0.06248398151001311,0.0709899904741178,1.0,0.0,0.03503283220468196,0.03503283220468196,-5.791870647195121,-14243.67717478029,-14249.469045427486
150,22,0.4460769923943516,-7.724644162634705,3.0,1.0,0.9155866512617079,-14251.03019677646,14251.239901636425,0.05724380616993585,0.13251250925713975,2.0,0.0,0.03503283220468196,0.03503283220468196,-5.784497478692394,-14243.84770600726,-14249.632203485953
51,23,0.43344603109878266,-7.745012676284989,7.0,1.0,0.92418986323258,-14251.72866665661,14252.563071040338,0.09344550392961537,0.13701741981458326,2.0,0.0,0.017240566427172452,0.017240566427172452,-5.848243965141586,-14244.476251769427,-14250.324495734569
52,23,0.4459582484218354,-7.759280839068816,3.0,1.0,0.9551921233467912,-14251.249902578078,14252.235006397448,-0.2830166852854745,-0.2830166852854745,1.0,0.0,0.031093735358079504,0.031093735358079504,-5.893145539143331,-14243.958711862972,-14249.851857402115
53,23,0.4398706999701374,-7.7489455518790455,3.0,1.0,0.982233746323622,-14251.030916733804,14251.459673471594,0.003658436575278756,-0.056481615676602814,2.0,0.0,0.031093735358079504,0.031093735358079504,-5.860600308796076,-14243.769454337054,-14249.63005464585
54,23,0.44542305609154753,-7.755387279008187,3.0,1.0,0.9533910685779659,-14251.153440065244,14251.842599081014,-0.01373547700495692,0.1133089265676972,2.0,0.0,0.031093735358079504,0.031093735358079504,-5.880872399782666,-14243.87428718574,-14249.755159585522
55,23,0.44583672945429337,-7.747890645424149,3.0,1.0,0.9091325246483897,-14251.082725851451,14252.128490031102,0.0025228555423382204,0.16131753489207767,2.0,0.0,0.031093735358079504,0.031093735358079504,-5.857284476283667,-14243.827342980248,-14249.684627456532
56,23,0.44583672945429337,-7.747890645424149,3.0,1.0,0.760509597243988,-14251.082725851451,14252.28219699215,0.0,0.49565806908321974,1.0,0.0,0.031093735358079504,0.031093735358079504,-5.857284476283667,-14243.827342980248,-14249.684627456532
57,23,0.4474737097144273,-7.772936544179579,3.0,1.0,0.9685914085589181,-14251.631289704712,14251.733815216296,0.05083463588562154,-0.062267182453069836,2.0,0.0,0.031093735358079504,0.031093735358079504,-5.936310383249555,-14244.297587566733,-14250.233897949982
58,23,0.45522669715514924,-7.771324768209864,3.0,1.0,0.8427866392944888,-14252.847842858968,14252.873149067645,0.35172367041195685,0.35172367041195685,2.0,0.0,0.031093735358079504,0.031093735358079504,-5.931205952466637,-14245.52229162896,-14251.453497581428
59,23,0.45716500523452946,-7.772855997151948,1.0,1.0,0.8616528129125159,-14253.37435566016,14253.732892794389,0.14890285869478248,0.14890285869478248,1.0,0.0,0.031093735358079504,0.031093735358079504,-5.936055232329086,-14246.044639654086,-14251.980694886415
60,23,0.43838295937665545,-7.716720470727232,3.0,1.0,0.9140719956494862,-14250.749954357523,14253.720342914283,-0.6128106676333118,-0.6128106676333118,2.0,0.0,0.031093735358079504,0.031093735358079504,-5.7598111204347875,-14243.588545739209,-14249.348356859644
61,23,0.43838295937665545,-7.716720470727232,3.0,1.0,0.5221897968163841,-14250.749954357523,14252.39258971276,0.0,0.8892681842808088,1.0,0.0,0.031093735358079504,0.031093735358079504,-5.7598111204347875,-14243.588545739209,-14249.348356859644
62,23,0.43838295937665545,-7.716720470727232,3.0,1.0,0.4753914678165287,-14250.749954357523,14253.111616720445,0.0,1.162205967502814,1.0,0.0,0.031093735358079504,0.031093735358079504,-5.7598111204347875,-14243.588545739209,-14249.348356859644
63,23,0.4404154025019947,-7.73851495504933,3.0,1.0,0.9096086914340393,-14250.838619568824,14251.130043935445,0.012499783502789796,0.16012682077234786,2.0,0.0,0.031093735358079504,0.031093735358079504,-5.827863254106387,-14243.610158853167,-14249.438022107273
64,23,0.4404154025019947,-7.73851495504933,3.0,1.0,0.258747021007076,-14250.838619568824,14254.586660833485,0.0,1.930215832497197,1.0,0.0,0.031093735358079504,0.031093735358079504,-5.827863254106387,-14243.610158853167,-14249.438022107273
65,23,0.43894562247980085,-7.746504692977649,1.0,1.0,0.9421902761628257,-14251.041015842633,14251.045629487784,0.05954803312306467,0.05954803312306467,1.0,0.0,0.031093735358079504,0.031093735358079504,-5.852929775606339,-14243.786768878128,-14249.639698653735
66,23,0.44888498459406595,-7.7485910318155105,3.0,1.0,0.977071146006295,-14251.423565294506,14251.481000649239,0.07126677124688285,0.07126677124688285,2.0,0.0,0.031093735358079504,0.031093735358079504,-5.859485840195858,-14244.167279119005,-14250.0267649592
67,23,0.44227722523232565,-7.718893524879191,3.0,1.0,0.9000486702807559,-14250.749155269343,14251.996004640425,-0.1455207276794681,0.22006507716650958,2.0,0.0,0.031093735358079504,0.031093735358079504,-5.7665750487822445,-14243.582868573982,-14249.349443622765
68,23,0.44697010453480857,-7.704027645032205,3.0,1.0,0.8737658584443514,-14251.38822430867,14251.406735824075,0.22948390847159317,0.22948390847159317,2.0,0.0,0.031093735358079504,0.031093735358079504,-5.720397308941346,-14244.270220214483,-14249.990617523425
69,23,0.44597462276859023,-7.690342259998867,3.0,1.0,0.9382844560624454,-14251.528518975425,14251.814304930956,0.03389396057718841,-0.17978876716006198,1.0,0.0,0.031093735358079504,0.031093735358079504,-5.6780818963326505,-14244.452399064883,-14250.130480961216
70,23,0.4438661408394115,-7.698782772753464,3.0,1.0,1.0,-14251.063353792626,14251.439445207214,-0.15934272747472278,-0.2693683989218698,2.0,0.0,0.031093735358079504,0.031093735358079504,-5.704157951701245,-14243.960217334501,-14249.664375286202
71,23,0.4338789150489961,-7.7468251818240255,3.0,1.0,0.9133812442214917,-14251.69619010368,14251.880017684342,0.22129638800834073,0.22129638800834073,2.0,0.0,0.031093735358079504,0.031093735358079504,-5.853936589635116,-14244.438316440002,-14250.292253029638
72,23,0.43837977573746867,-7.745580632689306,1.0,1.0,1.0,-14251.066344675457,14251.537543836015,-0.23840735812518687,-0.23840735812518687,1.0,0.0,0.031093735358079504,0.031093735358079504,-5.850027420079735,-14243.814718163923,-14249.664745584003
73,23,0.4327945622954141,-7.691004855866091,7.0,1.0,0.9845277120705498,-14251.294919976304,14251.713142891364,0.024365444522118196,-0.09508963841835794,3.0,0.0,0.031093735358079504,0.031093735358079504,-5.6801263381152065,-14244.210267805764,-14249.890394143878
74,23,0.4422873658884711,-7.738267497268159,5.0,1.0,0.9683483545078246,-14250.822746459862,14251.40135993026,-0.11352396670554299,-0.11352396670554299,2.0,0.0,0.031093735358079504,0.031093735358079504,-5.827087914179868,-14243.595951644704,-14249.423039558884
75,23,0.43832187338594125,-7.719410627747238,3.0,1.0,0.9792670881484437,-14250.76002618212,14251.037248278433,0.003492808675218839,0.03712602144878474,1.0,0.0,0.031093735358079504,0.031093735358079504,-5.7681852977487775,-14243.59021279502,-14249.358398092769
76,23,0.44774652672430054,-7.6961709413283605,3.0,1.0,0.7400467204654454,-14251.69675046705,14252.125187669495,0.3317608224460855,0.5551508426706278,2.0,0.0,0.031093735358079504,0.031093735358079504,-5.696081367961732,-14244.603392956456,-14250.299474324418
77,23,0.44706333450511954,-7.707817912531399,1.0,1.0,1.0,-14251.337816228,14251.786471504045,-0.1243904664315778,-0.1243904664315778,1.0,0.0,0.031093735358079504,0.031093735358079504,-5.732149990716853,-14244.208099417847,-14249.940249408564
78,23,0.4384026384780492,-7.818491270732373,3.0,1.0,0.8281681781738746,-14254.109814724126,14254.310144171366,0.5404482227768312,0.5404482227768312,2.0,0.0,0.031093735358079504,0.031093735358079504,-6.081654730035758,-14246.626572344723,-14252.70822707476
79,23,0.4483976192777587,-7.804253717699836,3.0,1.0,1.0,-14252.675395206219,14253.877163572752,-0.5347367542071879,-0.5402924207301112,2.0,0.0,0.031093735358079504,0.031093735358079504,-6.036006254639318,-14245.242386237369,-14251.278392492008
80,23,0.42649061567871094,-7.672155432865433,7.0,1.0,0.8903927060474697,-14252.654959000049,14253.879876771081,0.20141982300810923,0.3300269237952307,3.0,0.0,0.031093735358079504,0.031093735358079504,-5.622137785486309,-14245.62467531987,-14251.246813105357
81,23,0.4426123115922869,-7.659142180291194,3.0,1.0,0.8376552460811989,-14252.09050057448,14253.402538237133,-0.11359899519993633,0.2865880625849968,2.0,0.0,0.031093735358079504,0.031093735358079504,-5.582311004198508,-14245.108634283339,-14250.690945287537
82,23,0.4430158931941115,-7.652510147599183,1.0,1.0,0.9114678753415314,-14252.443731416379,14252.716823133427,0.09269892921292922,0.09269892921292922,1.0,0.0,0.031093735358079504,0.031093735358079504,-5.5620789540206195,-14245.482284256039,-14251.04436321006
83,23,0.4199787786648206,-7.674821474980709,7.0,1.0,0.6495278499132444,-14254.744266423397,14256.149783176128,0.72032087945081,1.2113121771872102,3.0,0.0,0.031093735358079504,0.031093735358079504,-5.630318051211693,-14247.701706688613,-14253.332024739824
84,23,0.43990878201289363,-7.736503675828614,3.0,1.0,1.0,-14250.829810282494,14256.231550657563,-1.0664424964998034,-1.0664424964998034,2.0,0.0,0.031093735358079504,0.031093735358079504,-5.821563245503088,-14243.607403530566,-14249.42896677607
85,23,0.4415585647624431,-7.733635760157576,3.0,1.0,0.9728811635189746,-14250.774875495174,14250.968510153069,-0.019521424464983284,0.06778514852157969,2.0,0.0,0.031093735358079504,0.031093735358079504,-5.812586957586475,-14243.56223839259,-14249.374825350176
86,23,0.45539011801964013,-7.777056403959602,3.0,1.0,0.47915144820910904,-14252.956633534695,14254.083651402178,0.45457938981053303,0.934627902772263,2.0,0.0,0.031093735358079504,0.031093735358079504,-5.949369623083481,-14245.612977532946,-14251.56234715603
87,23,0.4302399833459321,-7.776593516578033,3.0,1.0,0.7852810555007516,-14253.749993099773,14255.220973161726,0.5456511501834029,0.5456511501834029,2.0,0.0,0.031093735358079504,0.031093735358079504,-5.947901504109773,-14246.396139440269,-14252.34404094438
88,23,0.4432079852805411,-7.685871943795841,3.0,1.0,0.9180405414820889,-14251.267000476733,14253.500099689529,-0.8485918108017358,-0.9163690679597494,2.0,0.0,0.031093735358079504,0.031093735358079504,-5.6643001934845545,-14244.203420645423,-14249.867720838907
89,23,0.42736921999070837,-7.689787777978391,3.0,1.0,0.883285773878511,-14252.333226310355,14252.554077662178,0.2924840223568026,0.2924840223568026,2.0,0.0,0.031093735358079504,0.031093735358079504,-5.676371377612692,-14245.24923384424,-14250.925605221853
90,23,0.43963596177883457,-7.7139402647272455,3.0,1.0,1.0,-14250.71754389491,14252.392334420183,-0.4488447568310221,-0.4488447568310221,2.0,0.0,0.031093735358079504,0.031093735358079504,-5.751164234436597,-14243.565402768156,-14249.316567002592
91,23,0.4401510566589098,-7.7173143828932576,11.0,1.0,0.9930297769734641,-14250.71078798748,14250.79015108171,-0.0009339087409898639,0.01182210020670027,3.0,0.0,0.031093735358079504,0.031093735358079504,-5.761659284369926,-14243.548403127037,-14249.310062411407
92,23,0.450519172844235,-7.684991263769572,3.0,1.0,0.44995685505470334,-14252.67658534188,14254.328364771529,0.693432661553743,1.4718035426176357,2.0,0.0,0.031093735358079504,0.031093735358079504,-5.6615874687782135,-14245.618861832112,-14251.28044930089
93,23,0.450519172844235,-7.684991263769572,1.0,1.0,0.6528023862880377,-14252.67658534188,14253.991735618214,0.0,0.4264808198731771,1.0,0.0,0.031093735358079504,0.031093735358079504,-5.6615874687782135,-14245.618861832112,-14251.28044930089
94,23,0.4316355534306421,-7.686224475066765,3.0,1.0,0.9587808811294396,-14251.49500331311,14253.353843335057,-0.5219194970577519,-0.5219194970577519,2.0,0.0,0.031093735358079504,0.031093735358079504,-5.665386299329719,-14244.424450905937,-14250.089837205267
95,23,0.4224552992071049,-7.680222164092753,1.0,1.0,0.49213695421096376,-14253.813206391065,14253.838308949038,0.7089982390079967,0.7089982390079967,1.0,0.0,0.031093735358079504,0.031093735358079504,-5.646910867227372,-14246.755654449751,-14252.40256531698
96,23,0.43255370317872094,-7.64664065877463,3.0,1.0,1.0,-14252.293303751529,14253.723200074779,-0.6782424879074824,-0.6782424879074824,2.0,0.0,0.031093735358079504,0.031093735358079504,-5.54420985162086,-14245.344435943533,-14250.888645795154
97,23,0.4345879188330506,-7.708150683541788,3.0,1.0,0.9133056962610538,-14251.029582072797,14252.838149123047,-0.10357267543076887,0.2681680238820263,2.0,0.0,0.031093735358079504,0.031093735358079504,-5.733182517303969,-14243.892842079105,-14249.62602459641
98,23,0.4283477446451291,-7.685637153118987,3.0,1.0,0.9023663271116228,-14252.111828575178,14252.325113121598,0.2663458599927253,0.2663458599927253,2.0,0.0,0.031093735358079504,0.031093735358079504,-5.663576900996983,-14245.04120733072,-14250.704784231717
99,23,0.4317957232218411,-7.748504015644901,3.0,1.0,0.8073633734514257,-14252.179788865902,14254.260609546202,0.16833775874511048,0.4451030143263779,1.0,0.0,0.031093735358079504,0.031093735358079504,-5.859212315537147,-14244.915499602177,-14250.774711917715
100,23,0.42920215676188667,-7.724478783005505,3.0,1.0,0.9038458243742906,-14252.203328622703,14252.990001037138,0.013382445256866049,-0.3787596979545924,1.0,0.0,0.031093735358079504,0.031093735358079504,-5.783981594918048,-14245.012799612747,-14250.796781207664
101,23,0.42920215676188667,-7.724478783005505,1.0,1.0,0.7831968484752507,-14252.203328622703,14253.105650724654,0.0,0.24437121168193698,1.0,0.0,0.031093735358079504,0.031093735358079504,-5.783981594918048,-14245.012799612747,-14250.796781207664
102,23,0.43658812126925234,-7.699857643669986,3.0,1.0,1.0,-14250.878227288527,14251.822488991185,-0.49891614164516795,-0.49891614164516795,1.0,0.0,0.031093735358079504,0.031093735358079504,-5.7074837635714895,-14243.768234142612,-14249.475717906183
103,23,0.443670363038564,-7.673594961030504,3.0,1.0,0.7655158855514549,-14251.684097546078,14252.552734586867,0.24288481001349282,0.43928754079206556,2.0,0.0,0.031093735358079504,0.031093735358079504,-5.626553833251713,-14244.658476006774,-14250.285029840026
104,23,0.4433739478317655,-7.768799503979962,5.0,1.0,0.8681292287140231,-14251.3868409916,14252.680637796524,-0.17081579148180026,0.3400855743948341,2.0,0.0,0.031093735358079504,0.031093735358079504,-5.923213764033529,-14244.064423863509,-14249.987637627542
105,23,0.44184076163009406,-7.761961357073659,1.0,1.0,1.0,-14251.23884070947,14251.42673296243,-0.005067617936219904,-0.005067617936219904,1.0,0.0,0.031093735358079504,0.031093735358079504,-5.901603782126569,-14243.937320213832,-14249.838923995958
106,23,0.44638246923988495,-7.754098272933329,7.0,1.0,0.9976289951112237,-14251.200476371567,14251.459747897487,-0.012450263697246555,-0.07494125938865182,3.0,0.0,0.031093735358079504,0.031093735358079504,-5.876812581580972,-14243.92580344154,-14249.80261602312
107,23,0.4310723712601601,-7.670334296105438,3.0,1.0,0.933248276402022,-14251.794051225483,14252.410340043214,0.09605015847046161,0.11504461200820515,2.0,0.0,0.031093735358079504,0.031093735358079504,-5.6165540441804085,-14244.772015849876,-14250.388569894056
108,23,0.42991477186074756,-7.647539850714926,3.0,1.0,0.9749643954589439,-14252.540766806387,14252.63276993418,0.07807702232457814,-0.17165429379929265,2.0,0.0,0.031093735358079504,0.031093735358079504,-5.546945121629711,-14245.587683983562,-14251.134629105192
109,23,0.43005887924638336,-7.616068677095147,3.0,1.0,0.8252268682142905,-14253.913188409799,14255.40108503498,0.16011846400760987,0.4721855950974714,2.0,0.0,0.031093735358079504,0.031093735358079504,-5.4516933950800475,-14247.055439643118,-14252.507133038198
110,23,0.43449412391848635,-7.6964439476304225,3.0,1.0,0.7436442363126791,-14251.064210400205,14257.854191265476,-0.2747350489225937,0.7759091184252611,2.0,0.0,0.031093735358079504,0.031093735358079504,-5.696925267913838,-14243.963677681615,-14249.660602949529
111,23,0.4476634536063183,-7.737373901187433,7.0,1.0,0.9751336285800696,-14251.21075335714,14251.487082934493,0.05720625757203379,0.08010252409985696,2.0,0.0,0.031093735358079504,0.031093735358079504,-5.824288589958954,-14243.989153485687,-14249.813442075645
112,23,0.4360735037625271,-7.7555104543307385,3.0,1.0,0.9257776641118326,-14251.577409980104,14251.74634972419,0.13519795698266535,0.13519795698266535,2.0,0.0,0.031093735358079504,0.031093735358079504,-5.881260436375285,-14244.2933737187,-14250.174634155075
113,23,0.452884774823013,-7.749381062804762,3.0,1.0,0.9530091974899073,-14252.166252725436,14252.81636122849,0.12220950620758231,0.12220950620758231,2.0,0.0,0.031093735358079504,0.031093735358079504,-5.861969552150803,-14244.909069777792,-14250.771039329942
114,23,0.4415787568377449,-7.69354489893293,3.0,1.0,0.958858486482722,-14250.964884104373,14253.579805274172,-0.3452020179011015,-0.3452020179011015,2.0,0.0,0.031093735358079504,0.031093735358079504,-5.6879677169832314,-14243.87687581188,-14249.564843528864
115,23,0.4321378377261546,-7.668760975708929,3.0,1.0,0.9162496505995508,-14251.689387738184,14252.116387123478,0.07979071488807676,0.191839439654359,2.0,0.0,0.031093735358079504,0.031093735358079504,-5.611732796635846,-14244.672767706965,-14250.284500503602
116,23,0.45009776900797505,-7.678197004884579,3.0,1.0,0.5078858398287359,-14252.81967062007,14255.2082825225,0.5845673383118992,1.315828869894176,2.0,0.0,0.031093735358079504,0.031093735358079504,-5.640685448033207,-14245.782679938293,-14251.423365386327
117,23,0.4255637952400454,-7.7378337775259185,3.0,1.0,0.9056473415293046,-14253.67648998421,14253.78255568747,0.3327602999670489,-0.6598763110923755,2.0,0.0,0.031093735358079504,0.031093735358079504,-5.825729122078013,-14246.44205421732,-14252.267783339397
118,23,0.43449776348667496,-7.757973736231712,5.0,1.0,0.9805481925045815,-14251.917910633952,14253.702342322289,-0.6703561033045844,-1.0304796339551103,2.0,0.0,0.031093735358079504,0.031093735358079504,-5.889023646419063,-14244.625281477414,-14250.514305123834
119,23,0.4247825351249594,-7.699813743249199,3.0,1.0,0.7207476473597015,-14253.122319066133,14255.16619783716,0.3555298177234363,0.6687301494421263,1.0,0.0,0.031093735358079504,0.031093735358079504,-5.707347906453515,-14246.005786126709,-14251.713134033162
120,23,0.42853202666587265,-7.695610329986371,1.0,1.0,1.0,-14252.055841772975,14253.019447567196,-0.37362564961222233,-0.37362564961222233,1.0,0.0,0.031093735358079504,0.031093735358079504,-5.694348675022728,-14244.954556458582,-14250.648905133605
121,23,0.43420449874032596,-7.7318056855443595,7.0,1.0,0.9791953348912761,-14251.306464910816,14252.602260993062,-0.17400617374005378,-0.29127729238280153,2.0,0.0,0.031093735358079504,0.031093735358079504,-5.806863306747412,-14244.095839372205,-14249.902702678952
122,23,0.44194018057681905,-7.745703834300083,3.0,1.0,0.7620929399712996,-14250.913113245992,14252.554677911381,-0.185723396100002,0.6762905651739857,2.0,0.0,0.031093735358079504,0.031093735358079504,-5.850414331294589,-14243.662829051493,-14249.513243382788
123,23,0.44428868974929137,-7.708290729119007,3.0,1.0,0.934538155472362,-14250.967122876604,14251.263368706117,0.06322826480209187,0.1430798502460675,2.0,0.0,0.031093735358079504,0.031093735358079504,-5.733617085805228,-14243.834718719352,-14249.568335805157
124,23,0.42709643135491,-7.684049171269703,3.0,1.0,0.7841750820472293,-14252.414301841662,14252.86303398696,0.35374875239358516,0.36658060664558434,2.0,0.0,0.031093735358079504,0.031093735358079504,-5.658686436209038,-14245.347832080259,-14251.006518516468
125,23,0.4440841860311703,-7.654066601817975,3.0,1.0,0.9875079680374467,-14252.542094135682,14253.06165791232,0.038196377687199856,-0.351833299113423,2.0,0.0,0.031093735358079504,0.031093735358079504,-5.566823210434831,-14245.576391388982,-14251.143214599417
126,23,0.43752173906740405,-7.666705752155955,3.0,1.0,1.0,-14251.458014895099,14252.234648700043,-0.38245750601527106,-0.4238128909255465,2.0,0.0,0.031093735358079504,0.031093735358079504,-5.605438544660064,-14244.450544672436,-14250.055983217097
127,23,0.4410263623735304,-7.702247254953136,3.0,1.0,0.8973327398553578,-14250.812013397906,14251.824730302522,-0.08052643078735855,0.21952234371019586,2.0,0.0,0.031093735358079504,0.031093735358079504,-5.71488171875923,-14243.69682808563,-14249.41170980439
128,23,0.43837762836826716,-7.679759452516171,3.0,1.0,0.881110973175316,-14251.125139210732,14251.498292751614,0.0344041363314318,0.22598215716061532,2.0,0.0,0.031093735358079504,0.031093735358079504,-5.645488112129512,-14244.078050932232,-14249.723539044362
129,23,0.4451078897875452,-7.727771666428203,3.0,1.0,0.902529510721444,-14250.922350473027,14252.273455671992,0.012288912417716347,0.15436381156723655,1.0,0.0,0.031093735358079504,0.031093735358079504,-5.794258536028063,-14243.72967177961,-14249.52393031564
130,23,0.42975064166792354,-7.683650339936537,3.0,1.0,0.8938782056603171,-14251.835293919159,14251.910960513915,0.20013541664775403,0.20013541664775403,2.0,0.0,0.031093735358079504,0.031093735358079504,-5.657458562331897,-14244.771603672169,-14250.4290622345
131,23,0.44215869345168834,-7.716588962552856,3.0,1.0,0.9787535178566952,-14250.751016631855,14251.986016343964,-0.2460265300105675,-0.2460265300105675,2.0,0.0,0.031093735358079504,0.031093735358079504,-5.759401934784562,-14243.591847516771,-14249.351249451556
132,23,0.4335631842357526,-7.693323720657036,3.0,1.0,0.9449251160948825,-14251.184237925074,14251.253765976006,0.08800783447622962,0.08800783447622962,2.0,0.0,0.031093735358079504,0.031093735358079504,-5.687284660048822,-14244.092845786226,-14249.780130446276
133,23,0.44406257684573514,-7.72791830190005,3.0,1.0,1.0,-14250.83973049707,14251.220537935644,-0.0675891628015961,-0.06971944436736521,2.0,0.0,0.031093735358079504,0.031093735358079504,-5.794716430920517,-14243.64612473916,-14249.44084117008
134,23,0.44346113263767134,-7.679081017196103,3.0,1.0,0.8295378846049468,-14251.482457904685,14252.247301897738,0.17787148610295844,0.22140111664157303,1.0,0.0,0.031093735358079504,0.031093735358079504,-5.64340243231364,-14244.439892085318,-14250.083294517632
135,23,0.43221537327174664,-7.6778195655811325,7.0,1.0,0.9752211882011458,-14251.515539760456,14252.064338324739,-0.07936146828797064,0.17129939078768075,3.0,0.0,0.031093735358079504,0.031093735358079504,-5.639525638161425,-14244.471169746099,-14250.11069538426
136,23,0.4493045870628329,-7.768755533166197,7.0,1.0,0.9703225631800388,-14251.726149050473,14252.017678812088,0.018849707057597698,0.1312743039779889,3.0,0.0,0.031093735358079504,0.031093735358079504,-5.923074657644682,-14244.406446726964,-14250.329521384609
137,23,0.4376591077024856,-7.7596517122917765,3.0,1.0,0.9614639783005131,-14251.487975387332,14252.199892225915,0.059897566490690224,-0.14616956227837363,2.0,0.0,0.031093735358079504,0.031093735358079504,-5.894315383100288,-14244.191697996628,-14250.086013379729
138,23,0.430395885914937,-7.659083938743359,5.0,1.0,0.5000027610961916,-14252.137502605083,14254.939718300779,-0.018944168639791314,1.1732104315560719,2.0,0.0,0.031093735358079504,0.031093735358079504,-5.582133137838556,-14245.149505942167,-14250.731639080006
139,23,0.43205303781971105,-7.720756479829485,5.0,1.0,0.8667626628666362,-14251.506842146036,14253.5218374663,0.0734966536401771,0.27877371360591496,2.0,0.0,0.031093735358079504,0.031093735358079504,-5.772377510390851,-14244.329530469038,-14250.10190797943
140,23,0.4443903569955514,-7.745412700909852,7.0,1.0,0.8646641699977545,-14250.964185467452,14252.294617112502,-0.24403519394218165,0.3980690139433136,2.0,0.0,0.031093735358079504,0.031093735358079504,-5.849500059465746,-14243.715944175372,-14249.565444234837
141,23,0.4457335773660142,-7.705715736616341,3.0,1.0,0.8732208433899604,-14251.173325125286,14251.767737155382,0.12878778468621022,0.1683027417966514,1.0,0.0,0.031093735358079504,0.031093735358079504,-5.725629888964992,-14244.049551570151,-14249.775181459116
142,23,0.43816026349320497,-7.711113478866091,3.0,1.0,0.964544234115305,-14250.757746653979,14251.258208017109,-0.15469798847880156,-0.15469798847880156,2.0,0.0,0.031093735358079504,0.031093735358079504,-5.74238040249159,-14243.61365707823,-14249.35603748072
143,23,0.43857121982844827,-7.699590733790769,3.0,1.0,0.9963135443225668,-14250.809964196325,14250.84031568604,0.0009299810444645118,0.010181474033743143,2.0,0.0,0.031093735358079504,0.031093735358079504,-5.706657796536387,-14243.701802985004,-14249.40846078154
144,23,0.44225946559069224,-7.690970745619887,3.0,1.0,0.8525328373718727,-14251.06207437607,14251.504140385932,0.08471595616538252,0.285107339548631,2.0,0.0,0.031093735358079504,0.031093735358079504,-5.680021080116625,-14243.982333336198,-14249.662354416316
145,23,0.43712970342142987,-7.6941455725314105,3.0,1.0,0.9598387774451949,-14250.902599753661,14251.61537217395,-0.07277219091338338,0.1257266555367096,2.0,0.0,0.031093735358079504,0.031093735358079504,-5.689823002539899,-14243.810545370901,-14249.500368373441
146,23,0.4399556973176009,-7.752750925031827,5.0,1.0,0.9134026234778414,-14251.105972474521,14251.367282797624,0.061666014829825144,0.18578905240246968,2.0,0.0,0.031093735358079504,0.031093735358079504,-5.872570787604229,-14243.832581055414,-14249.705151843018
147,23,0.43574016570843815,-7.72064986004566,7.0,1.0,0.9861690812945749,-14250.964013416553,14251.257862315751,0.004061926805661642,-0.08178380231765914,3.0,0.0,0.031093735358079504,0.031093735358079504,-5.772045332937602,-14243.789018485648,-14249.561063818586
148,23,0.44368266581509586,-7.730273830354758,7.0,1.0,0.9894589010856875,-14250.82062911143,14251.053168425788,-0.06535382076981477,-0.07926222552305262,2.0,0.0,0.031093735358079504,0.031093735358079504,-5.802074927221584,-14243.619492092885,-14249.421567020107
149,23,0.45061874346126435,-7.709920512625536,3.0,1.0,0.7229448093424587,-14252.007487444913,14252.066918917277,0.4366929141924629,0.4366929141924629,1.0,0.0,0.031093735358079504,0.031093735358079504,-5.738675828582334,-14244.872715339014,-14250.611391167597
150,23,0.45030787592884053,-7.725110502618416,3.0,1.0,0.9580965235680833,-14251.711855904156,14252.270357607083,-0.13010815254710906,-0.3153216669088579,1.0,0.0,0.031093735358079504,0.031093735358079504,-5.78595232287234,-14244.529682887955,-14250.315635210827
51,24,0.4440097356222079,-7.73091539150719,15.0,1.0,0.9998177418892378,-14250.841703588412,14250.931405720245,-0.0001960619065357605,-0.006750090358764282,3.0,0.0,0.014687242203039214,0.014687242203039214,-5.80408007811749,-14243.638710225585,-14249.442790303703
52,24,0.4463077480564593,-7.808643833355493,3.0,1.0,0.5910766481428639,-14252.815058070964,14253.444518229588,0.31575739092477306,0.7213445912148018,2.0,0.0,0.036022049191028985,0.036022049191028985,-6.050060237893376,-14245.36710503773,-14251.417165275623
53,24,0.4422352117984812,-7.694446252645821,3.0,1.0,0.7045634213451079,-14250.993675125263,14253.458777285678,-0.2662389569559309,0.6622631279351481,2.0,0.0,0.036022049191028985,0.036022049191028985,-5.690751841216801,-14243.903191967,-14249.593943808217
54,24,0.4483398349387517,-7.766615397161247,3.0,1.0,0.9307089766014546,-14251.578799501845,14251.922865475846,0.06679178624108317,0.15243794540037925,2.0,0.0,0.036022049191028985,0.036022049191028985,-5.916306444829513,-14244.265466217723,-14250.181772662552
55,24,0.43712939161206044,-7.666354053443898,7.0,1.0,0.9264447907259904,-14251.466618761899,14251.801913749287,-0.03196770316208131,0.19660796685093374,3.0,0.0,0.036022049191028985,0.036022049191028985,-5.60436186839052,-14244.460025353941,-14250.064387222332
56,24,0.43147070661860804,-7.726007098812361,3.0,1.0,0.6374714632483766,-14251.703264958718,14254.436351798357,0.36304244384155027,0.8888458175169944,2.0,0.0,0.036022049191028985,0.036022049191028985,-5.788750051427933,-14244.509256809577,-14250.298006861005
57,24,0.4381492549084876,-7.71285132781456,1.0,1.0,1.0,-14250.756664706934,14251.260708192576,-0.4577717336360365,-0.4577717336360365,1.0,0.0,0.036022049191028985,0.036022049191028985,-5.747779572836607,-14243.607170429586,-14249.354950002424
58,24,0.4451161300581437,-7.734732707071832,3.0,1.0,0.9662090142319663,-14250.932745645921,14250.980154576917,0.05070403679928859,0.05070403679928859,2.0,0.0,0.036022049191028985,0.036022049191028985,-5.816019319890685,-14243.718309831112,-14249.534329151003
59,24,0.4439045788753341,-7.651735894209965,7.0,1.0,0.6444045852239236,-14252.623841709974,14254.03734022004,0.5705799543866306,0.7102024201521999,2.0,0.0,0.036022049191028985,0.036022049191028985,-5.5597198404613986,-14245.665160838695,-14251.224880679156
60,24,0.4310959248503757,-7.7250180828271295,3.0,1.0,1.0,-14251.765501406957,14252.633116595733,-0.16449464272591285,-0.5408274077253736,2.0,0.0,0.036022049191028985,0.036022049191028985,-5.785663982910159,-14244.574369329821,-14250.36003331273
61,24,0.45340812167027583,-7.756936164701517,3.0,1.0,0.8673252489245024,-14252.307690978034,14253.018859398158,0.02570978459152684,0.2651889031731116,2.0,0.0,0.036022049191028985,0.036022049191028985,-5.8857529254923735,-14245.026922560162,-14250.912675485655
62,24,0.45033331937105187,-7.729861472967209,3.0,1.0,1.0,-14251.676718800112,14252.642137397428,-0.1110668047076615,-0.16357397731917445,2.0,0.0,0.036022049191028985,0.036022049191028985,-5.8007863526662815,-14244.479721967064,-14250.280508319729
63,24,0.443070743605546,-7.724303207565683,3.0,1.0,0.9800719397474295,-14250.77950151931,14251.725590914824,-0.3865810844927182,-0.3865810844927182,2.0,0.0,0.036022049191028985,0.036022049191028985,-5.783433936352552,-14243.596724697993,-14249.380158634345
64,24,0.4374150476785438,-7.720127898375677,3.0,1.0,0.6067195954492507,-14250.81518071586,14251.790210706844,0.024348425464268075,0.8752678985456441,2.0,0.0,0.036022049191028985,0.036022049191028985,-5.770419308186124,-14243.642675508941,-14249.413094817128
65,24,0.4537000371692201,-7.828448002007198,3.0,1.0,0.4534697889244998,-14254.159893082524,14254.960810880111,0.48975802192944684,1.016575598536292,2.0,0.0,0.036022049191028985,0.036022049191028985,-6.113698472825125,-14246.651288527692,-14252.764987000517
66,24,0.447482368559561,-7.80344423439942,3.0,1.0,0.9335032518444946,-14252.606918995483,14255.340231689286,-0.21830099538783543,-0.4404828120186721,2.0,0.0,0.036022049191028985,0.036022049191028985,-6.033416977575368,-14245.176113942007,-14251.209530919583
67,24,0.451916162444193,-7.808528150180783,3.0,1.0,0.9748400920228372,-14253.130594215283,14253.266507076052,0.07848029646629584,-0.24290485102756065,2.0,0.0,0.036022049191028985,0.036022049191028985,-6.049689656583048,-14245.685318945532,-14251.735008602116
68,24,0.43733151628198186,-7.727604706373442,3.0,1.0,0.4829665598070904,-14250.879802528334,14254.704166597096,-0.3096920867810695,1.523378899841191,2.0,0.0,0.036022049191028985,0.036022049191028985,-5.793737200251721,-14243.68393691194,-14249.477674112193
69,24,0.43994717751055346,-7.681533422598357,3.0,1.0,0.7948483707001041,-14251.12578657612,14251.590749715868,0.02213695723003184,0.36095362681589904,2.0,0.0,0.036022049191028985,0.036022049191028985,-5.65094391498827,-14244.074017876916,-14249.724961791904
70,24,0.4394342311945758,-7.723453374333621,3.0,1.0,0.9895405040277958,-14250.735312129103,14251.32098366157,-0.08994730862468714,-0.08994730862468714,2.0,0.0,0.036022049191028985,0.036022049191028985,-5.780783554563856,-14243.55345265305,-14249.334236207615
71,24,0.4383761768123709,-7.725711120298797,1.0,1.0,0.9730700032787382,-14250.792601161796,14250.802759772667,0.027299253568344284,0.027299253568344284,1.0,0.0,0.036022049191028985,0.036022049191028985,-5.7878263945590405,-14243.603173874237,-14249.391000268795
72,24,0.4303215187629469,-7.711408790201701,3.0,1.0,0.7516286589209883,-14251.747355276924,14251.911394573046,0.4218172231558128,0.4218172231558128,1.0,0.0,0.036022049191028985,0.036022049191028985,-5.743297666358131,-14244.598151833618,-14250.341449499976
73,24,0.4473887455605978,-7.766244621739077,7.0,1.0,0.9710508104834075,-14251.482527316424,14252.02815390573,-0.3208452612234396,-0.4122228373307735,3.0,0.0,0.036022049191028985,0.036022049191028985,-5.915134327383879,-14244.16996510323,-14250.085099430615
74,24,0.44275173136252116,-7.762308483404906,3.0,1.0,0.9859704116061779,-14251.228379463857,14251.850351226929,-0.03849282708688406,-0.13806862595629354,2.0,0.0,0.036022049191028985,0.036022049191028985,-5.902699647712647,-14243.926189310594,-14249.828888958307
75,24,0.44815957800874967,-7.773812774966103,3.0,1.0,0.9426427453101686,-14251.707955665617,14252.108507107698,0.0716274706992408,0.108642979810611,2.0,0.0,0.036022049191028985,0.036022049191028985,-5.939086461547314,-14244.371766929895,-14250.310853391442
76,24,0.4422548973903546,-7.758970286283972,7.0,1.0,1.0,-14251.158062218321,14251.761498448433,-0.07875099043121736,-0.1683248351164366,3.0,0.0,0.036022049191028985,0.036022049191028985,-5.892166069517828,-14243.866174050278,-14249.758340119795
77,24,0.44262245639845754,-7.755950959724721,1.0,1.0,1.0,-14251.089672601827,14251.191396856095,-0.01899463181507599,-0.01899463181507599,1.0,0.0,0.036022049191028985,0.036022049191028985,-5.882648275278873,-14243.807473758845,-14249.690122034124
78,24,0.44295869818854294,-7.764800222655912,1.0,1.0,0.9644130822096918,-14251.286951230843,14251.311285964457,0.036235567638868815,0.036235567638868815,1.0,0.0,0.036022049191028985,0.036022049191028985,-5.91056951751142,-14243.976987076634,-14249.887556594145
79,24,0.42830167041994377,-7.738595598136115,3.0,1.0,0.5813633613548477,-14252.803362724528,14253.664167939143,0.8928967628562532,1.0176973269062728,1.0,0.0,0.036022049191028985,0.036022049191028985,-5.8281159399521805,-14245.56817546776,-14251.396291407713
80,24,0.435169101501933,-7.730996286230244,1.0,1.0,1.0,-14251.153958397423,14252.206728893047,-0.7931711653727689,-0.7931711653727689,1.0,0.0,0.036022049191028985,0.036022049191028985,-5.804332937682207,-14243.946375988065,-14249.750708925747
81,24,0.43879487996110317,-7.727327825776888,1.0,1.0,1.0,-14250.783841031736,14251.006028373737,-0.17967017657247197,-0.17967017657247197,1.0,0.0,0.036022049191028985,0.036022049191028985,-5.792872697050448,-14243.589576308343,-14249.382449005394
82,24,0.45068979133435383,-7.789271259849634,3.0,1.0,0.7312409471961199,-14252.36319264003,14252.619136658346,0.25427297971691587,0.355355538038566,2.0,0.0,0.036022049191028985,0.036022049191028985,-5.988188357487788,-14244.978936328369,-14250.967124685856
83,24,0.46127019731367874,-7.7976028862252535,3.0,1.0,0.6789861843174366,-14254.945643513103,14254.993262558628,0.8813429739020648,0.8813429739020648,2.0,0.0,0.036022049191028985,0.036022049191028985,-6.014751805976444,-14247.538579283275,-14253.553331089252
84,24,0.44423280668205306,-7.706003342697869,7.0,1.0,0.9769839129916763,-14250.990306198044,14256.439295648292,-1.1303712842473033,-1.178003095126769,2.0,0.0,0.036022049191028985,0.036022049191028985,-5.726521666080037,-14243.864972227899,-14249.591493893979
85,24,0.43275842180036245,-7.697039264194018,3.0,1.0,0.9754983019106903,-14251.2690410579,14251.404385997666,0.0572959999590239,0.0572959999590239,2.0,0.0,0.036022049191028985,0.036022049191028985,-5.698765731587658,-14244.16572970017,-14249.864495431757
86,24,0.4410749734002436,-7.774077239802169,7.0,1.0,0.8754647019604426,-14251.628060264824,14252.95097590534,0.06665732598594332,0.2785786354525044,3.0,0.0,0.036022049191028985,0.036022049191028985,-5.939924491060984,-14244.287855428094,-14250.227779919154
87,24,0.44327688911713803,-7.669222763001103,7.0,1.0,0.9362793590927284,-14251.784185091868,14252.077937999822,0.15399958150192106,0.15399958150192106,2.0,0.0,0.036022049191028985,0.036022049191028985,-5.613147630554712,-14244.771789518409,-14250.384937148963
88,24,0.43769638553078644,-7.735152798929488,7.0,1.0,0.988293237310517,-14250.94332819764,14252.209392666957,-0.26995225034988835,-0.26995225034988835,2.0,0.0,0.036022049191028985,0.036022049191028985,-5.817334111862402,-14243.724050957393,-14249.541385069255
89,24,0.44689311268139403,-7.7496090088761935,3.0,1.0,0.642117822201135,-14251.192889303336,14252.126701524045,0.010596872829410131,0.7583668730821955,2.0,0.0,0.036022049191028985,0.036022049191028985,-5.862686288647631,-14243.932563170361,-14249.795249459008
90,24,0.4380359966961643,-7.711628294260011,3.0,1.0,0.4142771895422128,-14250.762144348586,14253.481567221153,-0.10805472521315096,2.12752859109969,2.0,0.0,0.036022049191028985,0.036022049191028985,-5.743979522428852,-14243.616393156211,-14249.36037267864
91,24,0.4380359966961643,-7.711628294260011,3.0,1.0,0.41862490319723733,-14250.762144348586,14252.970201019196,0.0,1.8606772534712945,1.0,0.0,0.036022049191028985,0.036022049191028985,-5.743979522428852,-14243.616393156211,-14249.36037267864
92,24,0.44646011265244484,-7.775081926141865,3.0,1.0,0.46556587105144304,-14251.61976459962,14253.030942633593,0.13170291975620785,1.366991367060109,2.0,0.0,0.036022049191028985,0.036022049191028985,-5.943108753387036,-14244.278829164645,-14250.221937918031
93,24,0.44394474387553134,-7.627774811082523,3.0,1.0,0.6328378780779528,-14254.005041070206,14254.02585684797,0.9382459550088242,0.9382459550088242,2.0,0.0,0.036022049191028985,0.036022049191028985,-5.4870078930258,-14247.119090394004,-14252.60609828703
94,24,0.4410775541639159,-7.622031507140062,7.0,1.0,0.914227927315285,-14253.876061158984,14255.322792348627,-0.19130206135560002,-0.36999594604094455,3.0,0.0,0.036022049191028985,0.036022049191028985,-5.469664648736082,-14247.006117398258,-14252.475782046993
95,24,0.4304232146954347,-7.719150551520671,3.0,1.0,1.0,-14251.819102730142,14253.998736558695,-0.3727725135813671,-0.557801595179626,2.0,0.0,0.036022049191028985,0.036022049191028985,-5.767375391665883,-14244.645879328524,-14250.41325472019
96,24,0.4560475310155466,-7.7815061490894015,3.0,1.0,0.8374763031017919,-14253.180446201652,14253.830652160186,0.1554153656506969,0.2754564552251395,2.0,0.0,0.036022049191028985,0.036022049191028985,-5.9634936084500385,-14245.822900943851,-14251.7863945523
97,24,0.43083522240650846,-7.732146435404402,3.0,1.0,0.47278621671987175,-14251.965189360555,14255.412759608396,-0.06211354042170569,1.656733641963001,2.0,0.0,0.036022049191028985,0.036022049191028985,-5.807928765411522,-14244.751645723336,-14250.559574488747
98,24,0.4290901166737363,-7.738296678266439,1.0,1.0,0.7490960490031309,-14252.567306002047,14253.161672136468,0.2888880673672247,0.2888880673672247,1.0,0.0,0.036022049191028985,0.036022049191028985,-5.827179341512885,-14245.333514436268,-14251.160693777781
99,24,0.45944929989618627,-7.793304881606923,3.0,1.0,0.4153050434611009,-14254.299072728576,14257.0439746703,0.08869295399017574,1.922870570082523,2.0,0.0,0.036022049191028985,0.036022049191028985,-6.001039951908964,-14246.905139251769,-14252.906179203677
100,24,0.44671263373740894,-7.836363354042516,7.0,1.0,0.9814991333887806,-14254.271260029522,14255.072726524859,-0.34647705619318003,-0.8984967626165599,3.0,0.0,0.036022049191028985,0.036022049191028985,-6.139243177845469,-14246.734299320258,-14252.873542498104
101,24,0.4479020068886633,-7.802314604091562,1.0,1.0,1.0,-14252.576522484786,14253.947414763434,-0.33390174963460595,-0.33390174963460595,1.0,0.0,0.036022049191028985,0.036022049191028985,-6.029804748309763,-14245.14950720665,-14251.17931195496
102,24,0.4316599405007771,-7.6685806102719685,3.0,1.0,1.0,-14251.750436469321,14252.57737406,-0.08783470017988293,-0.2771931161005341,2.0,0.0,0.036022049191028985,0.036022049191028985,-5.611180247010236,-14244.734103703715,-14250.345283950724
103,24,0.44159237898772385,-7.693126632930748,3.0,1.0,1.0,-14250.973175592797,14251.82772248211,-0.12662511081907724,-0.17671493152192852,2.0,0.0,0.036022049191028985,0.036022049191028985,-5.686676042312033,-14243.886465428906,-14249.573141471219
104,24,0.4473004957111325,-7.723193091107379,3.0,1.0,0.8860230083938324,-14251.197896573844,14251.655817631616,0.12882709397308645,0.18185264861313044,1.0,0.0,0.036022049191028985,0.036022049191028985,-5.7799719516289345,-14244.020459144866,-14249.800431096495
105,24,0.44428856362514896,-7.726460406837536,1.0,1.0,1.0,-14250.855478703132,14251.084698531244,-0.16083535738107457,-0.16083535738107457,1.0,0.0,0.036022049191028985,0.036022049191028985,-5.790164854589864,-14243.666526720177,-14249.456691574767
106,24,0.44771623132183647,-7.71195239535847,3.0,1.0,0.847807024332092,-14251.382847120567,14251.462393490105,0.26603431051626103,0.26603431051626103,2.0,0.0,0.036022049191028985,0.036022049191028985,-5.744986381434819,-14244.240571788543,-14249.985558169978
107,24,0.43039238488389303,-7.691413221195994,3.0,1.0,0.8353036021126884,-14251.671194991575,14252.284940515781,0.010442536986374762,0.3053374731607619,2.0,0.0,0.036022049191028985,0.036022049191028985,-5.681386569389318,-14244.583942909043,-14250.265329478432
108,24,0.44995573202572986,-7.720770856852498,7.0,1.0,0.8381719937694009,-14251.686960296662,14253.047455858543,0.13095109416462947,0.4537716264130722,2.0,0.0,0.036022049191028985,0.036022049191028985,-5.772422303350045,-14244.51817540221,-14250.29059770556
109,24,0.4347509238584358,-7.795796421185765,3.0,1.0,0.6126220422026772,-14253.542124307305,14255.262285043089,0.619654689104209,0.6324223449591955,2.0,0.0,0.036022049191028985,0.036022049191028985,-6.008986419570514,-14246.129667084768,-14252.138653504338
110,24,0.4456243734270364,-7.792961490732166,3.0,1.0,1.0,-14252.163456287806,14253.167224728973,-0.8133983499574242,-1.0459712074371055,2.0,0.0,0.036022049191028985,0.036022049191028985,-5.999945234505639,-14244.765319363745,-14250.76526459825
111,24,0.4422211859511528,-7.7210392373691015,3.0,1.0,0.8306912253921417,-14250.74356895059,14252.3786809337,-0.22991473505499016,0.3012959908173798,2.0,0.0,0.036022049191028985,0.036022049191028985,-5.773258505881673,-14243.57057255756,-14249.343831063443
112,24,0.4319380874375391,-7.70215491639102,3.0,1.0,0.8368838307676753,-14251.389614285932,14251.570193519294,0.24919398038400686,0.24919398038400686,2.0,0.0,0.036022049191028985,0.036022049191028985,-5.7145957433791255,-14244.270020660217,-14249.984616403595
113,24,0.44822609732464036,-7.733776143355071,3.0,1.0,0.9972293480053797,-14251.290236965677,14251.724807608034,-0.038091058740974404,-0.038091058740974404,2.0,0.0,0.036022049191028985,0.036022049191028985,-5.813026151440751,-14244.080136408673,-14249.893162560114
114,24,0.43594244516954406,-7.737235148347278,3.0,1.0,1.0,-14251.159484942998,14251.312224883002,-0.016634969080769224,-0.2172175514169794,2.0,0.0,0.036022049191028985,0.036022049191028985,-5.8238539974237,-14243.932786909616,-14249.75664090704
115,24,0.43594244516954406,-7.737235148347278,3.0,1.0,0.4127914644909558,-14251.159484942998,14253.614213923749,0.0,1.6622492482874804,1.0,0.0,0.036022049191028985,0.036022049191028985,-5.8238539974237,-14243.932786909616,-14249.75664090704
116,24,0.4347510126254664,-7.729443017420717,3.0,1.0,0.9735988565422463,-14251.18737681526,14251.424215957815,0.022425715724239126,0.058717948842968326,1.0,0.0,0.036022049191028985,0.036022049191028985,-5.799478895818693,-14243.984427163614,-14249.783906059432
117,24,0.4345572110714972,-7.734650653111862,1.0,1.0,0.9485682975668269,-14251.303360132972,14251.532847388518,0.05280148633028148,0.05280148633028148,1.0,0.0,0.036022049191028985,0.036022049191028985,-5.81576253025928,-14244.084023773272,-14249.899786303531
118,24,0.43284424402902477,-7.7163566794945515,3.0,1.0,0.9725174404984438,-14251.317432752148,14251.705182537262,-0.005084071259261691,0.0517258144554944,2.0,0.0,0.036022049191028985,0.036022049191028985,-5.758679231893186,-14244.154254879915,-14249.912934111808
119,24,0.44467001158201175,-7.7240304147795555,7.0,1.0,0.9759768995682393,-14250.889685601021,14251.373249247268,-0.20122625069416245,-0.23852171492035268,2.0,0.0,0.036022049191028985,0.036022049191028985,-5.782583096573247,-14243.708486917345,-14249.491070013919
120,24,0.43582696371225094,-7.685313596018018,3.0,1.0,0.9436942627653492,-14251.078003769404,14251.685288280592,-0.018341870749281952,0.1338789023939171,1.0,0.0,0.036022049191028985,0.036022049191028985,-5.662580246380067,-14244.012519263786,-14249.675099510167
121,24,0.426948085857474,-7.688823327361123,3.0,1.0,0.7246594717621733,-14252.441182902628,14252.45643769261,0.586543890673056,0.586543890673056,2.0,0.0,0.036022049191028985,0.036022049191028985,-5.6733968813545586,-14245.359914203567,-14251.033311084922
122,24,0.4432663254325422,-7.73220358305321,3.0,1.0,1.0,-14250.807096260498,14252.140017720325,-0.6163122845773614,-0.6163122845773614,2.0,0.0,0.036022049191028985,0.036022049191028985,-5.808107466384984,-14243.599735994605,-14249.40784346099
123,24,0.44051097597582395,-7.7339428745486405,3.0,1.0,1.0,-14250.785272272977,14250.854724637318,-0.0037913633132120594,-0.02091681825731939,2.0,0.0,0.036022049191028985,0.036022049191028985,-5.813547801545878,-14243.571173185703,-14249.38472098725
124,24,0.44051097597582395,-7.7339428745486405,3.0,1.0,0.6535122510125103,-14250.785272272977,14252.771500939385,0.0,0.5445573794386291,2.0,0.0,0.036022049191028985,0.036022049191028985,-5.813547801545878,-14243.571173185703,-14249.38472098725
125,24,0.43713801501379773,-7.665631769386927,3.0,1.0,0.6937075761451846,-14251.488226896758,14252.031704021423,0.1171379791576328,0.5315161883754627,2.0,0.0,0.036022049191028985,0.036022049191028985,-5.602151084934729,-14244.483848678889,-14250.085999763824
126,24,0.43713801501379773,-7.665631769386927,1.0,1.0,0.7009004131676413,-14251.488226896758,14252.126548387314,0.0,0.355389465994449,1.0,0.0,0.036022049191028985,0.036022049191028985,-5.602151084934729,-14244.483848678889,-14250.085999763824
127,24,0.44154157020613305,-7.650476998507393,1.0,1.0,0.7062926394726965,-14252.339305901703,14252.427619710837,0.34772562386933714,0.34772562386933714,1.0,0.0,0.036022049191028985,0.036022049191028985,-5.555885324392908,-14245.383362375567,-14250.93924769996
128,24,0.45335614497468385,-7.767080114820577,7.0,1.0,1.0,-14252.376080087222,14252.400671505779,-0.010720488251536153,-0.4615356837402942,3.0,0.0,0.036022049191028985,0.036022049191028985,-5.917775732229402,-14245.06326930829,-14250.981045040518
129,24,0.43382536808904165,-7.72554979896146,3.0,1.0,1.0,-14251.267741799897,14252.530790943849,-0.21024983092502225,-0.21024983092502225,2.0,0.0,0.036022049191028985,0.036022049191028985,-5.787322997734589,-14244.07645288721,-14249.863775884944
130,24,0.4416493588194578,-7.654824054258899,3.0,1.0,0.9318109305566206,-14252.155775770325,14252.420030629502,0.16684966037610138,0.16684966037610138,2.0,0.0,0.036022049191028985,0.036022049191028985,-5.569132891334226,-14245.186635736673,-14250.755768628007
131,24,0.4535023024297536,-7.779776878206412,7.0,1.0,0.9607194034425889,-14252.58954056271,14252.991749378145,0.023959430493050604,-0.24157093354006065,2.0,0.0,0.036022049191028985,0.036022049191028985,-5.958002358343347,-14245.236558087528,-14251.194560445872
132,24,0.43550999182817524,-7.741790647925768,3.0,1.0,1.0,-14251.308003525572,14252.606821730984,-0.17218425029386708,-0.21841389420478663,2.0,0.0,0.036022049191028985,0.036022049191028985,-5.838132494327737,-14244.066800895775,-14249.904933390102
133,24,0.4483026292883008,-7.730994556297323,3.0,1.0,0.9815423633503025,-14251.308784056891,14251.703879815519,-0.029967742160806665,0.05696504307161376,2.0,0.0,0.036022049191028985,0.036022049191028985,-5.804327530214226,-14244.107414139351,-14249.911741669564
134,24,0.42857915456435464,-7.6725232835388475,3.0,1.0,0.8941834607408997,-14252.183401281945,14252.535756171223,0.16206794437675853,0.16206794437675853,2.0,0.0,0.036022049191028985,0.036022049191028985,-5.623266045731784,-14245.153226094466,-14250.776492140198
135,24,0.4372162860110431,-7.622505863688702,3.0,1.0,0.7775756129648693,-14253.438369449043,14255.155175271073,0.19739435757401225,0.6219189348594227,2.0,0.0,0.036022049191028985,0.036022049191028985,-5.471095829167177,-14246.565086455577,-14252.036182284744
136,24,0.42758612668853374,-7.651446919943314,3.0,1.0,1.0,-14252.808539024354,14253.667529054,-0.14284139612755098,-0.35119418021167803,2.0,0.0,0.036022049191028985,0.036022049191028985,-5.558839503123124,-14245.842206981772,-14251.401046484894
137,24,0.44228985938846316,-7.762238586305239,3.0,1.0,1.0,-14251.234112138205,14252.954960908002,-0.33564943555575155,-0.33564943555575155,2.0,0.0,0.036022049191028985,0.036022049191028985,-5.902478975345211,-14243.931927428654,-14249.834406404
138,24,0.44222121814541493,-7.706182448653897,3.0,1.0,0.8927233181552009,-14250.82661267741,14251.4508304407,-0.054959042736300034,0.19308629592524085,2.0,0.0,0.036022049191028985,0.036022049191028985,-5.727077059806525,-14243.69979774554,-14249.426874805346
139,24,0.43410082158236213,-7.698431732858512,3.0,1.0,0.5123662615360327,-14251.095866279544,14252.441604561984,0.07231336196491611,1.2276124723466637,2.0,0.0,0.036022049191028985,0.036022049191028985,-5.703072031878268,-14243.988976436947,-14249.692048468825
140,24,0.43410082158236213,-7.698431732858512,1.0,1.0,0.1703316869271552,-14251.095866279544,14253.10200081427,0.0,1.770007643282952,1.0,0.0,0.036022049191028985,0.036022049191028985,-5.703072031878268,-14243.988976436947,-14249.692048468825
141,24,0.4287425344303172,-7.713471026514557,1.0,1.0,0.5915444114118537,-14252.139266627413,14252.2839896805,0.5250185156910447,0.5250185156910447,1.0,0.0,0.036022049191028985,0.036022049191028985,-5.7497055908134405,-14244.98274707551,-14250.732452666323
142,24,0.4368818919017736,-7.713538428021972,1.0,1.0,1.0,-14250.82794195204,14251.587633302737,-0.5991069997835439,-0.5991069997835439,1.0,0.0,0.036022049191028985,0.036022049191028985,-5.749915097247074,-14243.675668574764,-14249.425583672011
143,24,0.44315045715360735,-7.713303135805944,3.0,1.0,0.9813804988850987,-14250.82331673163,14250.921579190779,0.005229295180470217,0.030427583398704883,2.0,0.0,0.036022049191028985,0.036022049191028985,-5.749183750076388,-14243.67482685125,-14249.424010601326
144,24,0.44114871118951404,-7.7130366608746685,1.0,1.0,1.0,-14250.731566999915,14250.790379278027,-0.04518772296978568,-0.04518772296978568,1.0,0.0,0.036022049191028985,0.036022049191028985,-5.748355546066635,-14243.582966335081,-14249.331321881147
145,24,0.4604976370970698,-7.766665068631689,7.0,1.0,0.4671771446022725,-14254.426880565285,14255.686475111805,1.3635329361823096,1.3929702961322619,2.0,0.0,0.036022049191028985,0.036022049191028985,-5.916463479695503,-14247.11786141663,-14253.034324896325
146,24,0.44785147970801176,-7.7151538675239575,3.0,1.0,1.0,-14251.362343955183,14254.432571025132,-1.0426440963437926,-1.0426440963437926,2.0,0.0,0.036022049191028985,0.036022049191028985,-5.754937782914364,-14244.210174341833,-14249.965112124748
147,24,0.4440043197451713,-7.689541049651055,3.0,1.0,0.9797843167358383,-14251.26896838748,14251.702348455077,-0.07530533170756826,-0.07530533170756826,2.0,0.0,0.036022049191028985,0.036022049191028985,-5.675610345511183,-14244.194442300439,-14249.87005264595
148,24,0.4324251574046943,-7.726940235648393,3.0,1.0,0.8915931019431987,-14251.52974090203,14252.069900243914,0.16061837549204938,0.1946018938506313,2.0,0.0,0.036022049191028985,0.036022049191028985,-5.791662654682716,-14244.333349576202,-14250.125012230885
149,24,0.4373669523526685,-7.7147663548048255,1.0,1.0,1.0,-14250.798427421605,14251.212924636793,-0.35532402544595243,-0.35532402544595243,1.0,0.0,0.036022049191028985,0.036022049191028985,-5.75373269976453,-14243.642584349776,-14249.39631704954
150,24,0.4335122313431376,-7.728142429310037,3.0,1.0,0.8269041699885188,-14251.356766337602,14251.469976969642,0.27374300616611436,0.30139580964896595,2.0,0.0,0.036022049191028985,0.036022049191028985,-5.795416349484328,-14244.157214930461,-14249.952631279946
51,25,0.4488954629971795,-7.737055823522987,3.0,1.0,0.9685482004255936,-14251.390348673518,14251.435814585635,0.03945306748209987,0.03945306748209987,2.0,0.0,0.015078301556142142,0.015078301556142142,-5.823292356503355,-14244.170260311339,-14249.993552667842
52,25,0.4369472438159482,-7.753249355981314,3.0,1.0,0.910547400814896,-14251.394525472415,14251.81339736394,0.01572501925875258,0.14895282131146814,2.0,0.0,0.03373914789468452,0.03373914789468452,-5.874139763477284,-14244.118060944476,-14249.992200707953
53,25,0.4505809051484367,-7.7346425731807535,3.0,1.0,0.9643388253085178,-14251.69884207981,14251.905944165912,0.1131502481912321,-0.2167377369805763,2.0,0.0,0.03373914789468452,0.03373914789468452,-5.815737244305344,-14244.486993457023,-14250.302730701329
54,25,0.42894758627174523,-7.706258048396538,3.0,1.0,0.9574032239499144,-14252.011570467112,14252.316053392406,0.13632271968344867,-0.22319327785953647,2.0,0.0,0.03373914789468452,0.03373914789468452,-5.7273114983931706,-14244.877564144008,-14250.6048756424
55,25,0.4457737638287446,-7.702575867772427,3.0,1.0,0.9964959805256046,-14251.231213809371,14252.230128406425,-0.27390224602459057,-0.27390224602459057,2.0,0.0,0.03373914789468452,0.03373914789468452,-5.715899511979616,-14244.11718827869,-14249.833087790668
56,25,0.44874133895753526,-7.73521026414384,3.0,1.0,0.9454359610107751,-14251.367601947562,14251.906009455963,0.005650933806464309,0.17204310511078802,1.0,0.0,0.03373914789468452,0.03373914789468452,-5.817513978635295,-14244.153228188487,-14249.970742167121
57,25,0.4352248892311268,-7.6673790874431,7.0,1.0,0.943245682881541,-14251.47856051328,14252.177861055665,-0.11865189385753183,0.19923955943158944,3.0,0.0,0.03373914789468452,0.03373914789468452,-5.607500211279821,-14244.467840246145,-14250.075340457424
58,25,0.43498440768190955,-7.746173469218678,3.0,1.0,0.8295618569404102,-14251.489553342404,14252.400281046743,0.20627838565633283,0.39292552464939945,2.0,0.0,0.03373914789468452,0.03373914789468452,-5.851889345837336,-14244.234316952428,-14250.086206298265
59,25,0.42534138809325156,-7.671971320194918,3.0,1.0,0.6908311491614899,-14252.95573752025,14255.024969068594,0.297688995140561,0.6142902203810081,1.0,0.0,0.03373914789468452,0.03373914789468452,-5.621573131590813,-14245.925322089328,-14251.54689522092
60,25,0.4484940759959484,-7.708432213546885,3.0,1.0,1.0,-14251.580612119216,14253.828501104052,-0.2555638737467234,-0.2555638737467234,2.0,0.0,0.03373914789468452,0.03373914789468452,-5.734056139048833,-14244.44959347539,-14250.183649614439
61,25,0.43172549650518927,-7.715437182881178,3.0,1.0,1.0,-14251.505482442879,14251.59373429976,-0.04865857776530902,-0.35890200542235107,2.0,0.0,0.03373914789468452,0.03373914789468452,-5.755818929185845,-14244.344547500026,-14250.100366429213
62,25,0.45309455274368954,-7.743558818772543,3.0,1.0,0.9409458748240943,-14252.220017290843,14252.391390866838,0.1949963948882214,-0.22409384643833619,2.0,0.0,0.03373914789468452,0.03373914789468452,-5.843680138400005,-14244.981203354431,-14250.82488349283
63,25,0.45309455274368954,-7.743558818772543,1.0,1.0,0.4011293494033987,-14252.220017290843,14253.86487925286,0.0,0.9134713365983771,1.0,0.0,0.03373914789468452,0.03373914789468452,-5.843680138400005,-14244.981203354431,-14250.82488349283
64,25,0.4459700511652428,-7.704118970921003,7.0,1.0,0.9663826462976893,-14251.232359282614,14252.673540953516,-0.29585372045767144,-0.5028237593105587,3.0,0.0,0.03373914789468452,0.03373914789468452,-5.72068031902326,-14244.113638950092,-14249.834319269115
65,25,0.4404604565159268,-7.736361004074168,3.0,1.0,0.607582532146112,-14250.811685305553,14252.650694493494,-0.1945586982092209,1.047660388156146,2.0,0.0,0.03373914789468452,0.03373914789468452,-5.821116502837952,-14243.589993118276,-14249.411109621115
66,25,0.433340972553584,-7.676024141846041,7.0,1.0,0.9263623326384174,-14251.419925163924,14251.793472906918,0.09313348488831252,0.1400602741541661,3.0,0.0,0.03373914789468452,0.03373914789468452,-5.634010542308882,-14244.381686707555,-14250.015697249864
67,25,0.44123505243695854,-7.708101916136485,3.0,1.0,1.0,-14250.76404474505,14251.360189475427,-0.10588078025830328,-0.10588078025830328,2.0,0.0,0.03373914789468452,0.03373914789468452,-5.733031194185526,-14243.630809622437,-14249.363840816623
68,25,0.44123505243695854,-7.708101916136485,3.0,1.0,0.4124287382499334,-14250.76404474505,14253.03125543936,0.0,1.4867554233132978,1.0,0.0,0.03373914789468452,0.03373914789468452,-5.733031194185526,-14243.630809622437,-14249.363840816623
69,25,0.44724393351634584,-7.835120198019973,3.0,1.0,0.5587339914448163,-14254.181169042304,14254.760107572552,0.5297283269865147,0.6155156773511408,2.0,0.0,0.03373914789468452,0.03373914789468452,-6.13522707331705,-14246.648452364127,-14252.783679437443
70,25,0.45032563142426146,-7.722575338739787,3.0,1.0,0.6840631676677472,-14251.74282077163,14255.367143832651,-0.12089343685511267,0.7325626299025316,2.0,0.0,0.03373914789468452,0.03373914789468452,-5.778045976406087,-14244.568561229476,-14250.346607205882
71,25,0.4453127716767531,-7.733446053626446,7.0,1.0,0.962131256984892,-14250.945351901755,14252.089653151988,-0.34328630174968566,-0.3612107441713306,3.0,0.0,0.03373914789468452,0.03373914789468452,-5.811993485228926,-14243.73502915386,-14249.54702263909
72,25,0.4435388999452743,-7.75149504704419,7.0,1.0,0.9912462319718924,-14251.016811904043,14251.24257892873,-0.024511015826647053,0.04862932957803423,3.0,0.0,0.03373914789468452,0.03373914789468452,-5.868618598854514,-14243.749065523592,-14249.617684122448
73,25,0.44796348293292043,-7.745108646779512,3.0,1.0,0.8471159608477062,-14251.277794827047,14252.356290135222,0.10502382983213465,0.2556535784206062,2.0,0.0,0.03373914789468452,0.03373914789468452,-5.848545301983272,-14244.032064883077,-14249.88061018506
74,25,0.4409578440993879,-7.725458964773712,3.0,1.0,0.6467268386460187,-14250.724711673734,14252.377201425588,-0.14830279476700525,0.861458744513584,2.0,0.0,0.03373914789468452,0.03373914789468452,-5.787039564712405,-14243.537335713694,-14249.324375278407
75,25,0.43830352251366667,-7.692657032304985,3.0,1.0,0.9800015317201458,-14250.893240475823,14250.916995160957,0.0243541082363663,0.02511363049961801,2.0,0.0,0.03373914789468452,0.03373914789468452,-5.685226046294593,-14243.806377144074,-14249.491603190369
76,25,0.4421059446202689,-7.6981621476236555,3.0,1.0,0.9694281236730129,-14250.9225307698,14251.027868306164,0.04514863070653519,0.04873974777183321,2.0,0.0,0.03373914789468452,0.03373914789468452,-5.702238170575782,-14243.82050066777,-14249.522738838346
77,25,0.44872327919171834,-7.693324911993751,1.0,1.0,0.6346537102342816,-14251.97268396877,14252.033114117634,0.45467576705414103,0.45467576705414103,1.0,0.0,0.03373914789468452,0.03373914789468452,-5.6872883390802205,-14244.888528363486,-14250.575816702567
78,25,0.4492883901922262,-7.730876137754381,3.0,1.0,0.9375018716811582,-14251.473133019495,14252.412885708185,-0.24671610426958068,-0.39203862629256037,1.0,0.0,0.03373914789468452,0.03373914789468452,-5.803957381658277,-14244.272541333803,-14250.076498715462
79,25,0.44612474946401465,-7.726648194824426,1.0,1.0,1.0,-14251.028633290502,14251.39785288037,-0.16151111167528143,-0.16151111167528143,1.0,0.0,0.03373914789468452,0.03373914789468452,-5.790751013029098,-14243.839909821589,-14249.630660834619
80,25,0.4400598513012501,-7.740074444424518,3.0,1.0,0.9893765516603152,-14250.871179335156,14251.047083485968,-0.0739286455373076,-0.0739286455373076,2.0,0.0,0.03373914789468452,0.03373914789468452,-5.832750887986097,-14243.637658533245,-14249.470409421232
81,25,0.4400598513012501,-7.740074444424518,3.0,1.0,0.21283777928967762,-14250.871179335156,14256.171706546827,0.0,3.569203673501761,1.0,0.0,0.03373914789468452,0.03373914789468452,-5.832750887986097,-14243.637658533245,-14249.470409421232
82,25,0.44323986784360575,-7.761410648651093,3.0,1.0,0.6706498030785276,-14251.205098335204,14252.213442865972,0.03326273346465314,0.7207502233231935,2.0,0.0,0.03373914789468452,0.03373914789468452,-5.899865462280255,-14243.905967905594,-14249.805833367875
83,25,0.44399292985819916,-7.727614173657817,3.0,1.0,0.9875849266667496,-14250.834828863277,14251.290121869131,-0.03539808401183109,0.03795654135501536,2.0,0.0,0.03373914789468452,0.03373914789468452,-5.793766761272083,-14243.642141192857,-14249.435907954128
84,25,0.44399292985819916,-7.727614173657817,3.0,1.0,0.7000669325342338,-14250.834828863277,14252.80168678274,0.0,0.45550673202160397,2.0,0.0,0.03373914789468452,0.03373914789468452,-5.793766761272083,-14243.642141192857,-14249.435907954128
85,25,0.4401972237020363,-7.63685433771776,3.0,1.0,0.6311343072490824,-14252.871474477755,14253.97715224236,0.4494128047772392,0.48915225884229585,2.0,0.0,0.03373914789468452,0.03373914789468452,-5.514492931129094,-14245.95627838735,-14251.470771318478
86,25,0.43113426706525193,-7.710376871214327,7.0,1.0,0.9869621282791482,-14251.572329049039,14253.123753375683,-0.1761169537276146,-0.43446397619482013,3.0,0.0,0.03373914789468452,0.03373914789468452,-5.740092812191526,-14244.426789681029,-14250.16688249322
87,25,0.441405133439911,-7.652367022587967,3.0,1.0,0.9784507014438574,-14252.236591402769,14252.417484929047,0.06683223840991559,-0.29905894855801307,2.0,0.0,0.03373914789468452,0.03373914789468452,-5.561642813696819,-14245.274825618404,-14250.8364684321
88,25,0.44338142635702754,-7.704734983797784,3.0,1.0,1.0,-14250.926832790747,14252.500553069724,-0.30520613366206817,-0.30520613366206817,2.0,0.0,0.03373914789468452,0.03373914789468452,-5.722589501115195,-14243.805043357192,-14249.527632858308
89,25,0.44338142635702754,-7.704734983797784,1.0,1.0,0.4806357662085764,-14250.926832790747,14252.020993507425,0.0,0.7326455385391455,1.0,0.0,0.03373914789468452,0.03373914789468452,-5.722589501115195,-14243.805043357192,-14249.527632858308
90,25,0.4315360749338254,-7.70728570484958,3.0,1.0,0.7527322320960481,-14251.476468419203,14252.05647076168,0.19698739819614275,0.4433275787432649,2.0,0.0,0.03373914789468452,0.03373914789468452,-5.730498879385316,-14244.340747947266,-14250.071246826652
91,25,0.4364726207147204,-7.622935325444306,3.0,1.0,0.8633682343983878,-14253.372935254723,14253.849706869158,0.21178765439253766,0.21178765439253766,2.0,0.0,0.03373914789468452,0.03373914789468452,-5.4723917516632685,-14246.497974514019,-14251.970366265683
92,25,0.43697387118444997,-7.715949841230824,3.0,1.0,0.9550622775510152,-14250.827739866249,14253.362337468974,-0.43953034793048573,-0.43953034793048573,2.0,0.0,0.03373914789468452,0.03373914789468452,-5.757413564940721,-14243.668015182348,-14249.425428747289
93,25,0.4394408796504384,-7.7166255568616355,3.0,1.0,1.0,-14250.718354189014,14250.787610178604,-0.043038751202402636,-0.043614634101686534,2.0,0.0,0.03373914789468452,0.03373914789468452,-5.759515795673587,-14243.557765740989,-14249.317281536662
94,25,0.44753330284213894,-7.751885494095885,3.0,1.0,0.7283179568887621,-14251.282237630401,14251.776898540156,0.11892059296587831,0.4477771839192428,2.0,0.0,0.03373914789468452,0.03373914789468452,-5.869847148344637,-14244.015024033735,-14249.88487118208
95,25,0.44771719092470413,-7.749049514767583,7.0,1.0,0.9984973632975248,-14251.27591560662,14251.409285668049,0.010574166884907754,-0.08514647866832092,3.0,0.0,0.03373914789468452,0.03373914789468452,-5.860927150168167,-14244.01769991167,-14249.878627061838
96,25,0.43507442012538244,-7.669059220105192,7.0,1.0,0.9997555184097671,-14251.442381605939,14251.569887960984,-0.028247221609490225,-0.1270186662859487,2.0,0.0,0.03373914789468452,0.03373914789468452,-5.612646539896184,-14244.426435610718,-14250.039082150613
97,25,0.4325303732778384,-7.671830350603255,1.0,1.0,0.9522684930020284,-14251.58266887165,14251.679090471129,0.04890825348957151,0.04890825348957151,1.0,0.0,0.03373914789468452,0.03373914789468452,-5.621140815823425,-14244.55685727573,-14250.177998091553
98,25,0.4436516654126809,-7.715204605670485,5.0,1.0,0.9975679027981001,-14250.846660091765,14251.513487307202,-0.09600876680087822,-0.09635863874245842,2.0,0.0,0.03373914789468452,0.03373914789468452,-5.755095579009277,-14243.692488271092,-14249.4475838501
99,25,0.44191041815212045,-7.778830495975168,3.0,1.0,0.8747071970799994,-14251.74039278371,14252.211546352015,0.15143683078531467,0.15143683078531467,2.0,0.0,0.03373914789468452,0.03373914789468452,-5.9549984147983075,-14244.385510489063,-14250.34050890386
100,25,0.44697232110210533,-7.828092994406971,3.0,1.0,0.8697653788510764,-14253.786892030053,14254.16199234821,0.2505536807657336,0.2505536807657336,2.0,0.0,0.03373914789468452,0.03373914789468452,-6.112554247717993,-14246.27673194812,-14252.38928619584
101,25,0.44400505832476167,-7.835535708224438,3.0,1.0,0.9338961521679753,-14254.397802689193,14254.766028199245,0.2210352048095956,-0.3258795222682238,2.0,0.0,0.03373914789468452,0.03373914789468452,-6.136569236831328,-14246.86231804589,-14252.998887282722
102,25,0.44876078183641865,-7.755371755761515,3.0,1.0,0.9306562312265996,-14251.465412313319,14254.73195416852,-0.514630079302151,-0.514630079302151,2.0,0.0,0.03373914789468452,0.03373914789468452,-5.880823498306145,-14244.18773709062,-14250.068560588927
103,25,0.43756632779133237,-7.748576105006068,3.0,1.0,0.9980031885614773,-14251.207024545996,14251.693978415911,0.006008448946886347,-0.14207097940561653,2.0,0.0,0.03373914789468452,0.03373914789468452,-5.859438919063299,-14243.945576580707,-14249.80501549977
104,25,0.44107374086471934,-7.7373754505313315,1.0,1.0,1.0,-14250.812169789224,14251.056857989275,-0.15181317204223888,-0.15181317204223888,1.0,0.0,0.03373914789468452,0.03373914789468452,-5.824293442820869,-14243.587595411525,-14249.411888854347
105,25,0.4385268791291018,-7.686453977774541,3.0,1.0,0.9168454957055515,-14250.99101206434,14251.768581029597,0.017725099743984174,0.14276610766683007,1.0,0.0,0.03373914789468452,0.03373914789468452,-5.666093435967614,-14243.923393081053,-14249.589486517021
106,25,0.44183424513543973,-7.6822492777189675,1.0,1.0,0.8998953928675794,-14251.22679554135,14251.274624490283,0.10547675256020739,0.10547675256020739,1.0,0.0,0.03373914789468452,0.03373914789468452,-5.653146401588331,-14244.173729352535,-14249.826875754123
107,25,0.43452452740236325,-7.709351345491336,3.0,1.0,1.0,-14251.03940024795,14251.255944341528,-0.03292065154710144,-0.14369597416589386,2.0,0.0,0.03373914789468452,0.03373914789468452,-5.736908868712129,-14243.898900135771,-14249.635809004483
108,25,0.44751579483493553,-7.711756611487819,7.0,1.0,0.8348736353760824,-14251.351967345177,14251.81773468641,0.15125424804500653,0.44466742222721223,2.0,0.0,0.03373914789468452,0.03373914789468452,-5.744378142754262,-14244.210215322319,-14249.954593465072
109,25,0.43720998624123725,-7.688529687949557,3.0,1.0,0.9645362613177898,-14250.972696774508,14251.552927278917,-0.23446652725579042,-0.23446652725579042,2.0,0.0,0.03373914789468452,0.03373914789468452,-5.672491442372703,-14243.898014952798,-14249.57050639517
110,25,0.4428845498227274,-7.7757659334422735,7.0,1.0,0.9285307411675741,-14251.598726937329,14251.697892526614,0.1211353812723246,0.17041478511237074,3.0,0.0,0.03373914789468452,0.03373914789468452,-5.945277230091946,-14244.254020765335,-14250.199297995427
111,25,0.4428845498227274,-7.7757659334422735,3.0,1.0,0.4502695449552059,-14251.598726937329,14254.23923664465,0.0,1.179466525945827,1.0,0.0,0.03373914789468452,0.03373914789468452,-5.945277230091946,-14244.254020765335,-14250.199297995427
112,25,0.4413619663418178,-7.701035179272755,7.0,1.0,0.940206932141236,-14250.840403215723,14252.097525081788,-0.12164913626111229,0.15877789764272165,3.0,0.0,0.03373914789468452,0.03373914789468452,-5.711128561527399,-14243.729131159034,-14249.44025972056
113,25,0.44487330446754925,-7.702086878215851,3.0,1.0,0.854572110303529,-14251.121098723253,14251.511694728082,0.12921105336135952,0.25086996368736436,2.0,0.0,0.03373914789468452,0.03373914789468452,-5.714385032504137,-14244.008189033284,-14249.722574065789
114,25,0.4503607462416605,-7.752781917640308,7.0,1.0,0.9572319957816509,-14251.680729715943,14252.025449481813,0.09214150877050997,0.15211748490582977,3.0,0.0,0.03373914789468452,0.03373914789468452,-5.872668339822009,-14244.41186189885,-14250.284530238672
115,25,0.44376711414704206,-7.791757204606183,3.0,1.0,0.9455724713824543,-14252.141871590644,14252.862105859318,-0.01772524540865561,0.1782688830044208,2.0,0.0,0.03373914789468452,0.03373914789468452,-5.996106946817344,-14244.746741059002,-14250.742848005819
116,25,0.43637011519058105,-7.7972421644682575,3.0,1.0,0.7711008487448238,-14253.26624747263,14253.545462430131,0.5322856776256231,0.5322856776256231,2.0,0.0,0.03373914789468452,0.03373914789468452,-6.013600291103815,-14245.850025198337,-14251.86362548944
117,25,0.45466894490994636,-7.769880906497807,3.0,1.0,0.9266217721927217,-14252.698874789834,14253.923683028099,-0.2666968751800596,-0.2666968751800596,2.0,0.0,0.03373914789468452,0.03373914789468452,-5.926635505459236,-14245.377691337711,-14251.30432684317
118,25,0.4361215792796035,-7.73196203125833,3.0,1.0,0.9385632318647058,-14251.051221086402,14253.533907837034,-0.38502567379327957,-0.38502567379327957,2.0,0.0,0.03373914789468452,0.03373914789468452,-5.807352155028908,-14243.841118091606,-14249.648470246635
119,25,0.4363459911919349,-7.71729181870857,7.0,1.0,1.0,-14250.883377112996,14251.131547455545,-0.07190194256327231,-0.12352932634712488,3.0,0.0,0.03373914789468452,0.03373914789468452,-5.7615890616280625,-14243.719153583525,-14249.480742645153
120,25,0.4430185749980855,-7.737681087805574,3.0,1.0,0.9887296125833115,-14250.833609940248,14251.168695140837,-0.04932616424957814,-0.04932616424957814,2.0,0.0,0.03373914789468452,0.03373914789468452,-5.825250808207363,-14243.60899216434,-14249.434242972548
121,25,0.444757876520713,-7.688369160886942,3.0,1.0,0.806704509354574,-14251.395647264912,14251.995806838568,0.2347163151443965,0.2990492230437667,1.0,0.0,0.03373914789468452,0.03373914789468452,-5.671996492613336,-14244.325074527853,-14249.997071020467
122,25,0.4327348406548177,-7.703066381231457,3.0,1.0,1.0,-14251.265924243706,14251.53119121435,-0.07091024152941827,-0.13593862652851385,2.0,0.0,0.03373914789468452,0.03373914789468452,-5.7174189514563345,-14244.143946745045,-14249.861365696503
123,25,0.4376257648048817,-7.702805202261894,1.0,1.0,1.0,-14250.809576036783,14251.095877462929,-0.17037002055621997,-0.17037002055621997,1.0,0.0,0.03373914789468452,0.03373914789468452,-5.716609880227475,-14243.690987252696,-14249.407597132924
124,25,0.4481293517206003,-7.768410913234696,3.0,1.0,0.8745140324766819,-14251.591431836041,14251.811393138752,0.12771235252876068,0.16295520479070547,2.0,0.0,0.03373914789468452,0.03373914789468452,-5.921984482460489,-14244.272332403865,-14250.194316886325
125,25,0.4479604837692977,-7.767251817597421,3.0,1.0,0.5730296628334298,-14251.552930675927,14253.653886026857,-0.005890850708965445,1.1819171000861388,2.0,0.0,0.03373914789468452,0.03373914789468452,-5.918318655685234,-14244.237426116018,-14250.155744771704
126,25,0.4245604200221208,-7.674572849635958,5.0,1.0,0.7338930365877373,-14253.155456825198,14253.253982486958,0.5908973280475038,0.5908973280475038,2.0,0.0,0.03373914789468452,0.03373914789468452,-5.629554889008985,-14246.1165799417,-14251.746134830708
127,25,0.43418545223468386,-7.648616048920932,3.0,1.0,1.0,-14252.124349450856,14253.023955915829,-0.5260686918627471,-0.6391120538810355,2.0,0.0,0.03373914789468452,0.03373914789468452,-5.550219893506186,-14245.1703571219,-14250.720577015407
128,25,0.4359504521956012,-7.668801043084971,1.0,1.0,1.0,-14251.4148200082,14252.014417492777,-0.11164579516844242,-0.11164579516844242,1.0,0.0,0.03373914789468452,0.03373914789468452,-5.611855547482756,-14244.400124596248,-14250.01198014373
129,25,0.43681242275011734,-7.847437121685089,3.0,1.0,0.3813434354100093,-14256.566470463133,14257.007201735087,1.5477481331854506,1.5477481331854506,2.0,0.0,0.03373914789468452,0.03373914789468452,-6.175085974361673,-14248.988990542355,-14255.164076516718
130,25,0.4383592796678617,-7.8245644250057325,1.0,1.0,1.0,-14254.511348524033,14256.646137694828,-0.5939037978696433,-0.5939037978696433,1.0,0.0,0.03373914789468452,0.03373914789468452,-6.101188166314663,-14247.008551004901,-14253.109739171216
131,25,0.443295417286855,-7.808794059043397,1.0,1.0,1.0,-14252.930222725738,14254.177597749329,-0.575428276495586,-0.575428276495586,1.0,0.0,0.03373914789468452,0.03373914789468452,-6.050541493209612,-14245.480441805617,-14251.530983298828
132,25,0.44378568998880974,-7.707811384650018,3.0,1.0,1.0,-14250.924785876481,14253.268616502693,-0.34152379213264794,-0.34152379213264794,2.0,0.0,0.03373914789468452,0.03373914789468452,-5.732129737021833,-14243.793641016839,-14249.52577075386
133,25,0.4387680790135645,-7.666220974118764,3.0,1.0,0.8435331684940062,-14251.501868998552,14252.552146010838,0.05664376277127303,0.30449728547682753,2.0,0.0,0.03373914789468452,0.03373914789468452,-5.603954496962381,-14244.496509149772,-14250.100463646735
134,25,0.4347942015846326,-7.676165122174168,3.0,1.0,0.8836196007131606,-14251.299235418159,14252.306390078387,-0.0640261378739524,0.32929211085138377,2.0,0.0,0.03373914789468452,0.03373914789468452,-5.6344434822449365,-14244.261344107093,-14249.89578758934
135,25,0.441731645734697,-7.651074014882715,3.0,1.0,0.8238769182374139,-14252.334776501091,14252.386607622931,0.34671126410648867,0.34671126410648867,2.0,0.0,0.03373914789468452,0.03373914789468452,-5.557703600642139,-14245.377104672232,-14250.934808272874
136,25,0.4364865363003188,-7.718613354664284,3.0,1.0,0.9795069576995905,-14250.878300878003,14252.730564299509,-0.3531383827867103,-0.3531383827867103,2.0,0.0,0.03373914789468452,0.03373914789468452,-5.765702715492901,-14243.71003636086,-14249.475739076353
137,25,0.43634810904970966,-7.7601772368995166,3.0,1.0,0.7394234174325928,-14251.679519378844,14252.208216286283,0.2701536512831808,0.44102360236502136,2.0,0.0,0.03373914789468452,0.03373914789468452,-5.895973278855078,-14244.380912728377,-14250.276886007232
138,25,0.4398206892442372,-7.708372939160817,3.0,1.0,0.9896732384850018,-14250.737001701375,14251.470670439227,-0.3332301511472906,-0.3332301511472906,2.0,0.0,0.03373914789468452,0.03373914789468452,-5.733872196854068,-14243.602242996218,-14249.336115193071
139,25,0.43795266334138705,-7.727321894409092,3.0,1.0,0.967857386978943,-14250.831609194667,14250.85784404951,0.04539601052783837,0.05345015640705242,2.0,0.0,0.03373914789468452,0.03373914789468452,-5.792854178402759,-14243.63694136355,-14249.429795541952
140,25,0.4535928096782621,-7.8235096618880435,7.0,1.0,0.805027497277659,-14253.930715291626,14254.005819083051,0.39341912437703286,0.4868239869010722,2.0,0.0,0.03373914789468452,0.03373914789468452,-6.097793024272664,-14246.437976077614,-14252.535769101887
141,25,0.45157452373983287,-7.787864256495761,3.0,1.0,1.0,-14252.44156865298,14253.89620315136,-0.13790093193711073,-0.4390023323157948,2.0,0.0,0.03373914789468452,0.03373914789468452,-5.9837093064270155,-14245.062140608166,-14251.045849914593
142,25,0.4412920841730766,-7.814899115726711,3.0,1.0,0.8372375366949755,-14253.445941123693,14253.723268166555,0.3152485177961353,0.3152485177961353,2.0,0.0,0.03373914789468452,0.03373914789468452,-6.070118434405188,-14245.97564593458,-14252.045764368986
143,25,0.45509254377035296,-7.766997704581375,3.0,1.0,1.0,-14252.774156915446,14254.150467678597,-0.03697493873551139,-0.6178469670030609,2.0,0.0,0.03373914789468452,0.03373914789468452,-5.917515161871557,-14245.462247961943,-14251.379763123814
144,25,0.4356729887248469,-7.745904202565539,3.0,1.0,1.0,-14251.379014755725,14253.546266528869,-0.3070281608906953,-0.3070281608906953,2.0,0.0,0.03373914789468452,0.03373914789468452,-5.851043614648028,-14244.124986409892,-14249.97603002454
145,25,0.4356729887248469,-7.745904202565539,1.0,1.0,0.44806953118254567,-14251.379014755725,14252.693838796382,0.0,0.802806855077506,1.0,0.0,0.03373914789468452,0.03373914789468452,-5.851043614648028,-14244.124986409892,-14249.97603002454
146,25,0.45045451758169214,-7.725000888307274,3.0,1.0,0.9343458576159581,-14251.743624664825,14252.169442913335,0.14370040168068954,0.14370040168068954,2.0,0.0,0.03373914789468452,0.03373914789468452,-5.7856103387713755,-14244.561852421148,-14250.347462759919
147,25,0.450681059184615,-7.742984941448551,3.0,1.0,1.0,-14251.701830789427,14252.131251096194,-0.0889479273937468,-0.30174961937518674,2.0,0.0,0.03373914789468452,0.03373914789468452,-5.841879252997367,-14244.463880103436,-14250.305759356434
148,25,0.4437004622474999,-7.689653320717065,3.0,1.0,0.9470007061484673,-14251.230683871085,14252.798044866926,-0.1410645354517328,0.17316110005231167,1.0,0.0,0.03373914789468452,0.03373914789468452,-5.675956637418413,-14244.155673262037,-14249.831629899456
149,25,0.44874097380960337,-7.668722148852255,1.0,1.0,0.5229751237998056,-14252.861628629484,14252.972466243751,0.6482213804847561,0.6482213804847561,1.0,0.0,0.03373914789468452,0.03373914789468452,-5.611613847789108,-14245.853154849927,-14251.464768697715
150,25,0.44874097380960337,-7.668722148852255,1.0,1.0,0.11020213164037947,-14252.861628629484,14256.446583261377,0.0,2.2054390390712797,1.0,0.0,0.03373914789468452,0.03373914789468452,-5.611613847789108,-14245.853154849927,-14251.464768697715
51,26,0.44709270103732845,-7.775671149630837,3.0,1.0,0.6666666685210171,-14251.670959088064,14251.82999885221,-1.2996801353456249,19.007119120717107,1.0,0.0,0.08388552140522411,0.08388552140522411,-5.944976713434462,-14244.32842812914,-14250.273404842574
52,26,0.44428228356031835,-7.74494108871536,7.0,1.0,0.8840326201046541,-14250.953703387928,14252.106166829153,-0.09658698992643622,0.30192715666453296,3.0,0.0,0.034393914517953386,0.034393914517953386,-5.848019194011079,-14243.70689423123,-14249.554913425241
53,26,0.44271307077957495,-7.715600629004576,7.0,1.0,0.9851479572495957,-14250.78229491877,14251.164744654603,-0.009071164284250699,0.05993356745238998,2.0,0.0,0.034393914517953386,0.034393914517953386,-5.756327303626536,-14243.626459162164,-14249.38278646579
54,26,0.43988449214068487,-7.714679421651936,3.0,1.0,0.7702961947472912,-14250.714417547226,14251.343642260297,-0.031013715988592594,0.4522275105937297,2.0,0.0,0.034393914517953386,0.034393914517953386,-5.753462376544047,-14243.560099813798,-14249.313562190342
55,26,0.43693479769391896,-7.645777455339073,3.0,1.0,0.43218146290277176,-14252.21690401029,14253.7382061697,0.26385123606814886,1.3473076014124672,2.0,0.0,0.034393914517953386,0.034393914517953386,-5.54158481641969,-14245.27298804921,-14250.814572865629
56,26,0.45907317093762845,-7.733671194465917,3.0,1.0,0.3350379392279666,-14254.184174350637,14258.734654408734,1.2244382028602558,1.8243959875144355,1.0,0.0,0.034393914517953386,0.034393914517953386,-5.812697813228062,-14246.978459609036,-14252.791157422263
57,26,0.4391993746676254,-7.66397523805057,3.0,1.0,0.9028402599263471,-14251.594936816127,14253.941039509842,-1.2226166553446092,-1.2226166553446092,2.0,0.0,0.034393914517953386,0.034393914517953386,-5.597082706466146,-14244.596662468884,-14250.193745175351
58,26,0.4355428547136196,-7.701645833030166,3.0,1.0,0.9845081256432816,-14250.94269374988,14251.735373980246,-0.12605604807686177,-0.12605604807686177,2.0,0.0,0.034393914517953386,0.034393914517953386,-5.713019249566991,-14243.82662160175,-14249.539640851317
59,26,0.4446530603175811,-7.698116251824522,3.0,1.0,0.6343571742368385,-14251.165064381212,14252.219016619092,0.12487364518347022,0.7774763490124315,2.0,0.0,0.034393914517953386,0.034393914517953386,-5.702096216291201,-14244.064344980297,-14249.766441196589
60,26,0.42971627732594886,-7.692142008882903,3.0,1.0,0.9203728768232318,-14251.799607272049,14252.05325355371,0.1677303037395177,0.1677303037395177,2.0,0.0,0.034393914517953386,0.034393914517953386,-5.683636050877932,-14244.709719830009,-14250.393355880888
61,26,0.4413276144787975,-7.667338951775354,3.0,1.0,0.9769195461345487,-14251.630968396881,14252.11931249055,-0.10565702487656381,-0.10565702487656381,2.0,0.0,0.034393914517953386,0.034393914517953386,-5.607377308286217,-14244.62343124918,-14250.230808557466
62,26,0.435250976441374,-7.669320034925907,3.0,1.0,1.0,-14251.42751796977,14251.685014903083,-0.14461337788816309,-0.23640995037203538,2.0,0.0,0.034393914517953386,0.034393914517953386,-5.613445681577495,-14244.410865978645,-14250.024311660223
63,26,0.435250976441374,-7.669320034925907,1.0,1.0,0.8919399304646802,-14251.42751796977,14251.714599601046,0.0,0.11435649119812297,1.0,0.0,0.034393914517953386,0.034393914517953386,-5.613445681577495,-14244.410865978645,-14250.024311660223
64,26,0.44153549436198397,-7.775902153951947,7.0,1.0,0.8134305991061918,-14251.66092347088,14252.15280555511,0.10158620614492975,0.41879926562978653,3.0,0.0,0.034393914517953386,0.034393914517953386,-5.945709139538645,-14244.31515324859,-14250.260862388128
65,26,0.4418458688406473,-7.797227174807312,1.0,1.0,0.8414008118261129,-14252.485812028188,14252.57429746885,0.17268714297460974,0.17268714297460974,1.0,0.0,0.034393914517953386,0.034393914517953386,-6.01355244313949,-14245.072345280272,-14251.085897723411
66,26,0.4503512455568151,-7.715075292404186,3.0,1.0,0.697883213133581,-14251.852750612657,14254.035581021164,0.10841100749166799,0.7165222114508651,2.0,0.0,0.034393914517953386,0.034393914517953386,-5.754693418661125,-14244.701853905943,-14250.456547324604
67,26,0.44651064473908425,-7.687765150226624,3.0,1.0,0.934440564124103,-14251.6899032328,14252.467465395868,-0.08587274911951681,-0.23577442362511647,1.0,0.0,0.034393914517953386,0.034393914517953386,-5.6701343899790535,-14244.621964045567,-14250.292098435546
68,26,0.43500459694973037,-7.724249587159283,3.0,1.0,0.8243215915969105,-14251.084748565807,14252.367334084096,-0.23885238989896607,0.442388133622444,2.0,0.0,0.034393914517953386,0.034393914517953386,-5.783266688609896,-14243.898145512885,-14249.681412201495
69,26,0.43511979763141795,-7.740892120807408,7.0,1.0,0.8923781481615499,-14251.344868567097,14252.657725716756,0.1083028226676106,0.34056252304071677,3.0,0.0,0.034393914517953386,0.034393914517953386,-5.835314559458174,-14244.106278517162,-14249.941593076619
70,26,0.44417787600025865,-7.699152424714073,3.0,1.0,0.9903180766986721,-14251.090490361948,14251.68310746761,-0.11254736670343846,-0.11254736670343846,2.0,0.0,0.034393914517953386,0.034393914517953386,-5.705301579980592,-14243.986351650032,-14249.691653230013
71,26,0.449043933376612,-7.726626782330422,3.0,1.0,0.8226206705765566,-14251.455374612815,14251.956330173924,0.13991702247221838,0.2897080422280851,2.0,0.0,0.034393914517953386,0.034393914517953386,-5.790684174629199,-14244.267955682419,-14250.058639857049
72,26,0.46412721320145545,-7.77557955917179,7.0,1.0,0.4416068280106552,-14255.857272520494,14256.88632566715,1.3996706890666246,1.4022275954175711,2.0,0.0,0.034393914517953386,0.034393914517953386,-5.944686329990201,-14248.52113110841,-14254.4658174384
73,26,0.45573668715943505,-7.773424098612914,1.0,1.0,1.0,-14252.997172386078,14255.147475590255,-1.0661222865692253,-1.0661222865692253,1.0,0.0,0.034393914517953386,0.034393914517953386,-5.9378549606359226,-14245.665155230477,-14251.603010191113
74,26,0.45573668715943505,-7.773424098612914,1.0,1.0,0.5293752165215386,-14252.997172386078,14254.312395392268,0.0,0.6360578045623697,1.0,0.0,0.034393914517953386,0.034393914517953386,-5.9378549606359226,-14245.665155230477,-14251.603010191113
75,26,0.4305504620608862,-7.706047600380529,3.0,1.0,1.0,-14251.658005992209,14252.988038249528,-0.25792966684821295,-0.474517470880528,2.0,0.0,0.034393914517953386,0.034393914517953386,-5.726658902749239,-14244.525571237129,-14250.252230139879
76,26,0.4344846921039206,-7.738371644399234,3.0,1.0,0.9544524103516755,-14251.3884246016,14252.201434945768,-0.07196314534303383,0.1469267325810506,1.0,0.0,0.034393914517953386,0.034393914517953386,-5.827414222699531,-14244.157397898816,-14249.984812121516
77,26,0.4351893089087441,-7.700498149992641,3.0,1.0,0.995564127307977,-14250.977976880102,14251.614932593799,-0.21914006680890452,-0.21914006680890452,1.0,0.0,0.034393914517953386,0.034393914517953386,-5.70946613557895,-14243.865271930857,-14249.574738066436
78,26,0.4299659157489273,-7.6899850087543955,3.0,1.0,0.881358803736537,-14251.756993552117,14251.80398344663,0.25640747877514514,0.25640747877514514,2.0,0.0,0.034393914517953386,0.034393914517953386,-5.676979778584027,-14244.673905311387,-14250.35088508997
79,26,0.4380777189958273,-7.68443904620112,3.0,1.0,0.8425713438458488,-14251.027941458671,14254.14612917456,-0.2749597287038341,0.3982400929035066,2.0,0.0,0.034393914517953386,0.034393914517953386,-5.659886889943496,-14243.966303896332,-14249.626190786275
80,26,0.4380777189958273,-7.68443904620112,3.0,1.0,0.45502163978545784,-14251.027941458671,14253.321427889845,0.0,1.6998252601079002,1.0,0.0,0.034393914517953386,0.034393914517953386,-5.659886889943496,-14243.966303896332,-14249.626190786275
81,26,0.4340912627373917,-7.680973199829127,3.0,1.0,0.8958495690374685,-14251.267711310607,14251.722662549166,0.051009115490160184,0.21959936500388721,2.0,0.0,0.034393914517953386,0.034393914517953386,-5.649220623181474,-14244.214667747878,-14249.86388837106
82,26,0.44225045655345097,-7.7040434741924475,7.0,1.0,0.9236176442565414,-14250.852013958844,14252.247571110904,-0.04008969367714599,0.19059986587853928,3.0,0.0,0.034393914517953386,0.034393914517953386,-5.720446361377914,-14243.731843419633,-14249.452289781011
83,26,0.4345858234846893,-7.666846394643524,7.0,1.0,0.69713708140334,-14251.524503042065,14252.396981431335,0.06623371093883179,0.6763864447002561,3.0,0.0,0.034393914517953386,0.034393914517953386,-5.6058691365280255,-14244.515075313548,-14250.120944450076
84,26,0.43668268818072475,-7.7372595164822,3.0,1.0,0.8645424330660507,-14251.073651171553,14252.856043068849,0.04673183425256866,0.3528045719831425,1.0,0.0,0.034393914517953386,0.034393914517953386,-5.823930320302192,-14243.847260188917,-14249.67119050922
85,26,0.4330270565372937,-7.692526207786775,3.0,1.0,0.9396052016100046,-14251.254689880621,14251.69898174951,-0.003578611711418489,0.14174280788029137,2.0,0.0,0.034393914517953386,0.034393914517953386,-5.684822135872972,-14244.165468982892,-14249.850291118764
86,26,0.42649209799850274,-7.71727018514864,1.0,1.0,0.4745253271371784,-14252.831328306489,14253.046340591183,0.7454402858820686,0.7454402858820686,1.0,0.0,0.034393914517953386,0.034393914517953386,-5.761521735592217,-14245.661661567168,-14251.42318330276
87,26,0.42899536475016076,-7.687524643982302,3.0,1.0,0.8034510782572464,-14251.962868666831,14255.731752470943,-0.5158301104311249,0.7628992355275841,2.0,0.0,0.034393914517953386,0.034393914517953386,-5.669393035563067,-14244.886808514793,-14250.556201550356
88,26,0.4472820560358185,-7.725416508912535,7.0,1.0,1.0,-14251.181732309167,14251.958877123645,-0.20550162888685009,-0.35923602350339934,3.0,0.0,0.034393914517953386,0.034393914517953386,-5.786907091066431,-14243.99735187792,-14249.784258968986
89,26,0.44831736110427406,-7.856854151710716,7.0,1.0,0.7944665770743783,-14255.533201686465,14255.590917461446,0.5815052613015723,0.692068131384076,3.0,0.0,0.034393914517953386,0.034393914517953386,-6.205662839673483,-14247.930502617177,-14254.13616545685
90,26,0.4496412459652337,-7.832726697800651,1.0,1.0,1.0,-14254.055455590213,14255.37308242503,-0.27472674375167117,-0.27472674375167117,1.0,0.0,0.034393914517953386,0.034393914517953386,-6.127499051676503,-14246.531466359838,-14252.658965411514
91,26,0.44880537752346444,-7.727817756488061,7.0,1.0,0.9652782831127869,-14251.405874904834,14254.340005471968,-0.19935163780246512,-0.39426950917004433,3.0,0.0,0.034393914517953386,0.034393914517953386,-5.794402457979355,-14244.214639188654,-14250.009041646634
92,26,0.441035386659082,-7.689104590295713,3.0,1.0,0.9574876181920849,-14251.01608602613,14251.987526349745,-0.19261070600805397,-0.19261070600805397,1.0,0.0,0.034393914517953386,0.034393914517953386,-5.674264238240777,-14243.941522511655,-14249.615786749897
93,26,0.4442473990673976,-7.72028616639403,3.0,1.0,0.9763386899002636,-14250.866566619325,14251.346580736752,-0.019148282297464903,0.07362924246990588,1.0,0.0,0.034393914517953386,0.034393914517953386,-5.7709123188949,-14243.696848587699,-14249.467760906593
94,26,0.4431964517697476,-7.767857710325987,3.0,1.0,0.8910227265730127,-14251.363251096236,14251.592348965236,0.043464975475217216,0.15937999489142385,2.0,0.0,0.034393914517953386,0.034393914517953386,-5.920234721505957,-14244.043731427771,-14249.963966149278
95,26,0.4384552900912729,-7.727086455678015,7.0,1.0,0.9670654263944775,-14250.79920981619,14251.866000913224,-0.07576116421660117,0.10930401701989467,3.0,0.0,0.034393914517953386,0.034393914517953386,-5.792119130681999,-14243.605529369983,-14249.397648500664
96,26,0.4384552900912729,-7.727086455678015,1.0,1.0,0.22175765262711045,-14250.79920981619,14252.754152765388,0.0,1.5061701482318313,1.0,0.0,0.034393914517953386,0.034393914517953386,-5.792119130681999,-14243.605529369983,-14249.397648500664
97,26,0.4324539872332938,-7.667281091809111,3.0,1.0,0.8331195139731573,-14251.687033156868,14252.612997515,0.11725653220128152,0.3077672033341514,2.0,0.0,0.034393914517953386,0.034393914517953386,-5.607200132978688,-14244.67512022457,-14250.28232035755
98,26,0.4359877131000132,-7.768524651955683,3.0,1.0,0.7921676117395267,-14252.025689585324,14252.735483308481,0.30534851143420383,0.4468555266648764,2.0,0.0,0.034393914517953386,0.034393914517953386,-5.9223442718832295,-14244.70052485401,-14250.622869125893
99,26,0.4456711152749464,-7.709382900456642,3.0,1.0,0.8750943374610728,-14251.112212939075,14252.575001910805,-0.2932838623491989,0.34374718143590144,2.0,0.0,0.034393914517953386,0.034393914517953386,-5.737006821538779,-14243.977034995218,-14249.714041816756
100,26,0.44897934900818987,-7.821600143818442,3.0,1.0,0.44002536698677136,-14253.465555235318,14255.173372104267,0.22619992247928167,1.4092686628046067,2.0,0.0,0.034393914517953386,0.034393914517953386,-6.091649370018949,-14245.977144488284,-14252.068793858303
101,26,0.44553935561975705,-7.709740824703267,3.0,1.0,0.8244872275952962,-14251.090763881877,14256.130166146182,-0.2914271641511732,0.5148775862380717,1.0,0.0,0.034393914517953386,0.034393914517953386,-5.73811795859085,-14243.954416777971,-14249.692534736561
102,26,0.45351268984236803,-7.711326670942129,3.0,1.0,0.5203427397811945,-14252.748040346705,14253.613198838058,0.7164106942473154,1.06144781072544,2.0,0.0,0.034393914517953386,0.034393914517953386,-5.743042587715686,-14245.610021539342,-14251.353064127057
103,26,0.4374732206977221,-7.7039661512238,3.0,1.0,0.9699458833731134,-14250.80938948868,14252.266905853325,-0.8638129917289916,-0.8638129917289916,1.0,0.0,0.034393914517953386,0.034393914517953386,-5.720206750285228,-14243.687126415114,-14249.4073331654
104,26,0.4437652759835793,-7.744997998700069,3.0,1.0,0.9248975120384144,-14250.932630755264,14251.595236589801,0.019949568368247128,0.11809226224613667,1.0,0.0,0.034393914517953386,0.034393914517953386,-5.848197879944515,-14243.685408452964,-14249.533606332909
105,26,0.43232889958970094,-7.631421536431419,3.0,1.0,0.75461857658585,-14252.951562432547,14253.318298418513,0.2905240532163589,0.3720745868085942,2.0,0.0,0.034393914517953386,0.034393914517953386,-5.498037151234706,-14246.048743565996,-14251.54678071723
106,26,0.43429336060970114,-7.668871699007567,7.0,1.0,0.9616250558720544,-14251.492001247238,14253.590561763269,-0.2298314540694264,-0.3175215842984471,3.0,0.0,0.034393914517953386,0.034393914517953386,-5.612072013643585,-14244.476214566359,-14250.088286580003
107,26,0.4434389961546631,-7.712510763332532,3.0,1.0,0.7585269849554228,-14250.850121328373,14252.172430179084,-0.05608697500065318,0.49684029287163867,2.0,0.0,0.034393914517953386,0.034393914517953386,-5.746721265010316,-14243.704226532014,-14249.450947797024
108,26,0.44042303967722374,-7.711865013389269,7.0,1.0,0.9961967649121036,-14250.723827451537,14250.826393963678,-0.05785026825105888,-0.05924548988696188,3.0,0.0,0.034393914517953386,0.034393914517953386,-5.744714908505291,-14243.578518774146,-14249.323233682651
109,26,0.44042303967722374,-7.711865013389269,3.0,1.0,0.5324353773160421,-14250.723827451537,14252.121133020208,0.0,1.087254409576417,1.0,0.0,0.034393914517953386,0.034393914517953386,-5.744714908505291,-14243.578518774146,-14249.323233682651
110,26,0.44603955203326057,-7.7438044386027185,3.0,1.0,0.5460929165213328,-14251.061944809726,14252.388266786524,0.07982424871261173,1.075029764446299,2.0,0.0,0.034393914517953386,0.034393914517953386,-5.844451019047564,-14243.819484153128,-14249.663935172175
111,26,0.44066863693068253,-7.758377238694542,7.0,1.0,0.9853485224739504,-14251.198006191973,14251.42399813438,0.03394654442672618,-0.06409222675938508,3.0,0.0,0.034393914517953386,0.034393914517953386,-5.890295891823524,-14243.907235020848,-14249.797530912672
112,26,0.4519219991882685,-7.803819913640467,3.0,1.0,0.8712266647216366,-14252.96448716587,14253.240990792921,0.2132361316744209,0.21602561195504677,2.0,0.0,0.034393914517953386,0.034393914517953386,-6.0346185733099835,-14245.534285245434,-14251.568903818745
113,26,0.441193859654914,-7.817323583818174,7.0,1.0,0.8360312215529618,-14253.597147627153,14254.222950219404,0.3321044684507797,0.5141167337933439,3.0,0.0,0.034393914517953386,0.034393914517953386,-6.077903258800348,-14246.11902079607,-14252.19692405487
114,26,0.43737255025422594,-7.735252910622299,7.0,1.0,1.0,-14250.972833630665,14254.62983766879,-0.5898805516899301,-0.6903669009388977,3.0,0.0,0.034393914517953386,0.034393914517953386,-5.8176474647314285,-14243.753078643362,-14249.570726108093
115,26,0.4394627591739039,-7.7091947759722785,7.0,1.0,0.8384570092390101,-14250.73376230951,14251.579752212361,-0.10453336500722799,0.39762786474420864,3.0,0.0,0.034393914517953386,0.034393914517953386,-5.7364228608179255,-14243.59627755219,-14249.332700413008
116,26,0.43111280314002703,-7.6598993232758374,3.0,1.0,0.5352215450332279,-14252.021039526715,14253.124409242237,0.2257093210646417,0.9911568818915839,2.0,0.0,0.034393914517953386,0.034393914517953386,-5.584623584302043,-14245.030957330955,-14250.615580915257
117,26,0.4348779518055474,-7.698622566223433,3.0,1.0,1.0,-14251.015194204865,14252.104935470716,-0.15137917466199724,-0.15827876906951133,2.0,0.0,0.034393914517953386,0.034393914517953386,-5.7036623475965245,-14243.908128442787,-14249.611790790383
118,26,0.4476582231375816,-7.710258550955574,3.0,1.0,0.42827992832507067,-14251.398303881524,14253.487014766211,0.2230041341863398,1.5928595847053657,2.0,0.0,0.034393914517953386,0.034393914517953386,-5.739725410332892,-14244.261264975366,-14250.000990385699
119,26,0.4378005031766158,-7.76925115721686,3.0,1.0,0.9880659200691101,-14251.781540541964,14251.816054886369,0.03645885996775178,-0.2743892914386379,2.0,0.0,0.034393914517953386,0.034393914517953386,-5.924642729450667,-14244.455007352426,-14250.379650081877
120,26,0.43350688885792854,-7.665215711086809,3.0,1.0,0.9794858094246114,-14251.639642372711,14252.099317496124,-0.19892404215534043,-0.28614688976267644,2.0,0.0,0.034393914517953386,0.034393914517953386,-5.600877841043017,-14244.634626581059,-14250.235504422102
121,26,0.4599391375919372,-7.736174224393567,3.0,1.0,0.49506923252588697,-14254.478468725392,14254.984907445181,1.3655543016011507,1.469812760798959,2.0,0.0,0.034393914517953386,0.034393914517953386,-5.820531677460373,-14247.265202502485,-14253.085734179946
122,26,0.44499936737245777,-7.658533505305458,3.0,1.0,0.9872498115054252,-14252.497128357625,14256.809879144415,-0.9344864081194828,-0.9344864081194828,1.0,0.0,0.034393914517953386,0.034393914517953386,-5.580452313081058,-14245.518207600726,-14251.098659913807
123,26,0.43320514811771044,-7.74210145880959,3.0,1.0,1.0,-14251.69938936757,14252.843522491583,-0.18399175869490136,-0.2205041805646033,2.0,0.0,0.034393914517953386,0.034393914517953386,-5.839107438407429,-14244.455980195182,-14250.295087633589
124,26,0.439826877510173,-7.750485128713024,3.0,1.0,1.0,-14251.064774136568,14251.600069753766,-0.3290059097125777,-0.3290059097125777,1.0,0.0,0.034393914517953386,0.034393914517953386,-5.8654415776690465,-14243.798449073474,-14249.663890651143
125,26,0.43580602888065545,-7.729083175026778,3.0,1.0,0.9652647712606698,-14251.047050165591,14251.409835045071,0.050939778820975334,0.05608537426815019,2.0,0.0,0.034393914517953386,0.034393914517953386,-5.798354714746986,-14243.845780262143,-14249.64413497689
126,26,0.43322012609915417,-7.737538747162591,3.0,1.0,0.8909655260521046,-14251.588137085511,14251.711995938447,0.23420873044051405,0.23420873044051405,2.0,0.0,0.034393914517953386,0.034393914517953386,-5.824804934721878,-14244.359038564908,-14250.18384349963
127,26,0.44029566878934706,-7.709116795655032,3.0,1.0,0.9899811052690506,-14250.73601799394,14251.310960892773,-0.3764285024499259,-0.3764285024499259,2.0,0.0,0.034393914517953386,0.034393914517953386,-5.736180811036124,-14243.599181765017,-14249.335362576054
128,26,0.4438868131616856,-7.6980149165705605,1.0,1.0,0.8664091018087006,-14251.079139737343,14251.079614540407,0.14339807803116855,0.14339807803116855,1.0,0.0,0.034393914517953386,0.034393914517953386,-5.701782796950548,-14243.978387834033,-14249.680170630983
129,26,0.4438868131616856,-7.6980149165705605,3.0,1.0,0.8864878141681878,-14251.079139737343,14251.99389686654,0.0,0.1881400542515621,1.0,0.0,0.034393914517953386,0.034393914517953386,-5.701782796950548,-14243.978387834033,-14249.680170630983
130,26,0.4472107929675543,-7.680673050125201,1.0,1.0,0.6731778151314253,-14252.04481135697,14252.160422817054,0.3957457715587225,0.3957457715587225,1.0,0.0,0.034393914517953386,0.034393914517953386,-5.648297466862458,-14244.999010136316,-14250.647307603178
131,26,0.4449246585872583,-7.732473292765131,3.0,1.0,0.9992880608656242,-14250.910636421222,14252.167660337525,-0.4788597274909989,-0.4788597274909989,1.0,0.0,0.034393914517953386,0.034393914517953386,-5.8089508940333365,-14243.703183785337,-14249.512134679371
132,26,0.4525081614702595,-7.741217612599548,3.0,1.0,0.7935656239048726,-14252.088674956536,14252.141307383867,0.43017199398855155,0.43017199398855155,2.0,0.0,0.034393914517953386,0.034393914517953386,-5.836335264182844,-14244.856982488549,-14250.693317752732
133,26,0.44154665140726806,-7.630618504389377,3.0,1.0,0.7240334816107654,-14253.402711981898,14254.79767228501,0.1998606531360565,0.487776146912438,2.0,0.0,0.034393914517953386,0.034393914517953386,-5.495607296863257,-14246.50704889243,-14252.002656189294
134,26,0.45535739331281455,-7.744685780199415,7.0,1.0,0.9615051830378996,-14252.812675277424,14253.933745444065,0.059096926168422215,-0.6932929356607929,3.0,0.0,0.034393914517953386,0.034393914517953386,-5.847217616352714,-14245.571159505547,-14251.4183771219
135,26,0.4507455584183387,-7.750195441037042,1.0,1.0,1.0,-14251.7326883153,14252.591451017704,-0.4576174295434612,-0.4576174295434612,1.0,0.0,0.034393914517953386,0.034393914517953386,-5.864530460652533,-14244.472112102821,-14250.336642563474
136,26,0.44279221651480577,-7.743173476049616,3.0,1.0,0.9567712239537611,-14250.884499314903,14252.528783612584,-0.27747186875240004,-0.27747186875240004,2.0,0.0,0.034393914517953386,0.034393914517953386,-5.842470857423152,-14243.642556733048,-14249.485027590472
137,26,0.44279221651480577,-7.743173476049616,3.0,1.0,0.6485029331446318,-14250.884499314903,14252.212874087383,0.0,0.6983872432174394,1.0,0.0,0.034393914517953386,0.034393914517953386,-5.842470857423152,-14243.642556733048,-14249.485027590472
138,26,0.4395836012636256,-7.747318321036243,7.0,1.0,0.9329575895417322,-14251.01532300232,14251.163914505265,0.06164320109928667,0.13229626114298298,3.0,0.0,0.034393914517953386,0.034393914517953386,-5.855485984497963,-14243.758834454517,-14249.614320439014
139,26,0.4581887898921715,-7.768479749060896,7.0,1.0,0.5305866191119328,-14253.650940969133,14254.1876033224,0.81235208916587,1.1039430488217477,3.0,0.0,0.034393914517953386,0.034393914517953386,-5.922202229118604,-14246.335427106165,-14252.257629335283
140,26,0.4413214121847425,-7.619610841404135,7.0,1.0,0.7606657997594487,-14254.07565595273,14255.933541906503,-0.07029592482831504,1.1170920343956823,2.0,0.0,0.034393914517953386,0.034393914517953386,-5.4623647657172265,-14247.213128395566,-14252.675493161283
141,26,0.4312240833252034,-7.638217446730469,7.0,1.0,0.8948589328546167,-14252.735237645078,14254.656784598297,-0.5734369071833498,-0.7270355128275696,3.0,0.0,0.034393914517953386,0.034393914517953386,-5.518626376153094,-14245.81121511787,-14251.329841494024
142,26,0.4415617393219634,-7.822945312948165,7.0,1.0,0.5517362808703774,-14253.884180553394,14255.757049592643,0.45702318999792624,1.2904389934283245,3.0,0.0,0.034393914517953386,0.034393914517953386,-6.0959769170461335,-14246.388154996072,-14252.484131913117
143,26,0.44351609194444647,-7.709408047883924,3.0,1.0,1.0,-14250.884319949722,14254.186310239229,-0.6670062400844472,-0.6670062400844472,2.0,0.0,0.034393914517953386,0.034393914517953386,-5.73708488481848,-14243.748096845964,-14249.485181730783
144,26,0.4274120744235565,-7.788003858906926,3.0,1.0,0.3026496087949727,-14255.372816955787,14256.163895567848,1.8387996388992178,2.0629324456094764,2.0,0.0,0.034393914517953386,0.034393914517953386,-5.9841536279376735,-14247.981067668674,-14253.965221296612
145,26,0.4349685406188975,-7.7385623462131985,3.0,1.0,1.0,-14251.318121710885,14254.078510108515,-1.6369704443950468,-1.7742682482439704,2.0,0.0,0.034393914517953386,0.034393914517953386,-5.828011748084756,-14244.08675452281,-14249.914766270895
146,26,0.45011489176856456,-7.771228768977245,7.0,1.0,0.9864990758693856,-14251.874885872434,14252.127570706933,-0.0362416830703296,-0.1801913529252488,3.0,0.0,0.034393914517953386,0.034393914517953386,-5.930902008664319,-14244.547685533304,-14250.478587541967
147,26,0.42919652336169484,-7.658314266025201,3.0,1.0,0.938261097678715,-14252.341229273536,14253.197732425544,0.06975369235260587,-0.19815368380659493,2.0,0.0,0.034393914517953386,0.034393914517953386,-5.579782919937498,-14245.354895682482,-14250.93467860242
148,26,0.4334678059235272,-7.671649365613304,3.0,1.0,1.0,-14251.493300802718,14252.161798616722,-0.19933852033682342,-0.24518512683789595,2.0,0.0,0.034393914517953386,0.034393914517953386,-5.6205858127421315,-14244.46855586866,-14250.089141681401
149,26,0.4430775810573033,-7.733015368327712,3.0,1.0,0.9954489078626961,-14250.80339444576,14251.52376891734,-0.10926955506693048,-0.10926955506693048,2.0,0.0,0.034393914517953386,0.034393914517953386,-5.8106462755472625,-14243.593408439961,-14249.40405471551
150,26,0.44585649539153,-7.7959440523078625,7.0,1.0,0.8865624591562444,-14252.278837822081,14252.332537095548,0.2162969694709318,0.21864255574655544,3.0,0.0,0.034393914517953386,0.034393914517953386,-6.009457466199285,-14244.871290625742,-14250.880748091942
51,27,0.43361748311996434,-7.727455449972939,3.0,1.0,0.8694513152559405,-14251.328697514971,14251.339645927652,0.24506111232221883,0.24506111232221883,2.0,0.0,0.03909108856244309,0.03909108856244309,-5.793271168053139,-14244.131348233928,-14249.924619401982
52,27,0.44084673359747656,-7.776315296221352,3.0,1.0,0.9406631252571415,-14251.720186608216,14252.64015537865,-0.03220110521760944,0.1785770655678789,1.0,0.0,0.03593804401441605,0.03593804401441605,-5.947019188282833,-14244.372777749331,-14250.319796937614
53,27,0.4474161132118682,-7.734988819165254,3.0,1.0,1.0,-14251.17605764055,14251.788637452782,-0.08477592041526805,-0.23348623732636042,2.0,0.0,0.03593804401441605,0.03593804401441605,-5.816820871496157,-14243.96182052788,-14249.778641399376
54,27,0.43693274769915014,-7.731139467253868,3.0,1.0,0.9588280319075676,-14250.95571068364,14251.37207053015,-0.05515713372915343,0.08739670099566865,2.0,0.0,0.03593804401441605,0.03593804401441605,-5.804780506913313,-14243.74859798106,-14249.553378487974
55,27,0.4479586471534343,-7.749928297568097,3.0,1.0,0.9746322300961417,-14251.312064118643,14251.432980964537,0.04305217624460056,0.04305217624460056,2.0,0.0,0.03593804401441605,0.03593804401441605,-5.863690323378796,-14244.051187118042,-14249.91487744142
56,27,0.4487891698345903,-7.708295372780953,3.0,1.0,0.8190584476145935,-14251.640759539307,14252.29638587254,0.28481882238520484,0.34952225972301676,2.0,0.0,0.03593804401441605,0.03593804401441605,-5.733631495658792,-14244.510288076062,-14250.243919571722
57,27,0.4255743610004928,-7.654304844898865,3.0,1.0,0.5679899408836834,-14253.17892712548,14254.524938657789,0.1850261348517961,0.8833332609974605,2.0,0.0,0.03593804401441605,0.03593804401441605,-5.567549617290135,-14246.202677297308,-14251.770226914598
58,27,0.4485568921159898,-7.82074538921503,7.0,1.0,0.9956846186963249,-14253.411153527322,14253.839636032722,-0.18939521742140641,-0.5975874432479031,2.0,0.0,0.03593804401441605,0.03593804401441605,-6.088900477008657,-14245.925316690063,-14252.014217167072
59,27,0.44676507144344924,-7.7593208219999985,7.0,1.0,0.9875362790013192,-14251.308606600167,14253.506963575937,-0.3009978790360037,-0.3841408581156429,3.0,0.0,0.03593804401441605,0.03593804401441605,-5.893271650531834,-14244.017640017795,-14249.910911668327
60,27,0.44125615013290936,-7.759132455094085,3.0,1.0,0.7170633886933241,-14251.189886025066,14252.31403646005,0.002783976784485276,0.637894985406092,2.0,0.0,0.03593804401441605,0.03593804401441605,-5.89267753067679,-14243.89701462147,-14249.789692152148
61,27,0.4376678087639514,-7.734091033864108,3.0,1.0,0.9867464902030766,-14250.930655129669,14251.378591697085,-0.013663141451615957,-0.04754864021560934,2.0,0.0,0.03593804401441605,0.03593804401441605,-5.8140113693412605,-14243.714686160387,-14249.528697529728
62,27,0.44552965624658775,-7.726098659805746,3.0,1.0,0.9976203003935141,-14250.965668369647,14250.993117872249,0.007164704124079435,-0.09634086836558708,2.0,0.0,0.03593804401441605,0.03593804401441605,-5.789035802547573,-14243.778399144785,-14249.567434947332
63,27,0.43568785303496604,-7.706593394645457,7.0,1.0,0.7948728806702873,-14250.918414395994,14251.576144180037,-0.03179400309272751,0.4489666730441968,2.0,0.0,0.03593804401441605,0.03593804401441605,-5.728351492803948,-14243.787085949232,-14249.515437442036
64,27,0.4209598708945616,-7.756440606430008,3.0,1.0,0.3790364393729038,-14256.412611907785,14256.628607218883,2.650822947080087,2.7103094009180495,1.0,0.0,0.03593804401441605,0.03593804401441605,-5.884191164580762,-14249.116819478619,-14255.0010106432
65,27,0.43195102048933076,-7.677050097973068,3.0,1.0,0.9296995772911796,-14251.561000289688,14255.094727105457,-2.539830861345763,-2.5562881849327823,1.0,0.0,0.03593804401441605,0.03593804401441605,-5.63716163003309,-14244.518847951547,-14250.15600958158
66,27,0.4290494559979422,-7.684992944881709,1.0,1.0,0.8054912384389692,-14251.964524436711,14252.18636745547,0.2163029535950045,0.2163029535950045,1.0,0.0,0.03593804401441605,0.03593804401441605,-5.661592646304222,-14244.896296019722,-14250.557888666026
67,27,0.4378044906780412,-7.738825439123732,3.0,1.0,0.9802680501151629,-14250.991271280871,14252.651078281515,-0.2831361012868001,-0.2831361012868001,1.0,0.0,0.03593804401441605,0.03593804401441605,-5.8288361559569735,-14243.760546680112,-14249.58938283607
68,27,0.42356754340261044,-7.699524043133777,3.0,1.0,0.47981394604983113,-14253.528846681353,14254.369220573279,1.07159262449386,1.0898126908869017,1.0,0.0,0.03593804401441605,0.03593804401441605,-5.706451429820865,-14246.412455855192,-14252.118907285014
69,27,0.4267814183290894,-7.695036470738659,3.0,1.0,1.0,-14252.495475388896,14253.729986280689,-0.4895212585834088,-0.6832875253294333,2.0,0.0,0.03593804401441605,0.03593804401441605,-5.6925753620238115,-14245.39492856306,-14251.087503925084
70,27,0.45361448985799313,-7.736200250771593,7.0,1.0,0.9988498518746578,-14252.389991142183,14252.738425021833,-0.007745195762254298,-0.7053944098206557,2.0,0.0,0.03593804401441605,0.03593804401441605,-5.8206131664937635,-14245.17443990289,-14250.995053069384
71,27,0.4271007105801327,-7.7096536997569425,3.0,1.0,0.8412593611410021,-14252.52979480302,14254.524070735508,0.07968564947441337,0.29335852582516964,2.0,0.0,0.03593804401441605,0.03593804401441605,-5.737847476835971,-14245.384166550892,-14251.122014027727
72,27,0.4433699168907957,-7.678126380130857,3.0,1.0,0.8949483162119489,-14251.499954824645,14254.68578175466,-0.5153420431870472,-0.5153420431870472,2.0,0.0,0.03593804401441605,0.03593804401441605,-5.640468418764871,-14244.46028119198,-14250.100749610745
73,27,0.43794916892377034,-7.77824201609275,3.0,1.0,0.5222764000547901,-14252.101175207865,14253.61761266574,0.1855846623020625,1.0050573089411046,2.0,0.0,0.03593804401441605,0.03593804401441605,-5.953130952706538,-14244.74622884071,-14250.699359793416
74,27,0.43794916892377034,-7.77824201609275,1.0,1.0,0.055913744951126956,-14252.101175207865,14255.668837187604,0.0,2.8839450444102113,1.0,0.0,0.03593804401441605,0.03593804401441605,-5.953130952706538,-14244.74622884071,-14250.699359793416
75,27,0.4499113569837491,-7.740786582461777,3.0,1.0,0.7581540244690341,-14251.56034717511,14253.141781651806,-0.15443656975730846,0.5765682262790506,2.0,0.0,0.03593804401441605,0.03593804401441605,-5.8349836261219865,-14244.328983004263,-14250.163966630385
76,27,0.44376313844742543,-7.663629276187191,3.0,1.0,0.8842988072091794,-14252.06825444314,14252.452225608178,0.1735231949314766,0.1735231949314766,2.0,0.0,0.03593804401441605,0.03593804401441605,-5.596024536415426,-14245.073204510401,-14250.669229046816
77,27,0.4373852053573201,-7.777390306016554,3.0,1.0,0.994213626355615,-14252.148584503826,14252.529774933735,0.01751155715464847,-0.47911380241203005,2.0,0.0,0.03593804401441605,0.03593804401441605,-5.950428778161371,-14244.796054643935,-14250.746483422097
78,27,0.45052195636050923,-7.732012392434536,7.0,1.0,1.0,-14251.700735247035,14252.270796839466,-0.08284044243919197,-0.4684428160871903,3.0,0.0,0.03593804401441605,0.03593804401441605,-5.807509625212108,-14244.497090693545,-14250.304600318757
79,27,0.4346440455262092,-7.74152688216802,3.0,1.0,1.0,-14251.432231719806,14251.921047813075,-0.07875117101684737,-0.1956330212597095,2.0,0.0,0.03593804401441605,0.03593804401441605,-5.8373051960410125,-14244.191398916457,-14250.028704112498
80,27,0.45503381580130575,-7.777000900086744,3.0,1.0,0.9264770728608914,-14252.871887135982,14253.067440065393,0.24919083224449423,0.24919083224449423,2.0,0.0,0.03593804401441605,0.03593804401441605,-5.949193572654459,-14245.52827848739,-14251.477472060045
81,27,0.4452959979956902,-7.778761960874259,3.0,1.0,1.0,-14251.681089844207,14252.499529185072,-0.42004997279218514,-0.4754292348934541,2.0,0.0,0.03593804401441605,0.03593804401441605,-5.9547809100172415,-14244.327972243058,-14250.282753153075
82,27,0.4365695713352575,-7.681973850442104,3.0,1.0,0.5723370179910278,-14251.101201955249,14253.050853804645,-0.11352063770027598,1.1028575094751432,2.0,0.0,0.03593804401441605,0.03593804401441605,-5.652298928003494,-14244.046384079336,-14249.69868300734
83,27,0.4455063437049188,-7.760746236097855,3.0,1.0,0.7833161434055906,-14251.250479546497,14251.92225228261,0.03275908112846082,0.4432002298417501,2.0,0.0,0.03593804401441605,0.03593804401441605,-5.897768637217844,-14243.954467203961,-14249.85223584118
84,27,0.4431139180980397,-7.769973069257302,3.0,1.0,0.4687469548638284,-14251.421669457142,14253.515568331359,0.04669820655180956,1.597321625406039,2.0,0.0,0.03593804401441605,0.03593804401441605,-5.9269271781792305,-14244.095419307636,-14250.022346485815
85,27,0.4525337423239344,-7.659790074522486,3.0,1.0,0.4757037530024754,-14254.449050166728,14254.723769756707,1.5527540689508896,1.5527540689508896,2.0,0.0,0.03593804401441605,0.03593804401441605,-5.584289864919613,-14247.469412902852,-14253.053702767771
86,27,0.4373556241589145,-7.720661774355579,3.0,1.0,0.9901034844554676,-14250.822258121814,14253.471090658682,-1.6372213107715652,-1.6372213107715652,2.0,0.0,0.03593804401441605,0.03593804401441605,-5.772082451798961,-14243.648059530771,-14249.42014198257
87,27,0.43205063081659456,-7.736693760674096,1.0,1.0,0.6267989415193953,-14251.8005510811,14251.854650422109,0.4671294572071929,0.4671294572071929,1.0,0.0,0.03593804401441605,0.03593804401441605,-5.822158482611781,-14244.573457098852,-14250.395615581463
88,27,0.451357305055802,-7.709458940177511,3.0,1.0,0.4679248423924777,-14252.197531769287,14254.129104442009,0.18735809573627193,1.3464491989161615,2.0,0.0,0.03593804401441605,0.03593804401441605,-5.737242867898123,-14245.064485020688,-14250.801727888585
89,27,0.44832424404486165,-7.720568063963689,1.0,1.0,1.0,-14251.381558431081,14252.106376186764,-0.4009376704598253,-0.4009376704598253,1.0,0.0,0.03593804401441605,0.03593804401441605,-5.771790502252101,-14244.21273457558,-14249.984525077833
90,27,0.44095099917308056,-7.660870379038046,7.0,1.0,0.9131661868890496,-14251.833340597626,14253.074143913156,-0.0013447363107843557,0.2524782051023067,2.0,0.0,0.03593804401441605,0.03593804401441605,-5.58759036810744,-14244.845410555163,-14250.43300092327
91,27,0.43463438479717126,-7.728236279231134,3.0,1.0,1.0,-14251.185964093685,14251.851655021219,-0.09254772909844178,-0.17829766043541895,2.0,0.0,0.03593804401441605,0.03593804401441605,-5.795709444586856,-14243.986721902507,-14249.782431347094
92,27,0.4412069623845299,-7.803935337968939,3.0,1.0,0.6650881798292394,-14252.868711735306,14254.360833066374,0.3395281401499233,0.489769779251219,2.0,0.0,0.03593804401441605,0.03593804401441605,-6.034987781968202,-14245.433506630969,-14251.468494412937
93,27,0.4491071253625294,-7.7200508301914015,3.0,1.0,1.0,-14251.527884966697,14253.053932466488,-0.16283070032295655,-0.16283070032295655,2.0,0.0,0.03593804401441605,0.03593804401441605,-5.770179247020889,-14244.360996977905,-14250.131176224926
94,27,0.4326938776057329,-7.724127752693374,7.0,1.0,0.9210926654598902,-14251.436364807254,14252.07329453609,-0.02883301506517455,0.21289762329979567,3.0,0.0,0.03593804401441605,0.03593804401441605,-5.782886684658742,-14244.248897118916,-14250.031783803575
95,27,0.44387089234920873,-7.687485249527092,3.0,1.0,0.4887219536330496,-14251.302741435342,14253.395909231882,-0.1109687203024805,1.528919451397087,2.0,0.0,0.03593804401441605,0.03593804401441605,-5.669271608664391,-14244.234493481163,-14249.903765089826
96,27,0.4514848980118331,-7.697766303146227,3.0,1.0,0.6739205097470373,-14252.524539094215,14252.912337003452,0.6275128933284577,0.6275128933284577,1.0,0.0,0.03593804401441605,0.03593804401441605,-5.701013905135462,-14245.42777136752,-14251.128785272656
97,27,0.42581582996083117,-7.710776449213868,3.0,1.0,0.9614520558709142,-14252.930763079947,14253.249167403717,0.12289539294943097,-0.6157837571863638,2.0,0.0,0.03593804401441605,0.03593804401441605,-5.74133366429826,-14245.780875985023,-14251.522209649322
98,27,0.43278936257893824,-7.70643162942838,3.0,1.0,0.9072749312758329,-14251.26439199724,14254.160029962488,-0.7679241520236246,-0.7679241520236246,2.0,0.0,0.03593804401441605,0.03593804401441605,-5.727849803489345,-14244.132013514181,-14249.859863317672
99,27,0.4318826767414595,-7.655105143671845,3.0,1.0,0.9370701543049794,-14252.067986811937,14252.519331491967,0.013435131400910905,0.1929105276685732,2.0,0.0,0.03593804401441605,0.03593804401441605,-5.569990156255375,-14245.092968019884,-14250.662958176139
100,27,0.4318826767414595,-7.655105143671845,3.0,1.0,0.3118871812521757,-14252.067986811937,14257.303501575569,0.0,3.9522758539005736,2.0,0.0,0.03593804401441605,0.03593804401441605,-5.569990156255375,-14245.092968019884,-14250.662958176139
101,27,0.4400398355703404,-7.711227249143754,3.0,1.0,0.41979755239035516,-14250.723889802934,14254.217844621575,-0.22676546854927437,2.0686587886248162,2.0,0.0,0.03593804401441605,0.03593804401441605,-5.742733772994264,-14243.580376376427,-14249.323110149422
102,27,0.4460411409037311,-7.707172752970468,3.0,1.0,0.8583212296593027,-14251.19340260943,14251.238019811068,0.22893528378881456,0.24088713412129437,2.0,0.0,0.03593804401441605,0.03593804401441605,-5.730148495987302,-14244.065245169853,-14249.795393665841
103,27,0.4460411409037311,-7.707172752970468,1.0,1.0,0.46055671201362974,-14251.19340260943,14252.286851860506,0.0,0.7753192777454387,1.0,0.0,0.03593804401441605,0.03593804401441605,-5.730148495987302,-14244.065245169853,-14249.795393665841
104,27,0.4440780227711177,-7.6785321731333696,3.0,1.0,0.8587023822588585,-14251.579749882707,14252.352295056711,0.10550338394205028,0.18373579711987986,2.0,0.0,0.03593804401441605,0.03593804401441605,-5.641715485219461,-14244.53915206916,-14250.180867554378
105,27,0.4327484886576156,-7.718026344914666,3.0,1.0,1.0,-14251.350064691827,14251.596587075346,-0.04543638712311804,-0.32826849928460433,2.0,0.0,0.03593804401441605,0.03593804401441605,-5.7638752662882276,-14244.181638357199,-14249.945513623486
106,27,0.4327484886576156,-7.718026344914666,1.0,1.0,0.36444918658311265,-14251.350064691827,14252.724951437714,0.0,1.009368143058964,1.0,0.0,0.03593804401441605,0.03593804401441605,-5.7638752662882276,-14244.181638357199,-14249.945513623486
107,27,0.4295337298298929,-7.715392616576566,3.0,1.0,0.8582463474244074,-14251.971085666344,14252.251488775864,0.27930771356295736,0.27930771356295736,2.0,0.0,0.03593804401441605,0.03593804401441605,-5.755680317072515,-14244.809049106707,-14250.564729423779
108,27,0.428741456061069,-7.731517547945959,3.0,1.0,0.866135737595016,-14252.483203274242,14253.12346489502,0.27117165570234647,0.27117165570234647,2.0,0.0,0.03593804401441605,0.03593804401441605,-5.805962447015133,-14245.270426238652,-14251.076388685668
109,27,0.43259300133850315,-7.717331336722569,1.0,1.0,1.0,-14251.369220968872,14252.249214493551,-0.5430176580211992,-0.5430176580211992,1.0,0.0,0.03593804401441605,0.03593804401441605,-5.7617120472751475,-14244.202872555801,-14249.964584603076
110,27,0.4479205485264473,-7.7214625214226995,3.0,1.0,1.0,-14251.306200112533,14251.525193170572,-0.03354566874804732,-0.16690386515983846,2.0,0.0,0.03593804401441605,0.03593804401441605,-5.774577493148916,-14244.134419900816,-14249.908997393964
111,27,0.4519706810851559,-7.727056372100702,3.0,1.0,0.8370352342665154,-14252.063779047498,14252.316395952681,0.3251506660562882,0.3251506660562882,2.0,0.0,0.03593804401441605,0.03593804401441605,-5.792025212725046,-14244.876189376868,-14250.668214589592
112,27,0.43879550259962385,-7.7069707178408065,7.0,1.0,0.9989046829676864,-14250.752921693242,14251.50221705715,-0.5886892669586814,-0.5886892669586814,3.0,0.0,0.03593804401441605,0.03593804401441605,-5.729521802905568,-14243.6220081735,-14249.351529976404
113,27,0.433820904445148,-7.652511954009862,3.0,1.0,0.8405160106514514,-14252.000531983203,14252.175329836853,0.20603200246114284,0.22530156117682054,2.0,0.0,0.03593804401441605,0.03593804401441605,-5.562084458769699,-14245.034479204225,-14250.596563662995
114,27,0.4430668379496067,-7.730440811068975,7.0,1.0,0.4820861405038697,-14250.79104458364,14254.298682392095,-0.16611702653790417,2.1654599488647364,2.0,0.0,0.03593804401441605,0.03593804401441605,-5.802596773201404,-14243.58910312328,-14249.391699896481
115,27,0.44363825258883555,-7.7723187991818445,3.0,1.0,0.7576372260244915,-14251.482212992347,14251.899108741824,0.11598806354595581,0.4113550997135462,2.0,0.0,0.03593804401441605,0.03593804401441605,-5.934353702232231,-14244.148776923601,-14250.083130625833
116,27,0.44560854456631827,-7.743240171143803,3.0,1.0,0.961060346233154,-14251.02154005268,14251.76949927384,-0.06114414446892624,0.1242250725535996,2.0,0.0,0.03593804401441605,0.03593804401441605,-5.842680149072259,-14243.780661244971,-14249.623341394043
117,27,0.4497965230999735,-7.814412887137249,3.0,1.0,0.29612638377810907,-14253.17522950955,14256.082030622749,0.30520845663704677,2.714343009100048,2.0,0.0,0.03593804401441605,0.03593804401441605,-6.068557890644245,-14245.710244538366,-14251.778802429011
118,27,0.4463004562260648,-7.767109321362648,7.0,1.0,0.995315110889553,-14251.422326104903,14253.130902480418,-0.2422478831413173,-0.3573782291205134,3.0,0.0,0.03593804401441605,0.03593804401441605,-5.9178680811112745,-14244.106562059573,-14250.024430140684
119,27,0.4415745716097357,-7.73311659630965,7.0,1.0,0.8945236692634192,-14250.770895158654,14251.654739881837,-0.10314290202586562,0.23665580073247838,3.0,0.0,0.03593804401441605,0.03593804401441605,-5.810962906126438,-14243.55988969382,-14249.370852599948
120,27,0.4231541080680873,-7.726670251517177,3.0,1.0,0.4579270858819671,-14254.236178020934,14254.273422686734,1.647617479071414,1.6609954762261623,2.0,0.0,0.03593804401441605,0.03593804401441605,-5.790819862753718,-14247.035159180381,-14252.825979043135
121,27,0.4376851089607645,-7.701221052924773,7.0,1.0,0.9557890284332775,-14250.817877574777,14253.498662306589,-1.641788624392575,-1.641788624392575,3.0,0.0,0.03593804401441605,0.03593804401441605,-5.711704018534364,-14243.704224718109,-14249.415928736644
122,27,0.4405255330242971,-7.718329059256376,3.0,1.0,0.9966438566104151,-14250.710599834507,14250.87196394219,-0.019718660652870312,-0.019718660652870312,1.0,0.0,0.03593804401441605,0.03593804401441605,-5.764817618309201,-14243.545237956941,-14249.31005557525
123,27,0.4336990576972473,-7.641230441846922,3.0,1.0,0.3537060267825953,-14252.440936237468,14254.373374532626,0.2703470058440871,1.9187763773534243,2.0,0.0,0.03593804401441605,0.03593804401441605,-5.527769471807468,-14245.509132722911,-14251.036902194719
124,27,0.4349047586952789,-7.6603275085931894,1.0,1.0,1.0,-14251.693261120876,14252.330695450797,-0.13797080326730793,-0.13797080326730793,1.0,0.0,0.03593804401441605,0.03593804401441605,-5.585931666138451,-14244.703940243982,-14250.289871910121
125,27,0.43989748422452946,-7.7589584816530355,3.0,1.0,0.9700599995768964,-14251.258767212117,14251.932610604365,0.004714427503131446,-0.1515498810167628,2.0,0.0,0.03593804401441605,0.03593804401441605,-5.892128840141271,-14243.965789354239,-14249.85791819438
126,27,0.43989748422452946,-7.7589584816530355,3.0,1.0,0.7230138250421732,-14251.258767212117,14252.452163338336,0.0,0.6118809009167308,1.0,0.0,0.03593804401441605,0.03593804401441605,-5.892128840141271,-14243.965789354239,-14249.85791819438
127,27,0.44054799131135053,-7.6669947382898815,3.0,1.0,0.778320923465896,-14251.577118752497,14252.292830887314,0.07088131953059928,0.40018356664222665,2.0,0.0,0.03593804401441605,0.03593804401441605,-5.606323327743703,-14244.570262002308,-14250.176585330051
128,27,0.45427289015921624,-7.757853037088885,3.0,1.0,0.5574090678287473,-14252.515820487146,14255.632685553259,0.44636194180930033,0.8854357018954033,1.0,0.0,0.03593804401441605,0.03593804401441605,-5.888643113017189,-14245.232483965252,-14251.12112707827
129,27,0.4327944845668661,-7.759721851957893,3.0,1.0,0.45999833378141425,-14252.330859626036,14255.12503248141,0.12614166872117494,1.5579193162648153,2.0,0.0,0.03593804401441605,0.03593804401441605,-5.894536639841101,-14245.03179711121,-14250.926333751051
130,27,0.4556257818491944,-7.7609664088021475,7.0,1.0,0.953900980839732,-14252.875454158526,14253.613067532027,0.005936910167292808,-0.3205637067731004,3.0,0.0,0.03593804401441605,0.03593804401441605,-5.8984634331684065,-14245.58278889752,-14251.481252330688
131,27,0.43157316886943564,-7.69972713053954,3.0,1.0,0.939560737545221,-14251.448542541782,14254.83914952058,-0.5180861447988718,-0.5180861447988718,2.0,0.0,0.03593804401441605,0.03593804401441605,-5.707079874740474,-14244.33626177364,-14250.043341648381
132,27,0.4475068968865064,-7.723163637513975,3.0,1.0,1.0,-14251.228489308962,14251.493956551396,-0.047983701047996874,-0.21130220151462709,2.0,0.0,0.03593804401441605,0.03593804401441605,-5.779880115083822,-14244.051231535808,-14249.831111650892
133,27,0.43712017594475294,-7.741194582430401,3.0,1.0,0.7482917790631879,-14251.09853698066,14251.98004928006,-0.0645033882901771,0.5180511369744636,2.0,0.0,0.03593804401441605,0.03593804401441605,-5.836263040745351,-14243.860037690372,-14249.696300731117
134,27,0.4362395180292887,-7.704268829214575,3.0,1.0,0.9835713504894646,-14250.879340357655,14251.373685556377,-0.11668834783267812,-0.11668834783267812,1.0,0.0,0.03593804401441605,0.03593804401441605,-5.72114473342879,-14243.75550599599,-14249.476650729419
135,27,0.43931744236779463,-7.769592034294846,3.0,1.0,0.8473603836510679,-14251.621256054557,14251.786439957405,0.22613892755725828,0.22613892755725828,2.0,0.0,0.03593804401441605,0.03593804401441605,-5.925721350225245,-14244.294401295918,-14250.220122646144
136,27,0.44767132808579485,-7.728247286488008,3.0,1.0,1.0,-14251.224095877487,14251.658851625352,-0.05941999014066823,-0.26141602132884145,2.0,0.0,0.03593804401441605,0.03593804401441605,-5.795743821038158,-14244.031044108206,-14249.826787929243
137,27,0.44340528646055,-7.686782379064113,3.0,1.0,0.945303301316133,-14251.266090980123,14251.993750992116,0.0007634369139850605,0.12065515870745003,1.0,0.0,0.03593804401441605,0.03593804401441605,-5.66710538746208,-14244.199796605637,-14249.866901993099
138,27,0.4460215895985567,-7.6994656188323685,15.0,1.0,0.9482444344123578,-14251.32614013857,14251.743740810874,0.07088654818107898,0.18885322726055165,3.0,0.0,0.03593804401441605,0.03593804401441605,-5.706270646065151,-14244.221852008153,-14249.928122654219
139,27,0.4472665751286367,-7.771099234273092,3.0,1.0,0.9322002966236091,-14251.573990722914,14252.392105557294,-0.1366388994465524,0.22740149114906671,2.0,0.0,0.03593804401441605,0.03593804401441605,-5.93049190259206,-14244.246018876782,-14250.176510779374
140,27,0.4472665751286367,-7.771099234273092,1.0,1.0,0.6613194508225839,-14251.573990722914,14252.186357254355,0.0,0.4135182717254793,1.0,0.0,0.03593804401441605,0.03593804401441605,-5.93049190259206,-14244.246018876782,-14250.176510779374
141,27,0.44584763865320487,-7.785268433932282,1.0,1.0,0.95753790425726,-14251.896204089871,14251.948439630143,0.04338997201921302,0.04338997201921302,1.0,0.0,0.03593804401441605,0.03593804401441605,-5.975450966493531,-14244.522659511118,-14250.49811047761
142,27,0.43901395239002344,-7.708529403839082,3.0,1.0,0.9101073814067937,-14250.741871102035,14253.104266973232,-0.21416010206121427,-0.21416010206121427,1.0,0.0,0.03593804401441605,0.03593804401441605,-5.73435775071503,-14243.606230022779,-14249.340587773493
143,27,0.4450558043852195,-7.7408772157081165,3.0,1.0,0.9241919019646957,-14250.961900285174,14251.323859068387,0.057102636730633094,0.0904412007148494,2.0,0.0,0.03593804401441605,0.03593804401441605,-5.835267821322466,-14243.728189143552,-14249.563456964876
144,27,0.44775464191070014,-7.659122548244143,3.0,1.0,0.5882574847829171,-14253.06351826712,14253.180839234634,0.9175976902242837,0.9175976902242837,2.0,0.0,0.03593804401441605,0.03593804401441605,-5.582251048669335,-14246.08399450538,-14251.666245554048
145,27,0.4516169692012733,-7.796467999504436,7.0,1.0,0.9102813776382107,-14252.688454360285,14253.92007008959,-0.6146254618797684,-0.9223396466713893,3.0,0.0,0.03593804401441605,0.03593804401441605,-6.011129400481777,-14245.281622813241,-14251.292752213723
146,27,0.444421291734328,-7.779260761546845,3.0,1.0,0.79194092904195,-14251.687498971836,14253.82709434259,-0.16687005169114855,0.5925359880293399,2.0,0.0,0.03593804401441605,0.03593804401441605,-5.956364024130124,-14244.332407645643,-14250.288771669773
147,27,0.4446169367544471,-7.723817127881017,3.0,1.0,0.5233305218302441,-14250.88565921518,14253.10364453908,-0.09602040724166727,1.266576694424657,2.0,0.0,0.03593804401441605,0.03593804401441605,-5.781917907293724,-14243.705101924803,-14249.487019832097
148,27,0.44409085421313715,-7.782089296978286,3.0,1.0,0.7101945448858702,-14251.781099495634,14252.357521517411,0.11752755658744718,0.5200778241651278,2.0,0.0,0.03593804401441605,0.03593804401441605,-5.96534605209204,-14244.416876927724,-14250.382222979815
149,27,0.44409085421313715,-7.782089296978286,3.0,1.0,0.47128383615687547,-14251.781099495634,14254.774696242059,0.0,1.6625391157303966,1.0,0.0,0.03593804401441605,0.03593804401441605,-5.96534605209204,-14244.416876927724,-14250.382222979815
150,27,0.45378653092688326,-7.81284953857127,3.0,1.0,0.6957027175150342,-14253.538603810464,14254.6688004669,0.2726078888390475,0.6696955807492486,2.0,0.0,0.03593804401441605,0.03593804401441605,-6.063541947698895,-14246.080188064405,-14252.143730012103
