iteration,chain,B_SH,log_h_SH,n_steps,is_accept,acceptance_rate,log_density,hamiltonian_energy,hamiltonian_energy_error,max_hamiltonian_energy_error,tree_depth,numerical_error,step_size,nom_step_size,logprior,loglikelihood,logjoint
51,1,0.4520388923939329,-8.222831313926342,1.0,1.0,0.00020454669984788128,-14995.805891817014,14998.513552120834,0.0,8.494714247437514,1.0,0.0,0.02030702689678274,0.02030702689678274,-7.462674551502403,-14986.947679241704,-14994.410353793206
52,1,0.45385228440029557,-8.188272515938483,7.0,1.0,0.9809962929022478,-14994.4981166775,14995.658769756352,-0.5852259627117746,-0.5852259627117746,2.0,0.0,0.014916182722455327,0.014916182722455327,-7.338249686652636,-14985.765017693771,-14993.103267380424
53,1,0.4502072696369183,-8.202849415529718,3.0,1.0,0.7076631532164385,-14995.68591719353,14995.885686679509,0.5218893058445246,0.5389390734217159,1.0,0.0,0.014916182722455327,0.014916182722455327,-7.39058645254229,-14986.899069612253,-14994.289656064795
54,1,0.4515146711854174,-8.204359126296145,1.0,1.0,1.0,-14995.140686180315,14995.758848358066,-0.2166167931209202,-0.2166167931209202,1.0,0.0,0.014916182722455327,0.014916182722455327,-7.39601904722258,-14986.348924973303,-14993.744944020526
55,1,0.4515146711854174,-8.204359126296145,1.0,1.0,0.15475537297173741,-14995.140686180315,14997.920047229338,0.0,1.8659096476858394,1.0,0.0,0.014916182722455327,0.014916182722455327,-7.39601904722258,-14986.348924973303,-14993.744944020526
56,1,0.465012825601431,-8.266118989413327,5.0,1.0,0.9972302869597669,-14995.997763088233,14996.936319882861,-0.09776870684618189,-0.23428722984317574,2.0,0.0,0.014916182722455327,0.014916182722455327,-7.620211603855006,-14986.986348687082,-14994.606560290937
57,1,0.45402888230856425,-8.243745683668404,3.0,1.0,0.753993289899634,-14996.219544667838,14997.207360679044,0.48628319619820104,0.48628319619820104,2.0,0.0,0.014916182722455327,0.014916182722455327,-7.538554359364443,-14987.286206640292,-14994.824760999656
58,1,0.45764564391875856,-8.194750991871961,7.0,1.0,1.0,-14994.94822046958,14995.9825649561,-0.44144148631676217,-0.6737964315925637,2.0,0.0,0.014916182722455327,0.014916182722455327,-7.361483714189622,-14986.19324096016,-14993.55472467435
59,1,0.4532903603189934,-8.212312340867483,5.0,1.0,1.0,-14994.787386312231,14994.935956506104,-0.05672823228451307,-0.20151255447308358,2.0,0.0,0.014916182722455327,0.014916182722455327,-7.424675795958644,-14985.967650688695,-14993.392326484654
60,1,0.45557294899687995,-8.210640351355938,3.0,1.0,1.0,-14994.366344072638,14994.621884235454,-0.17549474705811008,-0.17549474705811008,1.0,0.0,0.014916182722455327,0.014916182722455327,-7.418646089883498,-14985.553477239257,-14992.97212332914
61,1,0.4577766099646404,-8.20332551455502,3.0,1.0,0.9008942820118513,-14994.687583925506,14994.732708886733,0.13383675162913278,0.15101475560368272,2.0,0.0,0.014916182722455327,0.014916182722455327,-7.392299417451967,-14985.901833339309,-14993.29413275676
62,1,0.4567233097680312,-8.254307263461891,7.0,1.0,0.7651293977740258,-14995.760089020685,14996.981657332499,0.22889515841961838,0.5663701837474946,2.0,0.0,0.014916182722455327,0.014916182722455327,-7.577039238301688,-14986.789235731461,-14994.366274969763
63,1,0.46101951145443953,-8.237965848815648,3.0,1.0,0.7678013193235759,-14994.91642913135,14996.618572723564,-0.2828387949266471,0.617047894247662,2.0,0.0,0.014916182722455327,0.014916182722455327,-7.517540697134028,-14986.006497613444,-14993.524038310577
64,1,0.45834904117628084,-8.248846651198598,3.0,1.0,1.0,-14995.01659402909,14995.03792996989,-0.0031260000432666857,-0.07978536379232537,2.0,0.0,0.014916182722455327,0.014916182722455327,-7.55712762476914,-14986.066208645441,-14993.62333627021
65,1,0.4557979433841286,-8.202289496055029,7.0,1.0,0.908168209441836,-14994.3882060534,14996.109024175488,-0.07724737394346448,0.20439006961532868,2.0,0.0,0.014916182722455327,0.014916182722455327,-7.388572198632894,-14985.605493506999,-14992.994065705632
66,1,0.4566654815042499,-8.21634524580768,7.0,1.0,0.9521014440007294,-14994.377678219953,14994.609773084874,-0.009556043341945042,0.08786306763795437,2.0,0.0,0.014916182722455327,0.014916182722455327,-7.439231189536181,-14985.544612793768,-14992.983843983304
67,1,0.4517826477080867,-8.178582035599188,7.0,1.0,0.927398176178443,-14994.743164848991,14995.613143698181,0.02370560311283043,0.11305759362949175,2.0,0.0,0.014916182722455327,0.014916182722455327,-7.303574656675174,-14986.043952667209,-14993.347527323884
68,1,0.4533152286897234,-8.19019485593486,3.0,1.0,0.8199917190654943,-14994.49888405686,14995.216616318488,-0.01813618619053159,0.3342733423160098,2.0,0.0,0.014916182722455327,0.014916182722455327,-7.345139475268146,-14985.75869412603,-14993.103833601299
69,1,0.452540012836835,-8.189427458531902,1.0,1.0,0.9732133727791167,-14994.587629138368,14994.591240580305,0.027151927128215902,0.027151927128215902,1.0,0.0,0.014916182722455327,0.014916182722455327,-7.3423886310962745,-14985.84989551091,-14993.192284142006
70,1,0.45456652214017884,-8.160690163905935,7.0,1.0,0.5004075843121862,-14995.724778526108,14997.093293030048,0.2910949223260104,1.1834222121688072,2.0,0.0,0.014916182722455327,0.014916182722455327,-7.239799689891126,-14987.090393395247,-14994.330193085138
71,1,0.45632001900604857,-8.222225210271548,7.0,1.0,0.9988901441707717,-14994.455039585806,14995.89250981306,-0.2994373145611462,-0.3074997023322794,2.0,0.0,0.014916182722455327,0.014916182722455327,-7.460482057551772,-14985.600602133252,-14993.061084190804
72,1,0.45872064219742265,-8.236405510504307,5.0,1.0,0.8892232480991676,-14994.619899009893,14995.003238534578,-0.013254720337499748,0.2134813241482334,2.0,0.0,0.014916182722455327,0.014916182722455327,-7.511873524211867,-14985.714891848416,-14993.226765372629
73,1,0.46372926957680477,-8.264904723401726,5.0,1.0,0.7312618497231298,-14995.634961222384,14996.452281869892,0.08115672370149696,0.4772032708333427,2.0,0.0,0.014916182722455327,0.014916182722455327,-7.615766975373768,-14986.627623727874,-14994.243390703248
74,1,0.45874845890431115,-8.262755693619104,3.0,1.0,0.6860119864073839,-14995.668248683449,14996.599588101273,0.14498379256656335,0.56993560373121,2.0,0.0,0.014916182722455327,0.014916182722455327,-7.6079044060208805,-14986.667219886092,-14994.275124292113
75,1,0.4660257044329311,-8.256276361254875,3.0,1.0,0.752354713749228,-14996.580645860693,14997.29189866458,0.3056198841222795,0.4470951867187978,2.0,0.0,0.014916182722455327,0.014916182722455327,-7.584226684740294,-14987.605497112481,-14995.18972379722
76,1,0.46224541832357086,-8.245083756689171,3.0,1.0,0.977619543826461,-14995.197222160257,14996.640881254983,-0.39861188345457776,-0.48503124935268715,1.0,0.0,0.014916182722455327,0.014916182722455327,-7.543423934291616,-14986.261785914732,-14993.805209849024
77,1,0.45749552801839866,-8.255677237850364,3.0,1.0,0.9060877468008002,-14995.582333641763,14995.914652455449,0.14466136302871746,0.15452371729588776,2.0,0.0,0.014916182722455327,0.014916182722455327,-7.582039401052764,-14986.606747121255,-14994.188786522309
78,1,0.4549357622348748,-8.172488527838825,7.0,1.0,0.9808909490682307,-14995.15381575721,14996.690230921331,-0.08296380602041609,-0.23062033315363806,2.0,0.0,0.014916182722455327,0.014916182722455327,-7.281818609257007,-14986.477546472248,-14993.759365081505
79,1,0.455672813738556,-8.171001687167973,1.0,1.0,0.8814570229476445,-14995.465335512248,14995.631660254705,0.12617903278805898,0.12617903278805898,1.0,0.0,0.014916182722455327,0.014916182722455327,-7.276515680608058,-14986.794634823318,-14994.071150503925
80,1,0.45549865801094325,-8.182638461898069,3.0,1.0,0.9773220774721828,-14994.836728021734,14995.523370299838,-0.1864944191675022,-0.27417428018452483,1.0,0.0,0.014916182722455327,0.014916182722455327,-7.3180781657758285,-14986.124402475496,-14993.442480641272
81,1,0.45497025261972485,-8.221259355118738,7.0,1.0,0.9978127067100137,-14994.633790542777,14995.334556840211,-0.03207642137022049,-0.11570656148433045,2.0,0.0,0.014916182722455327,0.014916182722455327,-7.456988972756659,-14985.782363425535,-14993.239352398292
82,1,0.45901283186544584,-8.21663233541997,3.0,1.0,0.9950591097041537,-14994.684188073383,14994.684775802021,0.014933624457626138,-0.1001870731543022,2.0,0.0,0.014916182722455327,0.014916182722455327,-7.440267961594237,-14985.850883279403,-14993.291151240997
83,1,0.4581564482448682,-8.21646623516077,1.0,1.0,1.0,-14994.508647228624,14994.654663296324,-0.0689935045047605,-0.0689935045047605,1.0,0.0,0.014916182722455327,0.014916182722455327,-7.439668110589772,-14985.675656585783,-14993.115324696373
84,1,0.45484415584509175,-8.22754970924921,3.0,1.0,0.7808558304999181,-14994.893012694367,14995.396285523353,0.14437471271230606,0.39244956914990325,2.0,0.0,0.014916182722455327,0.014916182722455327,-7.4797552384754,-14986.018773449945,-14993.49852868842
85,1,0.45726514196566403,-8.22894851933464,3.0,1.0,1.0,-14994.513737370467,14994.803228698414,-0.17977845890709432,-0.17977845890709432,1.0,0.0,0.014916182722455327,0.014916182722455327,-7.48482323782062,-14985.635287886462,-14993.120111124283
86,1,0.4548394366681288,-8.188402630825772,7.0,1.0,0.9600411128741771,-14994.545910118813,14995.429348181982,0.01789432074292563,0.083407826763505,2.0,0.0,0.014916182722455327,0.014916182722455327,-7.338715910073386,-14985.812708483896,-14993.15142439397
87,1,0.45830609082321566,-8.233536598460029,7.0,1.0,0.8826275136414392,-14994.568191600514,14995.901863144925,-0.026157434524066048,0.20806787575747876,2.0,0.0,0.014916182722455327,0.014916182722455327,-7.501459944781915,-14985.673459477926,-14993.174919422709
88,1,0.456148942861642,-8.223321797553952,5.0,1.0,0.7882179138822945,-14994.493502542726,14995.222361930553,0.028289356365348794,0.42401765669819724,2.0,0.0,0.014916182722455327,0.014916182722455327,-7.464449075342992,-14985.635037712027,-14993.09948678737
89,1,0.4560063913836907,-8.223540937639315,1.0,1.0,0.9906310903923016,-14994.515814388176,14994.549092683488,0.009413073905307101,0.009413073905307101,1.0,0.0,0.014916182722455327,0.014916182722455327,-7.465241981407197,-14985.656506172334,-14993.12174815374
90,1,0.46387225167218593,-8.258174335435454,5.0,1.0,0.8030401536143451,-14995.634555326407,14996.54563201047,0.12733497066983546,0.30728262726916,2.0,0.0,0.014916182722455327,0.014916182722455327,-7.591158191144499,-14986.651868241051,-14994.243026432196
91,1,0.4604460843749986,-8.228234479818157,7.0,1.0,1.0,-14994.865015063777,14995.981050055743,-0.01980979315339937,-0.13808712692480185,3.0,0.0,0.014916182722455327,0.014916182722455327,-7.482235971817852,-14985.990207018205,-14993.472442990023
92,1,0.4580697670877217,-8.245611891376686,7.0,1.0,0.9601362566581313,-14994.925598474601,14995.367899321102,-0.05985455625159375,-0.13194142729662417,2.0,0.0,0.014916182722455327,0.014916182722455327,-7.545346438370986,-14985.986900252256,-14993.532246690627
93,1,0.4633071334098381,-8.2506223166532,3.0,1.0,0.9067254075397022,-14995.486891508674,14995.70363208763,0.10940730480979255,0.14444404709138325,2.0,0.0,0.014916182722455327,0.014916182722455327,-7.563599151690063,-14986.53159797613,-14994.095197127821
94,1,0.4620770770527151,-8.252233514041993,3.0,1.0,0.9638396261650781,-14995.166813364864,14995.84844637514,-0.12793377748130297,-0.12793377748130297,2.0,0.0,0.014916182722455327,0.014916182722455327,-7.569473992622476,-14986.205275808892,-14993.774749801514
95,1,0.4577688293036694,-8.22730304481028,5.0,1.0,0.8216466792145795,-14994.477165230614,14995.794565597387,-0.06145672884667874,0.33116260055976454,2.0,0.0,0.014916182722455327,0.014916182722455327,-7.4788617566843785,-14985.604849657851,-14993.083711414536
96,1,0.4535265281569075,-8.193902146138372,9.0,1.0,0.9928673109911301,-14994.46737871417,14994.5227678496,0.009635745769628556,0.016222100897721248,3.0,0.0,0.014916182722455327,0.014916182722455327,-7.358437074106713,-14985.713970610952,-14993.072407685058
97,1,0.45716786052019637,-8.2213152030911,7.0,1.0,0.958455160662946,-14994.412967450548,14995.027120614439,-0.010556070792517858,0.07388476801133947,2.0,0.0,0.014916182722455327,0.014916182722455327,-7.457190925564134,-14985.562116736888,-14993.019307662453
98,1,0.45542911320057383,-8.170020878733949,9.0,1.0,0.6905434610666253,-14995.438388119117,14996.122834336591,0.302763047575354,0.6988356050096627,3.0,0.0,0.014916182722455327,0.014916182722455327,-7.273018763989985,-14986.771096998464,-14994.044115762454
99,1,0.4595448984992123,-8.184177111601104,7.0,1.0,0.7619692609360627,-14996.487203634528,14997.645119290313,0.5579939764193114,0.7198262743022497,2.0,0.0,0.014916182722455327,0.014916182722455327,-7.323583819997627,-14987.770757470404,-14995.094341290402
100,1,0.45672152762614343,-8.219584953456419,5.0,1.0,0.9290075461600626,-14994.399302352846,14996.089266881558,-0.8581832414820383,-0.8581832414820383,2.0,0.0,0.014916182722455327,0.014916182722455327,-7.4509355888512365,-14985.5545520914,-14993.005487680251
101,1,0.4490966190918827,-8.19382022318831,7.0,1.0,0.6806026530705817,-14995.88788523984,14998.506880606454,0.542402632519952,0.5559123567327333,2.0,0.0,0.014916182722455327,0.014916182722455327,-7.358143077953238,-14987.133029097324,-14994.491172175278
102,1,0.4495177984153696,-8.184172110377533,3.0,1.0,1.0,-14995.382313390179,14996.092411121195,-0.26324298825602455,-0.26324298825602455,1.0,0.0,0.014916182722455327,0.014916182722455327,-7.323565920596338,-14986.662206985053,-14993.98577290565
103,1,0.4583578107002415,-8.24597760875075,9.0,1.0,0.8659036662782615,-14994.900357813141,14995.825308189365,-0.2464896255878557,0.37309898998319113,3.0,0.0,0.014916182722455327,0.014916182722455327,-7.546677878026508,-14985.960425118412,-14993.507102996438
104,1,0.45990373728619105,-8.247098410171466,3.0,1.0,1.0,-14994.855923128851,14994.931024360054,-0.04996134026441723,-0.05463358028100629,2.0,0.0,0.014916182722455327,0.014916182722455327,-7.550759128256409,-14985.912418031401,-14993.463177159658
105,1,0.4546407663321719,-8.200789058182956,7.0,1.0,0.9760886599202762,-14994.383943931021,14995.94403850425,-0.017455476359828026,0.05297051526758878,2.0,0.0,0.014916182722455327,0.014916182722455327,-7.383176070246608,-14985.606209607246,-14992.989385677492
106,1,0.4564376517457389,-8.217788286281552,9.0,1.0,0.9963373049723406,-14994.38900295649,14994.404396042763,0.0005130224581080256,0.00724030550372845,3.0,0.0,0.014916182722455327,0.014916182722455327,-7.444443302488641,-14985.550645624055,-14992.995088926544
107,1,0.45883330435713077,-8.216648680320862,7.0,1.0,0.8738604542960697,-14994.640460932565,14994.93856723737,0.09846118649329583,0.2583090221232851,3.0,0.0,0.014916182722455327,0.014916182722455327,-7.440326990718723,-14985.807037713064,-14993.247364703782
108,1,0.45278200762561466,-8.219734996703584,3.0,1.0,0.6406593919715377,-14995.274048688021,14996.248319631091,0.27664782544343325,0.7201704248218448,2.0,0.0,0.014916182722455327,0.014916182722455327,-7.451477918636039,-14986.427318248281,-14993.878796166917
109,1,0.4555419936938612,-8.19169783469521,9.0,1.0,0.9631360665049379,-14994.55104223338,14996.097311454665,-0.3148800041872164,-0.33772024187783245,3.0,0.0,0.014916182722455327,0.014916182722455327,-7.350528820674982,-14985.806281575708,-14993.156810396382
110,1,0.45539559187366463,-8.204666736484059,7.0,1.0,1.0,-14994.360376245962,14994.754971625434,-0.05303521746827755,-0.05303521746827755,2.0,0.0,0.014916182722455327,0.014916182722455327,-7.39712624172086,-14985.568965594632,-14992.966091836353
111,1,0.46097209178098913,-8.221673926510197,7.0,1.0,0.4490789040881012,-14995.195539279614,14997.538408185554,0.3007877093459683,1.8127287357983732,3.0,0.0,0.014916182722455327,0.014916182722455327,-7.458488185809867,-14986.344645385907,-14993.803133571717
112,1,0.4560616989669029,-8.227609312931536,7.0,1.0,0.896694629874009,-14994.615373843624,14996.152515131387,-0.24127369307279878,0.3230349214281887,3.0,0.0,0.014916182722455327,0.014916182722455327,-7.479971147410067,-14985.741356066568,-14993.221327213978
113,1,0.4559653690309197,-8.215724418436086,7.0,1.0,0.9991298118105438,-14994.388180052887,14994.773079315819,-0.06385855759799597,-0.06556536992684414,2.0,0.0,0.014916182722455327,0.014916182722455327,-7.436989465928737,-14985.557109795216,-14992.994099261145
114,1,0.46301574246297933,-8.24715423278922,7.0,1.0,0.5645782731156005,-14995.42061449178,14997.328894960943,0.19694916370644933,1.1588346045718936,2.0,0.0,0.014916182722455327,0.014916182722455327,-7.550962431781641,-14986.477871335048,-14994.02883376683
115,1,0.4583247814725755,-8.22280171374667,7.0,1.0,0.9878163541553237,-14994.49177522595,14995.500043027003,-0.17874668953663786,-0.1839293131051818,3.0,0.0,0.014916182722455327,0.014916182722455327,-7.462567468521106,-14985.635941856139,-14993.09850932466
116,1,0.45164957442571807,-8.225476533771502,7.0,1.0,0.6680641351858938,-14996.20534908236,14996.506434719337,0.738848706600038,0.8273667367211601,2.0,0.0,0.014916182722455327,0.014916182722455327,-7.472247559105104,-14987.337412111927,-14994.809659671031
117,1,0.4591886365385225,-8.192259985714902,5.0,1.0,1.0,-14995.728315414357,14996.235938638325,-0.19620155011034512,-0.6361605492747913,2.0,0.0,0.014916182722455327,0.014916182722455327,-7.352545148856739,-14986.982791342847,-14994.335336491704
118,1,0.4525399833875748,-8.212299667200039,3.0,1.0,1.0,-14995.039844197281,14995.83994313347,-0.27822337420730037,-0.41667528808829957,2.0,0.0,0.014916182722455327,0.014916182722455327,-7.424630080318862,-14986.219869109318,-14993.644499189637
119,1,0.45467647742430045,-8.197459000703885,7.0,1.0,0.9991664694019459,-14994.397433033077,14995.011990096062,-0.2808553754875902,-0.2808553754875902,2.0,0.0,0.014916182722455327,0.014916182722455327,-7.371207997370776,-14985.631679843103,-14993.002887840474
120,1,0.45510823698817987,-8.19414688053413,3.0,1.0,0.9897117328768422,-14994.45242680071,14994.457147622752,0.015743145788292168,0.015743145788292168,2.0,0.0,0.014916182722455327,0.014916182722455327,-7.359315390201982,-14985.698723301657,-14993.05803869186
121,1,0.4592198840353813,-8.225197726196415,15.0,1.0,0.9809008233514364,-14994.615278525383,14994.74273877226,0.04254229934304021,0.05124782179154863,4.0,0.0,0.014916182722455327,0.014916182722455327,-7.471238229138036,-14985.751071640056,-14993.222309869194
122,1,0.4613979865393465,-8.218261104684922,3.0,1.0,0.810132854102886,-14995.506981484981,14995.564807340696,0.38384301615406,0.38384301615406,2.0,0.0,0.014916182722455327,0.014916182722455327,-7.4461515265894285,-14986.668557301044,-14994.114708827634
123,1,0.4540833292365984,-8.19200360398289,9.0,1.0,0.9733280332574326,-14994.450593057254,14995.52453422141,-0.43865536671910377,-0.43865536671910377,3.0,0.0,0.014916182722455327,0.014916182722455327,-7.3516255174267995,-14985.704204054084,-14993.055829571511
124,1,0.45446845798438645,-8.21060535070172,7.0,1.0,0.8238206093767284,-14994.477258200766,14995.329781406519,0.0453435952149448,0.38203108869674907,3.0,0.0,0.014916182722455327,0.014916182722455327,-7.418519896681468,-14985.664116883769,-14993.08263678045
125,1,0.4558759930003473,-8.203858270938614,7.0,1.0,0.9957976574581334,-14994.37797226819,14994.49144986806,-0.04290311779186595,-0.04936957517020346,2.0,0.0,0.014916182722455327,0.014916182722455327,-7.394216499587105,-14985.589643212916,-14992.983859712504
126,1,0.4582990301738199,-8.242402738090995,7.0,1.0,0.9472701588544652,-14994.78266344346,14995.455509748112,0.03415735561429756,0.09588097856249078,2.0,0.0,0.014916182722455327,0.014916182722455327,-7.533668852243175,-14985.855720041627,-14993.389388893871
127,1,0.4558308573884969,-8.194519412488356,7.0,1.0,0.9906629519685076,-14994.523701733373,14995.140646385757,0.009759686818142654,0.029607271855638828,2.0,0.0,0.014916182722455327,0.014916182722455327,-7.360652468093699,-14985.768920643686,-14993.12957311178
128,1,0.45238887506493186,-8.19200118952678,3.0,1.0,0.996337473254826,-14994.621816142731,14994.625613746606,0.011048389536881587,-0.04628433924699493,2.0,0.0,0.014916182722455327,0.014916182722455327,-7.351616857177851,-14985.874796289616,-14993.226413146795
129,1,0.4558632165158738,-8.196209900379552,7.0,1.0,0.995999913929832,-14994.490451432357,14994.892591506044,-0.01847694392199628,-0.04911596165584342,3.0,0.0,0.014916182722455327,0.014916182722455327,-7.366721648373026,-14985.729612682233,-14993.096334330607
130,1,0.4574722154467799,-8.198200671811836,3.0,1.0,0.9181858824039854,-14994.765858946224,14994.84371181795,0.12318611493356002,0.12318611493356002,1.0,0.0,0.014916182722455327,0.014916182722455327,-7.373872569234083,-14985.998431270502,-14993.372303839737
131,1,0.45401627016452945,-8.210773540584267,7.0,1.0,0.9507937762111623,-14994.56299446015,14994.946757166816,-0.08068124521378195,-0.1611316011294548,2.0,0.0,0.014916182722455327,0.014916182722455327,-7.419126308542271,-14985.749079804873,-14993.168206113416
132,1,0.45971937363107795,-8.227516811366392,7.0,1.0,1.0,-14994.695630367121,14994.937908895095,-0.00566323239763733,-0.08189514594050706,2.0,0.0,0.014916182722455327,0.014916182722455327,-7.479636070399457,-14985.823188667791,-14993.30282473819
133,1,0.45213727512202184,-8.181388540777455,7.0,1.0,0.9992309298542134,-14994.674491772319,14995.275895564766,-0.06010934711048321,-0.08052254943504522,2.0,0.0,0.014916182722455327,0.014916182722455327,-7.3136073937708455,-14985.965384413848,-14993.27899180762
134,1,0.4537324001052038,-8.18290662289086,3.0,1.0,0.9979880609195636,-14994.592916706359,14994.692220546816,-0.007811490117092035,-0.007811490117092035,2.0,0.0,0.014916182722455327,0.014916182722455327,-7.319037539175533,-14985.878985171777,-14993.198022710953
135,1,0.4535003892124643,-8.209335465464745,7.0,1.0,0.8247300770308365,-14994.646490656289,14995.304483303064,0.09986199970080634,0.4028533832188259,3.0,0.0,0.014916182722455327,0.014916182722455327,-7.413942214097188,-14985.837567607448,-14993.251509821546
136,1,0.4559667018322109,-8.191920424944138,5.0,1.0,0.9996917154408915,-14994.614510119409,14994.736934895665,-0.03723309026827337,-0.08566693440116069,2.0,0.0,0.014916182722455327,0.014916182722455327,-7.351327171530304,-14985.869102629315,-14993.220429800846
137,1,0.4535876785834182,-8.208873123070482,7.0,1.0,0.9957777158379556,-14994.614661406717,14994.7233798837,0.023920040894154226,-0.08216671135596698,2.0,0.0,0.014916182722455327,0.014916182722455327,-7.4122759625728,-14985.807437332785,-14993.219713295359
138,1,0.46075855211730554,-8.228109594495029,7.0,1.0,0.9697520624937701,-14994.95926672872,14995.351610893513,0.07327624070239835,0.10738682378359954,2.0,0.0,0.014916182722455327,0.014916182722455327,-7.481783512060975,-14986.08501024223,-14993.566793754291
139,1,0.453901394378259,-8.22290481795071,3.0,1.0,0.9753705743060803,-14994.992254593011,14995.26230850291,0.07676040051410382,-0.09863417256201501,2.0,0.0,0.014916182722455327,0.014916182722455327,-7.4629404668555255,-14986.13448310546,-14993.597423572315
140,1,0.4568442497310259,-8.170141777370313,7.0,1.0,0.7833640232517942,-14996.017110059365,14997.344000064424,0.32191591186892765,0.7338073566988896,2.0,0.0,0.014916182722455327,0.014916182722455327,-7.27344975688582,-14987.349888378818,-14994.623338135703
141,1,0.45445969473701314,-8.160183160448007,3.0,1.0,0.9991418406809601,-14995.721992573011,14996.532048685189,-0.24618300851761887,-0.24618300851761887,1.0,0.0,0.014916182722455327,0.014916182722455327,-7.237997157493843,-14987.08937077616,-14994.327367933654
142,1,0.4492129565960595,-8.159295904654996,3.0,1.0,0.8292884030958653,-14995.438848550388,14996.668283858744,-0.22400063555869565,0.46607880561168713,2.0,0.0,0.014916182722455327,0.014916182722455327,-7.2348433452494465,-14986.807339956682,-14994.042183301932
143,1,0.45279335433374773,-8.160691791201138,3.0,1.0,0.9881358390833318,-14995.288190749001,14995.770818489593,0.021734643691161182,-0.02352485531446291,2.0,0.0,0.014916182722455327,0.014916182722455327,-7.239805475773056,-14986.653137076313,-14993.892942552086
144,1,0.447152167115035,-8.170234385690229,3.0,1.0,0.7894935001567429,-14996.216606602498,14996.530315167356,0.38461850341082027,0.38461850341082027,2.0,0.0,0.014916182722455327,0.014916182722455327,-7.273779907203596,-14987.545297889701,-14994.819077796905
145,1,0.447152167115035,-8.170234385690229,1.0,1.0,0.17254419208175872,-14996.216606602498,14999.41792670433,0.0,1.7571018893395376,1.0,0.0,0.014916182722455327,0.014916182722455327,-7.273779907203596,-14987.545297889701,-14994.819077796905
146,1,0.45820165634571197,-8.229385850435966,9.0,1.0,0.8135840040933805,-14994.510325923626,14996.732051002275,-0.5051804428530886,0.674769650117014,3.0,0.0,0.014916182722455327,0.014916182722455327,-7.4864081244193486,-14985.630610498682,-14993.117018623101
147,1,0.45512211170935374,-8.203651184826166,15.0,1.0,0.9990277231913509,-14994.365275508238,14994.631876173089,-0.0050369174605293665,-0.005069699422165286,4.0,0.0,0.014916182722455327,0.014916182722455327,-7.393471282704008,-14985.577421139275,-14992.970892421978
148,1,0.45675481968681664,-8.228693731025855,15.0,1.0,0.9724994037294133,-14994.549830649574,14994.589409037113,0.03527330383622029,0.050855800984209054,4.0,0.0,0.014916182722455327,0.014916182722455327,-7.483899973926195,-14985.672127612166,-14993.156027586092
149,1,0.45162071652177066,-8.175464954118134,19.0,1.0,0.9944669176269813,-14994.799385533655,14995.255016884452,-0.012348147467491799,-0.03411140477146546,4.0,0.0,0.014916182722455327,0.014916182722455327,-7.292440898873051,-14986.111243952328,-14993.4036848512
150,1,0.4550008142254168,-8.172328970364964,3.0,1.0,0.8675733140959113,-14995.179489918773,14995.27698955517,0.17581348461499147,0.20905802756351477,2.0,0.0,0.014916182722455327,0.014916182722455327,-7.281249429683218,-14986.503813440253,-14993.785062869936
51,2,0.45757026225986724,-8.188945478454658,1.0,1.0,2.364096282233245e-6,-14995.185266508832,14996.532790524829,0.0,12.955114730724745,1.0,0.0,0.02457309199206748,0.02457309199206748,-7.3406612066515855,-14986.451083757189,-14993.79174496384
52,2,0.4523244848527401,-8.206063348261894,7.0,1.0,0.999324151255742,-14994.898105334121,14995.806014206264,-0.11200910206753178,-0.3193263573648437,3.0,0.0,0.01520303338906887,0.01520303338906887,-7.402154316259789,-14986.100523254943,-14993.502677571203
53,2,0.45413624779910566,-8.190198182809752,3.0,1.0,0.9906178674230331,-14994.472498971787,14994.804408300699,-0.22002331712246814,-0.22002331712246814,2.0,0.0,0.01520303338906887,0.01520303338906887,-7.345151402202239,-14985.732603676435,-14993.077755078637
54,2,0.45716354364750333,-8.215931760468854,7.0,1.0,0.9666248512885846,-14994.396784119543,14996.077395526941,0.0069062832571944455,0.06341414594862727,2.0,0.0,0.01520303338906887,0.01520303338906887,-7.437738107078071,-14985.565384734153,-14993.00312284123
55,2,0.4494456773283454,-8.189894859560106,9.0,1.0,0.7800042125947299,-14995.56450407034,14995.760393317452,0.425670156157139,0.45541718315143953,3.0,0.0,0.01520303338906887,0.01520303338906887,-7.344064025862666,-14986.823870111873,-14994.167934137737
56,2,0.4537367644078601,-8.201667602269518,7.0,1.0,0.8086120068956255,-14994.471378909146,14996.41411795535,-0.3966164998237218,0.6607609642105672,3.0,0.0,0.01520303338906887,0.01520303338906887,-7.386335365864165,-14985.690151177156,-14993.07648654302
57,2,0.4560013254333667,-8.215134203906336,5.0,1.0,0.6280721469794169,-14994.380670736904,14995.813298953943,-0.035741055055041215,0.95488931869113,2.0,0.0,0.01520303338906887,0.01520303338906887,-7.434858638536894,-14985.55174406696,-14992.986602705496
58,2,0.45681261594603423,-8.211630375930937,7.0,1.0,0.9967670595268112,-14994.38615955756,14994.487090753899,0.0050466308057366405,0.007572735335998004,3.0,0.0,0.01520303338906887,0.01520303338906887,-7.42221608402597,-14985.57016054237,-14992.992376626395
59,2,0.458798174149918,-8.243604790802173,15.0,1.0,0.7937191209167856,-14994.78279546659,14995.560074852025,0.014837403623459977,0.45097120817081304,4.0,0.0,0.01520303338906887,0.01520303338906887,-7.5380417199589775,-14985.85164586429,-14993.38968758425
60,2,0.46109584125776787,-8.252628123963571,3.0,1.0,0.9674540619553212,-14995.037875143838,14995.143391668962,-0.004954196476319339,0.06547689543367596,2.0,0.0,0.01520303338906887,0.01520303338906887,-7.570913237854845,-14986.074595010019,-14993.645508247873
61,2,0.46316783842246034,-8.279033136346731,7.0,1.0,0.9861459660991417,-14995.966599250254,14996.007689769978,0.03190512671426404,0.03190512671426404,3.0,0.0,0.01520303338906887,0.01520303338906887,-7.66757302221362,-14986.90729065785,-14994.574863680064
62,2,0.4586147626926048,-8.237298929266391,15.0,1.0,0.9997884148347412,-14994.635783947186,14996.01366032467,-0.04767423540215532,-0.058391905384269194,4.0,0.0,0.01520303338906887,0.01520303338906887,-7.515118137078875,-14985.727496922013,-14993.24261505909
63,2,0.455648990824949,-8.231802613691555,3.0,1.0,0.8987294138187503,-14994.851006638848,14995.1266511374,0.151519247878241,0.151519247878241,1.0,0.0,0.01520303338906887,0.01520303338906887,-7.495169916039832,-14985.961643197215,-14993.456813113255
64,2,0.455648990824949,-8.231802613691555,1.0,1.0,0.814587854287903,-14994.851006638848,14995.269726579378,0.0,0.20507299391101697,1.0,0.0,0.01520303338906887,0.01520303338906887,-7.495169916039832,-14985.961643197215,-14993.456813113255
65,2,0.46347317809502425,-8.245325901012782,5.0,1.0,0.8580756295959151,-14995.617743252027,14996.013860288922,0.14460526161565213,0.2609974584502197,2.0,0.0,0.01520303338906887,0.01520303338906887,-7.544305348018133,-14986.68179241624,-14994.226097764258
66,2,0.46332513161976374,-8.245926056939714,1.0,1.0,1.0,-14995.548884827154,14995.855208824822,-0.033053378683689516,-0.033053378683689516,1.0,0.0,0.01520303338906887,0.01520303338906887,-7.546490189139029,-14986.6107055677,-14994.15719575684
67,2,0.45383623814120866,-8.212841255681756,7.0,1.0,0.9349355675026372,-14994.654359897037,14996.461655616939,-0.1541063021559239,0.26930949505549506,2.0,0.0,0.01520303338906887,0.01520303338906887,-7.426583806756989,-14985.832920817265,-14993.259504624022
68,2,0.4587258657887941,-8.23234960531625,7.0,1.0,0.5963469992148133,-14994.565247151955,14996.627211042047,-0.12406608024866728,1.274399694033491,2.0,0.0,0.01520303338906887,0.01520303338906887,-7.4971538032035525,-14985.674961448227,-14993.172115251431
69,2,0.46051531532366496,-8.240745291410445,7.0,1.0,0.975731539271923,-14994.81977342171,14995.16097382421,0.034837965982660535,0.04883239850096288,3.0,0.0,0.01520303338906887,0.01520303338906887,-7.527641706788052,-14985.89958166643,-14993.427223373219
70,2,0.4606749441335422,-8.250212385772883,3.0,1.0,0.6866225349227887,-14994.95773802542,14995.831694576127,-0.02341969178087311,0.6428343579391367,2.0,0.0,0.01520303338906887,0.01520303338906887,-7.562104852310652,-14986.003133760338,-14993.565238612648
71,2,0.45684832822611426,-8.221669068475833,7.0,1.0,0.9973563546589561,-14994.41818205042,14995.21516752325,-0.016816247862152522,-0.02136354711910826,2.0,0.0,0.01520303338906887,0.01520303338906887,-7.458470616722218,-14985.56594092862,-14993.024411545342
72,2,0.45684832822611426,-8.221669068475833,3.0,1.0,0.4657039854098284,-14994.41818205042,14996.404853510416,0.0,1.4792563249211526,1.0,0.0,0.01520303338906887,0.01520303338906887,-7.458470616722218,-14985.56594092862,-14993.024411545342
73,2,0.45335655973080075,-8.17968960959229,5.0,1.0,0.9155200747688477,-14994.652626969619,14998.47261205307,0.005302528490574332,0.15567199084034655,2.0,0.0,0.01520303338906887,0.01520303338906887,-7.307533088066519,-14985.950058990973,-14993.257592079039
74,2,0.45829770900606076,-8.240428346407754,15.0,1.0,0.9823919437687066,-14994.723201941262,14994.780031834061,0.014872481473503285,0.04209578377958678,4.0,0.0,0.01520303338906887,0.01520303338906887,-7.526489479653549,-14985.803437468174,-14993.329926947827
75,2,0.45916001726146577,-8.244047932937413,3.0,1.0,1.0,-14994.781349259601,14994.818239696675,-0.012661106258747168,-0.024743804380705114,2.0,0.0,0.01520303338906887,0.01520303338906887,-7.539654161826159,-14985.848706765177,-14993.388360927003
76,2,0.45383089403397187,-8.177484963631908,11.0,1.0,0.9825038455795778,-14994.745285472327,14994.869820820742,0.027279550224193372,0.0422534488952806,3.0,0.0,0.01520303338906887,0.01520303338906887,-7.299654968490871,-14986.050773240104,-14993.350428208594
77,2,0.45447146820077555,-8.20803217096943,7.0,1.0,0.9988183958660997,-14994.43895253654,14994.996518613016,-0.013425526178252767,-0.04325085879281687,2.0,0.0,0.01520303338906887,0.01520303338906887,-7.40924577461651,-14985.635086447215,-14993.044332221833
78,2,0.45305032483535956,-8.199979264594182,3.0,1.0,0.3631353000156359,-14994.570536225692,14998.301055144508,0.04427749693786609,2.8574587748571503,2.0,0.0,0.01520303338906887,0.01520303338906887,-7.38026468901906,-14985.795120987035,-14993.175385676055
79,2,0.44772794224463525,-8.17533487680734,7.0,1.0,0.5815401987421044,-14996.02343046179,14998.071324302486,0.4231219416087697,1.211139494276722,3.0,0.0,0.01520303338906887,0.01520303338906887,-7.291976492990928,-14987.334169970125,-14994.626146463115
80,2,0.45033567878386155,-8.171682511889296,1.0,1.0,1.0,-14995.045290122212,14995.652779771712,-0.41286394346752786,-0.41286394346752786,1.0,0.0,0.01520303338906887,0.01520303338906887,-7.2789436186072844,-14986.370136970016,-14993.649080588622
81,2,0.4584865846919142,-8.19253961740986,7.0,1.0,0.7704154969512095,-14995.376813964735,14996.975693077682,0.3690913475074922,0.414510905098723,3.0,0.0,0.01520303338906887,0.01520303338906887,-7.353548251954347,-14986.63005402744,-14993.983602279395
82,2,0.4538354012632473,-8.2279437691005,7.0,1.0,1.0,-14995.261800558555,14995.64368847837,-0.06579298560245661,-0.38647763589142414,2.0,0.0,0.01520303338906887,0.01520303338906887,-7.481182750453236,-14986.38576222336,-14993.866944973814
83,2,0.45525955576402266,-8.24101459305949,7.0,1.0,0.9430774633341276,-14995.450236449702,14996.147035220505,0.012868133086158196,-0.3343011739762005,2.0,0.0,0.01520303338906887,0.01520303338906887,-7.5286208094208575,-14986.527282222964,-14994.055903032384
84,2,0.45525955576402266,-8.24101459305949,1.0,1.0,0.5358533562181007,-14995.450236449702,14996.785651607413,0.0,0.6238947444890073,1.0,0.0,0.01520303338906887,0.01520303338906887,-7.5286208094208575,-14986.527282222964,-14994.055903032384
85,2,0.45546814496436144,-8.229505062180852,3.0,1.0,0.9741999265195463,-14994.803915966308,14995.497188152614,-0.22630997515443596,-0.3165743857171037,1.0,0.0,0.01520303338906887,0.01520303338906887,-7.486840180598272,-14985.922817451725,-14993.409657632323
86,2,0.45604422813582046,-8.220918263485625,3.0,1.0,0.9952052818629591,-14994.456802365701,14994.763150956675,-0.126083579241822,-0.1452655399498326,1.0,0.0,0.01520303338906887,0.01520303338906887,-7.455755613168232,-14985.606993932737,-14993.062749545905
87,2,0.45176028210359825,-8.22806436824483,1.0,1.0,0.4437616615822154,-14996.327401265935,14996.332813545005,0.8124676589159208,0.8124676589159208,1.0,0.0,0.01520303338906887,0.01520303338906887,-7.481619661119536,-14987.450135369385,-14994.931755030504
88,2,0.46441631662982635,-8.234508914079472,7.0,1.0,1.0,-14996.453224504587,14996.789482105878,-0.08996322483835684,-0.8304703654721379,2.0,0.0,0.01520303338906887,0.01520303338906887,-7.5049883348166535,-14987.556864145019,-14995.061852479836
89,2,0.451845813177229,-8.22677483207476,5.0,1.0,0.9944033478456114,-14996.180749765366,14996.7472070172,0.028382253241943545,-0.7329197255494364,2.0,0.0,0.01520303338906887,0.01520303338906887,-7.476948639482947,-14987.308188178455,-14994.785136817938
90,2,0.4592105283529441,-8.172857710222653,5.0,1.0,0.8280408101060626,-14997.210806306117,14998.228299367736,0.38492464311639196,0.5093195740155352,2.0,0.0,0.01520303338906887,0.01520303338906887,-7.2831356684941415,-14988.53469890843,-14995.817834576925
91,2,0.4509201170801227,-8.205978613070233,7.0,1.0,1.0,-14995.469145950723,14996.978800747906,-0.6832107984992035,-1.12385734149575,3.0,0.0,0.01520303338906887,0.01520303338906887,-7.401849197477557,-14986.671320332258,-14994.073169529736
92,2,0.4509413276749353,-8.203140185866943,1.0,1.0,1.0,-14995.339813912022,14995.8242085356,-0.06291448483352724,-0.06291448483352724,1.0,0.0,0.01520303338906887,0.01520303338906887,-7.391632593218785,-14986.552213305096,-14993.943845898315
93,2,0.45375567794267263,-8.192217759370363,3.0,1.0,1.0,-14994.458791906009,14995.033096184368,-0.3993499186763074,-0.3993499186763074,1.0,0.0,0.01520303338906887,0.01520303338906887,-7.352393680058498,-14985.711512918811,-14993.06390659887
94,2,0.44700659656002584,-8.15899754931381,7.0,1.0,0.7541314431773571,-14996.1631902806,14997.019007503579,0.3336321848928492,0.5238322522163799,3.0,0.0,0.01520303338906887,0.01520303338906887,-7.233782997365989,-14987.53181614995,-14994.765599147317
95,2,0.4573145619969393,-8.207364907648616,15.0,1.0,0.992330335580587,-14994.495653349946,14996.079506654878,-0.2831217757811828,-0.3174017950477719,4.0,0.0,0.01520303338906887,0.01520303338906887,-7.4068419395841465,-14985.695202174187,-14993.102044113772
96,2,0.45820963910483875,-8.24514000020838,5.0,1.0,0.9966149996941416,-14994.887720143935,14995.32907158241,0.008611519187979866,-0.054514490360816126,2.0,0.0,0.01520303338906887,0.01520303338906887,-7.543628657422117,-14985.950786873842,-14993.494415531264
97,2,0.45963154986482746,-8.236106605739186,3.0,1.0,0.9161282545527133,-14994.674079833345,14995.103918138384,-0.04635602498456137,0.16325307026818336,2.0,0.0,0.01520303338906887,0.01520303338906887,-7.510788175342125,-14985.770457511964,-14993.281245687307
98,2,0.44365560538379123,-8.089019094455749,11.0,1.0,0.8428569199970262,-15000.026625839992,15000.508017512546,0.17078476668939402,0.27940510106054717,3.0,0.0,0.01520303338906887,0.01520303338906887,-6.987540141720317,-14991.640011255475,-14998.627551397196
99,2,0.4485183266232636,-8.098960981155926,3.0,1.0,0.41715250320885316,-14999.219082889267,15002.934662858554,0.17535275289264973,1.593841061461717,2.0,0.0,0.01520303338906887,0.01520303338906887,-7.02222559340442,-14990.799904888236,-14997.82213048164
100,2,0.4412394556946975,-8.096184619736178,3.0,1.0,0.970531998295901,-15000.39799208585,15000.901407776004,0.0925583751177328,-0.27876202593870403,2.0,0.0,0.01520303338906887,0.01520303338906887,-7.0125294215234115,-14991.98526083487,-14998.997790256393
101,2,0.4481729125147141,-8.099120655606747,3.0,1.0,1.0,-14999.123495808206,15000.835595164443,-0.1425565731296956,-0.2531633423004678,2.0,0.0,0.01520303338906887,0.01520303338906887,-7.022783475278886,-14990.703615648243,-14997.726399123521
102,2,0.44892527079222533,-8.119058011961306,3.0,1.0,1.0,-14997.416591626565,14999.252237498724,-0.18211067732408992,-0.2170619627340784,2.0,0.0,0.01520303338906887,0.01520303338906887,-7.092642359966056,-14988.927165572417,-14996.019807932384
103,2,0.45106061904852807,-8.169362885127727,3.0,1.0,0.809739481726138,-14994.959625149426,14998.14195770625,-0.1895821089801757,0.3686339822725131,2.0,0.0,0.01520303338906887,0.01520303338906887,-7.270673331504816,-14986.293031018937,-14993.563704350441
104,2,0.45244280239048645,-8.169195052823895,3.0,1.0,1.0,-14994.912096700737,14995.029323548515,-2.030890937021468e-5,-0.014334653382320539,2.0,0.0,0.01520303338906887,0.01520303338906887,-7.270075158916658,-14986.246639262203,-14993.51671442112
105,2,0.4502978151186196,-8.162913615093023,3.0,1.0,0.9959605359936766,-14995.181715735316,14995.199841037345,0.012192418393169646,0.012192418393169646,2.0,0.0,0.01520303338906887,0.01520303338906887,-7.247707686874334,-14986.537783315254,-14993.785491002129
106,2,0.44672754082156474,-8.12196312968561,3.0,1.0,0.764107475409212,-14997.243092709266,14997.859781460866,0.07354400911208359,0.39264337527311,2.0,0.0,0.01520303338906887,0.01520303338906887,-7.1028548376250065,-14988.742526767186,-14995.845381604811
107,2,0.4487204408796589,-8.146928614630779,3.0,1.0,0.8056489054737156,-14995.843216638787,14997.71264069159,-0.04917529015438049,0.3597816486035299,2.0,0.0,0.01520303338906887,0.01520303338906887,-7.190964916635435,-14987.255383279224,-14994.44634819586
108,2,0.4502449851899252,-8.147232234116316,7.0,1.0,1.0,-14995.7231121119,14996.02875054986,-0.008607964125985745,-0.06655384285659238,3.0,0.0,0.01520303338906887,0.01520303338906887,-7.192040309599832,-14987.134825841873,-14994.326866151472
109,2,0.4524516028446637,-8.186396618697403,3.0,1.0,1.0,-14994.604820550481,14995.705634945814,-0.03329046592079976,-0.03406042975620949,2.0,0.0,0.01520303338906887,0.01520303338906887,-7.331529914372605,-14985.87791173494,-14993.209441649313
110,2,0.4591107473974349,-8.233180663936253,11.0,1.0,1.0,-14994.600854503395,14994.628777308528,-0.013539267909436603,-0.029314280734979548,3.0,0.0,0.01520303338906887,0.01520303338906887,-7.500168547255497,-14985.707681408072,-14993.207849955328
111,2,0.459247344790187,-8.233229445181152,3.0,1.0,0.9986366101041836,-14994.6142806672,14994.62761277209,0.004098557310499018,-0.0060535992961376905,2.0,0.0,0.01520303338906887,0.01520303338906887,-7.500345527312925,-14985.720975499436,-14993.22132102675
112,2,0.4584446286575811,-8.244807237304002,7.0,1.0,0.9404342393685575,-14994.848361924216,14994.983440762453,0.03241936768426967,0.12202570719091455,3.0,0.0,0.01520303338906887,0.01520303338906887,-7.5424174658604635,-14985.912718735202,-14993.455136201062
113,2,0.4575622967320306,-8.218445173735102,7.0,1.0,0.951441542645739,-14994.423045810103,14995.113351870847,-0.03884574740550306,0.09095457978037302,2.0,0.0,0.01520303338906887,0.01520303338906887,-7.4468166017437545,-14985.582704939696,-14993.029521541439
114,2,0.46125277131944525,-8.205747218326337,3.0,1.0,0.634292084834426,-14996.0625279498,14996.145013894431,0.7215386848401977,0.7215386848401977,1.0,0.0,0.01520303338906887,0.01520303338906887,-7.401016016105519,-14987.269194076773,-14994.670210092878
115,2,0.45614460487782893,-8.190509345188076,7.0,1.0,1.0,-14994.694190981867,14996.52921718713,-0.622466326229187,-0.7265609757978382,2.0,0.0,0.01520303338906887,0.01520303338906887,-7.346266976451101,-14985.953906716386,-14993.300173692836
116,2,0.4592848680923993,-8.230667403018462,7.0,1.0,0.977061261193833,-14994.609314107387,14995.13810524205,-0.08649578287986515,-0.08836767069806228,2.0,0.0,0.01520303338906887,0.01520303338906887,-7.491053568552155,-14985.725313207844,-14993.216366776396
117,2,0.456370837136078,-8.228303532832635,7.0,1.0,0.9883180598924606,-14994.587480601469,14995.096425664233,0.023620489129825728,0.03293633958492137,3.0,0.0,0.01520303338906887,0.01520303338906887,-7.482486157713148,-14985.71105693263,-14993.193543090343
118,2,0.4553286017862864,-8.191753958091287,7.0,1.0,0.9964687074007291,-14994.521670593074,14994.801217543458,-0.016187841107239365,-0.040895138057749136,2.0,0.0,0.01520303338906887,0.01520303338906887,-7.350730110361667,-14985.77663195853,-14993.127362068892
119,2,0.45497303381972387,-8.196590449467957,3.0,1.0,0.6385996290188868,-14994.41013979252,14995.593973063646,-0.036136839331447845,0.8300985769237741,2.0,0.0,0.01520303338906887,0.01520303338906887,-7.368088287671568,-14985.647614370417,-14993.01570265809
120,2,0.4517501045807518,-8.167991703884722,5.0,1.0,0.9225497216509346,-14994.94393620916,14995.327124879363,0.01637996276622289,0.13430370851710904,2.0,0.0,0.01520303338906887,0.01520303338906887,-7.2657871173982995,-14986.282498891316,-14993.548286008714
121,2,0.45185499871802576,-8.16432122887919,1.0,1.0,0.9881765758415483,-14995.056334695239,14995.05655330581,0.011893876715475926,0.011893876715475926,1.0,0.0,0.01520303338906887,0.01520303338906887,-7.252716606261074,-14986.40800871291,-14993.66072531917
122,2,0.44927347004197515,-8.173550146692644,3.0,1.0,0.8808784955031466,-14995.334407111683,14995.49567271438,0.1691609526933462,0.19590422103647143,2.0,0.0,0.01520303338906887,0.01520303338906887,-7.285606305183588,-14986.652160385634,-14993.937766690819
123,2,0.4539703095148216,-8.16782342205795,3.0,1.0,0.9571363066229042,-14995.154720019778,14995.518455508824,-0.05797472741869569,0.09089326047433133,2.0,0.0,0.01520303338906887,0.01520303338906887,-7.265187573444192,-14986.494727039173,-14993.759914612618
124,2,0.45368037684494944,-8.213785842524718,5.0,1.0,0.8952023237488836,-14994.721932464641,14998.716357055126,-0.01175605986827577,0.2920649154839339,2.0,0.0,0.01520303338906887,0.01520303338906887,-7.42999201150531,-14985.897027024383,-14993.327019035887
125,2,0.46075247354011856,-8.218844005978724,5.0,1.0,0.7830384522748359,-14995.198711640793,14995.707388123803,0.17209569366968935,0.40369669379469997,2.0,0.0,0.01520303338906887,0.01520303338906887,-7.44825777184752,-14986.357978974282,-14993.80623674613
126,2,0.4564009645190884,-8.198430416602775,9.0,1.0,0.9858438277496016,-14994.521499391845,14996.277545695733,-0.2723488257452118,-0.3111642135827424,3.0,0.0,0.01520303338906887,0.01520303338906887,-7.374698075663221,-14985.75287439748,-14993.127572473144
127,2,0.45639954678117073,-8.232813649551828,7.0,1.0,0.9798469110656541,-14994.72462838769,14995.14867443249,0.03113130598285352,0.057116264826618135,2.0,0.0,0.01520303338906887,0.01520303338906887,-7.498837082573025,-14985.831863888125,-14993.330700970697
128,2,0.4542095130968762,-8.243798261405516,1.0,1.0,0.5645718851566103,-14996.126596138329,14996.221324989843,0.5716875604412053,0.5716875604412053,1.0,0.0,0.01520303338906887,0.01520303338906887,-7.53874566881263,-14987.193133664217,-14994.73187933303
129,2,0.45697324238498727,-8.22784368470959,15.0,1.0,0.7395005523666845,-14994.510821549675,14997.343974667228,-0.6372271797808935,1.0674950574521063,4.0,0.0,0.01520303338906887,0.01520303338906887,-7.480820172374208,-14985.636274254033,-14993.117094426407
130,2,0.4550563686518545,-8.187799263900297,7.0,1.0,0.9380699476621037,-14994.586363481123,14995.44607413961,0.030564957813112414,0.1292078964979737,2.0,0.0,0.01520303338906887,0.01520303338906887,-7.336554088155706,-14985.855402494024,-14993.191956582179
131,2,0.45341704369300867,-8.219296162390556,7.0,1.0,0.5614981559617711,-14995.005400587133,14996.848971730204,0.2146234563733742,1.3191850256662292,2.0,0.0,0.01520303338906887,0.01520303338906887,-7.449891819858209,-14986.160496629249,-14993.610388449108
132,2,0.457084398559443,-8.216833096502375,3.0,1.0,0.9914439758341795,-14994.39180673119,14994.784920363998,-0.2724307509670325,-0.2724307509670325,2.0,0.0,0.01520303338906887,0.01520303338906887,-7.4409930227969285,-14985.557125081557,-14992.998118104355
133,2,0.4529583151046704,-8.193688188471427,7.0,1.0,0.8916714818099217,-14994.534253243959,14995.113212277105,0.032939173963313806,0.20144134591828333,2.0,0.0,0.01520303338906887,0.01520303338906887,-7.357669260278168,-14985.781398533238,-14993.139067793516
134,2,0.4538309378591877,-8.188465056602762,3.0,1.0,0.8370129625881083,-14994.495459479302,14994.970683056234,-0.03271670076537703,0.3118039955115819,2.0,0.0,0.01520303338906887,0.01520303338906887,-7.338939598091381,-14985.761662633802,-14993.100602231894
135,2,0.45687521578498097,-8.174903494000134,3.0,1.0,0.7396641608480902,-14995.704495691105,14995.783850072266,0.471998769649872,0.471998769649872,2.0,0.0,0.01520303338906887,0.01520303338906887,-7.290436478369974,-14987.020298056299,-14994.310734534669
136,2,0.46067747854193336,-8.199833001617494,15.0,1.0,0.9194463866854744,-14996.085604134832,14996.352079016708,0.26859797317229095,-0.47964291300377226,3.0,0.0,0.01520303338906887,0.01520303338906887,-7.379738912239025,-14987.313366612085,-14994.693105524324
137,2,0.45349262197234214,-8.243237002790178,5.0,1.0,0.9786300696747077,-14996.484403662673,14996.745887383724,0.07656663485795434,-0.7363988146189513,2.0,0.0,0.01520303338906887,0.01520303338906887,-7.5367036149629065,-14987.552716298122,-14995.089419913085
138,2,0.4562001899146515,-8.218444955959306,5.0,1.0,1.0,-14994.406182990124,14996.239072326467,-0.8177373843354871,-0.8177373843354871,2.0,0.0,0.01520303338906887,0.01520303338906887,-7.446815814859943,-14985.56536952641,-14993.01218534127
139,2,0.4570855072947637,-8.20023575430872,7.0,1.0,0.9314839744532001,-14994.608099463432,14995.118551042107,0.09727144427597523,0.1321310775820166,2.0,0.0,0.01520303338906887,0.01520303338906887,-7.3811867534669355,-14985.833224466607,-14993.214411220075
140,2,0.4469955266181238,-8.137843278251932,7.0,1.0,0.9523259980569885,-14996.488498932009,14998.260970881427,0.008458495432932978,0.2091328766218794,2.0,0.0,0.01520303338906887,0.01520303338906887,-7.158828121607157,-14987.932074930224,-14995.09090305183
141,2,0.45193689046835067,-8.153062829119694,7.0,1.0,1.0,-14995.55328682977,14996.479763266978,-0.027820096227515023,-0.13047018179531733,3.0,0.0,0.01520303338906887,0.01520303338906887,-7.212709636798349,-14986.94499962593,-14994.157709262729
142,2,0.4478957262011319,-8.152586805605743,3.0,1.0,0.986064699025904,-14995.883389520075,14996.003094638787,0.04270491498027695,-0.07124352147184254,2.0,0.0,0.01520303338906887,0.01520303338906887,-7.21102086977444,-14987.275155473892,-14994.486176343666
143,2,0.45542886095851326,-8.191618767125153,5.0,1.0,0.9794835400580896,-14994.537483848591,14996.46060124909,-0.09597579797446087,-0.09597579797446087,2.0,0.0,0.01520303338906887,0.01520303338906887,-7.350245245774695,-14985.792966155492,-14993.143211401266
144,2,0.45912467495594417,-8.23462423465625,7.0,1.0,0.9851364887240524,-14994.614346455412,14995.01497718111,-0.035549525635360624,0.04469132628219086,2.0,0.0,0.01520303338906887,0.01520303338906887,-7.505406878901519,-14985.715939614225,-14993.221346493126
145,2,0.45773417593333754,-8.220571434172705,7.0,1.0,0.9936102667115989,-14994.43584886145,14994.999395637582,-0.0022188041111803614,0.014389615649633924,2.0,0.0,0.01520303338906887,0.01520303338906887,-7.454501625892104,-14985.587881622832,-14993.042383248725
146,2,0.45678570907861243,-8.203354993848182,7.0,1.0,0.9588835892795553,-14994.481365783073,14994.623189897566,0.04283895023218065,0.08603155103082827,2.0,0.0,0.01520303338906887,0.01520303338906887,-7.392405488962252,-14985.695167993808,-14993.087573482771
147,2,0.4616230132608493,-8.241485709973757,7.0,1.0,0.9188765587250762,-14995.047956175225,14995.415437634796,0.06350054158974672,0.19613878868767642,2.0,0.0,0.01520303338906887,0.01520303338906887,-7.530333828194248,-14986.125419392056,-14993.65575322025
148,2,0.4531280528139283,-8.215120173750476,11.0,1.0,0.8281828400401036,-14994.93771076652,14996.305711655137,0.12661447583741392,0.47670384513730824,3.0,0.0,0.01520303338906887,0.01520303338906887,-7.434807990277495,-14986.107781655917,-14993.542589646195
149,2,0.4464637057724396,-8.222344724597729,1.0,1.0,0.09556556196741225,-15000.359112392609,15000.50264044295,2.347942754289761,2.347942754289761,1.0,0.0,0.01520303338906887,0.01520303338906887,-7.460914354587597,-14991.500372913231,-14998.961287267819
150,2,0.46902936696830916,-8.244157131585323,5.0,1.0,0.9847391937156752,-14999.534399047776,15001.613933266819,-0.6608667220862117,-1.5810434903305577,2.0,0.0,0.01520303338906887,0.01520303338906887,-7.5400515283182115,-14990.604209058803,-14998.144260587122
51,3,0.4481542711971558,-8.172537568078102,15.0,1.0,0.9983179531124993,-14995.764860381072,14995.813363409585,-0.00013877046876586974,-0.25750097063973953,4.0,0.0,0.013083879775572576,0.013083879775572576,-7.2819935526045425,-14987.085762329403,-14994.367755882007
52,3,0.4486156862001476,-8.159249220298548,7.0,1.0,0.9765929352104862,-14995.584756660459,14996.309055943671,-0.24401652298365661,-0.31534554594327346,3.0,0.0,0.016058886908650444,0.016058886908650444,-7.234677424267249,-14986.953167316946,-14994.187844741213
53,3,0.44820314362596775,-8.143699720859379,3.0,1.0,0.9919480154307189,-14996.03600961961,14996.308607197689,-0.05518297478192835,-0.11872780171506747,2.0,0.0,0.016058886908650444,0.016058886908650444,-7.17953416778288,-14987.459391433824,-14994.638925601606
54,3,0.44685719414708025,-8.137802763308374,1.0,1.0,0.9295393177599771,-14996.525618302803,14996.550186216678,0.07306617281210492,0.07306617281210492,1.0,0.0,0.016058886908650444,0.016058886908650444,-7.1586849963769446,-14987.969278022469,-14995.127963018846
55,3,0.4505408710254751,-8.138487016318537,3.0,1.0,1.0,-14996.223156793845,14996.749999582356,-0.013253476119643892,-0.1376318749244092,2.0,0.0,0.016058886908650444,0.016058886908650444,-7.161102444952869,-14987.665926980064,-14994.827029425016
56,3,0.44964059194709627,-8.144157113209834,1.0,1.0,1.0,-14995.871574873287,14996.148105575057,-0.08712351658323314,-0.08712351658323314,1.0,0.0,0.016058886908650444,0.016058886908650444,-7.181152768727872,-14987.293931659675,-14994.475084428403
57,3,0.44987976502180044,-8.141042659645928,1.0,1.0,0.9775196068207221,-14996.026226038008,14996.053604681836,0.022736929195161792,0.022736929195161792,1.0,0.0,0.016058886908650444,0.016058886908650444,-7.170135608190268,-14987.459697093462,-14994.629832701652
58,3,0.4529177335319487,-8.145519076254566,3.0,1.0,0.8445971474890971,-14996.247543975307,14996.639114860978,0.26914590863998455,0.26914590863998455,2.0,0.0,0.016058886908650444,0.016058886908650444,-7.185973665610202,-14987.666369443892,-14994.852343109502
59,3,0.4487504977836889,-8.147999873098069,3.0,1.0,0.9921499823539608,-14995.80369930534,14996.751242368815,-0.28136562186773517,-0.28136562186773517,2.0,0.0,0.016058886908650444,0.016058886908650444,-7.194759629138566,-14987.212083691056,-14994.406843320196
60,3,0.4436037263480811,-8.144876721007648,3.0,1.0,0.638528752968848,-14997.982204226311,14998.019999640372,0.8213368369470118,0.8213368369470118,2.0,0.0,0.016058886908650444,0.016058886908650444,-7.1836997102347535,-14989.399406376577,-14996.583106086811
61,3,0.4471337500789669,-8.155955870841261,3.0,1.0,0.9554057549489404,-14996.11204029617,14998.37470323117,-0.5980744912194496,-0.5980744912194496,2.0,0.0,0.016058886908650444,0.016058886908650444,-7.222978023083771,-14987.491525591715,-14994.7145036148
62,3,0.45043952473516197,-8.123273354223642,15.0,1.0,0.9895773834613248,-14997.342078276499,14997.385946696651,0.042471905868296744,-0.2945941283705906,4.0,0.0,0.016058886908650444,0.016058886908650444,-7.107463484379183,-14988.838446884736,-14995.945910369115
63,3,0.4445629492201289,-8.122563962436615,3.0,1.0,0.9832253375991539,-14997.775683162494,14999.30977047565,-0.03755315012313076,0.051634391715197125,2.0,0.0,0.016058886908650444,0.016058886908650444,-7.104968022504079,-14989.272051527725,-14996.37701955023
64,3,0.4411464163924131,-8.095231402420872,3.0,1.0,0.8811776864875448,-15000.494994592631,15001.33171468787,0.27604446108489356,0.27604446108489356,2.0,0.0,0.016058886908650444,0.016058886908650444,-7.0092021804288045,-14992.08554619782,-14999.09474837825
65,3,0.4485347344828991,-8.095187974145237,3.0,1.0,0.9893807849917939,-14999.639147954125,15000.902925809169,-0.03697114142232749,-0.07248298605918535,2.0,0.0,0.016058886908650444,0.016058886908650444,-7.009050614031321,-14991.233151761397,-14998.242202375428
66,3,0.4556092461677571,-8.170186839986009,3.0,1.0,0.9749375465582268,-14995.491507526336,15000.083671715043,-0.1485764402350469,-0.1485764402350469,2.0,0.0,0.016058886908650444,0.016058886908650444,-7.273610404845929,-14986.82368937587,-14994.097299780715
67,3,0.4525941804213452,-8.246062550435553,15.0,1.0,0.4920590860241308,-14997.334566061461,14998.544664535948,0.9306179648447142,1.472288532579114,4.0,0.0,0.016058886908650444,0.016058886908650444,-7.54698713795059,-14988.392254668417,-14995.939241806367
68,3,0.4567540473131659,-8.22481071247198,3.0,1.0,0.9942418701173715,-14994.468177372106,14996.084668440742,-1.3180641931903665,-1.3180641931903665,2.0,0.0,0.016058886908650444,0.016058886908650444,-7.469837303686956,-14985.604536735711,-14993.074374039397
69,3,0.4492520217721685,-8.177954501545257,7.0,1.0,0.8494469509321322,-14995.382731100304,14995.72083267405,0.2767345732445392,0.2767345732445392,2.0,0.0,0.016058886908650444,0.016058886908650444,-7.3013324159503155,-14986.684749467102,-14993.986081883053
70,3,0.4535883492589424,-8.154383515503898,3.0,1.0,0.9930550842034779,-14995.829098180877,14995.830464246603,0.021054853341411217,-0.26243589416117175,2.0,0.0,0.016058886908650444,0.016058886908650444,-7.217396162411015,-14987.216754158293,-14994.434150320703
71,3,0.4509046018971177,-8.191121127038949,7.0,1.0,0.9272732850235218,-14995.001200035333,14996.205737243261,-0.090315262796139,0.2069454905231396,2.0,0.0,0.016058886908650444,0.016058886908650444,-7.34846060901644,-14986.256756853203,-14993.60521746222
72,3,0.45537713818350545,-8.178486141389378,3.0,1.0,0.9349104829745348,-14994.982946245244,14995.401768060987,-0.04106270010743174,0.1285011083164136,2.0,0.0,0.016058886908650444,0.016058886908650444,-7.30323199176738,-14986.28542320472,-14993.588655196487
73,3,0.4520491996870252,-8.205273571542527,7.0,1.0,0.8943726514506279,-14994.968606310307,14995.660865443315,0.08307532930666639,0.23077949265643838,3.0,0.0,0.016058886908650444,0.016058886908650444,-7.39931072654493,-14986.17376155104,-14993.573072277584
74,3,0.4590454612054695,-8.204366843016077,7.0,1.0,0.9186532002837362,-14995.057191536343,14995.512638138669,0.053625891592673725,0.21966731061547762,2.0,0.0,0.016058886908650444,0.016058886908650444,-7.396046821185387,-14986.268118649881,-14993.664165471067
75,3,0.45597913414555236,-8.175204776437123,9.0,1.0,0.9978904383640912,-14995.33034348839,14995.335927158229,0.00473051554763515,-0.3375765745404351,3.0,0.0,0.016058886908650444,0.016058886908650444,-7.291512021705969,-14986.644755561205,-14993.93626758291
76,3,0.44712288437109565,-8.162482248067315,3.0,1.0,0.9754919024667811,-14996.126825413296,14996.359608173809,0.07636745335184969,-0.14811121120328608,2.0,0.0,0.016058886908650444,0.016058886908650444,-7.246173086711844,-14987.483110997337,-14994.72928408405
77,3,0.4485708510415238,-8.157909092321532,3.0,1.0,1.0,-14995.614431781687,14996.029530277146,-0.27688515143381665,-0.3285634846542962,2.0,0.0,0.016058886908650444,0.016058886908650444,-7.22991540149234,-14986.987585825325,-14994.217501226818
78,3,0.4513208856435119,-8.172936485082056,15.0,1.0,1.0,-14994.869969375824,14995.664560945546,-0.1142149447950942,-0.1425982502169063,4.0,0.0,0.016058886908650444,0.016058886908650444,-7.283416715679999,-14986.190734466263,-14993.474151181943
79,3,0.44760992907447394,-8.14272035705869,3.0,1.0,0.8885744164934705,-14996.187760706003,14997.646144535278,0.08941940076329047,0.16779765373757982,1.0,0.0,0.016058886908650444,0.016058886908650444,-7.176069139625488,-14987.61435761447,-14994.790426754094
80,3,0.4494720599987992,-8.133350590756189,3.0,1.0,0.9077136037452286,-14996.453093925795,14996.920323081697,-0.005418527183792321,0.16432704565340828,2.0,0.0,0.016058886908650444,0.016058886908650444,-7.142967017499463,-14987.91356775309,-14995.05653477059
81,3,0.4569123335529613,-8.227135799277143,5.0,1.0,0.9944292603763365,-14994.500968598371,14997.077344843352,-0.09356322227540659,-0.09356322227540659,2.0,0.0,0.016058886908650444,0.016058886908650444,-7.4782559851288415,-14985.62896435271,-14993.107220337839
82,3,0.4531459297440189,-8.20547590617971,7.0,1.0,0.9228911320520379,-14994.644521780827,14995.907722755617,0.10336469832873263,0.16311771170330758,2.0,0.0,0.016058886908650444,0.016058886908650444,-7.400039172626922,-14985.849368249405,-14993.249407422032
83,3,0.45256534572910434,-8.209036055516654,1.0,1.0,0.875874030826694,-14994.912034505483,14995.054401030571,0.13253299881216662,0.13253299881216662,1.0,0.0,0.016058886908650444,0.016058886908650444,-7.412863135981105,-14986.10383607634,-14993.516699212321
84,3,0.45676427665094715,-8.199198294598162,7.0,1.0,0.7775080406488385,-14994.568577766317,14995.552138638182,-0.1670965746161528,0.5833135502689402,3.0,0.0,0.016058886908650444,0.016058886908650444,-7.377457555944315,-14985.797320442929,-14993.174777998873
85,3,0.45446253490972416,-8.22133168360284,7.0,1.0,0.4538377898769111,-14994.758651497234,14997.920641701794,0.06813045003036677,2.9059038373579824,2.0,0.0,0.016058886908650444,0.016058886908650444,-7.4572505216203435,-14985.906777379618,-14993.364027901238
86,3,0.4548633426714029,-8.214018797169285,3.0,1.0,0.9953176826394002,-14994.476948882459,14994.741367718141,-0.12563677625803393,-0.13645811704736843,1.0,0.0,0.016058886908650444,0.016058886908650444,-7.430832682416889,-14985.651639180762,-14993.08247186318
87,3,0.45592393490668365,-8.190924376116149,7.0,1.0,0.6240377221357595,-14994.63608938166,14995.813651437706,0.052384085132871405,0.9470000946894288,2.0,0.0,0.016058886908650444,0.016058886908650444,-7.347755089215135,-14985.894238783287,-14993.241993872502
88,3,0.45314427658925044,-8.1844499125069,7.0,1.0,0.998870985204472,-14994.564576636278,14994.685930321955,-0.09290781655727187,-0.10050146735193266,3.0,0.0,0.016058886908650444,0.016058886908650444,-7.324560213538951,-14985.844901438786,-14993.169461652325
89,3,0.44883102084767124,-8.197049810395846,3.0,1.0,0.6279450509058927,-14996.190377406636,14996.273139251905,0.8103773229231592,0.8103773229231592,1.0,0.0,0.016058886908650444,0.016058886908650444,-7.369738151322472,-14987.423816608069,-14994.793554759392
90,3,0.46168367140644695,-8.216224362416629,5.0,1.0,0.5116928908014621,-14995.741748784,14998.992757114152,-0.18266048401528678,1.8461823854231625,2.0,0.0,0.016058886908650444,0.016058886908650444,-7.438794665755665,-14986.910769881664,-14994.34956454742
91,3,0.45802070634527614,-8.243277585455457,5.0,1.0,0.976630819997532,-14994.843372997393,14996.030491750316,-0.5698086062911898,-0.5753802062190516,2.0,0.0,0.016058886908650444,0.016058886908650444,-7.536851258234275,-14985.91315337177,-14993.450004630004
92,3,0.4553355153350739,-8.193112638431755,7.0,1.0,0.7678102278062636,-14994.49254914657,14996.321461691015,-0.029688057033126825,0.559466844484632,2.0,0.0,0.016058886908650444,0.016058886908650444,-7.355604054228399,-14985.742639058546,-14993.098243112774
93,3,0.4462723047981587,-8.181106918157205,7.0,1.0,0.5622104743937518,-14997.13384630578,14997.71830815522,1.07320805733616,1.2087105803420854,3.0,0.0,0.016058886908650444,0.016058886908650444,-7.312600289442835,-14988.423337813962,-14995.735938103404
94,3,0.4570337505988903,-8.206042698509965,7.0,1.0,0.99909386626522,-14994.472508468105,14996.147041884757,-1.0629522612107394,-1.10915483703684,2.0,0.0,0.016058886908650444,0.016058886908650444,-7.402079958922469,-14985.676722354103,-14993.078802313024
95,3,0.44542331237173005,-8.158956015694905,7.0,1.0,0.6518798850073992,-14996.997124504043,14997.53448402997,0.6841508463439823,0.7829983106585132,3.0,0.0,0.016058886908650444,0.016058886908650444,-7.233635394917147,-14988.365208742649,-14995.598844137567
96,3,0.447875684209452,-8.151195668975625,1.0,1.0,1.0,-14995.913550746967,14996.655474453411,-0.5786606714391382,-0.5786606714391382,1.0,0.0,0.016058886908650444,0.016058886908650444,-7.206086896203159,-14987.31024222679,-14994.516329122993
97,3,0.45073128410619634,-8.140593606013109,7.0,1.0,0.9703454206147197,-14996.114328010783,14996.488578168082,-0.013329777353646932,-0.09650942330154066,3.0,0.0,0.016058886908650444,0.016058886908650444,-7.168547912635371,-14987.549728665781,-14994.718276578416
98,3,0.44765071649395544,-8.15618924496029,3.0,1.0,0.37371503430364017,-14995.91675323209,14999.069283730369,0.08610344900807831,2.3776397370620543,2.0,0.0,0.016058886908650444,0.016058886908650444,-7.223806711796573,-14987.29562984612,-14994.519436557915
99,3,0.4548352823627311,-8.111775543662468,3.0,1.0,0.4611064189927981,-15000.966657518069,15001.404286315372,1.7043105353986903,1.7043105353986903,2.0,0.0,0.016058886908650444,0.016058886908650444,-7.067079100439995,-14992.505091179484,-14999.572170279924
100,3,0.45965769827871056,-8.242651570015955,7.0,1.0,0.9581685805453065,-14994.756993808413,15000.769261577765,-1.9799515293289005,-1.9799515293289005,2.0,0.0,0.016058886908650444,0.016058886908650444,-7.534573942779305,-14985.82959421678,-14993.36416815956
101,3,0.4624171844222741,-8.245938277346275,15.0,1.0,0.9089779803758574,-14995.241611279249,14995.393532405398,0.15561965164124558,0.19279142848790798,4.0,0.0,0.016058886908650444,0.016058886908650444,-7.546534680730629,-14986.303116344392,-14993.849651025123
102,3,0.46381667859743303,-8.250062211003064,1.0,1.0,0.8704502892338873,-14995.676955415294,14995.837386831134,0.13874462739659066,0.13874462739659066,1.0,0.0,0.016058886908650444,0.016058886908650444,-7.561557470213548,-14986.723852892183,-14994.285410362396
103,3,0.4579155047140726,-8.258270767576368,3.0,1.0,0.9989678230620943,-14995.61871348751,14995.766649338431,0.00310133498533105,-0.2880064504897746,2.0,0.0,0.016058886908650444,0.016058886908650444,-7.591510462804978,-14986.633799030962,-14994.225309493768
104,3,0.4679131899039823,-8.282827285436184,3.0,1.0,0.8134834114984066,-14997.097804238309,14997.78996006132,0.08481850012685754,0.2754023118304758,2.0,0.0,0.016058886908650444,0.016058886908650444,-7.681519403765154,-14988.025863716535,-14995.7073831203
105,3,0.45925333774012417,-8.272507472284309,3.0,1.0,0.887120263447095,-14996.196073618765,14997.633723054134,0.0004480139996303478,0.20187982435891172,2.0,0.0,0.016058886908650444,0.016058886908650444,-7.6436199189339264,-14987.159496026128,-14994.803115945062
106,3,0.46420390617474677,-8.263091900373647,3.0,1.0,0.996770509408893,-14995.740160867232,14996.153966759603,-0.22265688443621912,-0.22265688443621912,2.0,0.0,0.016058886908650444,0.016058886908650444,-7.609134167491356,-14986.739593717159,-14994.34872788465
107,3,0.4569267520544364,-8.186443081972408,7.0,1.0,0.8903978488251284,-14995.075296695419,14996.954999880852,0.14847243398980936,0.2036556460916472,2.0,0.0,0.016058886908650444,0.016058886908650444,-7.331696310960622,-14986.349857130337,-14993.681553441298
108,3,0.4544765491420601,-8.176500701505038,3.0,1.0,0.9862572585784714,-14994.87134788353,14995.266748530968,-0.18602633698719728,-0.18602633698719728,2.0,0.0,0.016058886908650444,0.016058886908650444,-7.296139358735944,-14986.180590076076,-14993.476729434811
109,3,0.4526371800913414,-8.163756944144216,3.0,1.0,0.9961029490216635,-14995.128035125004,14995.459553809045,-0.034021769100945676,-0.034021769100945676,1.0,0.0,0.016058886908650444,0.016058886908650444,-7.250708390866734,-14986.482018926845,-14993.73272731771
110,3,0.4558308621986532,-8.154879488464719,1.0,1.0,0.4924622099993397,-14996.712499619322,14996.752360105485,0.7083375522797724,0.7083375522797724,1.0,0.0,0.016058886908650444,0.016058886908650444,-7.219156599249227,-14988.099214400194,-14995.318370999443
111,3,0.4518561220728914,-8.157972321482701,1.0,1.0,1.0,-14995.305740343656,14996.125857968844,-0.712735072200303,-0.712735072200303,1.0,0.0,0.016058886908650444,0.016058886908650444,-7.230140040192204,-14986.67999136411,-14993.910131404302
112,3,0.4534361107490587,-8.178456252152886,7.0,1.0,0.9848741017156799,-14994.686676829058,14996.684683325133,-0.04536475772874837,0.0637046868159814,3.0,0.0,0.016058886908650444,0.016058886908650444,-7.30312518852841,-14985.988546668827,-14993.291671857354
113,3,0.45601309344384494,-8.259365667938075,7.0,1.0,0.7087029053668432,-14996.472304721756,14997.269570346043,0.7117914758873667,0.7414649161783018,2.0,0.0,0.016058886908650444,0.016058886908650444,-7.595510843356513,-14987.482730020965,-14995.078240864323
114,3,0.4636763467748301,-8.236149549175845,3.0,1.0,1.0,-14995.96255916118,14996.939594627342,-0.15837822546018288,-0.21495767384112696,2.0,0.0,0.016058886908650444,0.016058886908650444,-7.510944101152349,-14987.060029091885,-14994.570973193036
115,3,0.4640620573481969,-8.236878237344804,1.0,1.0,0.9275519344984196,-14996.143940645652,14996.72316086539,0.07520649199977925,0.07520649199977925,1.0,0.0,0.016058886908650444,0.016058886908650444,-7.513590218349261,-14987.23887653264,-14994.75246675099
116,3,0.4617150472053048,-8.197609253638442,7.0,1.0,0.6774313687959755,-14996.925431979567,14998.37754923847,0.6002001380948059,0.9511100790059572,2.0,0.0,0.016058886908650444,0.016058886908650444,-7.371747760594934,-14988.161509652842,-14995.533257413437
117,3,0.4622584768736924,-8.202152530952427,7.0,1.0,0.7025276445236907,-14996.97344744525,14999.201843124316,0.018181041943535092,0.6601620816727518,3.0,0.0,0.016058886908650444,0.016058886908650444,-7.388079528197239,-14988.193359571906,-14995.581439100102
118,3,0.45694844315360683,-8.185828772985724,7.0,1.0,0.9195219461394342,-14995.112201682135,14996.69630327609,-0.9345136505689879,-1.1242929553955037,2.0,0.0,0.016058886908650444,0.016058886908650444,-7.329496491524617,-14986.388969464899,-14993.718465956423
119,3,0.45495883701043915,-8.162338233371647,3.0,1.0,0.9139368125597502,-14995.754181258157,14996.936786964548,0.089837500196154,0.18906738678560941,1.0,0.0,0.016058886908650444,0.016058886908650444,-7.245660791867945,-14987.114078175306,-14994.359738967174
120,3,0.447694729117945,-8.178343011842257,3.0,1.0,0.30890088459106735,-14996.118910907127,14999.852814212883,0.20661010344338138,3.0136783998732426,2.0,0.0,0.016058886908650444,0.016058886908650444,-7.302720554915996,-14987.418892306554,-14994.72161286147
121,3,0.45746151365834,-8.237855636546396,7.0,1.0,0.971463019343216,-14994.728336519915,14996.305606473325,-0.5597626456237776,-0.5744036149681051,2.0,0.0,0.016058886908650444,0.016058886908650444,-7.5171403245536705,-14985.817637420887,-14993.33477774544
122,3,0.46044074890288966,-8.238275749499875,3.0,1.0,0.8926855470141676,-14994.798481018317,14995.073055876244,-0.009181480005281628,0.18672573320873198,2.0,0.0,0.016058886908650444,0.016058886908650444,-7.518666551014813,-14985.887240694488,-14993.405907245504
123,3,0.4591100556742139,-8.249696922426331,3.0,1.0,0.9424031572931733,-14994.95786605436,14995.106541465973,-0.0023102412742446177,0.09257996674568858,2.0,0.0,0.016058886908650444,0.016058886908650444,-7.560226099511258,-14986.004635178984,-14993.564861278495
124,3,0.4531388409860026,-8.179969285553787,7.0,1.0,0.4181244765712114,-14994.642315919873,15000.114991164864,-0.0033792026733863167,2.7806905330817244,2.0,0.0,0.016058886908650444,0.016058886908650444,-7.308532834332528,-14985.938666045902,-14993.247198880235
125,3,0.4520348116677732,-8.174887373908575,3.0,1.0,0.981214987062899,-14994.773332363915,14994.816219598464,0.004418807377078338,0.02818349644257978,2.0,0.0,0.016058886908650444,0.016058886908650444,-7.290378934072138,-14986.087413825699,-14993.377792759771
126,3,0.4520348116677732,-8.174887373908575,3.0,1.0,0.44574212367147403,-14994.773332363915,14996.91059362546,0.0,1.6505522067291167,1.0,0.0,0.016058886908650444,0.016058886908650444,-7.290378934072138,-14986.087413825699,-14993.377792759771
127,3,0.4494447958141478,-8.175482007314995,1.0,1.0,0.8102738955186068,-14995.288282407968,14995.288735325339,0.21038294585741824,0.21038294585741824,1.0,0.0,0.016058886908650444,0.016058886908650444,-7.292501783957992,-14986.599210331206,-14993.891712115164
128,3,0.4523383540978002,-8.205438189337077,7.0,1.0,0.9975124902095563,-14994.874660727113,14995.365765399683,0.008298504208141821,-0.20762651895711315,3.0,0.0,0.016058886908650444,0.016058886908650444,-7.399903381173919,-14986.079334920552,-14993.479238301727
129,3,0.45946207626915436,-8.215663792954707,5.0,1.0,0.9834132275892987,-14994.831446724393,14995.266790768103,-0.030490279743389692,0.057179244540748186,2.0,0.0,0.016058886908650444,0.016058886908650444,-7.436770576178077,-14986.00178679482,-14993.438557370999
130,3,0.4499567432785155,-8.173913321653012,7.0,1.0,0.9874475191529586,-14995.12700408942,14995.565247409273,-0.07211080342858622,-0.12210399117248016,2.0,0.0,0.016058886908650444,0.016058886908650444,-7.286902317382421,-14986.443739589888,-14993.73064190727
131,3,0.44780978673853883,-8.172012623595624,3.0,1.0,0.8325181956061987,-14995.91645018794,14996.032963766263,0.31741950326249935,0.31741950326249935,2.0,0.0,0.016058886908650444,0.016058886908650444,-7.280121020563696,-14987.239079744655,-14994.519200765219
132,3,0.4539717116431279,-8.153410360514975,3.0,1.0,0.9954567171457245,-14996.018634592623,14996.516712487319,-0.06104839054569311,-0.06104839054569311,2.0,0.0,0.016058886908650444,0.016058886908650444,-7.2139427012679604,-14987.409887004915,-14994.623829706183
133,3,0.45045389055973334,-8.173866872542042,3.0,1.0,1.0,-14995.005785633557,14995.9228227941,-0.3047544157871016,-0.3057942437244492,2.0,0.0,0.016058886908650444,0.016058886908650444,-7.286736553515249,-14986.322886924141,-14993.609623477656
134,3,0.45531317750057126,-8.155177379256639,3.0,1.0,0.7216676762937597,-14996.430039879846,14996.646027567574,0.5539133231195592,0.5539133231195592,2.0,0.0,0.016058886908650444,0.016058886908650444,-7.220214069333889,-14987.815511728806,-14995.03572579814
135,3,0.45350407307008256,-8.152399362467577,3.0,1.0,1.0,-14995.937356380442,14996.571372543624,-0.31229840649393736,-0.41986499088670826,2.0,0.0,0.016058886908650444,0.016058886908650444,-7.210355948438339,-14987.332020979544,-14994.542376927982
136,3,0.4528466700798918,-8.217120524673936,7.0,1.0,0.9678571859780003,-14995.12416268413,14997.201200397541,0.01690363557645469,-0.177237418045479,2.0,0.0,0.016058886908650444,0.016058886908650444,-7.442031157771068,-14986.28690363372,-14993.72893479149
137,3,0.4552987174875205,-8.213298700604378,1.0,1.0,1.0,-14994.410944712406,14994.80037397362,-0.34476635050668847,-0.34476635050668847,1.0,0.0,0.016058886908650444,0.016058886908650444,-7.42823422219824,-14985.588391196647,-14993.016625418844
138,3,0.4602269415911599,-8.234203385273508,7.0,1.0,0.4972379784303997,-14994.760765692394,14997.062486944282,0.045571533708425704,2.0069105454003875,2.0,0.0,0.016058886908650444,0.016058886908650444,-7.5038795139625485,-14985.864244128596,-14993.368123642558
139,3,0.4545120070251044,-8.233523643244029,7.0,1.0,0.8277310033807195,-14995.300171057312,14997.365244807545,0.30678799187080585,0.3583683490560361,3.0,0.0,0.016058886908650444,0.016058886908650444,-7.501412938595231,-14986.404152686104,-14993.905565624698
140,3,0.4573446017268463,-8.23292192387833,3.0,1.0,1.0,-14994.597301895885,14995.02310941608,-0.3646786101107864,-0.3646786101107864,1.0,0.0,0.016058886908650444,0.016058886908650444,-7.499229869087497,-14985.704473120319,-14993.203702989405
141,3,0.4573446017268463,-8.23292192387833,3.0,1.0,0.49975918738980357,-14994.597301895885,14996.150715036962,0.0,1.3286825058221439,1.0,0.0,0.016058886908650444,0.016058886908650444,-7.499229869087497,-14985.704473120319,-14993.203702989405
142,3,0.45654922245001656,-8.237825658281864,3.0,1.0,0.9170536236768019,-14994.888443389673,14994.994339019788,0.12020782242143468,0.1308720196775539,2.0,0.0,0.016058886908650444,0.016058886908650444,-7.517031423397619,-14985.977537065046,-14993.494568488444
143,3,0.45583895405392805,-8.226108884460093,3.0,1.0,0.9935954068389802,-14994.60904604366,14995.089933043828,-0.06876933365128934,-0.07182978053970146,1.0,0.0,0.016058886908650444,0.016058886908650444,-7.474537062250731,-14985.740383243032,-14993.214920305283
144,3,0.45583895405392805,-8.226108884460093,1.0,1.0,0.04659576777884551,-14994.60904604366,14997.928411224493,0.0,3.066245562171389,1.0,0.0,0.016058886908650444,0.016058886908650444,-7.474537062250731,-14985.740383243032,-14993.214920305283
145,3,0.4605713780357162,-8.248854739882102,5.0,1.0,0.978929912713172,-14994.924136543737,14996.269278937967,-0.05784888116613729,-0.07853763286038884,2.0,0.0,0.016058886908650444,0.016058886908650444,-7.557157097347572,-14985.974447205166,-14993.531604302514
146,3,0.45249253284816643,-8.203214987115535,15.0,1.0,0.8853829005365582,-14994.767313081018,14996.222782003097,0.15253085654876486,0.2469640246781637,4.0,0.0,0.016058886908650444,0.016058886908650444,-7.391901728664788,-14985.980048155632,-14993.371949884297
147,3,0.4437912304515038,-8.140348792506881,7.0,1.0,0.7644620697924811,-14997.838774328495,14998.98948156718,0.5657343885286537,0.5721581078869349,3.0,0.0,0.016058886908650444,0.016058886908650444,-7.16768242319874,-14989.272079306073,-14996.43976172927
148,3,0.4482097926356169,-8.111470104991518,15.0,1.0,0.7369424081377552,-14997.96014777052,14999.925675783687,-0.46232864045668975,0.932621872956588,4.0,0.0,0.016058886908650444,0.016058886908650444,-7.066008094206394,-14989.497058443198,-14996.563066537405
149,3,0.44931213925624724,-8.108195418507018,3.0,1.0,0.9162293028948555,-14998.462562283405,14998.666270382964,0.1903399226775946,0.1903399226775946,2.0,0.0,0.016058886908650444,0.016058886908650444,-7.0545314230368135,-14990.011406288973,-14997.06593771201
150,3,0.44699957344812125,-8.078081884766263,3.0,1.0,0.9075365335622241,-15001.279164047022,15002.239543584516,0.1939409155602334,0.1939409155602334,2.0,0.0,0.016058886908650444,0.016058886908650444,-6.949496366959818,-14992.93207353532,-14999.88156990228
51,4,0.4459373819975969,-8.156147293893563,1.0,1.0,0.9945700820219016,-14996.669727933944,14996.7892391471,0.005444713566248538,0.005444713566248538,1.0,0.0,0.007804778269998531,0.007804778269998531,-7.223657743639027,-14988.04801588464,-14995.27167362828
52,4,0.44658965904772985,-8.160061171419994,1.0,1.0,1.0,-14996.364607194915,14997.0235791853,-0.06383189164625946,-0.06383189164625946,1.0,0.0,0.01570233102198504,0.01570233102198504,-7.237563492357175,-14987.729273082285,-14994.966836574642
53,4,0.4583482444913548,-8.192948465476336,7.0,1.0,1.0,-14995.295892039614,14996.891638246576,-0.03090632894418377,-0.45139398497303773,2.0,0.0,0.01570233102198504,0.01570233102198504,-7.355015024588489,-14986.547618988825,-14993.902634013413
54,4,0.46190609103262953,-8.245353981583444,7.0,1.0,0.933411628820916,-14995.106372750071,14996.042314357752,-0.31737075070304854,-0.4057532496190106,2.0,0.0,0.01570233102198504,0.01570233102198504,-7.5444075660621674,-14986.169849327216,-14993.714256893278
55,4,0.46064258772607164,-8.283009248116965,5.0,1.0,0.8344927623729319,-14996.580093109274,14998.188253360442,0.22419308513963188,0.22419308513963188,2.0,0.0,0.01570233102198504,0.01570233102198504,-7.682188616665171,-14987.505394832871,-14995.187583449537
56,4,0.450364016716362,-8.145335392691948,15.0,1.0,0.6576004512532041,-14995.818414960058,14997.982884144583,-0.23846718216736917,1.1844184957735706,4.0,0.0,0.01570233102198504,0.01570233102198504,-7.185323378582954,-14987.23689341584,-14994.422216794423
57,4,0.45915954074528764,-8.205868854973737,7.0,1.0,0.8384688525058996,-14995.041612093439,14996.806349477574,0.24709234514193668,0.39731345820837305,2.0,0.0,0.01570233102198504,0.01570233102198504,-7.401453985622174,-14986.247169618484,-14993.648623604106
58,4,0.45017925660495045,-8.196099757987346,7.0,1.0,0.9013467433639556,-14995.425684661295,14995.978070169396,0.12272805674001575,0.34584352175988897,2.0,0.0,0.01570233102198504,0.01570233102198504,-7.36632612873405,-14986.663086130055,-14994.02941225879
59,4,0.4611917870389744,-8.277443142233196,7.0,1.0,0.9175873340194222,-14996.05389972822,14997.572457552065,-0.2435801953488408,-0.35851319332505227,2.0,0.0,0.01570233102198504,0.01570233102198504,-7.661732865789254,-14986.999829972376,-14994.661562838164
60,4,0.4559004523178063,-8.195389041944049,7.0,1.0,0.8326206150166383,-14994.513585951883,14998.887646831763,-0.11156322513488703,0.45330234102220857,2.0,0.0,0.01570233102198504,0.01570233102198504,-7.363774250035527,-14985.755707845423,-14993.119482095459
61,4,0.46060257481558503,-8.213262676798196,7.0,1.0,0.8124983181090073,-14995.343398083944,14996.465872049128,0.3886308324690617,0.3886308324690617,2.0,0.0,0.01570233102198504,0.01570233102198504,-7.428104244324809,-14986.522771496371,-14993.950875740697
62,4,0.45310700891317474,-8.226317691201354,3.0,1.0,0.978695090402892,-14995.484936456973,14995.573648533036,0.06604870493538328,-0.3919859843663289,2.0,0.0,0.01570233102198504,0.01570233102198504,-7.475293160460792,-14986.614514213457,-14994.089807373919
63,4,0.4591971877678319,-8.194045579208025,5.0,1.0,0.824334260648568,-14995.627108897506,14997.084623573344,0.0972292401966115,0.4516751913124608,2.0,0.0,0.01570233102198504,0.01570233102198504,-7.35895182723444,-14986.875180957944,-14994.23413278518
64,4,0.4591971877678319,-8.194045579208025,1.0,1.0,0.3479174452193496,-14995.627108897506,14997.53103245915,0.0,1.0557900537314708,1.0,0.0,0.01570233102198504,0.01570233102198504,-7.35895182723444,-14986.875180957944,-14994.23413278518
65,4,0.44722048987090673,-8.157944757856853,7.0,1.0,0.5532955237225344,-14996.071465879835,14999.223137020514,-0.26326014134610887,1.3908233046513487,2.0,0.0,0.01570233102198504,0.01570233102198504,-7.230042112463307,-14987.44392415449,-14994.673966266953
66,4,0.45966052734109225,-8.215588596787926,5.0,1.0,0.9841495835616165,-14994.896582773432,14997.779416775398,-0.04672842716172454,-0.27985699373493844,2.0,0.0,0.01570233102198504,0.01570233102198504,-7.436499083725876,-14986.06725895985,-14993.503758043576
67,4,0.46144574952951367,-8.224541514275128,3.0,1.0,0.8932816208357074,-14995.299700556763,14995.699177172846,0.13695030958479038,0.2134020210505696,1.0,0.0,0.01570233102198504,0.01570233102198504,-7.468862939217807,-14986.438579789332,-14993.90744272855
68,4,0.44751953407243833,-8.167080909177754,7.0,1.0,0.9778308346260874,-14995.984808266643,14998.08227739646,-0.004958950245054439,-0.383364841232833,2.0,0.0,0.01570233102198504,0.01570233102198504,-7.262542533191427,-14987.324893440787,-14994.58743597398
69,4,0.45665275375168146,-8.172062890867297,3.0,1.0,0.9353573412717768,-14995.793205601845,14996.583216875084,0.11650425709194678,0.11650425709194678,2.0,0.0,0.01570233102198504,0.01570233102198504,-7.280300317264921,-14987.119066601466,-14994.399366918731
70,4,0.451597886422502,-8.205959177197593,7.0,1.0,0.8963973565486133,-14995.165797339048,14997.023546918412,-0.1865433654984372,0.3915271784935612,2.0,0.0,0.01570233102198504,0.01570233102198504,-7.401779212812447,-14986.368308522098,-14993.77008773491
71,4,0.4553848349731884,-8.208059024195043,5.0,1.0,1.0,-14994.362126844087,14994.91405786321,-0.359718013291058,-0.359718013291058,2.0,0.0,0.01570233102198504,0.01570233102198504,-7.409342523442793,-14985.558496041329,-14992.967838564771
72,4,0.4553848349731884,-8.208059024195043,3.0,1.0,0.4665714691187177,-14994.362126844087,14996.227091635174,0.0,1.5805276420178416,1.0,0.0,0.01570233102198504,0.01570233102198504,-7.409342523442793,-14985.558496041329,-14992.967838564771
73,4,0.45332705017508496,-8.201683384721926,7.0,1.0,0.9599789874305161,-14994.539530703554,14994.68311185748,0.06850698554626433,0.07384177228777844,2.0,0.0,0.01570233102198504,0.01570233102198504,-7.3863921275380156,-14985.758092573775,-14993.144484701314
74,4,0.46271983326967814,-8.252236206001124,7.0,1.0,0.8751729112160304,-14995.309489475203,14996.878740621994,0.07113741464490886,0.1708642547855561,2.0,0.0,0.01570233102198504,0.01570233102198504,-7.5694838103715245,-14986.348136550283,-14993.917620360655
75,4,0.44783077914458064,-8.179550181233134,7.0,1.0,0.7908129320875978,-14996.078972317197,14997.583747610524,0.44173541463351285,0.5189348227395385,2.0,0.0,0.01570233102198504,0.01570233102198504,-7.307034708408651,-14987.374697045578,-14994.681731753986
76,4,0.4508660302103029,-8.196298760855615,7.0,1.0,0.9537297776283086,-14995.138959166756,14996.683758687337,-0.27649104214106046,-0.56329358147741,2.0,0.0,0.01570233102198504,0.01570233102198504,-7.367040753819702,-14986.375920536673,-14993.742961290493
77,4,0.4508660302103029,-8.196298760855615,1.0,1.0,0.8797996826704929,-14995.138959166756,14995.593750088212,0.0,0.12806103075126885,1.0,0.0,0.01570233102198504,0.01570233102198504,-7.367040753819702,-14986.375920536673,-14993.742961290493
78,4,0.45192901045065154,-8.21430661085153,15.0,1.0,0.9479587998418524,-14995.383946020953,14995.579230102314,0.15691913545015268,-0.3007478495455871,3.0,0.0,0.01570233102198504,0.01570233102198504,-7.431871399842696,-14986.556493995651,-14993.988365395493
79,4,0.4551673789153065,-8.174632427055421,7.0,1.0,0.9596422138421337,-14995.109296843944,14997.448443583613,-0.23148095654687495,-0.23148095654687495,2.0,0.0,0.01570233102198504,0.01570233102198504,-7.2894688784073765,-14986.425461254843,-14993.71493013325
80,4,0.4551673789153065,-8.174632427055421,1.0,1.0,0.2743347933870677,-14995.109296843944,14996.81118149533,0.0,1.2934060447987576,1.0,0.0,0.01570233102198504,0.01570233102198504,-7.2894688784073765,-14986.425461254843,-14993.71493013325
81,4,0.4549940637459013,-8.178681945150952,1.0,1.0,1.0,-14994.885064304628,14995.158102954407,-0.07485227653705806,-0.07485227653705806,1.0,0.0,0.01570233102198504,0.01570233102198504,-7.3039316796422975,-14986.186703125988,-14993.49063480563
82,4,0.45608221112318376,-8.24488902672928,7.0,1.0,0.9083275612282395,-14995.38250019319,14996.05995130737,0.19120992323951214,0.19120992323951214,2.0,0.0,0.01570233102198504,0.01570233102198504,-7.542715153027868,-14986.44574567506,-14993.988460828088
83,4,0.45261441333108193,-8.230095024592318,7.0,1.0,0.8443473918253128,-14995.975348674474,14997.102283123884,0.38244826110712893,0.38244826110712893,2.0,0.0,0.01570233102198504,0.01570233102198504,-7.488978575969614,-14987.091053584592,-14994.580032160562
84,4,0.4568227014570584,-8.224818111255882,3.0,1.0,0.9793458118738559,-14994.463985296328,14995.419347121131,-0.7077365834356897,-0.7077365834356897,2.0,0.0,0.01570233102198504,0.01570233102198504,-7.469864084652385,-14985.600341790821,-14993.070205875474
85,4,0.45270926364314784,-8.234873081494605,3.0,1.0,0.6304628353579516,-14996.273009287874,14996.277740663836,0.8271070095252071,0.8271070095252071,2.0,0.0,0.01570233102198504,0.01570233102198504,-7.50631008802886,-14987.371418931136,-14994.877729019165
86,4,0.4592710859292618,-8.189292760219766,7.0,1.0,0.9764880279005064,-14995.960002185902,14996.652478201555,-0.10895165366127912,-0.8284613893465576,2.0,0.0,0.01570233102198504,0.01570233102198504,-7.341905846763218,-14987.225144488268,-14994.56705033503
87,4,0.4541733334305769,-8.244861856433108,5.0,1.0,0.9960940822916788,-14996.229888817224,14996.910025023344,0.016735433651774656,-0.7272592940844333,2.0,0.0,0.01570233102198504,0.01570233102198504,-7.542616261158091,-14987.292542379824,-14994.835158640983
88,4,0.4637450362361413,-8.237669494548035,3.0,1.0,0.9313833656636911,-14995.944999446716,14997.19234668866,-0.20781852512300247,0.23048279656904924,2.0,0.0,0.01570233102198504,0.01570233102198504,-7.516464146548909,-14987.036969379169,-14994.553433525718
89,4,0.45790617876340095,-8.225797085644663,7.0,1.0,0.9875190667062859,-14994.466714360342,14995.73648175681,-0.5411918227619026,-0.5411918227619026,3.0,0.0,0.01570233102198504,0.01570233102198504,-7.4734081064630535,-14985.599899097553,-14993.073307204017
90,4,0.4597459170996725,-8.219366682332515,3.0,1.0,0.8884661727752449,-14994.828678086873,14994.862082114378,0.18011684154589602,0.18011684154589602,1.0,0.0,0.01570233102198504,0.01570233102198504,-7.450146690298828,-14985.985734374144,-14993.435881064443
91,4,0.45936738885896594,-8.238885475491845,7.0,1.0,0.9918577624465478,-14994.6816533165,14994.915254426985,-0.17491562968825747,-0.1809824931769981,3.0,0.0,0.01570233102198504,0.01570233102198504,-7.520881935791348,-14985.767851080102,-14993.288733015894
92,4,0.4592456450208114,-8.237272081413487,1.0,1.0,1.0,-14994.65254065911,14994.684385505083,-0.0002461712956574047,-0.0002461712956574047,1.0,0.0,0.01570233102198504,0.01570233102198504,-7.515020622581049,-14985.7445598382,-14993.25958046078
93,4,0.4538555313811597,-8.235141002516649,7.0,1.0,0.7105255989421196,-14995.682247719977,14997.6378127319,0.5326301060176775,0.6767775117477868,3.0,0.0,0.01570233102198504,0.01570233102198504,-7.5072825976291755,-14986.780117034254,-14994.287399631883
94,4,0.45151219565040723,-8.236266650352537,1.0,1.0,0.4922060746507609,-14997.181070266355,14997.727368427228,0.7088577992672072,0.7088577992672072,1.0,0.0,0.01570233102198504,0.01570233102198504,-7.511369299964663,-14988.273957837246,-14995.78532713721
95,4,0.46030020678691164,-8.185433176345661,5.0,1.0,1.0,-14996.890111278524,14997.540134009054,-0.10736435547369183,-1.1899410514633928,2.0,0.0,0.01570233102198504,0.01570233102198504,-7.328080073266739,-14988.169412593834,-14995.4974926671
96,4,0.4477597466586285,-8.189044156421687,5.0,1.0,0.8272085290308862,-14996.480495540192,14998.41888393172,-0.28688366129790666,0.6866728957247688,2.0,0.0,0.01570233102198504,0.01570233102198504,-7.341014851180407,-14987.74221013298,-14995.08322498416
97,4,0.45866710433688274,-8.224508253733289,7.0,1.0,1.0,-14994.530766090771,14995.98597163435,-0.8215182989151799,-0.8500900148064829,2.0,0.0,0.01570233102198504,0.01570233102198504,-7.468742557519445,-14985.668872082884,-14993.137614640404
98,4,0.4603833899838912,-8.273506812355574,5.0,1.0,0.34105973699001,-14995.962362014723,14999.914812101773,0.13239392966170271,3.00367944210484,2.0,0.0,0.01570233102198504,0.01570233102198504,-7.647285335379257,-14986.922484626168,-14994.569769961547
99,4,0.4675506274622471,-8.281876159314445,3.0,1.0,0.7808050862088688,-14996.94502546321,14997.495230992045,0.11237490899293334,0.3687047239327512,2.0,0.0,0.01570233102198504,0.01570233102198504,-7.678021940351519,-14987.876488419814,-14995.554510360165
100,4,0.4601613811773739,-8.276269999485335,3.0,1.0,1.0,-14996.205648831643,14996.92215751326,-0.02968430586224713,-0.275217884201993,2.0,0.0,0.01570233102198504,0.01570233102198504,-7.6574254535344215,-14987.155560317608,-14994.812985771143
101,4,0.4625404888294901,-8.24778989373925,3.0,1.0,0.6286723087920927,-14995.267552809026,14997.31925932864,-0.12744021498656366,0.8806752165255602,2.0,0.0,0.01570233102198504,0.01570233102198504,-7.553277700853245,-14986.322352075853,-14993.875629776707
102,4,0.45894054772667026,-8.244651225797952,3.0,1.0,1.0,-14994.805590793174,14995.237469937363,-0.124810284069099,-0.124810284069099,2.0,0.0,0.01570233102198504,0.01570233102198504,-7.541849652772407,-14985.870680424563,-14993.412530077336
103,4,0.45894054772667026,-8.244651225797952,1.0,1.0,0.3737202081188733,-14994.805590793174,14995.96661511954,0.0,0.9842478681730427,1.0,0.0,0.01570233102198504,0.01570233102198504,-7.541849652772407,-14985.870680424563,-14993.412530077336
104,4,0.4553310153928676,-8.194705497516189,7.0,1.0,0.9448244810063511,-14994.460872263286,14995.890897636878,-0.005294069884257624,0.09632484555368137,2.0,0.0,0.01570233102198504,0.01570233102198504,-7.361320409558234,-14985.705244199014,-14993.066564608573
105,4,0.4566951320402225,-8.2121056803211,7.0,1.0,0.9993578786647687,-14994.376379172225,14994.494638837929,-0.01935349557970767,-0.01935349557970767,2.0,0.0,0.01570233102198504,0.01570233102198504,-7.423930363344327,-14985.558624925565,-14992.982555288909
106,4,0.4556505043773897,-8.209841838299818,7.0,1.0,0.9998666083021729,-14994.359820119505,14994.397827531953,-0.004876994255027967,-0.004876994255027967,2.0,0.0,0.01570233102198504,0.01570233102198504,-7.415767393694551,-14985.549859741486,-14992.965627135181
107,4,0.4569286726456598,-8.217816496018843,7.0,1.0,0.9893425223413682,-14994.388445029565,14994.436173414357,-0.0002536371066526044,0.02000018528815417,2.0,0.0,0.01570233102198504,0.01570233102198504,-7.444545213894077,-14985.550157228292,-14992.994702442185
108,4,0.45845684075647014,-8.200109893564862,7.0,1.0,0.8384736345508227,-14995.010040441433,14995.385796601438,0.30078913466786616,0.30576944494714553,2.0,0.0,0.01570233102198504,0.01570233102198504,-7.380734283760755,-14986.236084521974,-14993.616818805735
109,4,0.4539505165254189,-8.221303912762272,5.0,1.0,0.9902020213152245,-14994.908359083216,14995.142311276632,-0.05629502347073867,-0.22859796304692281,2.0,0.0,0.01570233102198504,0.01570233102198504,-7.457150098161536,-14986.056396225466,-14993.513546323627
110,4,0.45278353750708694,-8.21386731643272,7.0,1.0,0.8769303249794208,-14995.011248670919,14995.515608226298,0.05820743200274592,0.3616397955138382,2.0,0.0,0.01570233102198504,0.01570233102198504,-7.430286022844325,-14986.185710710064,-14993.615996732908
111,4,0.4542924371210648,-8.210918162412998,15.0,1.0,0.9914627692304213,-14994.51261788817,14995.255838300762,-0.2294262998020713,-0.2791577299740311,4.0,0.0,0.01570233102198504,0.01570233102198504,-7.4196477679508295,-14985.698283920696,-14993.117931688646
112,4,0.4547885961413729,-8.196045496632586,7.0,1.0,0.995143799003122,-14994.411043434546,14994.787310646861,-0.06690096102465759,-0.06690096102465759,2.0,0.0,0.01570233102198504,0.01570233102198504,-7.366131281502771,-14985.650407898633,-14993.016539180135
113,4,0.4513127999950511,-8.161548186813413,7.0,1.0,0.7817296718073266,-14995.147672420506,14995.945135242364,0.03400441444864555,0.44490188202144054,2.0,0.0,0.01570233102198504,0.01570233102198504,-7.242850775581829,-14986.509000271824,-14993.751851047406
114,4,0.45343968673144885,-8.19326737013109,5.0,1.0,0.9598915457321631,-14994.476450425103,14995.42309443556,-0.017604354352442897,0.09657781562236778,2.0,0.0,0.01570233102198504,0.01570233102198504,-7.356159234632135,-14985.725287562462,-14993.081446797094
115,4,0.45766615890155565,-8.225025813968278,7.0,1.0,0.8289442936137192,-14994.452372904572,14995.440075055178,-0.01232097302818147,0.3564377244110801,2.0,0.0,0.01570233102198504,0.01570233102198504,-7.470615916914591,-14985.588268192138,-14993.058884109052
116,4,0.4590066153417697,-8.218090438712622,3.0,1.0,0.928445313680335,-14994.656268303308,14994.710738551525,0.11097470135064214,0.11191527994196804,1.0,0.0,0.01570233102198504,0.01570233102198504,-7.4455349094782175,-14985.817694509115,-14993.263229418593
117,4,0.4520113235825461,-8.19617580736001,7.0,1.0,0.9927788539797964,-14994.757128005152,14995.226467258823,0.02875244532333454,-0.0688019370118127,2.0,0.0,0.01570233102198504,0.01570233102198504,-7.366599219567035,-14985.994980082576,-14993.361579302144
118,4,0.45130422156688815,-8.196249196921013,1.0,1.0,0.9085032087266899,-14994.976234249269,14995.112921541135,0.09595685925705766,0.09595685925705766,1.0,0.0,0.01570233102198504,0.01570233102198504,-7.366862764586159,-14986.213546738018,-14993.580409502603
119,4,0.45133459239326373,-8.205391965334995,3.0,1.0,0.8957040671529283,-14995.254914348972,14995.65243333573,0.1587049436639063,0.1587049436639063,1.0,0.0,0.01570233102198504,0.01570233102198504,-7.399736963446566,-14986.45936457981,-14993.859101543258
120,4,0.457482134802413,-8.192361414502322,3.0,1.0,0.9786191174122685,-14994.994560103467,14995.617924603237,-0.12463978964478883,-0.12463978964478883,2.0,0.0,0.01570233102198504,0.01570233102198504,-7.352908988169394,-14986.248099407787,-14993.601008395955
121,4,0.4542309800210414,-8.194641000007064,3.0,1.0,0.9951889511906837,-14994.42435064612,14994.775175848321,-0.27219364937991486,-0.27219364937991486,2.0,0.0,0.01570233102198504,0.01570233102198504,-7.361088895551686,-14985.668552873742,-14993.029641769293
122,4,0.4592345724170146,-8.235035361687535,7.0,1.0,0.8401323931609973,-14994.626908291193,14995.7320272865,0.01559292724414263,0.2868012874132546,2.0,0.0,0.01570233102198504,0.01570233102198504,-7.506899130082451,-14985.727045328082,-14993.233944458165
123,4,0.4616010226177585,-8.18417828009919,7.0,1.0,0.45530826631969196,-14998.00629432368,14998.64233168092,1.6639984070880018,1.8032179037272726,2.0,0.0,0.01570233102198504,0.01570233102198504,-7.323588002061052,-14989.290496573189,-14996.614084575249
124,4,0.4572967197998548,-8.21723226670165,7.0,1.0,1.0,-14994.404326924963,14997.39548682915,-1.6634763636084244,-1.6634763636084244,2.0,0.0,0.01570233102198504,0.01570233102198504,-7.442434770669057,-14985.56827677927,-14993.01071154994
125,4,0.4587658794812157,-8.181802399317288,7.0,1.0,0.6470693579690003,-14996.194149396675,14996.430667643772,0.7909708605056949,0.8619215124999755,2.0,0.0,0.01570233102198504,0.01570233102198504,-7.315087527916728,-14987.48594326459,-14994.801030792507
126,4,0.45553390604360133,-8.175429427055432,3.0,1.0,1.0,-14995.173727502784,14996.17380316223,-0.5397122084850707,-0.5397122084850707,1.0,0.0,0.01570233102198504,0.01570233102198504,-7.292314057418047,-14986.487178708692,-14993.77949276611
127,4,0.4529362627209836,-8.211226323702133,7.0,1.0,0.9980806106182258,-14994.862074310313,14995.392734708501,-0.02497630463039968,-0.2395085043299332,2.0,0.0,0.01570233102198504,0.01570233102198504,-7.420758967377232,-14986.046121517327,-14993.466880484704
128,4,0.4574454574997725,-8.225634780487622,7.0,1.0,0.9974092286515083,-14994.456213343607,14994.782378750788,-0.2286585533674952,-0.2286585533674952,2.0,0.0,0.01570233102198504,0.01570233102198504,-7.472820473217002,-14985.589828590986,-14993.062649064203
129,4,0.4574454574997725,-8.225634780487622,3.0,1.0,0.5596964815256088,-14994.456213343607,14995.708916904316,0.0,1.0348575264779356,1.0,0.0,0.01570233102198504,0.01570233102198504,-7.472820473217002,-14985.589828590986,-14993.062649064203
130,4,0.45713496885194455,-8.247799180036898,7.0,1.0,0.8823896731207229,-14995.223846955298,14995.811881847483,0.2188052172987227,0.2188052172987227,2.0,0.0,0.01570233102198504,0.01570233102198504,-7.553311527347185,-14986.27686428155,-14993.830175808896
131,4,0.45630155137955997,-8.240538457164277,3.0,1.0,1.0,-14995.07558075158,14995.493196208488,-0.003964011159041547,-0.06574492084109806,2.0,0.0,0.01570233102198504,0.01570233102198504,-7.526889766741939,-14986.154729085487,-14993.681618852228
132,4,0.45819032011949545,-8.258950450750017,7.0,1.0,0.9567611747300729,-14995.581669468711,14996.347385336463,0.0479506505671452,0.1524133196544426,2.0,0.0,0.01570233102198504,0.01570233102198504,-7.59399364478654,-14986.594364705514,-14994.1883583503
133,4,0.4624153094947299,-8.240796391279988,3.0,1.0,1.0,-14995.29469421513,14995.821778798532,-0.03240379335693433,-0.07466208086952975,2.0,0.0,0.01570233102198504,0.01570233102198504,-7.527827485507252,-14986.374905908559,-14993.902733394065
134,4,0.45807567660962667,-8.255892481058513,3.0,1.0,1.0,-14995.42833225205,14995.462276867178,-0.0046518462513631675,-0.21021225850381597,2.0,0.0,0.01570233102198504,0.01570233102198504,-7.582825171066799,-14986.452157293206,-14994.034982464273
135,4,0.4562708197659538,-8.196658377323859,7.0,1.0,0.6122101448511467,-14994.54156034139,14997.938469199296,-0.1290306049704668,1.2679051814247941,2.0,0.0,0.01570233102198504,0.01570233102198504,-7.368332247456805,-14985.779255364632,-14993.14758761209
136,4,0.45394433801725964,-8.214648667211257,7.0,1.0,0.7770188510616336,-14994.678190547318,14995.345375839017,0.07185755929276638,0.4617992613439128,2.0,0.0,0.01570233102198504,0.01570233102198504,-7.4331059864112214,-14985.850269505554,-14993.283375491965
137,4,0.4529992266421877,-8.217778883190551,1.0,1.0,0.8261278896628902,-14995.094122678955,14995.231957558983,0.19100568734575063,0.19100568734575063,1.0,0.0,0.01570233102198504,0.01570233102198504,-7.444409332756101,-14986.254543422761,-14993.698952755518
138,4,0.46006407158023227,-8.257070944486939,15.0,1.0,0.9968136114276511,-14995.15915291097,14995.562464272025,-0.28036663354941993,-0.3110683145241637,4.0,0.0,0.01570233102198504,0.01570233102198504,-7.587128108166904,-14986.17933049211,-14993.766458600277
139,4,0.46006407158023227,-8.257070944486939,1.0,1.0,0.45841285453366964,-14995.15915291097,14996.18627707523,0.0,0.7799850717983645,1.0,0.0,0.01570233102198504,0.01570233102198504,-7.587128108166904,-14986.17933049211,-14993.766458600277
140,4,0.4624190113834938,-8.256686939101712,3.0,1.0,0.9971870364740578,-14995.275321783065,14995.347950160778,0.008474699616272119,-0.024808156813378446,2.0,0.0,0.01570233102198504,0.01570233102198504,-7.585725832339395,-14986.297636249004,-14993.883362081344
141,4,0.46078077211388624,-8.254002549686572,3.0,1.0,0.4753065209702308,-14995.049607225035,14997.109042918899,-0.04107355878477392,1.5809141987083422,2.0,0.0,0.01570233102198504,0.01570233102198504,-7.575927342391394,-14986.081213924996,-14993.657141267387
142,4,0.45631135466067013,-8.266364484717007,7.0,1.0,0.6631215228532507,-14996.954715543641,14997.215185665998,0.8461277976603014,0.8838859791103459,3.0,0.0,0.01570233102198504,0.01570233102198504,-7.6211103797272335,-14987.939646717654,-14995.56075709738
143,4,0.4500734034250412,-8.149209973807512,7.0,1.0,0.9954713909556734,-14995.637053600345,14998.621416656355,-0.7837168863061379,-0.830071182030224,2.0,0.0,0.01570233102198504,0.01570233102198504,-7.199047542028237,-14987.041690997085,-14994.240738539112
144,4,0.4532906575792237,-8.17090538374229,3.0,1.0,0.9588370353253776,-14994.914562515085,14996.503770328749,0.014059881870707613,0.07321567359394976,2.0,0.0,0.01570233102198504,0.01570233102198504,-7.2761722834562645,-14986.243330516108,-14993.519502799565
145,4,0.4513835155407611,-8.168417333405511,3.0,1.0,0.9978451617657412,-14994.95036022487,14995.014703297462,-0.03988170077172981,-0.05073826294938044,2.0,0.0,0.01570233102198504,0.01570233102198504,-7.267303649993864,-14986.287262988391,-14993.554566638386
146,4,0.4498856024865426,-8.180465692146313,3.0,1.0,0.8766245856226375,-14995.1837420716,14995.452890380899,0.1967594988327619,0.20146597169150482,1.0,0.0,0.01570233102198504,0.01570233102198504,-7.3103075113822635,-14986.47704358808,-14993.787351099463
147,4,0.4559301235655474,-8.180353812496532,3.0,1.0,0.9964450513722949,-14995.048395115764,14995.221493746445,0.010722122950028279,-0.22104854497592896,2.0,0.0,0.01570233102198504,0.01570233102198504,-7.309907514831699,-14986.344394290882,-14993.654301805713
148,4,0.45136801065716653,-8.159242721229736,7.0,1.0,0.6620706086152586,-14995.230070644657,14996.931678612074,-0.1862012632918777,1.0211018236386735,3.0,0.0,0.01570233102198504,0.01570233102198504,-7.234654326084161,-14986.5996166432,-14993.834270969284
149,4,0.45022423326758476,-8.152163393870962,3.0,1.0,0.9842221396098463,-14995.513054236333,14995.877613105617,0.003523273229802726,0.029798309740726836,2.0,0.0,0.01570233102198504,0.01570233102198504,-7.209518941588285,-14986.907280989832,-14994.11679993142
150,4,0.4514212154623641,-8.164536159860155,3.0,1.0,0.9524817393589636,-14995.051037772633,14995.623787678345,-0.02084535569701984,0.09209028342047532,2.0,0.0,0.01570233102198504,0.01570233102198504,-7.253481601183788,-14986.401777381767,-14993.65525898295
51,5,0.45348539561857465,-8.17136583497632,1.0,1.0,0.43564965447790055,-14994.91996525367,14994.962406541297,0.0,0.8309169034237129,1.0,0.0,0.028523119050699333,0.028523119050699333,-7.277814236635964,-14986.247164555138,-14993.524978791773
52,5,0.45695413662623735,-8.201919700109682,3.0,1.0,0.5289332289087602,-14994.539886541746,14995.869882960897,0.023820886428438826,1.5762939508440468,1.0,0.0,0.022208709445998783,0.022208709445998783,-7.387242066871625,-14985.758910724579,-14993.14615279145
53,5,0.45695413662623735,-8.201919700109682,1.0,1.0,0.00869997036129245,-14994.539886541746,14995.600847871638,0.0,4.744435660075396,1.0,0.0,0.022208709445998783,0.022208709445998783,-7.387242066871625,-14985.758910724579,-14993.14615279145
54,5,0.4546117746464289,-8.212658489910025,7.0,1.0,0.9730390774702463,-14994.49101231491,14994.670321651945,-0.042182108940323815,-0.15518000301199208,3.0,0.0,0.022208709445998783,0.022208709445998783,-7.425924464671449,-14985.670518985638,-14993.09644345031
55,5,0.45089047413947353,-8.197182057264321,11.0,1.0,0.13403645024165484,-14995.155045477291,14996.147294856384,0.5356869129973347,8.478366876750442,3.0,0.0,0.022208709445998783,0.022208709445998783,-7.370213174899355,-14986.388844125573,-14993.759057300473
56,5,0.45089047413947353,-8.197182057264321,1.0,1.0,0.008962880784564965,-14995.155045477291,14996.132884029583,0.0,4.714663587536052,1.0,0.0,0.022208709445998783,0.022208709445998783,-7.370213174899355,-14986.388844125573,-14993.759057300473
57,5,0.45089047413947353,-8.197182057264321,3.0,1.0,0.003330356317602493,-14995.155045477291,14998.693036191407,0.0,20.106203973920856,1.0,0.0,0.022208709445998783,0.022208709445998783,-7.370213174899355,-14986.388844125573,-14993.759057300473
58,5,0.45089047413947353,-8.197182057264321,3.0,1.0,0.39595467258264616,-14995.155045477291,14995.653983693906,0.0,2.7789795528478862,1.0,0.0,0.022208709445998783,0.022208709445998783,-7.370213174899355,-14986.388844125573,-14993.759057300473
59,5,0.4526129821647038,-8.220589350707396,5.0,1.0,0.8764213026229125,-14995.392286372475,14995.55272836682,0.28387841528274294,-0.6528801446256693,2.0,0.0,0.022208709445998783,0.022208709445998783,-7.454566401514492,-14986.542402909588,-14993.996969311103
60,5,0.4526129821647038,-8.220589350707396,3.0,1.0,0.34876335373671036,-14995.392286372475,14996.374587225459,0.0,4.274053149678366,1.0,0.0,0.022208709445998783,0.022208709445998783,-7.454566401514492,-14986.542402909588,-14993.996969311103
61,5,0.45883708392304556,-8.224356610628673,3.0,1.0,0.9114315746126614,-14994.555746959528,14994.83043137284,-0.8562522484426154,-0.8562522484426154,1.0,0.0,0.022208709445998783,0.022208709445998783,-7.4681937213560134,-14985.694458262564,-14993.16265198392
62,5,0.4493593961735482,-8.2122952743141,3.0,1.0,0.1798488173356807,-14996.764616904058,14997.682192651762,2.105751994469756,3.938593216782465,1.0,0.0,0.022208709445998783,0.022208709445998783,-7.424614234620131,-14987.943397450628,-14995.368011685248
63,5,0.45645190908769145,-8.165954963614691,3.0,1.0,1.0,-14996.134164877694,14996.921412976746,-0.8975160274276277,-1.9274958951191365,1.0,0.0,0.022208709445998783,0.022208709445998783,-7.258532649493332,-14987.481723204093,-14994.740255853587
64,5,0.45645190908769145,-8.165954963614691,1.0,1.0,0.16527606420611562,-14996.134164877694,14996.457166729648,0.0,1.800138086780862,1.0,0.0,0.022208709445998783,0.022208709445998783,-7.258532649493332,-14987.481723204093,-14994.740255853587
65,5,0.45645190908769145,-8.165954963614691,1.0,1.0,0.33085976443509313,-14996.134164877694,14996.329393571985,0.0,1.106060665781115,1.0,0.0,0.022208709445998783,0.022208709445998783,-7.258532649493332,-14987.481723204093,-14994.740255853587
66,5,0.4549838610698399,-8.205127698069056,3.0,1.0,1.0,-14994.370854419483,14994.91971532215,-1.2452304885264311,-1.2452304885264311,2.0,0.0,0.022208709445998783,0.022208709445998783,-7.398785577598759,-14985.577635639005,-14992.976421216605
67,5,0.4528727948248138,-8.19398513028574,11.0,1.0,0.10378094167852316,-14994.548533753517,15000.184173538473,0.1017439148035919,12.952059238228685,3.0,0.0,0.022208709445998783,0.022208709445998783,-7.35873488541174,-14985.794580916045,-14993.153315801457
68,5,0.4528727948248138,-8.19398513028574,1.0,1.0,0.0008801691891376522,-14994.548533753517,14997.347775305729,0.0,7.035396408587985,1.0,0.0,0.022208709445998783,0.022208709445998783,-7.35873488541174,-14985.794580916045,-14993.153315801457
69,5,0.4528727948248138,-8.19398513028574,1.0,1.0,0.6488675704459884,-14994.548533753517,14994.87083893214,0.0,0.43252663480052433,1.0,0.0,0.022208709445998783,0.022208709445998783,-7.35873488541174,-14985.794580916045,-14993.153315801457
70,5,0.4528727948248138,-8.19398513028574,7.0,1.0,0.5763142614336717,-14994.548533753517,14995.232313498816,0.0,1.7083607718650455,2.0,0.0,0.022208709445998783,0.022208709445998783,-7.35873488541174,-14985.794580916045,-14993.153315801457
71,5,0.45915186844640704,-8.211217298796452,7.0,1.0,0.6301861053613529,-14994.856746662013,14995.055033616856,0.35226134605727566,0.7427852269083814,3.0,0.0,0.022208709445998783,0.022208709445998783,-7.420726423101431,-14986.04302922578,-14993.463755648881
72,5,0.45915186844640704,-8.211217298796452,3.0,1.0,0.1659198772508372,-14994.856746662013,14995.828886941483,0.0,9.826771282039772,1.0,0.0,0.022208709445998783,0.022208709445998783,-7.420726423101431,-14986.04302922578,-14993.463755648881
73,5,0.45915186844640704,-8.211217298796452,5.0,1.0,0.017793824151725382,-14994.856746662013,14998.321830306775,0.0,16.61638089197004,2.0,0.0,0.022208709445998783,0.022208709445998783,-7.420726423101431,-14986.04302922578,-14993.463755648881
74,5,0.45915186844640704,-8.211217298796452,7.0,1.0,0.19056635143019465,-14994.856746662013,14996.302672735366,0.0,9.786547186122334,2.0,0.0,0.022208709445998783,0.022208709445998783,-7.420726423101431,-14986.04302922578,-14993.463755648881
75,5,0.4570569285000121,-8.190999406232052,7.0,1.0,0.9974730244956633,-14994.915128917868,14994.967349359335,0.017847145598352654,-0.4312869345303625,3.0,0.0,0.022208709445998783,0.022208709445998783,-7.34802413158238,-14986.173406655216,-14993.5214307868
76,5,0.4521146629156278,-8.182654205678665,7.0,1.0,0.9104006572895184,-14994.667313087188,14994.86261642943,-0.4025402306633623,-0.44114990405068966,2.0,0.0,0.022208709445998783,0.022208709445998783,-7.318134488775386,-14985.953669893282,-14993.271804382059
77,5,0.4521146629156278,-8.182654205678665,3.0,1.0,0.07455791415624026,-14994.667313087188,14995.403132609923,0.0,6.06533691938057,2.0,0.0,0.022208709445998783,0.022208709445998783,-7.318134488775386,-14985.953669893282,-14993.271804382059
78,5,0.44697961686401533,-8.18834328949934,1.0,1.0,0.12513349441150598,-14996.980645438976,14997.587479763592,2.0783741562463547,2.0783741562463547,1.0,0.0,0.022208709445998783,0.022208709445998783,-7.338503278067891,-14988.244539456702,-14995.58304273477
79,5,0.4541486118499761,-8.204220264077575,3.0,1.0,0.3362294732381299,-14994.439067577512,14995.993202607766,-2.064899175438768,6.307536778160284,2.0,0.0,0.022208709445998783,0.022208709445998783,-7.395519265502634,-14985.64880899322,-14993.044328258724
80,5,0.45582835361887786,-8.211516811669828,9.0,1.0,0.35428461297535846,-14994.362050130187,14994.775734469322,-0.06760453593051352,3.047058806540008,3.0,0.0,0.022208709445998783,0.022208709445998783,-7.421806525487698,-14985.546114091407,-14992.967920616895
81,5,0.456220462428511,-8.201505825507994,7.0,1.0,0.9579698202157562,-14994.436517535669,14994.450087663594,0.06278326263782219,0.09695219915374764,2.0,0.0,0.022208709445998783,0.022208709445998783,-7.3857535492451865,-14985.656773494276,-14993.04252704352
82,5,0.44949982476545025,-8.182311709543981,3.0,1.0,0.46678337373275314,-14995.353364000986,14995.927384263034,0.5413791588634922,1.0100482658672263,2.0,0.0,0.022208709445998783,0.022208709445998783,-7.316909272978552,-14986.639906908593,-14993.956816181571
83,5,0.44949982476545025,-8.182311709543981,7.0,1.0,0.24260975864019693,-14995.353364000986,14996.807640754943,0.0,12.016084237160612,2.0,0.0,0.022208709445998783,0.022208709445998783,-7.316909272978552,-14986.639906908593,-14993.956816181571
84,5,0.4533851276379467,-8.173876790373928,3.0,1.0,0.8124544048079786,-14994.81942110244,14994.92423349868,-0.5214253724043374,-0.5214253724043374,2.0,0.0,0.022208709445998783,0.022208709445998783,-7.286771947298219,-14986.137625014839,-14993.424396962137
85,5,0.45696625742464564,-8.230281786218812,5.0,1.0,0.9798949445085967,-14994.56696217988,14994.900551202034,-0.02263374672656937,-0.06971294163849961,2.0,0.0,0.022208709445998783,0.022208709445998783,-7.489655590268344,-14985.683577043885,-14993.173232634153
86,5,0.4585929971851893,-8.204169814363931,7.0,1.0,0.7296573143758179,-14994.902936581962,14995.40599029565,0.4346598158535926,0.8325447262977832,2.0,0.0,0.022208709445998783,0.022208709445998783,-7.395337695729391,-14986.11442274033,-14993.509760436058
87,5,0.4585929971851893,-8.204169814363931,5.0,1.0,0.003577863661386237,-14994.902936581962,14998.374118467873,0.0,27.7973592422386,2.0,0.0,0.022208709445998783,0.022208709445998783,-7.395337695729391,-14986.11442274033,-14993.509760436058
88,5,0.45283157887919967,-8.22125532686883,3.0,1.0,0.8142072030264463,-14995.330018133427,14995.360664530266,0.3797107390619203,0.3797107390619203,1.0,0.0,0.022208709445998783,0.022208709445998783,-7.45697440625391,-14986.477810089711,-14993.934784495965
89,5,0.45283157887919967,-8.22125532686883,1.0,1.0,0.13301695545395958,-14995.330018133427,14995.575149080618,0.0,2.017278674269619,1.0,0.0,0.022208709445998783,0.022208709445998783,-7.45697440625391,-14986.477810089711,-14993.934784495965
90,5,0.4607233889109694,-8.277024995845803,5.0,1.0,1.0,-14996.12027524949,14996.430165862346,-0.40709946184688306,-0.7175530490058009,2.0,0.0,0.022208709445998783,0.022208709445998783,-7.660197405542281,-14987.067593757225,-14994.727791162768
91,5,0.459202794033388,-8.26498750196867,7.0,1.0,0.18515703827534447,-14995.692762564551,14996.531416180514,-0.002879087851397344,5.076712495554602,3.0,0.0,0.022208709445998783,0.022208709445998783,-7.61606992638032,-14986.683718367995,-14994.299788294375
92,5,0.4642718748174608,-8.26251828356426,3.0,1.0,1.0,-14995.758360792597,14995.771547352642,-0.1202250703881873,-0.3406521464112302,2.0,0.0,0.022208709445998783,0.022208709445998783,-7.607036086626685,-14986.759911268995,-14994.366947355622
93,5,0.4642718748174608,-8.26251828356426,5.0,1.0,0.026412490348402533,-14995.758360792597,14999.092589401233,0.0,15.689404802460558,2.0,0.0,0.022208709445998783,0.022208709445998783,-7.607036086626685,-14986.759911268995,-14994.366947355622
94,5,0.4589782879651197,-8.25700455395477,7.0,1.0,0.7293671742661391,-14995.290735093351,14995.841642582433,-0.06690005163181922,0.6512715567660052,3.0,0.0,0.022208709445998783,0.022208709445998783,-7.586885658735971,-14986.310801193877,-14993.897686852613
95,5,0.4580136753025826,-8.236768047200938,7.0,1.0,0.9418119582508436,-14994.643979410315,14995.960732302188,-0.2259103256110393,-0.2566719400765578,3.0,0.0,0.022208709445998783,0.022208709445998783,-7.513190045987535,-14985.737418618706,-14993.250608664694
96,5,0.4514465425689751,-8.167792997710663,7.0,1.0,0.5953978855733466,-14994.961372458225,14995.62489084257,0.010609871576889418,0.9829344658064656,3.0,0.0,0.022208709445998783,0.022208709445998783,-7.265079182507695,-14986.300524420074,-14993.565603602581
97,5,0.44574128069884716,-8.16660791076378,3.0,1.0,0.3113295879385629,-14996.964422868186,14997.151277276807,1.5734994940594333,1.607265070451831,2.0,0.0,0.022208709445998783,0.022208709445998783,-7.260857866932391,-14988.305424718958,-14995.56628258589
98,5,0.45258651075470074,-8.211752329262012,15.0,1.0,0.34619816344144927,-14995.001449654621,14997.21031357208,-1.1268437868475303,9.136551203420822,3.0,0.0,0.022208709445998783,0.022208709445998783,-7.422655911295829,-14986.183466552911,-14993.606122464207
99,5,0.46252473069742106,-8.211431713142074,7.0,1.0,0.41379868365217076,-14996.511868731453,14996.753837727767,1.352273313988917,1.9430819544868427,2.0,0.0,0.022208709445998783,0.022208709445998783,-7.421499634320164,-14987.698441314815,-14995.119940949135
100,5,0.46252473069742106,-8.211431713142074,1.0,1.0,0.009937025208230008,-14996.511868731453,15000.624927251642,0.0,4.611487577931257,1.0,0.0,0.022208709445998783,0.022208709445998783,-7.421499634320164,-14987.698441314815,-14995.119940949135
101,5,0.45393700815216886,-8.243709954314028,3.0,1.0,1.0,-14996.267318282331,14996.424509673026,-0.40369706887395296,-1.9493178112934402,1.0,0.0,0.022208709445998783,0.022208709445998783,-7.5384243560493545,-14987.334076146944,-14994.872500502994
102,5,0.45969756465322315,-8.230028302473157,1.0,1.0,1.0,-14994.675421453163,14994.984877972236,-1.4381073895074223,-1.4381073895074223,1.0,0.0,0.022208709445998783,0.022208709445998783,-7.4887367155285025,-14985.793872033018,-14993.282608748546
103,5,0.46117213395556156,-8.242079639119272,3.0,1.0,0.5338765219741439,-14994.941863910988,14995.130417708726,0.03443515896287863,1.5898232178114995,2.0,0.0,0.022208709445998783,0.022208709445998783,-7.532493718342145,-14986.017027162428,-14993.54952088077
104,5,0.4653095860472802,-8.235070508032,1.0,1.0,0.1477315161543387,-14997.014718135377,14997.770287327803,1.9123587326921552,1.9123587326921552,1.0,0.0,0.022208709445998783,0.022208709445998783,-7.507026707191914,-14988.116571744618,-14995.62359845181
105,5,0.45984564526269595,-8.23190494972958,9.0,1.0,0.3130995740127914,-14994.695919995827,14995.798903124105,-1.9543449662687635,9.292812737618078,3.0,0.0,0.022208709445998783,0.022208709445998783,-7.495541056470192,-14985.807614201607,-14993.303155258078
106,5,0.4562617926521542,-8.196507077656209,11.0,1.0,0.38191922665972045,-14994.543733833183,14996.039477276092,0.04109927723038709,2.7132761038192257,3.0,0.0,0.022208709445998783,0.022208709445998783,-7.367788867932883,-14985.78196905329,-14993.149757921223
107,5,0.4562617926521542,-8.196507077656209,5.0,1.0,0.02074350879379278,-14994.543733833183,14995.995762357428,0.0,13.441347594773106,2.0,0.0,0.022208709445998783,0.022208709445998783,-7.367788867932883,-14985.78196905329,-14993.149757921223
108,5,0.4562617926521542,-8.196507077656209,5.0,1.0,0.02438371621815933,-14994.543733833183,14996.104251276389,0.0,12.019462987575025,2.0,0.0,0.022208709445998783,0.022208709445998783,-7.367788867932883,-14985.78196905329,-14993.149757921223
109,5,0.4565024012786865,-8.203828119037162,5.0,1.0,0.5864114350234417,-14994.434107624926,14994.59951344971,-0.07683414546045242,1.1502172362488636,2.0,0.0,0.022208709445998783,0.022208709445998783,-7.394107992753179,-14985.646108322799,-14993.040216315552
110,5,0.4529387297826549,-8.209076076485488,1.0,1.0,0.7193153275250959,-14994.79334322205,14994.81464140147,0.329455453389528,0.329455453389528,1.0,0.0,0.022208709445998783,0.022208709445998783,-7.413007366985591,-14985.985142966609,-14993.398150333594
111,5,0.45150623328015055,-8.194421930959415,7.0,1.0,0.264638496007095,-14994.87109581402,14998.522990221525,-0.07882378267822787,7.379216862913381,3.0,0.0,0.022208709445998783,0.022208709445998783,-7.360302577594519,-14986.115047772359,-14993.475350349952
112,5,0.45381068823379284,-8.210903602768534,3.0,1.0,0.4004864077206222,-14994.610825288133,14995.275340468377,-0.13926931609603344,3.0909317883870244,1.0,0.0,0.022208709445998783,0.022208709445998783,-7.419595269648257,-14985.796365225826,-14993.215960495474
113,5,0.46367842902421613,-8.227520808553153,5.0,1.0,0.33939169249326406,-14996.335196653345,14997.18968500774,1.392909529242388,2.6674993661763438,2.0,0.0,0.022208709445998783,0.022208709445998783,-7.479650549603421,-14987.46396074387,-14994.943611293473
114,5,0.4614044086147898,-8.262338123889535,3.0,1.0,1.0,-14995.310005945752,14995.47806957754,-1.5609600962507102,-1.5609600962507102,2.0,0.0,0.022208709445998783,0.022208709445998783,-7.606377196211823,-14986.311358087156,-14993.917735283369
115,5,0.4614044086147898,-8.262338123889535,3.0,1.0,0.016055462846147967,-14995.310005945752,14997.988388374099,0.0,11.735856633478761,1.0,0.0,0.022208709445998783,0.022208709445998783,-7.606377196211823,-14986.311358087156,-14993.917735283369
116,5,0.46342375017749476,-8.259039738986544,1.0,1.0,0.839522772187932,-14995.511119966799,14995.587436567183,0.17492167693853844,0.17492167693853844,1.0,0.0,0.022208709445998783,0.022208709445998783,-7.594319888369232,-14986.525140059677,-14994.119459948046
117,5,0.46342375017749476,-8.259039738986544,1.0,1.0,0.0007169249370766879,-14995.511119966799,14997.232212456945,0.0,7.240539413114675,1.0,0.0,0.022208709445998783,0.022208709445998783,-7.594319888369232,-14986.525140059677,-14994.119459948046
118,5,0.46342375017749476,-8.259039738986544,3.0,1.0,0.020069670682996244,-14995.511119966799,14996.862558285698,0.0,15.13724977338643,2.0,0.0,0.022208709445998783,0.022208709445998783,-7.594319888369232,-14986.525140059677,-14994.119459948046
119,5,0.46342375017749476,-8.259039738986544,3.0,1.0,0.0685170429458268,-14995.511119966799,14996.47173035246,0.0,10.37993130286668,2.0,0.0,0.022208709445998783,0.022208709445998783,-7.594319888369232,-14986.525140059677,-14994.119459948046
120,5,0.46342375017749476,-8.259039738986544,1.0,1.0,0.16523596907239202,-14995.511119966799,14996.53536727398,0.0,1.800380711132675,1.0,0.0,0.022208709445998783,0.022208709445998783,-7.594319888369232,-14986.525140059677,-14994.119459948046
121,5,0.4469274479043619,-8.192415729143134,7.0,1.0,0.4046943272110345,-14997.249673544597,14999.098912246376,2.1342398515043897,3.5053529945180344,2.0,0.0,0.022208709445998783,0.022208709445998783,-7.353103826647533,-14988.498944622681,-14995.85204844933
122,5,0.4527913746076919,-8.148627757007327,5.0,1.0,0.8001247320233027,-14995.991342443383,14996.791411799384,-1.8489077265658125,-2.4229331898895907,2.0,0.0,0.022208709445998783,0.022208709445998783,-7.1969843120114465,-14987.399109180067,-14994.596093492079
123,5,0.45136446439015965,-8.158296967025436,1.0,1.0,1.0,-14995.26644095048,14995.69995962272,-0.45164906331774546,-0.45164906331774546,1.0,0.0,0.022208709445998783,0.022208709445998783,-7.231293494267075,-14986.639346387914,-14993.870639882181
124,5,0.4549286770083761,-8.186619762021925,3.0,1.0,0.7308009489024622,-14994.601902180562,14995.89470675608,0.019808369666861836,0.6481695194943313,1.0,0.0,0.022208709445998783,0.022208709445998783,-7.332329066041138,-14985.875119863369,-14993.20744892941
125,5,0.4549286770083761,-8.186619762021925,3.0,1.0,0.6769131999322138,-14994.601902180562,14995.109788670608,0.0,0.6501307431863097,1.0,0.0,0.022208709445998783,0.022208709445998783,-7.332329066041138,-14985.875119863369,-14993.20744892941
126,5,0.4485071646373681,-8.17494210563077,3.0,1.0,0.4615551237108734,-14995.644654498876,14995.884888173316,0.6065121653500682,1.0378919189861335,2.0,0.0,0.022208709445998783,0.022208709445998783,-7.290574312339361,-14986.957123132035,-14994.247697444374
127,5,0.45538078121062237,-8.194995875087404,7.0,1.0,0.7311488319372534,-14994.460146726196,14995.56461629863,-0.6541663786902063,0.9451863138510816,2.0,0.0,0.022208709445998783,0.022208709445998783,-7.362362772263352,-14985.703494216063,-14993.065856988325
128,5,0.45538078121062237,-8.194995875087404,1.0,1.0,0.004617148595861401,-14994.460146726196,14995.818366334037,0.0,5.377977951469802,1.0,0.0,0.022208709445998783,0.022208709445998783,-7.362362772263352,-14985.703494216063,-14993.065856988325
129,5,0.45538078121062237,-8.194995875087404,5.0,1.0,0.1529653608640675,-14994.460146726196,14995.081318120428,0.0,4.03700842786202,2.0,0.0,0.022208709445998783,0.022208709445998783,-7.362362772263352,-14985.703494216063,-14993.065856988325
130,5,0.45815252864193606,-8.216109409852873,7.0,1.0,0.9788448823854478,-14994.511956212233,14994.626258619914,0.06123359247249027,0.06123359247249027,2.0,0.0,0.022208709445998783,0.022208709445998783,-7.43837957242727,-14985.680252786156,-14993.118632358584
131,5,0.45815252864193606,-8.216109409852873,3.0,1.0,0.03206044216596291,-14994.511956212233,14996.179512548117,0.0,11.766555500718823,1.0,0.0,0.022208709445998783,0.022208709445998783,-7.43837957242727,-14985.680252786156,-14993.118632358584
132,5,0.4549886595183975,-8.225518703140347,7.0,1.0,0.8134987541660256,-14994.772651383122,14994.814017197541,0.21971418549401278,0.5897376823359082,2.0,0.0,0.022208709445998783,0.022208709445998783,-7.4724002260279425,-14985.905819696305,-14993.378219922333
133,5,0.4549886595183975,-8.225518703140347,9.0,1.0,0.05146237046583931,-14994.772651383122,14998.968496400803,0.0,44.50944459364655,3.0,0.0,0.022208709445998783,0.022208709445998783,-7.4724002260279425,-14985.905819696305,-14993.378219922333
134,5,0.45759567865978606,-8.239948094145063,7.0,1.0,1.0,-14994.781388352041,14994.798407129254,-0.18589475160661095,-0.30183606974969734,2.0,0.0,0.022208709445998783,0.022208709445998783,-7.524743754017662,-14985.863131740258,-14993.387875494276
135,5,0.45759567865978606,-8.239948094145063,7.0,1.0,0.052292828491498,-14994.781388352041,14998.012898731593,0.0,8.877870612250263,3.0,0.0,0.022208709445998783,0.022208709445998783,-7.524743754017662,-14985.863131740258,-14993.387875494276
136,5,0.45542015270806474,-8.195432206491583,5.0,1.0,0.9712548467080563,-14994.455903232621,14996.296695319053,-0.0897718831547536,-0.0897718831547536,2.0,0.0,0.022208709445998783,0.022208709445998783,-7.363929221139583,-14985.69769843388,-14993.061627655019
137,5,0.45542015270806474,-8.195432206491583,3.0,1.0,0.12004210382082553,-14994.455903232621,14995.207881725588,0.0,5.0370044235824025,2.0,0.0,0.022208709445998783,0.022208709445998783,-7.363929221139583,-14985.69769843388,-14993.061627655019
138,5,0.460001910695826,-8.203151355194104,3.0,1.0,0.17003063344316316,-14995.528797249575,14996.086289603933,1.028177232019516,4.529155429259845,1.0,0.0,0.022208709445998783,0.022208709445998783,-7.391672780185206,-14986.744410155814,-14994.136082935998
139,5,0.4524176455579539,-8.194033862582728,5.0,1.0,0.8043483068737508,-14994.631988492833,14995.090912572185,-0.9189289872556401,-0.9189289872556401,2.0,0.0,0.022208709445998783,0.022208709445998783,-7.358909777794861,-14985.877686774335,-14993.23659655213
140,5,0.4524176455579539,-8.194033862582728,3.0,1.0,0.2567093792134041,-14994.631988492833,14995.636043236042,0.0,3.5000739497245377,2.0,0.0,0.022208709445998783,0.022208709445998783,-7.358909777794861,-14985.877686774335,-14993.23659655213
141,5,0.45675025977439315,-8.206353542570517,5.0,1.0,0.9963235031006288,-14994.428660737896,14994.776770515686,-0.09608303088862158,-0.15541368820959178,2.0,0.0,0.022208709445998783,0.022208709445998783,-7.403199317067806,-14985.631656767817,-14993.034856084885
142,5,0.4504481492160787,-8.149548427230105,7.0,1.0,0.6133371638547146,-14995.61883743486,14998.423594614162,0.008640737903988338,1.0069387448493217,2.0,0.0,0.022208709445998783,0.022208709445998783,-7.200247091699589,-14987.022425888868,-14994.222672980568
143,5,0.4504481492160787,-8.149548427230105,3.0,1.0,0.040677986047405815,-14995.61883743486,14997.477121447342,0.0,7.104646940655584,2.0,0.0,0.022208709445998783,0.022208709445998783,-7.200247091699589,-14987.022425888868,-14994.222672980568
144,5,0.4463231102423889,-8.164102188979891,3.0,1.0,0.329680787223216,-14996.556741011736,14996.979461149416,1.0843150497730676,2.1778078034367354,2.0,0.0,0.022208709445998783,0.022208709445998783,-7.251937034164286,-14987.906917856875,-14995.15885489104
145,5,0.4473990001417233,-8.146923434505252,3.0,1.0,0.37867155730247765,-14996.134602185752,14996.772507964202,-0.8633532330331946,3.711872336572924,2.0,0.0,0.022208709445998783,0.022208709445998783,-7.190946569895606,-14987.546232093984,-14994.73717866388
146,5,0.46211626396848277,-8.252711760374508,7.0,1.0,0.7429621951311882,-14995.17830070822,14998.311869811023,-0.09460955545182514,0.6517920614442119,2.0,0.0,0.022208709445998783,0.022208709445998783,-7.571218301643344,-14986.215030794423,-14993.786249096067
147,5,0.45866266360265506,-8.20815541770289,7.0,1.0,0.8145275043412953,-14994.795266096564,14995.48526590291,0.2702413663155312,0.3711128250142792,3.0,0.0,0.022208709445998783,0.022208709445998783,-7.4096898231821475,-14985.992423344444,-14993.402113167625
148,5,0.45886558962849694,-8.21725986770067,7.0,1.0,0.9845859181835371,-14994.637448538468,14994.976138585189,-0.18966680117046053,-0.376096228194001,3.0,0.0,0.022208709445998783,0.022208709445998783,-7.4425344675719165,-14985.80182854305,-14993.24436301062
149,5,0.45766718687322716,-8.208215610716643,3.0,1.0,0.46223778215711836,-14994.544958033326,14994.854649542996,-0.04545934105408378,2.3246423156433593,1.0,0.0,0.022208709445998783,0.022208709445998783,-7.409906699533348,-14985.741562888927,-14993.15146958846
150,5,0.45617451692585237,-8.215013416725098,3.0,1.0,0.949877394276205,-14994.373596839374,14994.419610102386,-0.1672673708817456,-0.1672673708817456,1.0,0.0,0.022208709445998783,0.022208709445998783,-7.434422608453569,-14985.545167514027,-14992.97959012248
51,6,0.4471792776155424,-8.137193006677759,1.0,1.0,1.0,-14996.46659938664,14996.573932258369,-0.005263746894343058,-0.005263746894343058,1.0,0.0,0.01036892987627243,0.01036892987627243,-7.156531136140972,-14987.912551033207,-14995.069082169348
52,6,0.46006821985765295,-8.214918043235636,5.0,1.0,0.8686544634655945,-14995.06093974086,14997.788066195002,0.18770060700990143,0.20383092694100924,2.0,0.0,0.014921125023032228,0.014921125023032228,-7.434078329656296,-14986.234168434274,-14993.66824676393
53,6,0.4569357880119853,-8.215863931053619,3.0,1.0,1.0,-14994.384070043767,14994.816322240964,-0.27196532711968757,-0.27196532711968757,2.0,0.0,0.014921125023032228,0.014921125023032228,-7.437493193532337,-14985.552836732724,-14992.990329926257
54,6,0.4569357880119853,-8.215863931053619,3.0,1.0,0.4747290821056895,-14994.384070043767,14996.391947241584,0.0,1.3448845922939654,1.0,0.0,0.014921125023032228,0.014921125023032228,-7.437493193532337,-14985.552836732724,-14992.990329926257
55,6,0.45203663952701,-8.174427598258507,7.0,1.0,0.9746350964419354,-14994.781992113074,14995.63311668272,0.007857424538087798,0.0495201282974449,2.0,0.0,0.014921125023032228,0.014921125023032228,-7.288737770728328,-14986.09771544609,-14993.386453216819
56,6,0.4581081030429252,-8.1954342776544,7.0,1.0,0.30963830149799193,-14995.08154836145,14998.457843624252,0.272522939270857,2.1903074324054614,2.0,0.0,0.014921125023032228,0.014921125023032228,-7.363936657158925,-14986.324272864871,-14993.68820952203
57,6,0.4557389172146178,-8.159401620935867,7.0,1.0,0.9183317900772493,-14996.294232313381,14996.30302006655,0.26133264326017525,-0.26712861585656356,3.0,0.0,0.014921125023032228,0.014921125023032228,-7.235219079790137,-14987.664851834521,-14994.900070914311
58,6,0.44720798161993597,-8.18189497728894,7.0,1.0,0.9017601097884443,-14996.528753494445,15000.165770132557,0.09721193291079544,-0.45815816210233606,3.0,0.0,0.014921125023032228,0.014921125023032228,-7.315418649557722,-14987.81582989041,-14995.131248539969
59,6,0.45731198760487957,-8.196486216689475,5.0,1.0,0.5869583283870126,-14994.780246250739,14998.07832378136,-0.561912779479826,1.2836191016212979,2.0,0.0,0.014921125023032228,0.014921125023032228,-7.367713949391047,-14986.01892217958,-14993.386636128971
60,6,0.44970106396628845,-8.165448830128168,7.0,1.0,0.9308098639929645,-14995.242612776827,14996.149697765371,-0.08854699645235087,0.22233712219895096,2.0,0.0,0.014921125023032228,0.014921125023032228,-7.256730545164627,-14986.589416384053,-14993.846146929218
61,6,0.4614219899718003,-8.198399141416289,15.0,1.0,0.6778904685527599,-14996.659638409303,14997.587519362234,0.8798795421553223,0.9139529758540448,4.0,0.0,0.014921125023032228,0.014921125023032228,-7.374585696268482,-14987.892787510435,-14995.267373206703
62,6,0.44590176735579523,-8.181251191411572,7.0,1.0,0.9854594468150023,-14997.41847285045,14997.962743551629,0.10734456290629169,-0.9406699516348453,2.0,0.0,0.014921125023032228,0.014921125023032228,-7.313116211879982,-14988.707286742072,-14996.020402953953
63,6,0.4477229006780128,-8.191896943262755,3.0,1.0,0.8789199038050216,-14996.644776545809,14998.22468551301,-0.21706955803711026,-0.7278804698580643,1.0,0.0,0.014921125023032228,0.014921125023032228,-7.351242948879686,-14987.896247466588,-14995.247490415468
64,6,0.4538387544580314,-8.208633398954657,7.0,1.0,0.9997177478144808,-14994.554807506029,14997.093186294735,-0.7683449428277527,-0.8181538490371167,2.0,0.0,0.014921125023032228,0.014921125023032228,-7.411412096806336,-14985.748541073473,-14993.15995317028
65,6,0.4547373866095457,-8.20736479223251,1.0,1.0,1.0,-14994.401413380661,14994.502116777878,-0.0636529257917573,-0.0636529257917573,1.0,0.0,0.014921125023032228,0.014921125023032228,-7.406841523832869,-14985.600048916938,-14993.00689044077
66,6,0.4577788727147254,-8.219528441060525,15.0,1.0,0.9998789298839525,-14994.440452212011,14994.502785775958,-0.0027993600779154804,-0.0179266367067612,4.0,0.0,0.014921125023032228,0.014921125023032228,-7.450731331209799,-14985.596270481852,-14993.047001813062
67,6,0.45952049724870087,-8.240093594443143,5.0,1.0,0.8837409623575688,-14994.708051986583,14995.13212938466,-0.003384420017027878,0.2178169292419625,2.0,0.0,0.014921125023032228,0.014921125023032228,-7.525272625871922,-14985.789909064877,-14993.315181690748
68,6,0.4553297120409264,-8.200794544339102,7.0,1.0,0.9446943472348378,-14994.380071988457,14995.570291151469,-0.01116255280248879,0.09818368778542208,2.0,0.0,0.014921125023032228,0.014921125023032228,-7.383195796388233,-14985.602568067847,-14992.985763864235
69,6,0.4514786715496744,-8.20942649678331,3.0,1.0,0.7470522844354153,-14995.361244970598,14995.496623114099,0.4101478087141004,0.49485798344358045,2.0,0.0,0.014921125023032228,0.014921125023032228,-7.414270310158255,-14986.551218399134,-14993.965488709293
70,6,0.4535191826398873,-8.192282380384903,9.0,1.0,1.0,-14994.472974057773,14995.333391996428,-0.40162208709080005,-0.40162208709080005,3.0,0.0,0.014921125023032228,0.014921125023032228,-7.352625480799828,-14985.72537479287,-14993.07800027367
71,6,0.4604540896092493,-8.23736732104188,7.0,1.0,0.8466844889184169,-14994.799787540678,14996.296188484663,0.05630558908342209,0.24175932631987962,2.0,0.0,0.014921125023032228,0.014921125023032228,-7.51536654715115,-14985.89185146857,-14993.407218015722
72,6,0.460512576799254,-8.231719045824864,3.0,1.0,0.9784334898440951,-14994.839312956434,14994.984805253152,0.051413435608992586,0.051413435608992586,2.0,0.0,0.014921125023032228,0.014921125023032228,-7.494866849596372,-14985.951895187849,-14993.446762037445
73,6,0.45072582964350083,-8.190337005087052,7.0,1.0,0.9513692123671765,-14995.047095848333,14995.63852616072,0.10122807772313536,0.1290119581444742,2.0,0.0,0.014921125023032228,0.014921125023032228,-7.345649093588754,-14986.3053931513,-14993.65104224489
74,6,0.45165224921848457,-8.1912461516758,1.0,1.0,1.0,-14994.780286000916,14995.047344483008,-0.09813542198571668,-0.09813542198571668,1.0,0.0,0.014921125023032228,0.014921125023032228,-7.3489089490461925,-14986.035688684897,-14993.384597633943
75,6,0.45573174682832496,-8.173339946227548,7.0,1.0,0.8697220279100085,-14995.349965336662,14995.65582504059,0.17277240578368946,0.328273774288391,3.0,0.0,0.014921125023032228,0.014921125023032228,-7.284856252148327,-14986.670945126227,-14993.955801378375
76,6,0.4543574213232098,-8.172433760000388,7.0,1.0,0.8649782753205627,-14995.019898076547,14996.052548688862,-0.15991902965652116,0.4440371106011298,3.0,0.0,0.014921125023032228,0.014921125023032228,-7.281623236442166,-14986.343612585664,-14993.625235822106
77,6,0.44749724258874685,-8.16081529121435,3.0,1.0,0.9239160827804759,-14995.957323896679,14996.161688445882,0.15143755222015898,0.15143755222015898,2.0,0.0,0.014921125023032228,0.014921125023032228,-7.240244590364401,-14987.319697548402,-14994.559942138767
78,6,0.45960036071057,-8.247603580904318,11.0,1.0,0.9707304585597882,-14994.867233140274,14995.921275431681,-0.2674522438646818,-0.2674522438646818,3.0,0.0,0.014921125023032228,0.014921125023032228,-7.552599051405149,-14985.921789800312,-14993.474388851717
79,6,0.45908472277057144,-8.25247660786008,7.0,1.0,0.9310898523088657,-14995.067692882687,14996.431492886697,0.04832542402618856,0.13979058372569853,3.0,0.0,0.014921125023032228,0.014921125023032228,-7.570360600719,-14986.1043191608,-14993.67467976152
80,6,0.45764275372287194,-8.19680761276012,7.0,1.0,0.7342622205585696,-14994.86604541114,14997.157926910015,0.1448155425987352,0.6272587682979065,2.0,0.0,0.014921125023032228,0.014921125023032228,-7.368868235899473,-14986.1036803936,-14993.4725486295
81,6,0.4603380411311914,-8.204896882023718,3.0,1.0,0.6246764819465453,-14995.606465309604,14996.817159203962,0.3099029709228489,0.7527543084142962,2.0,0.0,0.014921125023032228,0.014921125023032228,-7.397954676280459,-14986.815904108424,-14994.213858784704
82,6,0.4601206544015433,-8.2038984606373,3.0,1.0,1.0,-14995.548991809403,14996.076051998136,-0.023008105803455692,-0.3071081135858549,2.0,0.0,0.014921125023032228,0.014921125023032228,-7.3943611305845085,-14986.761954548638,-14994.156315679222
83,6,0.45391326013832806,-8.23425394239117,3.0,1.0,1.0,-14995.597809963821,14995.746776812253,-0.027440166923042852,-0.4904681790685572,2.0,0.0,0.014921125023032228,0.014921125023032228,-7.504062988699015,-14986.698920367324,-14994.202983356023
84,6,0.44755161801300314,-8.221609315741556,7.0,1.0,0.5466293986123945,-14999.129996074756,15000.482873981564,1.5118764043090778,1.6988877876337938,2.0,0.0,0.014921125023032228,0.014921125023032228,-7.458254522810675,-14990.27438287532,-14997.73263739813
85,6,0.45567293862469904,-8.223282193949098,7.0,1.0,1.0,-14994.558283266118,14997.683094493495,-1.9244611081176117,-1.927406162254556,2.0,0.0,0.014921125023032228,0.014921125023032228,-7.464305784280488,-14985.699792518151,-14993.164098302432
86,6,0.45656016674872474,-8.204604685982991,7.0,1.0,0.9928548436711851,-14994.42974508172,14994.669819235225,-0.0332136578290374,-0.057654094736790285,2.0,0.0,0.014921125023032228,0.014921125023032228,-7.3969028930814416,-14985.638971120175,-14993.035874013256
87,6,0.45636894973663594,-8.233072824385635,7.0,1.0,0.9095991251190109,-14994.739650069121,14995.1572355373,0.0662282537214196,0.18373892909949063,2.0,0.0,0.014921125023032228,0.014921125023032228,-7.499777310050605,-14985.84593458411,-14993.34571189416
88,6,0.4634075502352584,-8.271753645870298,7.0,1.0,0.8773558731029844,-14995.719758078527,14996.238208877061,-0.05503658119778265,0.30331928055602475,3.0,0.0,0.014921125023032228,0.014921125023032228,-7.640855667345561,-14986.687237625594,-14994.32809329294
89,6,0.4620753990314267,-8.257401035875926,3.0,1.0,0.8108840253117996,-14995.232940721551,14996.195040775016,-0.00429516732947377,0.3461240587366774,2.0,0.0,0.014921125023032228,0.014921125023032228,-7.5883336236408825,-14986.252543022521,-14993.840876646162
90,6,0.4565086197293829,-8.215185742003227,7.0,1.0,0.9276652338779071,-14994.371460450317,14996.163295928676,-0.044048933932572254,0.1362838276218099,2.0,0.0,0.014921125023032228,0.014921125023032228,-7.435044690540309,-14985.542526630647,-14992.977571321187
91,6,0.4492821701420231,-8.162050294087225,11.0,1.0,0.7536204689661697,-14995.380279991314,14997.345613397796,0.0824178799357469,0.47126632724757656,3.0,0.0,0.014921125023032228,0.014921125023032228,-7.244636584900325,-14986.739006552561,-14993.983643137462
92,6,0.4492821701420231,-8.162050294087225,3.0,1.0,0.4383235946376882,-14995.380279991314,14997.849159067757,0.0,1.4327760987762304,2.0,0.0,0.014921125023032228,0.014921125023032228,-7.244636584900325,-14986.739006552561,-14993.983643137462
93,6,0.4530119753251946,-8.156577299266043,3.0,1.0,0.9574626768319942,-14995.54670936277,14995.801341600894,0.075530212445301,0.075530212445301,2.0,0.0,0.014921125023032228,0.014921125023032228,-7.225184775325293,-14986.92635949966,-14994.151544274984
94,6,0.4527466927559663,-8.183122278250487,3.0,1.0,0.9954501987131547,-14994.60198008983,14995.438438228055,-0.15782844281238795,-0.15782844281238795,2.0,0.0,0.014921125023032228,0.014921125023032228,-7.3198091204671005,-14985.886904983117,-14993.206714103584
95,6,0.45116311681565324,-8.15558099769026,15.0,1.0,0.9605873950229131,-14995.371093232457,14995.638599116382,0.036864868738121004,0.0829969291571615,4.0,0.0,0.014921125023032228,0.014921125023032228,-7.2216469991305,-14986.75356590868,-14993.975212907812
96,6,0.45053706472457516,-8.145444607587393,3.0,1.0,0.9874028120515727,-14995.820935601423,14995.900006480999,0.03115248829453776,0.03115248829453776,2.0,0.0,0.014921125023032228,0.014921125023032228,-7.18571002331981,-14987.239096688283,-14994.424806711602
97,6,0.45053706472457516,-8.145444607587393,3.0,1.0,0.7042605818747375,-14995.820935601423,14996.626319247964,0.0,0.523904321838927,2.0,0.0,0.014921125023032228,0.014921125023032228,-7.18571002331981,-14987.239096688283,-14994.424806711602
98,6,0.449522093092775,-8.148398113726136,1.0,1.0,1.0,-14995.698915304132,14995.82408131893,-0.029997616051332443,-0.029997616051332443,1.0,0.0,0.014921125023032228,0.014921125023032228,-7.196170607156095,-14987.106205964672,-14994.302376571828
99,6,0.46240108515133965,-8.269356687979945,9.0,1.0,0.9965109240601117,-14995.571887946759,14995.786647918887,-0.0070488326709892135,-0.030880930286002695,3.0,0.0,0.014921125023032228,0.014921125023032228,-7.632069893894323,-14986.547852929732,-14994.179922823627
100,6,0.4582869457127694,-8.258230217468505,3.0,1.0,0.8731783133485802,-14995.511281846637,14996.417499061647,0.1804998392235575,0.1954531297997164,1.0,0.0,0.014921125023032228,0.014921125023032228,-7.591362330004514,-14986.526640906739,-14994.118003236743
101,6,0.46717675794940006,-8.28471588988609,3.0,1.0,1.0,-14996.814358361948,14997.138634930814,-0.00540539307439758,-0.14175979880383238,2.0,0.0,0.014921125023032228,0.014921125023032228,-7.688466826741785,-14987.735278400722,-14995.423745227463
102,6,0.44643959754790785,-8.1288769847039,15.0,1.0,0.983831447889881,-14996.957734807378,14998.188718727291,-0.09486521429607819,-0.18999483815423446,4.0,0.0,0.014921125023032228,0.014921125023032228,-7.1271933348626835,-14988.43270590025,-14995.559899235113
103,6,0.4481570358218039,-8.132215106408864,3.0,1.0,0.8737297372221368,-14996.534928773293,14997.564114309593,-0.05441864818021713,0.2733588993396552,2.0,0.0,0.014921125023032228,0.014921125023032228,-7.138961468537663,-14987.998863964793,-14995.13782543333
104,6,0.4463873588507083,-8.128553674689918,3.0,1.0,0.9778046434189492,-14996.983551831026,14996.987119870935,0.057350557111931266,0.057350557111931266,2.0,0.0,0.014921125023032228,0.014921125023032228,-7.1260541374330035,-14988.459639466799,-14995.585693604231
105,6,0.4458825911869661,-8.142985130376154,3.0,1.0,0.9146925238734777,-14996.740376141672,14997.514492351413,0.15648140888879425,0.15648140888879425,2.0,0.0,0.014921125023032228,0.014921125023032228,-7.177005823572429,-14988.165292022599,-14995.342297846171
106,6,0.4633418716072289,-8.33258618173222,7.0,1.0,0.4481164755165998,-15000.893338161204,15008.657694060563,0.8987722062538523,1.9393782314491546,2.0,0.0,0.014921125023032228,0.014921125023032228,-7.8657535358692705,-14991.635900491943,-14999.501654027812
107,6,0.46603134180217526,-8.320031751686761,1.0,1.0,1.0,-14998.394424699427,15000.071091445503,-0.9238322742330638,-0.9238322742330638,1.0,0.0,0.014921125023032228,0.014921125023032228,-7.81903675935726,-14989.18446741578,-14997.003504175138
108,6,0.4690043119437268,-8.315321376265661,3.0,1.0,0.9959808747580813,-14998.07289973022,14998.392800885362,-0.16604537605053338,-0.16604537605053338,2.0,0.0,0.014921125023032228,0.014921125023032228,-7.8015494605637095,-14988.881205574793,-14996.682755035357
109,6,0.4592000832796231,-8.296419815162398,3.0,1.0,0.5754442968439627,-14998.564504692024,15000.550235415883,0.8999700644380937,1.0762938235038746,2.0,0.0,0.014921125023032228,0.014921125023032228,-7.731600445644403,-14989.439929085514,-14997.171529531159
110,6,0.45705520608895717,-8.207870987169466,7.0,1.0,0.9993453406006026,-14994.447757991447,14998.265983071766,-0.9588274979505513,-0.9588274979505513,2.0,0.0,0.014921125023032228,0.014921125023032228,-7.408665064621134,-14985.645394199624,-14993.054059264245
111,6,0.4477925568638039,-8.156638234339594,7.0,1.0,0.93576941653832,-14995.864215744832,14996.12432111947,0.1507123552091798,0.1507123552091798,2.0,0.0,0.014921125023032228,0.014921125023032228,-7.2254011824354905,-14987.24155786536,-14994.466959047795
112,6,0.45741362697602017,-8.267897120418638,9.0,1.0,0.8424935972083389,-14996.537467770588,14997.289783473196,0.3724033910621074,0.38419648399212747,3.0,0.0,0.014921125023032228,0.014921125023032228,-7.626722831306171,-14987.517169740402,-14995.143892571708
113,6,0.4572674829063221,-8.259082815972848,3.0,1.0,1.0,-14995.894163267734,14996.752595570806,-0.18065322468828526,-0.39943444313757936,2.0,0.0,0.014921125023032228,0.014921125023032228,-7.594477286985734,-14986.906060540749,-14994.500537827735
114,6,0.4572674829063221,-8.259082815972848,1.0,1.0,0.32614238183392213,-14995.894163267734,14997.736500878731,0.0,1.1204212388729502,1.0,0.0,0.014921125023032228,0.014921125023032228,-7.594477286985734,-14986.906060540749,-14994.500537827735
115,6,0.45985184094414494,-8.206916313477,7.0,1.0,0.9991660152594936,-14995.280108209625,14996.571701808714,0.005855000294104684,-0.3687387506761297,2.0,0.0,0.014921125023032228,0.014921125023032228,-7.405226116645351,-14986.482119358261,-14993.887345474906
116,6,0.45467918801970536,-8.25236836720011,5.0,1.0,0.7335442087331117,-14996.579855420721,14997.456145613354,0.37100853675474355,0.663224242927754,2.0,0.0,0.014921125023032228,0.014921125023032228,-7.5699658197228,-14987.615345399337,-14995.18531121906
117,6,0.45467918801970536,-8.25236836720011,1.0,1.0,0.6145708061699028,-14996.579855420721,14997.958745323609,0.0,0.4868311309510318,1.0,0.0,0.014921125023032228,0.014921125023032228,-7.5699658197228,-14987.615345399337,-14995.18531121906
118,6,0.45641802772706996,-8.209291517033815,7.0,1.0,0.9840564593154919,-14994.371866547752,14996.102834657137,-0.7604619794292375,-0.7604619794292375,2.0,0.0,0.014921125023032228,0.014921125023032228,-7.413783817654075,-14985.564161807319,-14992.977945624973
119,6,0.45675610235726855,-8.208125478771155,1.0,1.0,0.9847595240722878,-14994.408338770985,14994.41358832032,0.015357805614257813,0.015357805614257813,1.0,0.0,0.014921125023032228,0.014921125023032228,-7.409581954101421,-14985.604954200495,-14993.014536154596
120,6,0.4607668392866869,-8.1998981547974,3.0,1.0,0.6252872485233382,-14996.134900257906,14996.138099005615,0.7174214427595871,0.7174214427595871,1.0,0.0,0.014921125023032228,0.014921125023032228,-7.379973118074626,-14987.362456782852,-14994.742429900927
121,6,0.4577561896264243,-8.21201458782901,3.0,1.0,1.0,-14994.497447307278,14995.550970026348,-0.6856492477127176,-0.6856492477127176,1.0,0.0,0.014921125023032228,0.014921125023032228,-7.423601802750263,-14985.680387386808,-14993.103989189558
122,6,0.4546247934895829,-8.202910915727479,7.0,1.0,0.9161078320433339,-14994.385861968936,14994.778273400078,-0.047227157672750764,0.17188413621079235,2.0,0.0,0.014921125023032228,0.014921125023032228,-7.390807712417525,-14985.60049015772,-14992.991297870138
123,6,0.4525858691150743,-8.203276919655593,7.0,1.0,0.8845981495169744,-14994.74216024322,14994.963753256136,0.1424076167277235,0.2501008388826449,3.0,0.0,0.014921125023032228,0.014921125023032228,-7.392124566636384,-14985.95470824058,-14993.346832807218
124,6,0.4543553804235454,-8.214352251800136,7.0,1.0,0.9837052117306452,-14994.575425859703,14995.10438438006,-0.05861548047505494,-0.13310393782921892,2.0,0.0,0.014921125023032228,0.014921125023032228,-7.432036125294324,-14985.748726728474,-14993.180762853768
125,6,0.4548540986544832,-8.217206664190387,3.0,1.0,0.9907335951196826,-14994.54699581262,14994.660894664028,-0.015505978250075714,-0.045603892862345674,1.0,0.0,0.014921125023032228,0.014921125023032228,-7.442342293136697,-14985.710173134476,-14993.152515427611
126,6,0.4574990224939062,-8.204445235611528,7.0,1.0,0.9958932595717107,-14994.591832636575,14994.632911927965,0.023592809946421767,-0.07407044105457317,2.0,0.0,0.014921125023032228,0.014921125023032228,-7.396328974625572,-14985.80195773934,-14993.198286713967
127,6,0.4566181588477898,-8.247356874545513,7.0,1.0,0.8195265468258103,-14995.350610434685,14996.19704942081,0.15934100034064613,0.3902014372506528,2.0,0.0,0.014921125023032228,0.014921125023032228,-7.551700470357114,-14986.405059188715,-14993.956759659073
128,6,0.44988173137262566,-8.16613110605205,7.0,1.0,0.9281678807477068,-14995.196013788898,14997.04564299234,-0.18389604295953177,0.28350011412840104,2.0,0.0,0.014921125023032228,0.014921125023032228,-7.259159870316055,-14986.540461378645,-14993.799621248962
129,6,0.45075011041411267,-8.164879564440179,1.0,1.0,1.0,-14995.085261381297,14995.178274308326,-0.04388421448675217,-0.04388421448675217,1.0,0.0,0.014921125023032228,0.014921125023032228,-7.254703962724549,-14986.434513477885,-14993.68921744061
130,6,0.46130540793290575,-8.285529809261165,7.0,1.0,0.8126874978094802,-14996.592910078596,14999.34918213835,0.259027665877511,0.33653596245676454,2.0,0.0,0.014921125023032228,0.014921125023032228,-7.6914620115140355,-14987.509146613635,-14995.20060862515
131,6,0.4622467369323832,-8.258236105858725,3.0,1.0,1.0,-14995.270725463404,14996.448139606657,-0.23595827836288663,-0.23595827836288663,2.0,0.0,0.014921125023032228,0.014921125023032228,-7.591383840664813,-14986.287329712051,-14993.878713552716
132,6,0.4530834244459078,-8.224260207197295,9.0,1.0,0.7941097174898487,-14995.379626373546,14996.34341050942,0.36769151212865836,0.42282380399228714,3.0,0.0,0.014921125023032228,0.014921125023032228,-7.467844824012691,-14986.516643538114,-14993.984488362126
133,6,0.4494150811379628,-8.182180078291024,11.0,1.0,1.0,-14995.385100635045,14995.616588397572,-0.11833355992894212,-0.40989987020293484,3.0,0.0,0.014921125023032228,0.014921125023032228,-7.316438418021194,-14986.672079778595,-14993.988518196616
134,6,0.45169778830067664,-8.1838660023885,1.0,1.0,1.0,-14994.727558574226,14995.191264762585,-0.23435414933919674,-0.23435414933919674,1.0,0.0,0.014921125023032228,0.014921125023032228,-7.322470406365569,-14986.009417572297,-14993.331887978662
135,6,0.4572566942735594,-8.224524140533386,7.0,1.0,0.7448158475929111,-14994.44432078376,14996.355157267419,-0.05021684070743504,0.48301325195643585,2.0,0.0,0.014921125023032228,0.014921125023032228,-7.468800057346008,-14985.581891570597,-14993.050691627943
136,6,0.4598886173171386,-8.236735473046048,7.0,1.0,0.9558015786437098,-14994.709162645595,14994.8391361361,0.025826800325376098,0.08676409380495897,3.0,0.0,0.014921125023032228,0.014921125023032228,-7.513071750286844,-14985.803340043756,-14993.316411794043
137,6,0.45364116104577,-8.201972972009532,15.0,1.0,0.9799019824087483,-14994.48882917612,14995.088504414913,0.012470605861381046,0.06346983759794966,4.0,0.0,0.014921125023032228,0.014921125023032228,-7.387433673970474,-14985.706467409605,-14993.093901083575
138,6,0.4559622518869615,-8.208217858333535,7.0,1.0,0.8800173525828873,-14994.357712143012,14994.841188236458,-0.04470526622753823,0.2550494587612775,2.0,0.0,0.014921125023032228,0.014921125023032228,-7.409914797801635,-14985.553715446746,-14992.963630244547
139,6,0.4553806152253498,-8.207778066471791,7.0,1.0,0.9986121497445376,-14994.361396708244,14994.364816295541,0.0013660062177223153,0.0033384291564289015,2.0,0.0,0.014921125023032228,0.014921125023032228,-7.408330303466302,-14985.558776607182,-14992.967106910648
140,6,0.455247736517194,-8.237167286724869,7.0,1.0,0.8217526614641789,-14995.230365957948,14996.63514537442,0.2858454149773024,0.2858454149773024,2.0,0.0,0.014921125023032228,0.014921125023032228,-7.514640003084854,-14986.321388272441,-14993.836028275526
141,6,0.4559768815676626,-8.228934002874682,3.0,1.0,0.9852895067553344,-14994.67196783423,14995.139839210391,-0.203031595054199,-0.27262608164164703,1.0,0.0,0.014921125023032228,0.014921125023032228,-7.4847706334929125,-14985.793120495757,-14993.27789112925
142,6,0.46262133107231584,-8.188699643342986,3.0,1.0,0.45602673493063106,-14998.454286856631,14998.85703256949,1.6191776908272004,1.771846819363418,2.0,0.0,0.014921125023032228,0.014921125023032228,-7.339780219069807,-14989.72260794189,-14997.06238816096
143,6,0.45668886400509207,-8.200371714440344,1.0,1.0,1.0,-14994.526604263303,14996.833057102413,-1.624963951686368,-1.624963951686368,1.0,0.0,0.014921125023032228,0.014921125023032228,-7.381675548297381,-14985.751102643626,-14993.132778191923
144,6,0.4545261675208601,-8.19213224670871,7.0,1.0,0.986489061034468,-14994.45341363708,14994.630013216596,-0.05957753222355677,-0.06129987516760593,3.0,0.0,0.014921125023032228,0.014921125023032228,-7.352086945729226,-14985.706726453982,-14993.058813399712
145,6,0.4549354215255503,-8.189670262602515,1.0,1.0,0.9768153694964139,-14994.52617712258,14994.528868352561,0.023457621771740378,0.023457621771740378,1.0,0.0,0.014921125023032228,0.014921125023032228,-7.34325893282908,-14985.788467390208,-14993.131726323038
146,6,0.45200167437064187,-8.21017143766182,7.0,1.0,0.5197820945286001,-14995.166101011555,14997.506374167813,0.28968242672635824,1.5163503083840624,3.0,0.0,0.014921125023032228,0.014921125023032228,-7.416955545489252,-14986.353593023809,-14993.770548569299
147,6,0.46027969708000593,-8.216264554849039,5.0,1.0,0.9887529021525303,-14995.097195846416,14995.331920731518,-0.048642658646713244,-0.25730266639038746,2.0,0.0,0.014921125023032228,0.014921125023032228,-7.4389398036142955,-14986.265630874488,-14993.704570678103
148,6,0.45705788365126504,-8.17989865179531,7.0,1.0,0.6963269213552089,-14995.47307516401,14997.020352573723,0.12037339227208577,1.0540368533529545,2.0,0.0,0.014921125023032228,0.014921125023032228,-7.308280335330893,-14986.771097028182,-14994.079377363514
149,6,0.450911019048095,-8.20546277934873,7.0,1.0,0.9936329180233214,-14995.45069084473,14995.626097324639,0.04559333201541449,-0.3830003216917248,3.0,0.0,0.014921125023032228,0.014921125023032228,-7.399991912108412,-14986.654718904296,-14994.054710816405
150,6,0.4541733568879089,-8.194484805048932,3.0,1.0,1.0,-14994.426957277494,14995.095282256727,-0.4389146927405818,-0.4389146927405818,1.0,0.0,0.014921125023032228,0.014921125023032228,-7.360528250506607,-14985.671698859418,-14993.032227109925
51,7,0.4532218168502372,-8.21210690884959,3.0,1.0,3.2535571309478766e-7,-14994.801425860796,14995.523355715804,0.0,838.7643571628942,1.0,0.0,0.036019222041531504,0.036019222041531504,-7.423934794568098,-14985.982405380737,-14993.406340175305
52,7,0.46220168869662237,-8.25944336242461,5.0,1.0,0.98256899631147,-14995.286783808466,14995.673907602984,-0.1737201361629559,-0.19439601014892105,2.0,0.0,0.01654264343655673,0.01654264343655673,-7.595794757216398,-14986.298963448546,-14993.894758205763
53,7,0.46354034644905867,-8.28210100282675,3.0,1.0,0.9730592070812216,-14996.10481711843,14996.127533973095,0.023190998550489894,0.031484926388657186,2.0,0.0,0.01654264343655673,0.01654264343655673,-7.678848649113576,-14987.034342696094,-14994.713191345207
54,7,0.4673263117245312,-8.276896782090486,3.0,1.0,0.8069239221845689,-14996.86763860136,14996.900685328019,0.35728028025187086,0.35728028025187086,2.0,0.0,0.01654264343655673,0.01654264343655673,-7.659726631467512,-14987.817338185467,-14995.477064816934
55,7,0.45605865712651683,-8.2223656775347,7.0,1.0,1.0,-14994.483583586753,14996.904350464747,-0.3968786268542317,-0.3968786268542317,3.0,0.0,0.01654264343655673,0.01654264343655673,-7.460990145237232,-14985.628545734286,-14993.089535879522
56,7,0.4553703449588107,-8.196160874587955,7.0,1.0,0.561497810775217,-14994.439100979302,14996.103570804351,-0.008094640958006494,1.4728010668823117,2.0,0.0,0.01654264343655673,0.01654264343655673,-7.366545596010136,-14985.67826188981,-14993.044807485821
57,7,0.4546908448473511,-8.210733586348178,7.0,1.0,0.8286059802352231,-14994.446582173003,14994.87145757302,0.021839172519321437,0.3507400865364616,3.0,0.0,0.01654264343655673,0.01654264343655673,-7.418982250212771,-14985.63305998196,-14993.052042232172
58,7,0.45408197256594296,-8.211964302480164,15.0,1.0,0.7796527654222297,-14994.57598110812,14995.0647035907,0.06535002521923161,0.5184598704436212,4.0,0.0,0.01654264343655673,0.01654264343655673,-7.423420432585589,-14985.757796687196,-14993.181217119782
59,7,0.4556702348979102,-8.186432493532626,7.0,1.0,0.9737076663425945,-14994.732490812741,14995.518502753739,0.027497055187268415,0.061385340632114094,2.0,0.0,0.01654264343655673,0.01654264343655673,-7.331658390924278,-14986.00664649172,-14993.338304882644
60,7,0.4556702348979102,-8.186432493532626,1.0,1.0,0.11824031821878375,-14994.732490812741,14996.998180650009,0.0,2.1350361304903345,1.0,0.0,0.01654264343655673,0.01654264343655673,-7.331658390924278,-14986.00664649172,-14993.338304882644
61,7,0.4555174359557583,-8.198957119022813,3.0,1.0,0.9986212495837946,-14994.408924007143,14994.799333422636,-0.11783405192545615,-0.11783405192545615,1.0,0.0,0.01654264343655673,0.01654264343655673,-7.37659079323023,-14985.638092570536,-14993.014683363766
62,7,0.454944747345298,-8.215074446267138,5.0,1.0,0.9703059774718181,-14994.484785491673,14994.540145171024,0.04699575197082595,0.05377981222954986,2.0,0.0,0.01654264343655673,0.01654264343655673,-7.434642917395081,-14985.655695164029,-14993.090338081423
63,7,0.45765379192871164,-8.22132456906098,7.0,1.0,0.6209205309099339,-14994.431258195598,14995.694410841594,-0.05547913691589201,1.1059977349141263,3.0,0.0,0.01654264343655673,0.01654264343655673,-7.4572247943133085,-14985.580540386569,-14993.037765180881
64,7,0.4539197769449372,-8.194884109802942,7.0,1.0,0.946652817006387,-14994.435565078951,14994.876588301937,-0.002081841257677297,0.1029466120617144,2.0,0.0,0.01654264343655673,0.01654264343655673,-7.36196156061978,-14985.678779333653,-14993.040740894274
65,7,0.4580286406789275,-8.225819014198951,5.0,1.0,0.9894095865263072,-14994.47280410501,14994.932602617138,0.0024771195312496275,0.02289017841940222,2.0,0.0,0.01654264343655673,0.01654264343655673,-7.47348750181701,-14985.605950919084,-14993.0794384209
66,7,0.455353748077262,-8.208068112972882,7.0,1.0,0.998795303634556,-14994.363360475501,14994.586058016082,-0.004367750605524634,0.005301283845255966,2.0,0.0,0.01654264343655673,0.01654264343655673,-7.409375269340324,-14985.559685738257,-14992.969061007598
67,7,0.455353748077262,-8.208068112972882,3.0,1.0,0.5627987809262348,-14994.363360475501,14995.594717422156,0.0,1.0572394156297378,1.0,0.0,0.01654264343655673,0.01654264343655673,-7.409375269340324,-14985.559685738257,-14992.969061007598
68,7,0.45201527321398716,-8.204517131103248,7.0,1.0,0.8443021868473432,-14994.95669225165,14995.743006105335,0.2850617863532534,0.31214938367520517,3.0,0.0,0.01654264343655673,0.01654264343655673,-7.396587748859581,-14986.164557330116,-14993.561145078975
69,7,0.4566130785377518,-8.183204635629595,7.0,1.0,0.9088626983876491,-14995.126084301435,14995.522040430307,0.03320002660075261,0.22167936563164403,2.0,0.0,0.01654264343655673,0.01654264343655673,-7.320103794615364,-14986.412127954585,-14993.7322317492
70,7,0.456217862542642,-8.185310147956166,1.0,1.0,1.0,-14994.908309134313,14995.241250875959,-0.10244683915152564,-0.10244683915152564,1.0,0.0,0.01654264343655673,0.01654264343655673,-7.327639606845057,-14986.186678117683,-14993.514317724528
71,7,0.4573273281090858,-8.173303232144148,3.0,1.0,0.7313918005670862,-14996.029659261476,14996.336332468838,0.500247597525231,0.500247597525231,1.0,0.0,0.01654264343655673,0.01654264343655673,-7.2847252507401254,-14987.351329165318,-14994.636054416058
72,7,0.4552719234439236,-8.18507211362596,1.0,1.0,1.0,-14994.701925797614,14995.567266028293,-0.6158451388382673,-0.6158451388382673,1.0,0.0,0.01654264343655673,0.01654264343655673,-7.326787438957339,-14985.980809403125,-14993.307596842082
73,7,0.4540344827426635,-8.211335534501478,7.0,1.0,0.9967106872813304,-14994.571649520058,14994.979997956547,0.0018204833522759145,-0.09671545190394681,3.0,0.0,0.01654264343655673,0.01654264343655673,-7.421152793614012,-14985.75571513536,-14993.176867928973
74,7,0.4594576441980752,-8.233053807875466,7.0,1.0,0.9994535316718108,-14994.63749580637,14994.770912954978,-0.07541880354438035,-0.09345635759200377,3.0,0.0,0.01654264343655673,0.01654264343655673,-7.499708320184003,-14985.744896685865,-14993.244605006048
75,7,0.45134501912950986,-8.16322832962765,15.0,1.0,0.49948907134617654,-14995.09277497329,14997.688031661817,0.04417347345042799,2.515098849162314,3.0,0.0,0.01654264343655673,0.01654264343655673,-7.248827409964565,-14986.448138855356,-14993.696966265321
76,7,0.451113594194962,-8.166068855738315,3.0,1.0,0.8645244530338564,-14995.0252431536,14995.424827516692,-0.002924178283137735,0.23624884254240897,2.0,0.0,0.01654264343655673,0.01654264343655673,-7.258938201319131,-14986.370405082931,-14993.62934328425
77,7,0.4515319462310003,-8.165053002638821,3.0,1.0,0.8939571910052901,-14995.032951972888,14995.335017275032,-0.00011494109457999002,0.18281588850913977,2.0,0.0,0.01654264343655673,0.01654264343655673,-7.255321367347241,-14986.38189520882,-14993.637216576168
78,7,0.4562098311030274,-8.214945231716934,7.0,1.0,0.9349107848307519,-14994.372304149738,14995.908004578478,-0.02376823105259973,0.13319340106318123,2.0,0.0,0.01654264343655673,0.01654264343655673,-7.434176473588008,-14985.544133431296,-14992.978309904884
79,7,0.45527844126301037,-8.202500136533107,5.0,1.0,0.8768487529240392,-14994.367931400873,14994.652399148694,-0.0008090682458714582,0.2306286597668077,2.0,0.0,0.01654264343655673,0.01654264343655673,-7.389329919748778,-14985.58427487647,-14992.973604796218
80,7,0.4559320805185931,-8.199316073431891,3.0,1.0,0.9782241935890778,-14994.440024082705,14994.443410155469,0.033003870285028825,0.033003870285028825,1.0,0.0,0.01654264343655673,0.01654264343655673,-7.377880863319265,-14985.668050604661,-14993.045931467981
81,7,0.45304538377515985,-8.192050170985508,5.0,1.0,0.880514768483961,-14994.519839428174,14994.781472262164,-0.0030814229266979964,0.23064870494272327,2.0,0.0,0.01654264343655673,0.01654264343655673,-7.35179254659221,-14985.772894459486,-14993.124687006079
82,7,0.4512279801922975,-8.156467864108535,3.0,1.0,0.4660894848022274,-14995.336238918244,14996.941888888921,0.04783718484759447,1.520726477037897,2.0,0.0,0.01654264343655673,0.01654264343655673,-7.224796132516502,-14986.71558802966,-14993.940384162175
83,7,0.4579458690647016,-8.177715758033212,3.0,1.0,0.6568906830884803,-14996.03496554119,14996.806415941235,0.710295233369834,0.7356936190935812,2.0,0.0,0.01654264343655673,0.01654264343655673,-7.300479465374274,-14987.341092374194,-14994.641571839567
84,7,0.45215339875857474,-8.226769797783497,5.0,1.0,0.969685312417786,-14996.001952548515,14996.828791046633,0.042507969577854965,-0.5414206937621202,2.0,0.0,0.01654264343655673,0.01654264343655673,-7.476930407282992,-14987.129528406329,-14994.606458813612
85,7,0.46239660795603466,-8.270129418787095,7.0,1.0,0.9908771310418497,-14995.5992391026,14996.440816690101,-0.7720778658458585,-0.807651900118799,2.0,0.0,0.01654264343655673,0.01654264343655673,-7.634901622244004,-14986.572371002781,-14994.207272625026
86,7,0.4595208883768503,-8.246396617007106,3.0,1.0,0.9833173816517533,-14994.836251746041,14996.426095678322,-0.02633612757017545,0.02749421108455863,1.0,0.0,0.01654264343655673,0.01654264343655673,-7.5482034941804095,-14985.895178083523,-14993.443381577703
87,7,0.46070512716044687,-8.24736656503878,3.0,1.0,0.9285440281689809,-14994.910781598934,14995.070153028226,0.006364188853694941,0.11642918540383107,2.0,0.0,0.01654264343655673,0.01654264343655673,-7.5517357649896475,-14985.966555972158,-14993.518291737148
88,7,0.46070512716044687,-8.24736656503878,3.0,1.0,0.3323344459454478,-14994.910781598934,14999.182921303429,0.0,3.8532858000726264,1.0,0.0,0.01654264343655673,0.01654264343655673,-7.5517357649896475,-14985.966555972158,-14993.518291737148
89,7,0.45734631375636553,-8.191748844369293,7.0,1.0,0.8557749177381686,-14994.975681335332,14995.73648117964,0.27055002909219183,0.3006593845439056,2.0,0.0,0.01654264343655673,0.01654264343655673,-7.350711769582426,-14986.231371247759,-14993.582083017342
90,7,0.4558775056762926,-8.210327620262161,7.0,1.0,0.9897842024340066,-14994.357127741434,14995.524464161654,-0.2991280916867254,-0.2991280916867254,3.0,0.0,0.01654264343655673,0.01654264343655673,-7.417518596155472,-14985.545497127736,-14992.963015723892
91,7,0.45683532566317503,-8.219187418560379,7.0,1.0,0.7615903526948864,-14994.395124797547,14994.924837946308,0.0005815504264319316,0.5381717668678903,2.0,0.0,0.01654264343655673,0.01654264343655673,-7.449498811869403,-14985.551850957567,-14993.001349769436
92,7,0.4594739731621402,-8.244502486067914,7.0,1.0,0.9407742605577708,-14994.79008945185,14995.543676027997,0.017585146757483017,0.10434189195439103,3.0,0.0,0.01654264343655673,0.01654264343655673,-7.54130832840682,-14985.855895653202,-14993.397203981609
93,7,0.46212736571271673,-8.259782792150842,3.0,1.0,0.7364512415975816,-14995.284906587962,14995.734957096198,0.020239551091435715,0.4905415125267609,2.0,0.0,0.01654264343655673,0.01654264343655673,-7.597035183766522,-14986.295823175573,-14993.892858359339
94,7,0.4587747161489131,-8.224990972540407,7.0,1.0,0.956392317043391,-14994.544179646613,14997.313947993967,-0.004564241586194839,0.1151653263514163,2.0,0.0,0.01654264343655673,0.01654264343655673,-7.470489796582789,-14985.680574180482,-14993.151063977064
95,7,0.46140991701764056,-8.222320547646856,1.0,1.0,0.6657550628775408,-14995.357991760447,14995.40005301277,0.4068334495441377,0.4068334495441377,1.0,0.0,0.01654264343655673,0.01654264343655673,-7.46082690262874,-14986.504895906308,-14993.965722808936
96,7,0.46187510026841794,-8.263068929624902,7.0,1.0,0.9777153482428602,-14995.347286404694,14996.308002277648,-0.4285589648607129,-0.4547964493576728,3.0,0.0,0.01654264343655673,0.01654264343655673,-7.609050142554554,-14986.34611090182,-14993.955161044376
97,7,0.46319612557662665,-8.272746107106915,3.0,1.0,0.9783777360758608,-14995.72974458621,14995.797480449217,0.01240379799673974,0.04226260537689086,2.0,0.0,0.01654264343655673,0.01654264343655673,-7.6444951017899685,-14986.693522291469,-14994.338017393258
98,7,0.46487876635943276,-8.288994843435754,7.0,1.0,0.9923450898674907,-14996.454237458924,14996.476598367137,0.022931390449230094,-0.051904698095313506,3.0,0.0,0.01654264343655673,0.01654264343655673,-7.704220586614369,-14987.358776294594,-14995.062996881208
99,7,0.46487876635943276,-8.288994843435754,1.0,1.0,0.9305446230385066,-14996.454237458924,14996.608993181893,0.0,0.07198524807063222,1.0,0.0,0.01654264343655673,0.01654264343655673,-7.704220586614369,-14987.358776294594,-14995.062996881208
100,7,0.4541912509308319,-8.233702379143999,7.0,1.0,0.7836181581100359,-14995.440985164976,14997.911871068383,0.4012300305712415,0.521845151339221,3.0,0.0,0.01654264343655673,0.01654264343655673,-7.502061471589085,-14986.544200140272,-14994.04626161186
101,7,0.46183584290840823,-8.222142703553565,3.0,1.0,0.983139364228427,-14995.56126916556,14995.891901664923,0.051906016078646644,-0.1351159505211399,2.0,0.0,0.01654264343655673,0.01654264343655673,-7.460183629616637,-14986.708948125866,-14994.169131755483
102,7,0.45176554012290493,-8.21203395042234,15.0,1.0,0.9659131211791604,-14995.349967121972,14995.948686186231,-0.04543987971919705,-0.4269392468359001,3.0,0.0,0.01654264343655673,0.01654264343655673,-7.423671640799074,-14986.530651293857,-14993.954322934656
103,7,0.45172808843483087,-8.21248573737932,1.0,1.0,0.9801381460358927,-14995.388495465935,14995.897144730701,0.02006175190945214,0.02006175190945214,1.0,0.0,0.01654264343655673,0.01654264343655673,-7.425301276859175,-14986.567535408542,-14993.9928366854
104,7,0.45458261131129135,-8.198731717225218,7.0,1.0,1.0,-14994.39163430416,14994.894819267465,-0.5240149047076557,-0.5262080664560926,2.0,0.0,0.01654264343655673,0.01654264343655673,-7.375780772598337,-14985.621273986113,-14992.99705475871
105,7,0.45037554957595316,-8.206326986935807,1.0,1.0,0.49554386960521635,-14995.764704455341,14995.769049475412,0.7020993930964323,0.7020993930964323,1.0,0.0,0.01654264343655673,0.01654264343655673,-7.403103685710666,-14986.965407228587,-14994.368510914297
106,7,0.454558031904726,-8.198312846314902,1.0,1.0,1.0,-14994.394129650229,14995.068837061046,-0.7020655013402575,-0.7020655013402575,1.0,0.0,0.01654264343655673,0.01654264343655673,-7.37427562193489,-14985.62526547541,-14992.999541097344
107,7,0.45476784890444666,-8.1828628349129,7.0,1.0,0.9499665439497355,-14994.691540322909,14994.947294693224,0.08039720498891256,0.0888817516843119,2.0,0.0,0.01654264343655673,0.01654264343655673,-7.318880878289981,-14985.978147622487,-14993.297028500778
108,7,0.4564686833936817,-8.19652756693081,7.0,1.0,0.9774548186379476,-14994.580574719486,14995.127855842016,0.02054743276858062,0.049951468463405035,2.0,0.0,0.01654264343655673,0.01654264343655673,-7.367862452030545,-14985.818809130778,-14993.18667158281
109,7,0.45861455387877226,-8.228450849113923,7.0,1.0,0.9970607012835124,-14994.528699340148,14994.728315653312,-0.08560529021087859,-0.09431677659267734,2.0,0.0,0.01654264343655673,0.01654264343655673,-7.483019915095457,-14985.652510467347,-14993.135530382442
110,7,0.4543971371008048,-8.20393854644454,7.0,1.0,0.7413911839580081,-14994.408854990237,14995.375173499446,0.005428899661637843,0.6210952362198441,2.0,0.0,0.01654264343655673,0.01654264343655673,-7.394505389315873,-14985.619701963713,-14993.01420735303
111,7,0.45904394260021253,-8.229309613862366,7.0,1.0,0.9276405305573575,-14994.576518605245,14994.995925398092,0.011700367133016698,0.11725194085192925,2.0,0.0,0.01654264343655673,0.01654264343655673,-7.486131829541113,-14985.69736020951,-14993.18349203905
112,7,0.4551176123685748,-8.212623978858192,7.0,1.0,0.9428425518705283,-14994.420915178858,14994.813696502204,-0.0005306233670125948,0.10210052327420271,2.0,0.0,0.01654264343655673,0.01654264343655673,-7.425799967051111,-14985.600730496977,-14993.026530464029
113,7,0.4600186374476613,-8.231980844058535,7.0,1.0,0.46724054564073036,-14994.727938211852,14997.240391180125,0.03787255848328641,2.493707927180367,2.0,0.0,0.01654264343655673,0.01654264343655673,-7.495816307951357,-14985.83941297596,-14993.335229283912
114,7,0.45451445027830584,-8.206371456899335,7.0,1.0,0.4490772624107801,-14994.415641286776,14998.195018702198,-0.0336048159206257,3.335898818810165,2.0,0.0,0.01654264343655673,0.01654264343655673,-7.403263830011054,-14985.617772920657,-14993.021036750668
115,7,0.45184653768675115,-8.18437283554204,7.0,1.0,0.9589817668727417,-14994.700696465841,14995.616100000281,0.030457704457148793,0.0787995472564944,2.0,0.0,0.01654264343655673,0.01654264343655673,-7.32428433649168,-14985.980799463638,-14993.305083800129
116,7,0.45630814689729554,-8.198729927480287,5.0,1.0,0.7956492154710866,-14994.500127459216,14995.233199153205,0.00314076657195983,0.4316111750831624,2.0,0.0,0.01654264343655673,0.01654264343655673,-7.375774341041401,-14985.730393542104,-14993.106167883145
117,7,0.45630814689729554,-8.198729927480287,1.0,1.0,0.08391524317723464,-14994.500127459216,14996.999229604731,0.0,2.477947999326716,1.0,0.0,0.01654264343655673,0.01654264343655673,-7.375774341041401,-14985.730393542104,-14993.106167883145
118,7,0.45506317442279276,-8.21381197795624,7.0,1.0,0.6707207548631244,-14994.445314637174,14995.37712129615,-0.02484543915852555,0.852594339150528,2.0,0.0,0.01654264343655673,0.01654264343655673,-7.430086324574221,-14985.620823880407,-14993.05091020498
119,7,0.45504195590807006,-8.217680713683096,3.0,1.0,0.9762152999568783,-14994.524843386675,14994.585031820841,0.03541504174063448,0.03541504174063448,1.0,0.0,0.01654264343655673,0.01654264343655673,-7.444054689558296,-14985.686376573021,-14993.13043126258
120,7,0.45504195590807006,-8.217680713683096,3.0,1.0,0.6951272736685956,-14994.524843386675,14995.56704483862,0.0,0.5887849798600655,1.0,0.0,0.01654264343655673,0.01654264343655673,-7.444054689558296,-14985.686376573021,-14993.13043126258
121,7,0.45505383363713986,-8.216090495676397,15.0,1.0,0.9890861048096038,-14994.488370157622,14994.599334924318,-0.016124974552440108,0.03822291234428121,4.0,0.0,0.01654264343655673,0.01654264343655673,-7.43831127466442,-14985.6556510651,-14993.093962339764
122,7,0.46097051730632527,-8.26654656712977,7.0,1.0,0.988023808399232,-14995.491321956559,14995.53753601082,0.027046286251788842,0.027046286251788842,3.0,0.0,0.01654264343655673,0.01654264343655673,-7.621777035395745,-14986.477138718656,-14994.098915754052
123,7,0.4593585880921646,-8.291975880544,3.0,1.0,0.5993646926495942,-14997.960800143108,14998.191835953983,0.9250738256996556,0.9250738256996556,2.0,0.0,0.01654264343655673,0.01654264343655673,-7.715206647909611,-14988.852670314473,-14996.567876962383
124,7,0.46116128120312605,-8.250284815259782,5.0,1.0,0.988242676983624,-14995.00395125461,14998.517731805108,-0.9392666182975518,-0.9392666182975518,2.0,0.0,0.01654264343655673,0.01654264343655673,-7.562368863469922,-14986.049235968876,-14993.611604832346
125,7,0.45414751467277475,-8.203601180574562,7.0,1.0,0.6663321054984092,-14994.433746803945,14996.63350161225,-0.008165351346178795,0.8604264656496525,2.0,0.0,0.01654264343655673,0.01654264343655673,-7.393291344604964,-14985.645715734678,-14993.039007079282
126,7,0.4576003031801907,-8.21674055567554,7.0,1.0,0.7995371137317091,-14994.431770604217,14994.982348940935,-0.009899726423100219,0.45002293488869327,2.0,0.0,0.01654264343655673,0.01654264343655673,-7.440658800806845,-14985.597600525722,-14993.038259326528
127,7,0.4541098984985485,-8.199975618860027,7.0,1.0,0.8427296257885912,-14994.417964963455,14994.914005008693,-0.006602836281672353,0.3286906021367031,2.0,0.0,0.01654264343655673,0.01654264343655673,-7.380251583307466,-14985.642959734294,-14993.0232113176
128,7,0.45260297037450026,-8.186264718847161,7.0,1.0,0.9876523354344829,-14994.58729661551,14994.904412623024,0.00958464234645362,0.022903994875377975,2.0,0.0,0.01654264343655673,0.01654264343655673,-7.331057559841233,-14985.860918164055,-14993.191975723896
129,7,0.44720140387930424,-8.19229835141285,1.0,1.0,0.29369021808251106,-14997.036355648423,14997.060597284879,1.2252297471459315,1.2252297471459315,1.0,0.0,0.01654264343655673,0.01654264343655673,-7.352682770796472,-14988.286165113635,-14995.638847884431
130,7,0.45242134344942314,-8.197726391948875,7.0,1.0,0.9675525163606081,-14994.677199562584,14996.267784670425,-1.11881645365429,-1.192425046052449,2.0,0.0,0.01654264343655673,0.01654264343655673,-7.372168579698343,-14985.909640462625,-14993.281809042324
131,7,0.45070211218549844,-8.23274297418285,15.0,1.0,0.589508646996583,-14997.462008458942,14997.653859120832,1.4262093397192075,1.4962843081375468,3.0,0.0,0.01654264343655673,0.01654264343655673,-7.498580700030222,-14988.567364712198,-14996.065945412229
132,7,0.45404567976686055,-8.22287397364689,1.0,1.0,1.0,-14994.942618220144,14996.495857546743,-1.2836998092789145,-1.2836998092789145,1.0,0.0,0.01654264343655673,0.01654264343655673,-7.462828880825081,-14986.08501190023,-14993.547840781055
133,7,0.4561320148293464,-8.182341329737426,7.0,1.0,0.9696685055613508,-14995.015007650116,14995.690089193595,-0.018414394588035066,0.07447139060786867,2.0,0.0,0.01654264343655673,0.01654264343655673,-7.317015229041136,-14986.30397068002,-14993.62098590906
134,7,0.44597914208323475,-8.18293582127124,15.0,1.0,0.6621555909622032,-14997.445868356868,14997.475286825818,1.1020895243054838,1.1020895243054838,4.0,0.0,0.01654264343655673,0.01654264343655673,-7.319142003711191,-14988.728690315198,-14996.047832318909
135,7,0.4487621828454586,-8.178674773796818,1.0,1.0,1.0,-14995.59640544576,14996.93815553479,-0.9363717228643509,-0.9363717228643509,1.0,0.0,0.01654264343655673,0.01654264343655673,-7.303906052749682,-14986.895648249,-14994.19955430175
136,7,0.4487621828454586,-8.178674773796818,1.0,1.0,0.4127953730504581,-14995.59640544576,14996.898169532538,0.0,0.8848032735731977,1.0,0.0,0.01654264343655673,0.01654264343655673,-7.303906052749682,-14986.895648249,-14994.19955430175
137,7,0.4542999466234567,-8.156673929845066,15.0,1.0,0.9890819873753552,-14995.903342969028,14996.121532684921,0.004440191922185477,-0.263096509163006,4.0,0.0,0.01654264343655673,0.01654264343655673,-7.2255279545197295,-14987.283131583823,-14994.508659538342
138,7,0.4542999466234567,-8.156673929845066,1.0,1.0,0.03765987249363417,-14995.903342969028,14999.541633600376,0.0,3.279160141482862,1.0,0.0,0.01654264343655673,0.01654264343655673,-7.2255279545197295,-14987.283131583823,-14994.508659538342
139,7,0.45368463963931915,-8.157373641398598,1.0,1.0,1.0,-14995.664565800233,14996.079017574077,-0.12450709862605436,-0.12450709862605436,1.0,0.0,0.01654264343655673,0.01654264343655673,-7.228013227519846,-14987.041640737167,-14994.269653964686
140,7,0.4585686232370861,-8.249152416990425,5.0,1.0,0.9905290411287364,-14994.997311557856,14996.66564165307,-0.20768214875897684,-0.21121837208920624,2.0,0.0,0.01654264343655673,0.01654264343655673,-7.558241783135046,-14986.045885496618,-14993.604127279754
141,7,0.4614069855689665,-8.240345467847263,3.0,1.0,0.9634076330364385,-14994.998804004437,14995.314567443676,0.03557304395508254,0.057678585610119626,2.0,0.0,0.01654264343655673,0.01654264343655673,-7.526188198124628,-14986.080345944345,-14993.60653414247
142,7,0.46340042164933,-8.262914513681642,7.0,1.0,0.9857698505953792,-14995.540392072648,14996.337704826956,-0.03472870617406443,-0.06703086126981361,2.0,0.0,0.01654264343655673,0.01654264343655673,-7.608485316591845,-14986.540239872204,-14994.148725188796
143,7,0.45485179702626005,-8.217982670654248,7.0,1.0,0.6196092121438638,-14994.566780876448,14997.298029400372,-0.004794742961166776,1.004489762151934,2.0,0.0,0.01654264343655673,0.01654264343655673,-7.445145557884498,-14985.72715409543,-14993.172299653314
144,7,0.45485179702626005,-8.217982670654248,3.0,1.0,0.7243058735996466,-14994.566780876448,14995.303607568027,0.0,0.5476388992392458,1.0,0.0,0.01654264343655673,0.01654264343655673,-7.445145557884498,-14985.72715409543,-14993.172299653314
145,7,0.45485179702626005,-8.217982670654248,3.0,1.0,0.3510665884467266,-14994.566780876448,14997.774514293582,0.0,2.8089788955021504,1.0,0.0,0.01654264343655673,0.01654264343655673,-7.445145557884498,-14985.72715409543,-14993.172299653314
146,7,0.4552617880976287,-8.181578735693742,7.0,1.0,0.4703452649957042,-14994.826248460404,14997.098935237735,0.06652066169408499,1.9770814382463868,2.0,0.0,0.01654264343655673,0.01654264343655673,-7.314287590408513,-14986.117628258111,-14993.43191584852
147,7,0.4532199853217584,-8.203693992012031,7.0,1.0,0.6351532854195524,-14994.592423092417,14995.910096586462,-0.042420162144480855,1.0122740748229262,2.0,0.0,0.01654264343655673,0.01654264343655673,-7.3936253244651855,-14985.80371139099,-14993.197336715455
148,7,0.4529568978647379,-8.203285164947525,15.0,1.0,0.9669690869970717,-14994.645369621883,14994.8321163236,0.025104712723987177,0.08561650422961975,4.0,0.0,0.01654264343655673,0.01654264343655673,-7.392154234110798,-14985.858029399204,-14993.250183633314
149,7,0.4533447490650386,-8.19476290089612,3.0,1.0,1.0,-14994.485986492535,14994.613647382996,-0.10694916355532769,-0.1117981792667706,2.0,0.0,0.01654264343655673,0.01654264343655673,-7.3615264626650685,-14985.72942069291,-14993.090947155573
150,7,0.46109321396062947,-8.27093716057227,7.0,1.0,0.9348219281586471,-14995.694043706415,14996.257459080876,0.1027232400901994,0.11884219077364833,2.0,0.0,0.01654264343655673,0.01654264343655673,-7.637862289180696,-14986.663813698558,-14994.30167598774
51,8,0.45150167250451734,-8.192692077011241,7.0,1.0,0.9982632044776841,-14994.842083124666,14995.048436118372,-0.2618219064115692,-0.4739598174292041,2.0,0.0,0.0176943670876193,0.0176943670876193,-7.354095192489833,-14986.092240681868,-14993.446335874358
52,8,0.46171844041778587,-8.237573191141422,7.0,1.0,0.9869098959928416,-14995.110116112686,14996.026396610754,0.04987877504390781,-0.2101301576822152,2.0,0.0,0.018317537055880007,0.018317537055880007,-7.516114329128149,-14986.201828262781,-14993.71794259191
53,8,0.46080085881542876,-8.2337582840716,3.0,1.0,0.8708871258292561,-14994.892454948475,14995.208282037758,-0.08180307284237642,0.23731690651584358,2.0,0.0,0.018317537055880007,0.018317537055880007,-7.502264325981321,-14985.997731004496,-14993.499995330478
54,8,0.46538395889525064,-8.280307242974814,7.0,1.0,0.6236159951260863,-14996.249252449456,14997.311924929045,-0.07282952472633042,1.341146591659708,2.0,0.0,0.018317537055880007,0.018317537055880007,-7.67225472702319,-14987.185898756454,-14994.858153483478
55,8,0.45811409847200313,-8.206425578260504,7.0,1.0,0.3989047198386579,-14994.689472452867,14998.70314620042,0.12555686326413706,1.8254022086111945,2.0,0.0,0.018317537055880007,0.018317537055880007,-7.403458733390238,-14985.892676903395,-14993.296135636785
56,8,0.45721522330964537,-8.222061271057463,7.0,1.0,0.9960765496322094,-14994.419372805874,14994.74603293055,-0.20720849999088387,-0.20720849999088387,2.0,0.0,0.018317537055880007,0.018317537055880007,-7.459889093831822,-14985.56584026395,-14993.025729357782
57,8,0.4642976676591886,-8.227942516147547,5.0,1.0,0.4866404883087595,-14996.712958903523,14997.060323666234,1.3168686710978363,1.3168686710978363,2.0,0.0,0.018317537055880007,0.018317537055880007,-7.481178211289159,-14987.840374662632,-14995.32155287392
58,8,0.45873742426918207,-8.236801988202112,1.0,1.0,1.0,-14994.626981323658,14995.460410811143,-1.3033282505075476,-1.3033282505075476,1.0,0.0,0.018317537055880007,0.018317537055880007,-7.513313306630803,-14985.720539958673,-14993.233853265303
59,8,0.4584389304316,-8.237926480738908,1.0,1.0,0.9895516011158159,-14994.652166443788,14994.662805179025,0.010503366622288013,0.010503366622288013,1.0,0.0,0.018317537055880007,0.018317537055880007,-7.517397681730516,-14985.74154113126,-14993.25893881299
60,8,0.45612890642729903,-8.19647353674951,7.0,1.0,0.916079064072752,-14994.522848413315,14995.246652259291,0.06564612994952768,0.184490959998584,2.0,0.0,0.018317537055880007,0.018317537055880007,-7.36766841179977,-14985.761157161081,-14993.128825572881
61,8,0.456777245676554,-8.187939967115973,7.0,1.0,0.8880221555495587,-14994.958912625409,14995.027409309272,0.2388643775102537,0.2388643775102537,3.0,0.0,0.018317537055880007,0.018317537055880007,-7.33705818548624,-14986.228059191386,-14993.565117376873
62,8,0.45448079811576386,-8.215850835535596,7.0,1.0,0.9892632574281945,-14994.586838034445,14995.416639700354,-0.19427338143032102,-0.3006598905885767,2.0,0.0,0.018317537055880007,0.018317537055880007,-7.43744590971307,-14985.754775236299,-14993.192221146011
63,8,0.45448079811576386,-8.215850835535596,1.0,1.0,0.5321051503539649,-14994.586838034445,14995.189951101176,0.0,0.630914158129599,1.0,0.0,0.018317537055880007,0.018317537055880007,-7.43744590971307,-14985.754775236299,-14993.192221146011
64,8,0.4536218584330532,-8.187091279583484,15.0,1.0,0.9816403836807666,-14994.516264478338,14994.637632816499,-0.13086349964214605,-0.13086349964214605,3.0,0.0,0.018317537055880007,0.018317537055880007,-7.3340178935764815,-14985.787311269838,-14993.121329163414
65,8,0.4536218584330532,-8.187091279583484,1.0,1.0,0.11680247776917961,-14994.516264478338,14996.140281665585,0.0,2.1472709950357967,1.0,0.0,0.018317537055880007,0.018317537055880007,-7.3340178935764815,-14985.787311269838,-14993.121329163414
66,8,0.4505537394808834,-8.140136669181132,7.0,1.0,0.74703982311745,-14996.12225872173,14996.542650316382,0.1700180233692663,0.5045405851851683,2.0,0.0,0.018317537055880007,0.018317537055880007,-7.166932551853761,-14987.55920394238,-14994.726136494233
67,8,0.44881415286949655,-8.200059773736363,7.0,1.0,0.4761763401803708,-14996.359080565046,14999.088637333958,0.9233943318122328,2.3034353031180217,3.0,0.0,0.018317537055880007,0.018317537055880007,-7.380554107255145,-14987.581696831354,-14994.962250938608
68,8,0.4612959583340551,-8.210488880146148,7.0,1.0,1.0,-14995.820103941096,14996.29310694387,-0.28929849413907505,-1.1128745613550564,2.0,0.0,0.018317537055880007,0.018317537055880007,-7.418099976427452,-14987.009699568047,-14994.427799544474
69,8,0.4649970295594626,-8.208676969426149,1.0,1.0,0.1654601042799004,-14998.723375624064,14999.916728811402,1.7990251749779418,1.7990251749779418,1.0,0.0,0.018317537055880007,0.018317537055880007,-7.411569102346722,-14989.920599280382,-14997.332168382729
70,8,0.45151227692097334,-8.210842975658263,3.0,1.0,0.9962955366113735,-14995.410971685611,14997.269468587743,-2.0521693395457987,-2.704371746000106,1.0,0.0,0.018317537055880007,0.018317537055880007,-7.419376666288613,-14986.595851922,-14994.015228588289
71,8,0.45327963995475956,-8.213260324828644,1.0,1.0,1.0,-14994.821569157957,14995.431050519062,-0.3659310010370973,-0.3659310010370973,1.0,0.0,0.018317537055880007,0.018317537055880007,-7.428095758203894,-14985.998409530483,-14993.426505288686
72,8,0.4596609319227833,-8.178794993256638,7.0,1.0,0.33981070916377687,-14997.002241037508,14997.886209887536,1.3076064600863901,2.58685592819711,2.0,0.0,0.018317537055880007,0.018317537055880007,-7.304335664767252,-14988.305080774306,-14995.609416439072
73,8,0.4642692772484573,-8.23084128231774,7.0,1.0,0.9642358061533681,-14996.539349102695,14998.420642302277,-0.4199230010744941,-1.4667389310579892,3.0,0.0,0.018317537055880007,0.018317537055880007,-7.491683982584795,-14987.656250936845,-14995.14793491943
74,8,0.46127538885041613,-8.190544343338013,5.0,1.0,0.8425340563928584,-14997.171431723658,14997.600929931144,0.5910389905275224,-1.1284511644626036,2.0,0.0,0.018317537055880007,0.018317537055880007,-7.346392457301006,-14988.432728460642,-14995.779120917943
75,8,0.4548612947524519,-8.196394925139062,1.0,1.0,1.0,-14994.408969224933,14995.574110831098,-1.740993063456699,-1.740993063456699,1.0,0.0,0.018317537055880007,0.018317537055880007,-7.367386096749653,-14985.64710536332,-14993.01449146007
76,8,0.4548612947524519,-8.196394925139062,3.0,1.0,0.7422309670466638,-14994.408969224933,14995.523635507654,0.0,0.4526056774557219,1.0,0.0,0.018317537055880007,0.018317537055880007,-7.367386096749653,-14985.64710536332,-14993.01449146007
77,8,0.4548612947524519,-8.196394925139062,1.0,1.0,0.058088627867681195,-14994.408969224933,14996.300031925284,0.0,2.845785368057477,1.0,0.0,0.018317537055880007,0.018317537055880007,-7.367386096749653,-14985.64710536332,-14993.01449146007
78,8,0.45820254375710123,-8.233418807321973,7.0,1.0,0.9864234546197324,-14994.566418491579,14994.965860115499,0.007639645427843789,0.026018036907771602,2.0,0.0,0.018317537055880007,0.018317537055880007,-7.501032562310281,-14985.672078927568,-14993.173111489878
79,8,0.4591139724193477,-8.239512285431001,3.0,1.0,0.9940304801811511,-14994.682034845242,14994.775573524506,0.002616686986584682,0.010771242292321404,2.0,0.0,0.018317537055880007,0.018317537055880007,-7.523159781096223,-14985.765871578089,-14993.289031359185
80,8,0.4591139724193477,-8.239512285431001,3.0,1.0,0.7468291049245114,-14994.682034845242,14997.062870794487,0.0,0.4207926367125765,1.0,0.0,0.018317537055880007,0.018317537055880007,-7.523159781096223,-14985.765871578089,-14993.289031359185
81,8,0.4623545669644398,-8.258409172324125,7.0,1.0,0.9605942041661878,-14995.28928881263,14995.733903309789,0.057658692117911414,0.06489819403577712,3.0,0.0,0.018317537055880007,0.018317537055880007,-7.592016078847441,-14986.305293530006,-14993.897309608854
82,8,0.4623545669644398,-8.258409172324125,1.0,1.0,0.43879185440118146,-14995.28928881263,14995.960591425306,0.0,0.823730114105274,1.0,0.0,0.018317537055880007,0.018317537055880007,-7.592016078847441,-14986.305293530006,-14993.897309608854
83,8,0.4664229458047413,-8.261108798063045,3.0,1.0,0.5413145396926883,-14996.669670018942,14996.789058232538,0.693869698445269,0.8254976477310265,2.0,0.0,0.018317537055880007,0.018317537055880007,-7.601882100834945,-14987.676973683458,-14995.278855784292
84,8,0.46235160459504,-8.261640189203852,1.0,1.0,1.0,-14995.349958008657,14996.030630195228,-0.7089515030911571,-0.7089515030911571,1.0,0.0,0.018317537055880007,0.018317537055880007,-7.6038249754130085,-14986.35415293219,-14993.957977907603
85,8,0.4513714840611372,-8.204178985546797,7.0,1.0,0.4685213534839829,-14995.192843648725,14997.69586689365,0.4313342722834932,1.4485025085068628,2.0,0.0,0.018317537055880007,0.018317537055880007,-7.395370702855172,-14986.4016746347,-14993.797045337556
86,8,0.46023363424950936,-8.240863458231887,7.0,1.0,0.700205623576493,-14994.781704520059,14996.082499728042,-0.45738633455039235,0.8706925822953053,2.0,0.0,0.018317537055880007,0.018317537055880007,-7.528071318124074,-14985.860993294977,-14993.3890646131
87,8,0.45082026251178897,-8.167055919207783,5.0,1.0,0.9634564610310928,-14995.031063206989,14996.98358589008,-0.023649770377232926,0.09602083798017702,2.0,0.0,0.018317537055880007,0.018317537055880007,-7.262453521461666,-14986.372593635233,-14993.635047156695
88,8,0.4471548950393116,-8.167065392431782,7.0,1.0,0.19778828457999773,-14996.160744659453,14998.216044822488,0.5988671354225517,3.8354166645167425,3.0,0.0,0.018317537055880007,0.018317537055880007,-7.262487264047946,-14987.50072975613,-14994.763217020178
89,8,0.4526719890107569,-8.110758578468,7.0,1.0,0.6403802071233768,-14999.59093110235,14999.845795247784,0.9027231170312007,1.2591090091755177,2.0,0.0,0.018317537055880007,0.018317537055880007,-7.0635135219496075,-14991.132123076733,-14998.195636598683
90,8,0.4465566630763729,-8.186568343543794,3.0,1.0,1.0,-14997.198072459749,14999.850739584319,-0.0294168511954922,-1.4544201708176843,2.0,0.0,0.018317537055880007,0.018317537055880007,-7.332144914676364,-14988.468142658952,-14995.80028757363
91,8,0.4441498721486702,-8.162624384081607,7.0,1.0,0.5265142129101167,-14997.978146010226,15000.061999124502,0.04036678812553873,2.6779815900063113,2.0,0.0,0.018317537055880007,0.018317537055880007,-7.246678718971262,-14989.33261749234,-14996.579296211312
92,8,0.459408160061161,-8.17381534648365,7.0,1.0,0.7990994536621763,-14997.264681334242,14999.803117967602,0.11507095587876393,-1.5297484636885201,3.0,0.0,0.018317537055880007,0.018317537055880007,-7.286552673968861,-14988.585221694113,-14995.871774368083
93,8,0.4472144974972308,-8.181425312167688,3.0,1.0,1.0,-14996.506362587194,14996.92126533295,-0.6052770674577914,-1.3744357087252865,2.0,0.0,0.018317537055880007,0.018317537055880007,-7.313738896967596,-14987.795121518488,-14995.108860415456
94,8,0.4479778635486904,-8.115046655400208,7.0,1.0,0.6033688039523708,-14997.650206858641,14999.637775640898,-0.7111635957353428,2.179863653573193,3.0,0.0,0.018317537055880007,0.018317537055880007,-7.078554948471108,-14989.174473319417,-14996.253028267889
95,8,0.44866431799463197,-8.157266425143801,3.0,1.0,1.0,-14995.599834217754,14997.588668157168,-0.09187563959312683,-0.09187563959312683,2.0,0.0,0.018317537055880007,0.018317537055880007,-7.227632379316742,-14986.975310114105,-14994.202942493423
96,8,0.44985555272799954,-8.157241021659477,3.0,1.0,0.9952807991069132,-14995.37663676348,14995.555559555181,-0.10186823523508792,-0.10186823523508792,2.0,0.0,0.018317537055880007,0.018317537055880007,-7.227542144018282,-14986.752691473943,-14993.980233617962
97,8,0.45667146679544873,-8.198606665986715,7.0,1.0,0.8878937750590882,-14994.565532254683,14995.927112823832,0.0625188634130609,0.285700919048395,2.0,0.0,0.018317537055880007,0.018317537055880007,-7.375331401097123,-14985.796368707452,-14993.171700108549
98,8,0.4541032544637304,-8.197995452103184,7.0,1.0,0.7575990703813023,-14994.416580513776,14994.927488138637,-0.11147214234006242,0.531942962858011,3.0,0.0,0.018317537055880007,0.018317537055880007,-7.373135229622168,-14985.648689178233,-14993.021824407855
99,8,0.4597192561220435,-8.21774149413302,13.0,1.0,0.8752011404901126,-14994.858876141852,14994.865480122126,0.2649766209815425,0.2672634695809393,3.0,0.0,0.018317537055880007,0.018317537055880007,-7.444274261420652,-14986.021796213385,-14993.466070474806
100,8,0.4642746299512272,-8.277280200802558,7.0,1.0,0.5648456943396788,-14995.98111448214,14997.474052392883,-0.24359098773311416,1.251342810512142,2.0,0.0,0.018317537055880007,0.018317537055880007,-7.661134513655026,-14986.928567323006,-14994.589701836661
101,8,0.4488698355493262,-8.142606202700167,15.0,1.0,0.8184030310520884,-14995.986928651026,14996.277970590265,0.01403457857122703,0.48179266880288196,3.0,0.0,0.018317537055880007,0.018317537055880007,-7.175665319370571,-14987.414456735229,-14994.590122054598
102,8,0.45323493488982053,-8.18052703428326,7.0,1.0,1.0,-14994.631415576932,14995.98818028897,-0.07149644057972182,-0.08493205596823827,2.0,0.0,0.018317537055880007,0.018317537055880007,-7.310526829530256,-14985.925808013655,-14993.236334843185
103,8,0.45265519384606556,-8.166280476715665,3.0,1.0,0.9459612286692359,-14995.027620407785,14995.169917176394,0.06268876121976064,0.06268876121976064,2.0,0.0,0.018317537055880007,0.018317537055880007,-7.259691784567585,-14986.372627701847,-14993.632319486414
104,8,0.4560487352681701,-8.192568414640046,7.0,1.0,0.5638077505107785,-14994.610963383835,14995.936215691721,0.040748955278104404,1.2871318505040108,3.0,0.0,0.018317537055880007,0.018317537055880007,-7.353651558672267,-14985.863260602542,-14993.216912161215
105,8,0.4508117107358439,-8.168230251631593,7.0,1.0,0.9557409635878036,-14995.009814788882,14995.222197553372,-0.07445711292348278,0.13867668625061924,2.0,0.0,0.018317537055880007,0.018317537055880007,-7.2666370488964125,-14986.347158291928,-14993.613795340825
106,8,0.45287554910755806,-8.157242918169928,7.0,1.0,0.8394097285489833,-14995.48146262505,14995.720684148619,0.16900894077662088,0.37483837920626684,3.0,0.0,0.018317537055880007,0.018317537055880007,-7.227548880559542,-14986.858696840121,-14994.08624572068
107,8,0.4543121798759363,-8.159364799321738,3.0,1.0,0.7054524475544182,-14995.72679177203,14996.069089869916,0.22625723626879335,0.5195394438123913,2.0,0.0,0.018317537055880007,0.018317537055880007,-7.235088207929628,-14987.09702464296,-14994.33211285089
108,8,0.44970934662840323,-8.163361303061182,3.0,1.0,0.8121941817082977,-14995.269798712128,14995.898379508762,-0.3413400615063438,0.425864470009401,2.0,0.0,0.018317537055880007,0.018317537055880007,-7.249300546013598,-14986.624035685169,-14993.873336231181
109,8,0.458735383338654,-8.235646660902507,7.0,1.0,0.9817141992018643,-14994.607823342163,14995.678676094347,-0.08672934985224856,-0.08672934985224856,2.0,0.0,0.018317537055880007,0.018317537055880007,-7.509118250658175,-14985.7055763548,-14993.214694605458
110,8,0.458735383338654,-8.235646660902507,7.0,1.0,0.3359334812388867,-14994.607823342163,14997.795906467383,0.0,2.344983102793776,2.0,0.0,0.018317537055880007,0.018317537055880007,-7.509118250658175,-14985.7055763548,-14993.214694605458
111,8,0.45704093724667666,-8.212588496559666,7.0,1.0,0.9627414078172707,-14994.399585220952,14994.746796589101,0.011168658809765475,0.086918703847914,2.0,0.0,0.018317537055880007,0.018317537055880007,-7.425671966928213,-14985.580209587375,-14993.005881554303
112,8,0.46270668775038887,-8.22768808515102,7.0,1.0,0.6239693926764845,-14995.777469517467,14995.876054229668,0.7305888646114909,0.8103406626469223,3.0,0.0,0.018317537055880007,0.018317537055880007,-7.4802564980825705,-14986.905339961679,-14994.38559645976
113,8,0.46270668775038887,-8.22768808515102,1.0,1.0,0.0009691461249940668,-14995.777469517467,15001.484431142082,0.0,6.939095157655174,1.0,0.0,0.018317537055880007,0.018317537055880007,-7.4802564980825705,-14986.905339961679,-14994.38559645976
114,8,0.46159459428198946,-8.263047353920006,7.0,1.0,0.986299504782138,-14995.33646822985,14996.712015202216,-0.7267047935893061,-0.7267047935893061,2.0,0.0,0.018317537055880007,0.018317537055880007,-7.608971221043479,-14986.335285273759,-14993.944256494802
115,8,0.460036629100549,-8.232982821366871,7.0,1.0,0.9486766395421073,-14994.727920333928,14995.813263050273,0.04982053862659086,0.14105447433576046,3.0,0.0,0.018317537055880007,0.018317537055880007,-7.499450791911639,-14985.835766404434,-14993.335217196345
116,8,0.4547589678069413,-8.219843464585264,7.0,1.0,0.8800433547361928,-14994.637568924638,14995.22508323374,0.06844177801212936,0.2875441591713752,3.0,0.0,0.018317537055880007,0.018317537055880007,-7.45186998870689,-14985.79118387327,-14993.243053861977
117,8,0.46007482185245574,-8.240483258717786,7.0,1.0,0.9422255372348677,-14994.759656970118,14995.0413831682,-0.12598863863786391,0.18109910063685675,2.0,0.0,0.018317537055880007,0.018317537055880007,-7.526689101584382,-14985.840277014,-14993.366966115584
118,8,0.4580027830643553,-8.243904556410126,3.0,1.0,0.9104751977584482,-14994.86898650294,14994.981809808074,0.07314824190325453,0.12391393201323808,2.0,0.0,0.018317537055880007,0.018317537055880007,-7.5391324424499935,-14985.936479629801,-14993.475612072252
119,8,0.4612658344718558,-8.263290526207754,3.0,1.0,0.7351584232044032,-14995.343573910128,14995.705097509488,-0.05075485133420443,0.5551453067801049,2.0,0.0,0.018317537055880007,0.018317537055880007,-7.609860744969086,-14986.341399381294,-14993.951260126263
120,8,0.4612658344718558,-8.263290526207754,1.0,1.0,0.120878149750575,-14995.343573910128,14996.905947454814,0.0,2.112972267632358,1.0,0.0,0.018317537055880007,0.018317537055880007,-7.609860744969086,-14986.341399381294,-14993.951260126263
121,8,0.4623231920438668,-8.292177425474193,3.0,1.0,0.7317959734617115,-14996.856617912974,14997.242575208329,0.33621692717133556,0.5265301252838981,2.0,0.0,0.018317537055880007,0.018317537055880007,-7.715949725216138,-14987.748679477128,-14995.464629202344
122,8,0.4644505946227913,-8.241083179384603,3.0,1.0,0.6668973818187859,-14996.201560718393,14997.853476096026,0.4900575970095815,0.6705222775708535,2.0,0.0,0.018317537055880007,0.018317537055880007,-7.528870180979466,-14987.281328315463,-14994.810198496441
123,8,0.45585433608181575,-8.218971304850426,7.0,1.0,0.6936010215786028,-14994.441209455039,14996.355822481413,-0.7985318693590671,1.2364717417276552,2.0,0.0,0.018317537055880007,0.018317537055880007,-7.448717796550004,-14985.59837139616,-14993.047089192709
124,8,0.46790295934936776,-8.239963806435851,7.0,1.0,0.30219869494595536,-14998.792962471844,15000.6326035071,2.4135450214816956,2.5103895939737413,2.0,0.0,0.018317537055880007,0.018317537055880007,-7.52480086482854,-14989.877737851595,-14997.402538716424
125,8,0.45795631423883437,-8.237008737533168,3.0,1.0,1.0,-14994.65391997535,14996.78454395137,-2.3737810271704802,-2.3737810271704802,1.0,0.0,0.018317537055880007,0.018317537055880007,-7.514064165449196,-14985.746465646971,-14993.26052981242
126,8,0.45795631423883437,-8.237008737533168,1.0,1.0,0.23704752141813354,-14994.65391997535,14995.665868746795,0.0,1.4394946456341131,1.0,0.0,0.018317537055880007,0.018317537055880007,-7.514064165449196,-14985.746465646971,-14993.26052981242
127,8,0.45386062361223556,-8.191493196878968,5.0,1.0,0.9435844812975919,-14994.460373970254,14995.311490954524,-0.03699941899685655,0.10077490441108239,2.0,0.0,0.018317537055880007,0.018317537055880007,-7.349794902427375,-14985.7157328756,-14993.065527778028
128,8,0.45386062361223556,-8.191493196878968,7.0,1.0,0.31692009977253516,-14994.460373970254,14997.062547575513,0.0,2.406620693307559,3.0,0.0,0.018317537055880007,0.018317537055880007,-7.349794902427375,-14985.7157328756,-14993.065527778028
129,8,0.45016132518371604,-8.17240254956419,3.0,1.0,0.8978639097432066,-14995.079418548206,14995.616669354637,0.13156821304255573,0.13156821304255573,1.0,0.0,0.018317537055880007,0.018317537055880007,-7.2815119010770335,-14986.401627024776,-14993.683138925853
130,8,0.4566088715931622,-8.180788907760729,7.0,1.0,0.7360824859008532,-14995.24871420653,14995.766649306179,0.3147607544269704,0.5864536899698578,3.0,0.0,0.018317537055880007,0.018317537055880007,-7.311463154950169,-14986.543397027981,-14993.854860182932
131,8,0.453726443444136,-8.222748220435912,7.0,1.0,1.0,-14995.046627169679,14995.497191285305,-0.044762448971596314,-0.4536806761461776,2.0,0.0,0.018317537055880007,0.018317537055880007,-7.462373950864355,-14986.189356999417,-14993.651730950281
132,8,0.45519914887422835,-8.169077888671408,7.0,1.0,0.9991697702005167,-14995.416876596117,14995.554794832393,0.0058285617087676656,-0.40273593732126756,3.0,0.0,0.018317537055880007,0.018317537055880007,-7.269657589827413,-14986.752863778456,-14994.022521368284
133,8,0.4579477922151394,-8.247594976271044,7.0,1.0,0.9471475930822083,-14995.029888813307,14997.07215058203,-0.26718373158291797,-0.337842000875753,2.0,0.0,0.018317537055880007,0.018317537055880007,-7.55256770963858,-14986.083928053651,-14993.63649576329
134,8,0.4607949937454063,-8.223581441043649,7.0,1.0,0.9066773138845612,-14995.072960924752,14995.406189483932,0.20429407610026828,0.2600261225943541,2.0,0.0,0.018317537055880007,0.018317537055880007,-7.465388538561043,-14986.215110917432,-14993.680499455993
135,8,0.4607949937454063,-8.223581441043649,3.0,1.0,0.4833082844105007,-14995.072960924752,14996.10089430186,0.0,1.6042079900234967,1.0,0.0,0.018317537055880007,0.018317537055880007,-7.465388538561043,-14986.215110917432,-14993.680499455993
136,8,0.45571823343608053,-8.18618579751264,5.0,1.0,0.38933087708796865,-14994.75140424622,14997.596297424854,-0.1574448505307373,3.5911774336127564,2.0,0.0,0.018317537055880007,0.018317537055880007,-7.330774938195947,-14986.026460525465,-14993.357235463662
137,8,0.45900578409369025,-8.232792739308934,5.0,1.0,0.6912533291725849,-14994.588896831503,14995.887045702733,-0.16854188414254168,0.8561360816947854,2.0,0.0,0.018317537055880007,0.018317537055880007,-7.49876122788569,-14985.69709644445,-14993.195857672335
138,8,0.45750130506841674,-8.217574785311964,7.0,1.0,0.9190377362744867,-14994.419501837734,14994.720322208983,0.0004355597557150759,0.1871297376601433,2.0,0.0,0.018317537055880007,0.018317537055880007,-7.443672027812808,-14985.582284669032,-14993.025956696845
139,8,0.45750130506841674,-8.217574785311964,1.0,1.0,3.100198570232948e-6,-14994.419501837734,15002.951216666188,0.0,12.684044393610748,1.0,0.0,0.018317537055880007,0.018317537055880007,-7.443672027812808,-14985.582284669032,-14993.025956696845
140,8,0.4595828351961653,-8.211717795688921,7.0,1.0,0.7960752965460858,-14994.987851516082,14995.396158563066,0.36589782330156595,0.3929911166396778,3.0,0.0,0.018317537055880007,0.018317537055880007,-7.422531363724059,-14986.172470161131,-14993.595001524855
141,8,0.45796513915196563,-8.216445268334125,1.0,1.0,1.0,-14994.479243241489,14994.771732628817,-0.32493333027741755,-0.32493333027741755,1.0,0.0,0.018317537055880007,0.018317537055880007,-7.439592393391351,-14985.64626367424,-14993.085856067632
142,8,0.4486046800030978,-8.158762292818416,5.0,1.0,0.917979774406491,-14995.593865841567,14996.52783241012,0.11533562511431228,0.1896710339533456,2.0,0.0,0.018317537055880007,0.018317537055880007,-7.232946964068067,-14986.964002385092,-14994.19694934916
143,8,0.44863451551390104,-8.147111391174654,3.0,1.0,0.9767152039592633,-14995.850599805672,14996.648684207563,-0.08589919318728789,-0.08589919318728789,2.0,0.0,0.018317537055880007,0.018317537055880007,-7.191612283703895,-14987.262083424128,-14994.453695707833
144,8,0.44863451551390104,-8.147111391174654,1.0,1.0,0.4347085731262538,-14995.850599805672,14996.51270987399,0.0,0.8330794192443136,1.0,0.0,0.018317537055880007,0.018317537055880007,-7.191612283703895,-14987.262083424128,-14994.453695707833
145,8,0.45358897333265624,-8.185071656172957,7.0,1.0,0.9995966652159148,-14994.54768260766,14995.877726342314,-0.09492861563376209,-0.09492861563376209,2.0,0.0,0.018317537055880007,0.018317537055880007,-7.326785801320555,-14985.82594917989,-14993.152734981211
146,8,0.4447779525187019,-8.13091004535873,7.0,1.0,0.496492267490134,-14997.437519506302,14998.34103437915,0.4922579192698322,1.3468152738514618,2.0,0.0,0.018317537055880007,0.018317537055880007,-7.134359311182121,-14988.90459293097,-14996.038952242152
147,8,0.4486824873420165,-8.191435225061378,7.0,1.0,0.8763189551945182,-14996.022081350737,14999.388937243177,0.381770210866307,-0.4384892800972011,3.0,0.0,0.018317537055880007,0.018317537055880007,-7.349586998444335,-14987.275610167982,-14994.625197166426
148,8,0.44854163221009397,-8.149984831046497,7.0,1.0,0.9724992453110034,-14995.782535112045,14997.174279844612,-0.7476217001185432,-0.8654455338855769,3.0,0.0,0.018317537055880007,0.018317537055880007,-7.201793967114951,-14987.183798436392,-14994.385592403507
149,8,0.45931683740830337,-8.214716086335955,7.0,1.0,0.7345393334280057,-14994.811421277971,14997.253588592568,0.17198677358828718,0.7919215499550774,3.0,0.0,0.018317537055880007,0.018317537055880007,-7.433349336563707,-14985.985135088835,-14993.418484425398
150,8,0.4580079524621932,-8.196701355087038,7.0,1.0,0.832736465161429,-14994.990720544272,14995.854173010071,0.12318276803671324,0.5356472946168651,3.0,0.0,0.018317537055880007,0.018317537055880007,-7.368486602509298,-14986.22886126011,-14993.597347862618
51,9,0.45595744774989433,-8.255902869293738,3.0,1.0,1.0,-14996.209237237099,14996.910202909412,-0.07730196285592683,-0.46952189853072923,2.0,0.0,0.012776119225873647,0.012776119225873647,-7.582863095682699,-14987.23229053712,-14994.815153632802
52,9,0.4637195420809355,-8.24562914096645,3.0,1.0,0.9138491184752681,-14995.714554097034,14996.692405900267,-0.251122329986174,0.2628020199663297,2.0,0.0,0.015212168395780106,0.015212168395780106,-7.545409234645737,-14986.777571505349,-14994.322980739995
53,9,0.45595498520382355,-8.232671800705415,7.0,1.0,0.9376097298202005,-14994.812077383262,14996.788109120715,-0.21094766308306134,-0.3041790969491558,2.0,0.0,0.015212168395780106,0.015212168395780106,-7.498322515593069,-14985.919670388907,-14993.4179929045
54,9,0.4643118782230958,-8.272073736371699,7.0,1.0,0.8772466415392596,-14995.86629115523,14997.119248366522,-0.055031977744874894,0.3094946904675453,2.0,0.0,0.015212168395780106,0.015212168395780106,-7.6420293571126265,-14986.832859847296,-14994.474889204408
55,9,0.46680709212451965,-8.296481732124443,3.0,1.0,0.9782506520851489,-14996.968225886192,14997.203978583966,0.003534699291776633,0.050346627098406316,2.0,0.0,0.015212168395780106,0.015212168395780106,-7.7318289985244455,-14987.845685710226,-14995.577514708752
56,9,0.45035775502037845,-8.149528829888734,15.0,1.0,0.9778432164103317,-14995.619330665351,14997.108567914842,-0.05143478292302461,-0.09424434642824053,4.0,0.0,0.015212168395780106,0.015212168395780106,-7.200177631501275,-14987.022952356863,-14994.223129988364
57,9,0.45193990400044254,-8.146541136640685,3.0,1.0,0.931038583378461,-14995.932823691663,14995.974898727933,0.12648485353565775,0.12648485353565775,2.0,0.0,0.015212168395780106,0.015212168395780106,-7.189592638267704,-14987.347654655841,-14994.537247294109
58,9,0.44716734011801884,-8.16187796610715,3.0,1.0,0.8069783441754396,-14996.102639288423,14996.968524943428,0.17927315619090223,0.3561308817788813,2.0,0.0,0.015212168395780106,0.015212168395780106,-7.244023649784397,-14987.461093319449,-14994.705116969233
59,9,0.4615257816306706,-8.258689495470053,11.0,1.0,0.9345619976674662,-14995.206867206514,14996.49972257228,-0.34435758717154386,-0.34435758717154386,3.0,0.0,0.015212168395780106,0.015212168395780106,-7.593040205583449,-14986.221593978902,-14993.814634184486
60,9,0.4573843144396798,-8.236163584218986,5.0,1.0,0.7333952092191541,-14994.684228963508,14996.135887027052,0.029879425001126947,0.6009535319844872,2.0,0.0,0.015212168395780106,0.015212168395780106,-7.510995062202843,-14985.779648639422,-14993.290643701625
61,9,0.4633471099019778,-8.263048067507306,7.0,1.0,0.9920297639007306,-14995.531253592717,14995.764922219158,0.0281387790437293,-0.046974483055237215,2.0,0.0,0.015212168395780106,0.015212168395780106,-7.608973831258424,-14986.530597172467,-14994.139571003725
62,9,0.4639937962194275,-8.28264152230576,3.0,1.0,0.7689991202046363,-14996.140343841495,14996.809430058618,-0.024203589255193947,0.4810011744120857,2.0,0.0,0.015212168395780106,0.015212168395780106,-7.680836247923702,-14987.068013952747,-14994.74885020067
63,9,0.4613840130278038,-8.258228749919613,3.0,1.0,0.9942609491936353,-14995.186668882754,14996.168570367878,-0.0271680891419237,-0.0271680891419237,2.0,0.0,0.015212168395780106,0.015212168395780106,-7.591356968961392,-14986.203034914528,-14993.79439188349
64,9,0.4575238489307344,-8.217389423922953,7.0,1.0,0.8645666566727227,-14994.42194207448,14996.069284514739,-0.012352989117061952,0.2757508742179198,2.0,0.0,0.015212168395780106,0.015212168395780106,-7.443002444658029,-14985.58540220731,-14993.028404651968
65,9,0.44963023084429543,-8.183314024040651,7.0,1.0,0.8668888712267836,-14995.319853433162,14995.547433238342,0.27019394843591726,0.27019394843591726,2.0,0.0,0.015212168395780106,0.015212168395780106,-7.320495196101428,-14986.602863574723,-14993.923358770824
66,9,0.4500535528292456,-8.168047245261484,3.0,1.0,0.9517845437249471,-14995.138045534255,14995.828609779552,-0.20383081882937404,-0.20383081882937404,2.0,0.0,0.015212168395780106,0.015212168395780106,-7.265985002952982,-14986.475737460014,-14993.741722462966
67,9,0.4500535528292456,-8.168047245261484,3.0,1.0,0.5574110676970264,-14995.138045534255,14996.808746858864,0.0,0.8855413858236716,1.0,0.0,0.015212168395780106,0.015212168395780106,-7.265985002952982,-14986.475737460014,-14993.741722462966
68,9,0.4453249961786087,-8.143884296439639,3.0,1.0,0.7854626738744646,-14996.981746647523,14998.213497060458,0.32700790383751155,0.3974377392351016,1.0,0.0,0.015212168395780106,0.015212168395780106,-7.180187310959119,-14988.403235486225,-14995.583422797185
69,9,0.4453249961786087,-8.143884296439639,1.0,1.0,0.4605343287285866,-14996.981746647523,14998.372646023134,0.0,0.7753678794233565,1.0,0.0,0.015212168395780106,0.015212168395780106,-7.180187310959119,-14988.403235486225,-14995.583422797185
70,9,0.4523276538060589,-8.142968053442104,3.0,1.0,1.0,-14996.26471686784,14997.070013703471,-0.135372424398156,-0.3237710790199344,2.0,0.0,0.015212168395780106,0.015212168395780106,-7.176945408685754,-14987.692344915935,-14994.869290324621
71,9,0.4503245201174172,-8.146657208359429,1.0,1.0,1.0,-14995.75166820838,14996.102400413785,-0.21020535843854304,-0.21020535843854304,1.0,0.0,0.015212168395780106,0.015212168395780106,-7.190003698016975,-14987.165450498582,-14994.355454196599
72,9,0.45198073563439395,-8.167370757070374,3.0,1.0,0.98852251771141,-14994.959446010032,14996.321001154482,-0.04046160518373654,-0.04046160518373654,2.0,0.0,0.015212168395780106,0.015212168395780106,-7.263574987514146,-14986.300310463483,-14993.563885450996
73,9,0.4555845742648891,-8.254914090908088,15.0,1.0,0.6752365662793921,-14996.311143053956,14997.01664343951,0.614946425999733,0.8214298585735378,4.0,0.0,0.015212168395780106,0.015212168395780106,-7.579253818955006,-14987.337672655642,-14994.916926474596
74,9,0.45623045820414837,-8.221558560938183,7.0,1.0,0.7049808074224654,-14994.450935832676,14998.73586764928,-0.613672716273868,1.176153779226297,3.0,0.0,0.015212168395780106,0.015212168395780106,-7.458070972441757,-14985.598877895609,-14993.05694886805
75,9,0.4606733359275685,-8.224368068293256,5.0,1.0,0.8590363281018419,-14995.010391442403,14995.217632054446,0.20374362100665167,0.23563522465337883,2.0,0.0,0.015212168395780106,0.015212168395780106,-7.468235188845767,-14986.149656331683,-14993.61789152053
76,9,0.4606733359275685,-8.224368068293256,1.0,1.0,0.7382221337557888,-14995.010391442403,14995.715205633256,0.0,0.3035105054223095,1.0,0.0,0.015212168395780106,0.015212168395780106,-7.468235188845767,-14986.149656331683,-14993.61789152053
77,9,0.4603164624147358,-8.21178699510453,7.0,1.0,0.9227424523099941,-14995.277186797772,14995.831690695408,0.16119529579191294,0.25671390642310143,2.0,0.0,0.015212168395780106,0.015212168395780106,-7.422780937105297,-14986.461792443679,-14993.884573380785
78,9,0.446289501274614,-8.15350448780727,7.0,1.0,0.9992655400870708,-14996.48448679626,14998.615362215978,-0.047015935318995616,-0.3764422384865611,2.0,0.0,0.015212168395780106,0.015212168395780106,-7.2142766919379735,-14987.872309378481,-14995.08658607042
79,9,0.4539128808500525,-8.14073782422287,3.0,1.0,0.8843886857309008,-14997.018569894424,14997.499262698722,0.2199123303489614,0.2199123303489614,2.0,0.0,0.015212168395780106,0.015212168395780106,-7.169057795471197,-14988.454685350116,-14995.623743145587
80,9,0.4446393089473214,-8.133252697069985,3.0,1.0,0.9495653936412612,-14997.448401439253,14998.251583330219,-0.21792262265080353,-0.21792262265080353,2.0,0.0,0.015212168395780106,0.015212168395780106,-7.142621635705633,-14988.907150453837,-14996.049772089542
81,9,0.45136392572458206,-8.142191986394808,7.0,1.0,1.0,-14996.105874035295,14997.77423532496,-0.212158390408149,-0.32965962716843933,3.0,0.0,0.015212168395780106,0.015212168395780106,-7.174200141480861,-14987.535872613927,-14994.710072755408
82,9,0.4603465939844535,-8.284379148221687,11.0,1.0,0.8896682861345094,-14996.787282219784,14996.928509026944,0.2416213507858629,0.2616144926287234,3.0,0.0,0.015212168395780106,0.015212168395780106,-7.68722782709468,-14987.707450598458,-14995.394678425553
83,9,0.4606719794612479,-8.242868865856032,7.0,1.0,0.48363420968619114,-14994.856854135207,14999.5214497183,-0.36309884945876547,2.250027361436878,3.0,0.0,0.015212168395780106,0.015212168395780106,-7.535364375961153,-14985.928989407947,-14993.464353783907
84,9,0.45533608180363805,-8.246606276107217,3.0,1.0,0.744831874513055,-14995.78879174563,14995.999810994543,0.45199233974744857,0.5139361578621902,2.0,0.0,0.015212168395780106,0.015212168395780106,-7.548966932415707,-14986.845518983455,-14994.394485915871
85,9,0.46504084976226046,-8.26803041859802,27.0,1.0,0.9860284554991446,-14996.010128712454,14997.912164029178,-0.27954835745549644,-0.46286014283032273,4.0,0.0,0.015212168395780106,0.015212168395780106,-7.627211075022304,-14986.991722719433,-14994.618933794454
86,9,0.4684162730530301,-8.293989189308572,3.0,1.0,0.9345321585499976,-14997.341860088593,14998.68138737645,0.06254085324508196,0.14592584158708632,1.0,0.0,0.015212168395780106,0.015212168395780106,-7.722631352833828,-14988.22893626561,-14995.951567618444
87,9,0.4662224390274305,-8.29707616803994,1.0,1.0,1.0,-14996.909357415678,14997.220850893793,-0.16741430118418066,-0.16741430118418066,1.0,0.0,0.015212168395780106,0.015212168395780106,-7.734023423359787,-14987.784465491251,-14995.518488914611
88,9,0.46579442067863924,-8.290927452624693,7.0,1.0,0.9725901283372337,-14996.62029532727,14999.33006839474,-0.00041810115544649307,0.062381130792346084,3.0,0.0,0.015212168395780106,0.015212168395780106,-7.711341847486932,-14987.51796804614,-14995.229309893628
89,9,0.4639730563937067,-8.288339717979397,3.0,1.0,0.9578175812127939,-14996.403348038588,14996.891498756866,0.008842844943501404,0.08475569279653428,2.0,0.0,0.015212168395780106,0.015212168395780106,-7.701807433899203,-14987.310040956878,-14995.011848390777
90,9,0.4639730563937067,-8.288339717979397,1.0,1.0,0.19353605342585026,-14996.403348038588,14998.578470662771,0.0,1.6422914612539898,1.0,0.0,0.015212168395780106,0.015212168395780106,-7.701807433899203,-14987.310040956878,-14995.011848390777
91,9,0.46146828273252816,-8.265354195757016,3.0,1.0,0.9904797458527996,-14995.417492240123,14997.237436515246,-0.03679586262842349,-0.03679586262842349,1.0,0.0,0.015212168395780106,0.015212168395780106,-7.617412025888737,-14986.40782937553,-14994.02524140142
92,9,0.4626462209031929,-8.26541603490666,3.0,1.0,0.9883200501954823,-14995.470514653933,14995.61352980922,-0.005000628196285106,0.021065892588012503,2.0,0.0,0.015212168395780106,0.015212168395780106,-7.617638370467485,-14986.460985069894,-14994.078623440362
93,9,0.46443717127842105,-8.273886715656849,3.0,1.0,0.9818966359468119,-14995.925634182277,14996.013277318769,0.03982039765105583,0.03982039765105583,2.0,0.0,0.015212168395780106,0.015212168395780106,-7.648679020737059,-14986.885589101925,-14994.534268122661
94,9,0.46483176301753765,-8.286645612126211,3.0,1.0,0.7059114014114892,-14996.355468324293,14997.235685179996,-0.019798000046648667,0.6356897459718311,2.0,0.0,0.015212168395780106,0.015212168395780106,-7.6955691898341,-14987.268645275766,-14994.9642144656
95,9,0.46368817929427797,-8.291226292471958,3.0,1.0,0.5832587162396012,-14996.5788154977,14997.954774422931,0.05732320840070315,0.9776678214439016,2.0,0.0,0.015212168395780106,0.015212168395780106,-7.712443343278175,-14987.474789642354,-14995.187232985632
96,9,0.4647903149563678,-8.279591443963152,3.0,1.0,0.9246550969620961,-14996.12084387132,14996.84926102732,-0.046993609679702786,0.1505174794310733,2.0,0.0,0.015212168395780106,0.015212168395780106,-7.6696243237341895,-14987.0599539627,-14994.729578286435
97,9,0.466946272563126,-8.260856788144233,3.0,1.0,0.7102014452230558,-14996.970024177725,14997.619981010464,0.5846531647566735,0.5846531647566735,2.0,0.0,0.015212168395780106,0.015212168395780106,-7.600960799796633,-14987.978389244001,-14995.579350043798
98,9,0.44851497849187794,-8.200285806250923,7.0,1.0,0.8771374157590958,-14996.569760903789,15000.771441062174,0.18720981462320196,-0.5712683672991261,2.0,0.0,0.015212168395780106,0.015212168395780106,-7.381366694733577,-14987.791440407667,-14995.1728071024
99,9,0.45365897051037907,-8.140872727538545,7.0,1.0,0.926937232526338,-14996.894653250163,14998.546173514662,-0.33826181373297004,-0.8592568083822698,2.0,0.0,0.015212168395780106,0.015212168395780106,-7.169534764367842,-14988.33019705423,-14995.499731818598
100,9,0.4460094267331576,-8.156443002418865,3.0,1.0,1.0,-14996.633847366274,14996.999501628674,-0.059958931435176055,-0.4674459983743873,2.0,0.0,0.015212168395780106,0.015212168395780106,-7.2247078415647525,-14988.011116725555,-14995.235824567118
101,9,0.4495959212117125,-8.162412967471509,3.0,1.0,0.9387790765843653,-14995.307365577408,14996.914664378644,-0.41435902829107363,-0.41435902829107363,2.0,0.0,0.015212168395780106,0.015212168395780106,-7.245926636412615,-14986.664930306712,-14993.910856943125
102,9,0.4512326701744085,-8.154370710467546,7.0,1.0,0.9916655762331994,-14995.425864544737,14995.59856786365,-0.017660259212789242,-0.06558000098084449,3.0,0.0,0.015212168395780106,0.015212168395780106,-7.217350714687294,-14986.812660921389,-14994.030011636076
103,9,0.4537612841237665,-8.170745896213695,3.0,1.0,0.9562445115203131,-14994.984053908987,14996.025325950188,0.037382241813247674,0.05402966523433861,1.0,0.0,0.015212168395780106,0.015212168395780106,-7.275603605880085,-14986.313567087767,-14993.589170693647
104,9,0.4529415454250005,-8.207065333893192,7.0,1.0,0.9400754803650876,-14994.736207252581,14995.600950937915,0.060725995601387694,0.19180731173037202,2.0,0.0,0.015212168395780106,0.015212168395780106,-7.405762861455829,-14985.935252572173,-14993.341015433629
105,9,0.462434959506272,-8.247752979806698,7.0,1.0,0.9856617581798932,-14995.23820961546,14996.361275411085,-0.01079635705173132,-0.13961823762292624,2.0,0.0,0.015212168395780106,0.015212168395780106,-7.553143238116358,-14986.2931114966,-14993.846254734715
106,9,0.4542161977890841,-8.230188361253218,7.0,1.0,0.9085156751106945,-14995.231920723943,14996.367980890796,0.19814771148230648,0.19814771148230648,3.0,0.0,0.015212168395780106,0.015212168395780106,-7.489316918705928,-14986.34788946923,-14993.837206387936
107,9,0.45296852430038,-8.203388290343865,7.0,1.0,0.9949418955675479,-14994.644588562807,14996.479905359807,-0.22951851148354763,-0.29149024739308516,2.0,0.0,0.015212168395780106,0.015212168395780106,-7.3925252964615025,-14985.856881691849,-14993.24940698831
108,9,0.45314307904290013,-8.197477981444413,3.0,1.0,1.0,-14994.527218366145,14994.69188366394,-0.06496544371657365,-0.06496544371657365,1.0,0.0,0.015212168395780106,0.015212168395780106,-7.371276181852804,-14985.760826747462,-14993.132102929316
109,9,0.4651252611097119,-8.277019755286195,15.0,1.0,0.8749379603649025,-14996.128355319297,14996.661321116617,0.05557527074961399,0.3063641049193393,4.0,0.0,0.015212168395780106,0.015212168395780106,-7.660178162982011,-14987.07700593296,-14994.737184095942
110,9,0.4617716182476539,-8.257467316410217,7.0,1.0,0.9986880013748831,-14995.198667234541,14996.178684902023,-0.06727380608754174,-0.06727380608754174,3.0,0.0,0.015212168395780106,0.015212168395780106,-7.588575697649523,-14986.217934386474,-14993.806510084123
111,9,0.4530367356561136,-8.241540469374396,3.0,1.0,0.5912850384694418,-14996.61864844812,14997.349163566918,0.876973094396817,0.9828021727844316,2.0,0.0,0.015212168395780106,0.015212168395780106,-7.530532952152171,-14987.692959796108,-14995.22349274826
112,9,0.45455187556505483,-8.207485323190065,7.0,1.0,0.9707094946958955,-14994.422546015585,14996.254034367026,-0.8731453076652542,-0.8731453076652542,2.0,0.0,0.015212168395780106,0.015212168395780106,-7.407275707061912,-14985.620679498792,-14993.027955205855
113,9,0.4530131828055913,-8.211334781298733,1.0,1.0,0.8339170844037389,-14994.841022244751,14994.858957590952,0.1816213007459737,0.1816213007459737,1.0,0.0,0.015212168395780106,0.015212168395780106,-7.421150077440657,-14986.024707537461,-14993.4458576149
114,9,0.4534518217524406,-8.164559043817222,9.0,1.0,0.9916581457725216,-14995.211093022273,14995.468173185025,-0.07453301496934728,-0.194748195084685,3.0,0.0,0.015212168395780106,0.015212168395780106,-7.253563053823758,-14986.562530899457,-14993.81609395328
115,9,0.45485148371228756,-8.154172072689292,1.0,1.0,0.6865087240436175,-14996.302505150972,14996.403077626263,0.3761363458525011,0.3761363458525011,1.0,0.0,0.015212168395780106,0.015212168395780106,-7.216645729109016,-14987.691378084632,-14994.908023813741
116,9,0.45067062650599,-8.206937145412532,7.0,1.0,0.9970210579751217,-14995.638634896231,14996.879718025131,0.021073080037240288,-0.5002561625806266,2.0,0.0,0.015212168395780106,0.015212168395780106,-7.405301148205464,-14986.837258157915,-14994.24255930612
117,9,0.45685764870732914,-8.211188124977674,7.0,1.0,0.9929151582606376,-14994.392281441895,14995.544323997654,-0.5278242995154869,-0.5278242995154869,2.0,0.0,0.015212168395780106,0.015212168395780106,-7.420621221362015,-14985.5778929568,-14992.998514178162
118,9,0.4538076737626484,-8.183188755258612,7.0,1.0,0.7289583726376685,-14994.589879107987,14995.765882633212,0.007205697231256636,0.6350792691991956,2.0,0.0,0.015212168395780106,0.015212168395780106,-7.320046974227008,-14985.874966217585,-14993.195013191813
119,9,0.4536265662256053,-8.177401445579697,3.0,1.0,0.6257905000474676,-14994.729023201708,14995.830708942649,0.021437438670545816,0.8416689089735883,2.0,0.0,0.015212168395780106,0.015212168395780106,-7.299356619206391,-14986.034733029355,-14993.334089648562
120,9,0.4483723946710005,-8.18447666640668,7.0,1.0,0.768530923364856,-14995.936830091727,14996.087278845842,0.5058416310403118,0.5293601777611912,3.0,0.0,0.015212168395780106,0.015212168395780106,-7.324655973587924,-14987.215160875994,-14994.539816849581
121,9,0.4583230149965864,-8.190275173803613,7.0,1.0,0.9983915755187198,-14995.426738718823,14995.942172389927,-0.10001042553994921,-0.5266871170770173,2.0,0.0,0.015212168395780106,0.015212168395780106,-7.34542742003454,-14986.688044804421,-14994.033472224455
122,9,0.45465100546032,-8.133368859467808,15.0,1.0,0.8529532219649181,-14998.138371294866,14998.812924601036,0.5196660373403574,0.5196660373403574,4.0,0.0,0.015212168395780106,0.015212168395780106,-7.14303147297669,-14989.600785314275,-14996.743816787251
123,9,0.4478442182211445,-8.128110442709703,3.0,1.0,0.9913301720984627,-14996.77994390961,14998.170630734998,-0.8791823224437394,-0.8908315257431241,2.0,0.0,0.015212168395780106,0.015212168395780106,-7.124492559419543,-14988.258216456816,-14995.382709016236
124,9,0.44753163964297904,-8.144928949688044,3.0,1.0,0.676206600621413,-14996.145166618382,14997.912922065334,0.0386042684167478,0.7302633735671407,2.0,0.0,0.015212168395780106,0.015212168395780106,-7.183884585799983,-14987.563914878376,-14994.747799464176
125,9,0.4477972363755245,-8.134190808845064,3.0,1.0,0.9991503314272938,-14996.476654475995,14996.593069555985,-0.04518496170385333,-0.1030089183277596,2.0,0.0,0.015212168395780106,0.015212168395780106,-7.145931811479582,-14987.933467943374,-14995.079399754854
126,9,0.4487651699867049,-8.168452843184449,3.0,1.0,0.345038702702038,-14995.490079043262,15000.652394014682,0.1107322594289144,2.9081007186214265,2.0,0.0,0.015212168395780106,0.015212168395780106,-7.267430180742841,-14986.825798955904,-14994.093229136646
127,9,0.45151329580181804,-8.186469186562592,7.0,1.0,1.0,-14994.771797749203,14995.596508519877,-0.1215910678201908,-0.19066085343911254,3.0,0.0,0.015212168395780106,0.015212168395780106,-7.331789798962633,-14986.044265251892,-14993.376055050854
128,9,0.4508803817134505,-8.177917122806527,3.0,1.0,0.35097395306032825,-14994.898266513626,14999.943724452496,-0.008267044790045475,3.798907146914644,2.0,0.0,0.015212168395780106,0.015212168395780106,-7.301198870477431,-14986.201075462215,-14993.502274332692
129,9,0.4565103652073644,-8.203036147934897,7.0,1.0,0.9913443744991604,-14994.447504933089,14995.201825519602,-0.037620695346049615,-0.05216694811315392,2.0,0.0,0.015212168395780106,0.015212168395780106,-7.391258273272382,-14985.662358142612,-14993.053616415884
130,9,0.4538872708551936,-8.198014918085788,7.0,1.0,0.9799043880433906,-14994.434088445247,14994.574047130494,-0.02286375602670887,0.054884969438717235,2.0,0.0,0.015212168395780106,0.015212168395780106,-7.373205167685758,-14985.666047002795,-14993.03925217048
131,9,0.4586674468594436,-8.235094628069245,9.0,1.0,0.8970309799010556,-14994.597665180241,14995.567792342947,-0.005180565251066582,0.18232746711328218,3.0,0.0,0.015212168395780106,0.015212168395780106,-7.507114260813761,-14985.697399583098,-14993.204513843912
132,9,0.45185883045909564,-8.234482002792046,7.0,1.0,0.5646155453067624,-14996.778963189723,14997.160265049959,1.009769157582923,1.0159731179719529,2.0,0.0,0.015212168395780106,0.015212168395780106,-7.504890665001084,-14987.878464638237,-14995.383355303238
133,9,0.455954705243546,-8.232588370601203,1.0,1.0,1.0,-14994.808842147288,14996.054651913817,-0.8798466367697984,-0.8798466367697984,1.0,0.0,0.015212168395780106,0.015212168395780106,-7.498019876235616,-14985.916737692873,-14993.414757569108
134,9,0.4576404954510065,-8.204004904429675,7.0,1.0,0.9892150548298346,-14994.635177507622,14994.901405614113,-0.016880152881640242,-0.12443939579497965,2.0,0.0,0.015212168395780106,0.015212168395780106,-7.394744198534933,-14985.846935756661,-14993.241679955196
135,9,0.45704609420264247,-8.20115197943996,3.0,1.0,0.9859192454463193,-14994.57615848824,14994.72435322268,-0.027988098830974195,-0.07699691574634926,1.0,0.0,0.015212168395780106,0.015212168395780106,-7.384481062623332,-14985.797975544345,-14993.182456606968
136,9,0.4520930188956853,-8.177744305078457,15.0,1.0,0.9984739081215769,-14994.721681489169,14994.919328159,-0.07663240445617703,-0.09185045928279578,4.0,0.0,0.015212168395780106,0.015212168395780106,-7.300581451401826,-14986.02558296251,-14993.326164413911
137,9,0.45383465662231703,-8.20619143657663,7.0,1.0,0.9669444888572781,-14994.511966212323,14994.951630823938,0.04475388931678026,0.07240708484278002,3.0,0.0,0.015212168395780106,0.015212168395780106,-7.402615556799795,-14985.714494793407,-14993.117110350206
138,9,0.44929953467508527,-8.205891836947394,7.0,1.0,0.6329131109190421,-14996.382651385891,14996.49858913817,0.7922570870268828,0.7922570870268828,2.0,0.0,0.015212168395780106,0.015212168395780106,-7.401536737048219,-14987.584484912526,-14994.986021649574
139,9,0.45524252976807594,-8.148286381607644,7.0,1.0,0.9510459196000554,-14996.986937890506,14997.541286214631,-0.10761201665081899,-0.7828196636892244,2.0,0.0,0.015212168395780106,0.015212168395780106,-7.19577472103546,-14988.39682360777,-14995.592598328807
140,9,0.45031651417532437,-8.139662602313416,3.0,1.0,1.0,-14996.128173931076,14997.210102539171,-0.618009576564873,-0.618009576564873,1.0,0.0,0.015212168395780106,0.015212168395780106,-7.1652568537352925,-14987.566699851985,-14994.73195670572
141,9,0.46555606324332555,-8.275626099863647,15.0,1.0,0.9607952675777087,-14996.217754448671,14998.446810417534,0.0628527691897034,0.1273031729433569,4.0,0.0,0.015212168395780106,0.015212168395780106,-7.655061841056695,-14987.171641411556,-14994.826703252613
142,9,0.4611215386108944,-8.284460477140684,3.0,1.0,0.7401388940262299,-14996.558982992252,14997.394563286538,0.1434315350761608,0.4858085683445097,2.0,0.0,0.015212168395780106,0.015212168395780106,-7.687527056489538,-14987.479097083695,-14995.166624140184
143,9,0.44755326503933307,-8.15768943868483,15.0,1.0,1.0,-14995.941950832723,14996.886627638256,-0.05823890895044315,-0.28579076301684836,4.0,0.0,0.015212168395780106,0.015212168395780106,-7.229135053595173,-14987.31545780125,-14994.544592854845
144,9,0.4480680783155802,-8.135121913865055,3.0,1.0,0.9856138224836765,-14996.400311592046,14997.099738157603,-0.158222252581254,-0.158222252581254,1.0,0.0,0.015212168395780106,0.015212168395780106,-7.149218133775454,-14987.85395279009,-14995.003170923866
145,9,0.44455632964453456,-8.135145352778293,1.0,1.0,0.7104125555215588,-14997.455297487319,14997.462364844616,0.3419094135842897,0.3419094135842897,1.0,0.0,0.015212168395780106,0.015212168395780106,-7.149300872282431,-14988.907330030293,-14996.056630902576
146,9,0.45219728003201,-8.125932370956734,7.0,1.0,0.7939646862249502,-14997.66894556364,14998.47894472918,0.14304233479197137,0.5083454902141966,3.0,0.0,0.015212168395780106,0.015212168395780106,-7.116821714757261,-14989.156647057853,-14996.27346877261
147,9,0.4430238847705643,-8.125506022738461,3.0,1.0,0.9978453446454721,-14998.423857732925,14998.623489573487,0.006484947958597331,-0.5203790439318254,2.0,0.0,0.015212168395780106,0.015212168395780106,-7.1153207349591385,-14989.909172482465,-14997.024493217425
148,9,0.44520206156363407,-8.12400155672721,1.0,1.0,1.0,-14997.49827815795,14998.218769504067,-0.3508564221629058,-0.3508564221629058,1.0,0.0,0.015212168395780106,0.015212168395780106,-7.1100256410535465,-14988.989874181534,-14996.099899822588
149,9,0.45051117936820395,-8.11327850171666,3.0,1.0,0.6323503206721512,-14998.304255504358,14999.729726770316,0.2861277558331494,0.7778922117795446,2.0,0.0,0.015212168395780106,0.015212168395780106,-7.072350510646643,-14989.835765756972,-14996.90811626762
150,9,0.4568152652928153,-8.180473105551846,27.0,1.0,1.0,-14995.342900005155,14998.463494232834,-0.11810103436619102,-0.485280843822693,4.0,0.0,0.015212168395780106,0.015212168395780106,-7.3103340165252275,-14986.638783979663,-14993.949117996188
51,10,0.4538906302918093,-8.198620041914934,7.0,1.0,0.9000106222742286,-14994.434985133807,14999.202778372248,-0.7625524233517353,-0.7625524233517353,2.0,0.0,0.01195691947597112,0.01195691947597112,-7.375379466734997,-14985.664770642192,-14993.040150108927
52,10,0.45157812878538306,-8.153511002561823,5.0,1.0,0.800717861718903,-14995.49000040955,14996.2885681925,0.07681395960207738,0.3198013469536818,2.0,0.0,0.015641833896528838,0.015641833896528838,-7.214299808486242,-14986.87998327246,-14994.094283080945
53,10,0.45546708168900807,-8.148431270342586,1.0,1.0,0.4778323712279533,-14997.094119215026,14997.175995208043,0.7384952958036592,0.7384952958036592,1.0,0.0,0.015641833896528838,0.015641833896528838,-7.1962880891551695,-14988.503572410054,-14995.69986049921
54,10,0.4519893190837661,-8.146991754622157,3.0,1.0,1.0,-14995.913979478973,14996.807045403672,-0.6345572143254685,-0.7757789379229507,2.0,0.0,0.015641833896528838,0.015641833896528838,-7.19118854522541,-14987.327233702474,-14994.518422247698
55,10,0.44891616632459913,-8.169081623030294,3.0,1.0,0.9948081111471382,-14995.439734032327,14996.036094452058,0.01569824171201617,-0.08613100939328433,2.0,0.0,0.015641833896528838,0.015641833896528838,-7.269670898744785,-14986.773275679767,-14994.042946578511
56,10,0.4523984017584306,-8.131109631192022,3.0,1.0,0.4250283585028339,-14997.259152994557,14998.979820155884,0.3521485148867214,1.418096527168018,2.0,0.0,0.015641833896528838,0.015641833896528838,-7.135063018827175,-14988.728690641234,-14995.863753660062
57,10,0.4554163853597243,-8.212609590021092,7.0,1.0,0.9675966075236896,-14994.392233424565,14997.408878389038,-0.5203469335629052,-0.5203469335629052,3.0,0.0,0.015641833896528838,0.015641833896528838,-7.42574806008966,-14985.572208432466,-14992.997956492556
58,10,0.4583129548808378,-8.215938964432905,7.0,1.0,0.9533104752851295,-14994.54245031685,14994.65444585674,0.05534404963691486,0.08341097206721315,3.0,0.0,0.015641833896528838,0.015641833896528838,-7.437764118900599,-14985.7114163255,-14993.1491804444
59,10,0.46458890033091566,-8.212354162112081,1.0,1.0,0.20803826084417038,-14998.027034783712,14998.120153804148,1.5700332698306738,1.5700332698306738,1.0,0.0,0.015641833896528838,0.015641833896528838,-7.424826652007514,-14989.210885365399,-14996.635712017407
60,10,0.4509060053518472,-8.235846743959831,3.0,1.0,1.0,-14997.600975897236,14998.009976618627,-0.18789395064595737,-1.574740775020473,2.0,0.0,0.015641833896528838,0.015641833896528838,-7.509844667507434,-14988.6951492132,-14996.204993880707
61,10,0.4566343792390131,-8.209852710407613,3.0,1.0,0.9910191560654278,-14994.3830042801,14996.214121051597,-1.4389446317509282,-1.441179096180349,2.0,0.0,0.015641833896528838,0.015641833896528838,-7.415806584132423,-14985.573352591342,-14992.989159175475
62,10,0.45816045693635127,-8.234230640691303,7.0,1.0,0.960647907752349,-14994.581810984959,14994.8447911181,0.0002160454332624795,0.07856244265531132,2.0,0.0,0.015641833896528838,0.015641833896528838,-7.503978425150015,-14985.68451137886,-14993.18848980401
63,10,0.44968898868691887,-8.156497209192423,5.0,1.0,0.9691166679739169,-14995.418238084752,14996.263678093248,0.03331437080851174,0.06682482903488562,2.0,0.0,0.015641833896528838,0.015641833896528838,-7.224900346075345,-14986.796866981802,-14994.021767327877
64,10,0.45646735164678853,-8.211612331346556,7.0,1.0,0.9657533321307366,-14994.366483667414,14996.617791056953,-0.038994008376903366,0.08926599393271317,2.0,0.0,0.015641833896528838,0.015641833896528838,-7.422151007113557,-14985.550429056293,-14992.972580063406
65,10,0.453002356429604,-8.209856761708837,3.0,1.0,0.8792596004724332,-14994.797584599308,14994.811994302308,0.19806119814529666,0.20155434460684774,2.0,0.0,0.015641833896528838,0.015641833896528838,-7.415821187795351,-14985.986594675347,-14993.402415863142
66,10,0.4516867034133988,-8.165665086618228,5.0,1.0,0.9925324861451255,-14995.0121024674,14995.318534901277,-0.1674648325333692,-0.19145591794767824,2.0,0.0,0.015641833896528838,0.015641833896528838,-7.257500501911277,-14986.358927045672,-14993.616427547584
67,10,0.4573609229045494,-8.247714742945336,15.0,1.0,0.8247375514969966,-14995.16133003324,14996.403781840729,0.16345990658919618,0.3654449588193529,4.0,0.0,0.015641833896528838,0.015641833896528838,-7.553003957914099,-14986.214732778079,-14993.767736735992
68,10,0.45753413925976905,-8.208070997991788,7.0,1.0,0.7303629313434564,-14994.522150139639,14996.269501636734,-0.10413413529204263,0.6926249674979772,2.0,0.0,0.015641833896528838,0.015641833896528838,-7.409385663773123,-14985.719230575089,-14993.128616238862
69,10,0.45753413925976905,-8.208070997991788,1.0,1.0,0.4321269710355173,-14994.522150139639,14995.575390796344,0.0,0.8390358194883447,1.0,0.0,0.015641833896528838,0.015641833896528838,-7.409385663773123,-14985.719230575089,-14993.128616238862
70,10,0.45852361460306723,-8.213491353033026,3.0,1.0,0.9658561772788229,-14994.626767602895,14994.770857416099,0.0386684911827615,0.0666752652869036,1.0,0.0,0.015641833896528838,0.015641833896528838,-7.428929355476935,-14985.804638939746,-14993.233568295223
71,10,0.4489155253409479,-8.17466278033003,7.0,1.0,0.5898631326997676,-14995.47343410647,14997.343095845612,0.1591191841835098,0.8997714912402444,2.0,0.0,0.015641833896528838,0.015641833896528838,-7.289577223735645,-14986.787069164204,-14994.076646387939
72,10,0.4506501606954207,-8.177864769620188,15.0,1.0,1.0,-14994.949759746682,14995.948212595384,-0.17775305391660368,-0.27191842624415585,4.0,0.0,0.015641833896528838,0.015641833896528838,-7.301011827161734,-14986.252664171772,-14993.553675998934
73,10,0.4542002920313296,-8.208499911494743,15.0,1.0,0.9999490351118968,-14994.485821564655,14994.937167013635,-0.04611419120374194,-0.10354502767586382,4.0,0.0,0.015641833896528838,0.015641833896528838,-7.410931088564594,-14985.680170263977,-14993.091101352542
74,10,0.4536549846837707,-8.20745472774332,1.0,1.0,0.9639536414545965,-14994.56951750704,14994.630015877754,0.03671207530533138,0.03671207530533138,1.0,0.0,0.015641833896528838,0.015641833896528838,-7.407165493089014,-14985.767429091859,-14993.174594584947
75,10,0.455735012326837,-8.187366443850605,7.0,1.0,0.9970330136218202,-14994.713512869714,14994.78774069665,0.02098761185334297,-0.0692965341368108,2.0,0.0,0.015641833896528838,0.015641833896528838,-7.335003548126773,-14985.984346528856,-14993.319350076983
76,10,0.45585578845536173,-8.225371163685885,7.0,1.0,0.9476179374112429,-14994.585005487785,14995.374190451766,-0.044755109478501254,0.11421913856429455,2.0,0.0,0.015641833896528838,0.015641833896528838,-7.471866092666707,-14985.719019649738,-14993.190885742404
77,10,0.4571994875244691,-8.23886753379468,3.0,1.0,0.9637297860420921,-14994.802821427129,14994.949165051321,0.020476011995924637,0.0508609631760919,2.0,0.0,0.015641833896528838,0.015641833896528838,-7.520816740932994,-14985.888355811345,-14993.409172552278
78,10,0.4568722902182226,-8.218200448479665,3.0,1.0,0.36026561291942016,-14994.38916994027,14998.61754212549,-0.07558430642347957,3.234137649224067,2.0,0.0,0.015641833896528838,0.015641833896528838,-7.44593237204464,-14985.549475394875,-14992.995407766919
79,10,0.45641748888570083,-8.179855903851207,7.0,1.0,0.832743647415006,-14995.230256941124,14995.415904345537,0.3179985944625514,0.33564529979958024,2.0,0.0,0.015641833896528838,0.015641833896528838,-7.308127523951944,-14986.528208305084,-14993.836335829035
80,10,0.4505717257865638,-8.182559414835609,3.0,1.0,0.756233320147794,-14994.988058967901,14996.114936261172,-0.16037280317686964,0.5522204179451364,2.0,0.0,0.015641833896528838,0.015641833896528838,-7.317795380541793,-14986.274148543642,-14993.591943924184
81,10,0.44787952114208207,-8.159426063733429,7.0,1.0,0.9710367340154644,-14995.81466592888,14996.184055683792,0.08278397546018823,-0.12861656448512804,3.0,0.0,0.015641833896528838,0.015641833896528838,-7.2353059554483155,-14987.182139966955,-14994.417445922403
82,10,0.45281094441259734,-8.14968515462246,3.0,1.0,0.9920709025322427,-14995.92553279857,14996.528230276655,0.024074778202702873,-0.039644439797484665,2.0,0.0,0.015641833896528838,0.015641833896528838,-7.200731714641226,-14987.329559588437,-14994.53029130308
83,10,0.45735862802676536,-8.186923578478604,7.0,1.0,0.9696528640576629,-14995.206571744086,14996.37449685946,0.0979440894570871,-0.15505511074661626,3.0,0.0,0.015641833896528838,0.015641833896528838,-7.333417215513323,-14986.479560442758,-14993.812977658272
84,10,0.4606677877543485,-8.221962480999936,15.0,1.0,1.0,-14995.070292900084,14995.275123859947,-0.07534130768908653,-0.3400000548299431,3.0,0.0,0.015641833896528838,0.015641833896528838,-7.459531785833199,-14986.218259435856,-14993.67779122169
85,10,0.44812974090034086,-8.172020914438402,7.0,1.0,0.9878389143474964,-14995.768586154072,14997.462624380887,0.06617638249736046,-0.20878696748332004,2.0,0.0,0.015641833896528838,0.015641833896528838,-7.2801505927279315,-14987.091320774882,-14994.371471367609
86,10,0.448795818593675,-8.148275209183009,3.0,1.0,0.9673440806367855,-14995.787880206763,14996.481258671734,-0.293928801531365,-0.293928801531365,2.0,0.0,0.015641833896528838,0.015641833896528838,-7.195735135899202,-14987.195307855882,-14994.391042991781
87,10,0.44755567562501175,-8.148772525050012,1.0,1.0,0.9100289027267128,-14996.051138739615,14996.097612674583,0.09427891873747285,0.09427891873747285,1.0,0.0,0.015641833896528838,0.015641833896528838,-7.197497301907231,-14987.456284482476,-14994.653781784384
88,10,0.45187995968255945,-8.144105720773204,3.0,1.0,0.9752400249643512,-14996.078824943157,14996.501341189636,0.04959772287111264,-0.06840345722230268,2.0,0.0,0.015641833896528838,0.015641833896528838,-7.180970892887071,-14987.502254375577,-14994.683225268464
89,10,0.44711876570664155,-8.140667633192557,15.0,1.0,0.8873745088527462,-14996.369780219562,14996.971259694632,-0.06297557279503962,0.3320492892707989,4.0,0.0,0.015641833896528838,0.015641833896528838,-7.16880963279932,-14987.803427495473,-14994.972237128273
90,10,0.44447032791935415,-8.146574959685422,1.0,1.0,0.5973910637843213,-14997.44093011713,14997.611089857604,0.5151833318250283,0.5151833318250283,1.0,0.0,0.015641833896528838,0.015641833896528838,-7.189712418787796,-14988.852512462008,-14996.042224880795
91,10,0.44892799998698013,-8.133814475704778,3.0,1.0,0.9909432310795215,-14996.414408169698,14997.172739401169,-0.5721596374551154,-0.5721596374551154,2.0,0.0,0.015641833896528838,0.015641833896528838,-7.144603794879765,-14987.873021807507,-14995.017625602386
92,10,0.44803112968248326,-8.130007919223884,3.0,1.0,0.8369127662956025,-14996.661719654066,14997.316455927536,0.0036228047629265347,0.3082536435867951,2.0,0.0,0.015641833896528838,0.015641833896528838,-7.131179056026094,-14988.13338440631,-14995.264563462337
93,10,0.4533089470268826,-8.178168832646222,3.0,1.0,0.7551041759659748,-14994.688219070826,14997.569636390803,-0.08009544369815558,0.4872947149142419,2.0,0.0,0.015641833896528838,0.015641833896528838,-7.30209819771509,-14985.991068050691,-14993.293166248406
94,10,0.4533089470268826,-8.178168832646222,1.0,1.0,0.9418745024910395,-14994.688219070826,14994.792614714836,0.0,0.0598832378127554,1.0,0.0,0.015641833896528838,0.015641833896528838,-7.30209819771509,-14985.991068050691,-14993.293166248406
95,10,0.46005678716053733,-8.239539697346249,9.0,1.0,0.4322883782935838,-14994.749133356163,14999.264239926686,-0.01061821940857044,2.2315785299815616,3.0,0.0,0.015641833896528838,0.015641833896528838,-7.523259405749541,-14985.833177297283,-14993.356436703032
96,10,0.4515699917960524,-8.209358033435615,5.0,1.0,0.7947998152243685,-14995.316835736194,14995.794566119617,0.4032994638928358,0.4050557036080136,2.0,0.0,0.015641833896528838,0.015641833896528838,-7.414023553048882,-14986.507091672358,-14993.921115225407
97,10,0.4561109562573778,-8.17568890764007,15.0,1.0,0.9876069798414527,-14995.349708403033,14996.656600588782,-0.07593698623895762,-0.40647323357370624,4.0,0.0,0.015641833896528838,0.015641833896528838,-7.293240504038317,-14986.662438708416,-14993.955679212455
98,10,0.4549892971804362,-8.180006979045688,1.0,1.0,1.0,-14994.831226090202,14995.227372145642,-0.21837336664248141,-0.21837336664248141,1.0,0.0,0.015641833896528838,0.015641833896528838,-7.308667581703835,-14986.1281272792,-14993.436794860903
99,10,0.45763709734779573,-8.218142367580429,7.0,1.0,0.9774000384701564,-14994.430266542622,14997.578949362149,-0.10159957619362103,-0.10159957619362103,2.0,0.0,0.015641833896528838,0.015641833896528838,-7.4457225256847215,-14985.591045304604,-14993.036767830288
100,10,0.45606353167436875,-8.202094462528557,15.0,1.0,0.9953832638100965,-14994.411451381064,14994.83553793148,0.00480702562344959,0.01860867623508966,4.0,0.0,0.015641833896528838,0.015641833896528838,-7.387870658787749,-14985.629534741838,-14993.017405400626
101,10,0.45372800921486217,-8.187631999737775,7.0,1.0,0.6465757522421486,-14994.507638970006,14995.636880773316,-0.013034842722845497,0.8666566834017431,2.0,0.0,0.015641833896528838,0.015641833896528838,-7.335954856692011,-14985.776788478544,-14993.112743335236
102,10,0.4622523688354622,-8.26574067430701,9.0,1.0,0.9706748525948199,-14995.447545092144,14995.67759012189,0.03395731036471261,0.050926068925036816,3.0,0.0,0.015641833896528838,0.015641833896528838,-7.618826683180376,-14986.436708208881,-14994.05553489206
103,10,0.461674909279644,-8.24738398838197,3.0,1.0,0.37188366935067857,-14995.057551966864,14998.41732398512,0.04901371148844191,2.513545816709666,2.0,0.0,0.015641833896528838,0.015641833896528838,-7.55179922437891,-14986.113565803866,-14993.665365028244
104,10,0.4628127111308184,-8.241462886512846,3.0,1.0,0.8853578459112431,-14995.428312421258,14995.556618623208,0.20681140824308386,0.20681140824308386,2.0,0.0,0.015641833896528838,0.015641833896528838,-7.53025083514948,-14986.506220291345,-14994.036471126494
105,10,0.4571774011470918,-8.24017616082318,3.0,1.0,0.5506707982329512,-14994.857249646218,14996.894950749562,-0.17375688012180035,1.2172856501438218,2.0,0.0,0.015641833896528838,0.015641833896528838,-7.525572751748073,-14985.938020399335,-14993.463593151084
106,10,0.4587578480156382,-8.218874230577937,7.0,1.0,0.9714231048416239,-14994.590150626316,14995.384243840188,-0.025400365932000568,0.10085494820668828,2.0,0.0,0.015641833896528838,0.015641833896528838,-7.448366994147178,-14985.748662360233,-14993.19702935438
107,10,0.46007745484178464,-8.262921279674861,7.0,1.0,0.9939601100099303,-14995.414125830823,14995.878935049648,0.020763762317073997,-0.08155199982866179,2.0,0.0,0.015641833896528838,0.015641833896528838,-7.608510064888056,-14986.412925757748,-14994.021435822637
108,10,0.46119484689502155,-8.237166515097663,7.0,1.0,0.952244680812276,-14994.964854838281,14996.244879126149,0.03183865878418146,0.11904484319893527,2.0,0.0,0.015641833896528838,0.015641833896528838,-7.514637200537375,-14986.05788170339,-14993.572518903926
109,10,0.4592018085389222,-8.221886201451953,7.0,1.0,1.0,-14994.644483383101,14994.996968912883,-0.03539321419521002,-0.12092727184062824,3.0,0.0,0.015641833896528838,0.015641833896528838,-7.459255901461072,-14985.79225288766,-14993.251508789122
110,10,0.4601208110514217,-8.226438638152871,3.0,1.0,0.961549588822603,-14994.803387483615,14994.92335162755,0.044509947456390364,0.07452671123064647,1.0,0.0,0.015641833896528838,0.015641833896528838,-7.475731134526624,-14985.934980269203,-14993.41071140373
111,10,0.4637597362063477,-8.240156263793015,3.0,1.0,0.7872418962588593,-14995.872300156572,14996.492292561004,0.3490921234333655,0.4209886693915905,1.0,0.0,0.015641833896528838,0.015641833896528838,-7.525500426122485,-14986.955238094684,-14994.480738520806
112,10,0.465276321968935,-8.289995614401668,3.0,1.0,0.9770323996563821,-14996.526499104568,14997.12253867691,-0.4375802787126304,-0.4449792494469875,2.0,0.0,0.015641833896528838,0.015641833896528838,-7.707907752146325,-14987.427462388154,-14995.1353701403
113,10,0.4665191476114189,-8.300643676735143,3.0,1.0,0.9685698470596872,-14997.09399551598,14997.22046995511,0.015113564249986666,0.04930319091545243,2.0,0.0,0.015641833896528838,0.015641833896528838,-7.747200693611776,-14987.956006508646,-14995.703207202258
114,10,0.46607012527378505,-8.2880131239319,3.0,1.0,0.4394871582870042,-14996.574614237605,14999.252935693165,0.016610536207736004,1.7947836172679672,2.0,0.0,0.015641833896528838,0.015641833896528838,-7.700604585985969,-14987.48309970948,-14995.183704295465
115,10,0.46242530541353977,-8.272491381382759,3.0,1.0,0.823532955312607,-14995.689945390051,14996.925474762658,-0.04753691953374073,0.32264684258188936,2.0,0.0,0.015641833896528838,0.015641833896528838,-7.643560908300161,-14986.654426682908,-14994.297987591208
116,10,0.4609574791889684,-8.205173255574127,15.0,1.0,0.6289770988381759,-14995.924718166953,14997.675375370816,0.6968050756877346,1.0897750182448362,4.0,0.0,0.015641833896528838,0.015641833896528838,-7.398949583719116,-14987.133358284109,-14994.532307867828
117,10,0.45907428708340287,-8.210959141957941,3.0,1.0,1.0,-14994.839657524795,14995.621684102798,-0.4989825004704471,-0.6143910988048447,2.0,0.0,0.015641833896528838,0.015641833896528838,-7.419795530701745,-14986.026845433624,-14993.446640964325
118,10,0.4494764235486064,-8.182953470415347,7.0,1.0,0.9369242360968507,-14995.374779927559,14996.201036972385,0.0988056980422698,0.2174212036170502,2.0,0.0,0.015641833896528838,0.015641833896528838,-7.319205148368216,-14986.659017405958,-14993.978222554326
119,10,0.4533184977968107,-8.186184220940428,3.0,1.0,1.0,-14994.535565068907,14995.144349283422,-0.31494092004504637,-0.31494092004504637,2.0,0.0,0.015641833896528838,0.015641833896528838,-7.3307692924674805,-14985.809746552512,-14993.14051584498
120,10,0.45499262146839936,-8.209918311095375,7.0,1.0,0.6673506790498626,-14994.401138728706,14995.736420687146,0.010458904178449302,0.8287319704304537,2.0,0.0,0.015641833896528838,0.015641833896528838,-7.416043055936914,-14985.590665650234,-14993.00670870617
121,10,0.4558743721681855,-8.208867516277605,3.0,1.0,0.9998735342369821,-14994.355723536006,14994.381239129109,-0.020806218641155283,-0.020806218641155283,1.0,0.0,0.015641833896528838,0.015641833896528838,-7.412255757372559,-14985.549354646306,-14992.961610403678
122,10,0.46106149608190805,-8.235614906871215,7.0,1.0,0.9218134951705249,-14994.943045311073,14995.021932562577,0.1334260456114862,0.13478050772573624,2.0,0.0,0.015641833896528838,0.015641833896528838,-7.509002968898744,-14986.041664686934,-14993.550667655833
123,10,0.4580285113345623,-8.246312560582098,3.0,1.0,1.0,-14994.960592180489,14995.136813097623,-0.03202312071880442,-0.04521074830699945,2.0,0.0,0.015641833896528838,0.015641833896528838,-7.5478974292367145,-14986.019329023404,-14993.56722645264
124,10,0.46109176542481445,-8.235196466341346,3.0,1.0,0.9196539575299328,-14994.955152633287,14995.246186532237,0.040367849949689116,0.12479204178816872,2.0,0.0,0.015641833896528838,0.015641833896528838,-7.5074839312323185,-14986.05530052976,-14993.562784460993
125,10,0.46109176542481445,-8.235196466341346,1.0,1.0,0.47899051818916744,-14994.955152633287,14996.069322611285,0.0,0.7360744767793221,1.0,0.0,0.015641833896528838,0.015641833896528838,-7.5074839312323185,-14986.05530052976,-14993.562784460993
126,10,0.4626269863672178,-8.243522607510268,3.0,1.0,0.9352617119306479,-14995.330227917917,14995.563500850076,0.08073133887410222,0.1240409655674739,1.0,0.0,0.015641833896528838,0.015641833896528838,-7.537742704802819,-14986.400588217917,-14993.93833092272
127,10,0.4632098132318201,-8.239774873633722,1.0,1.0,0.8512757061305616,-14995.627169241463,14995.875708547797,0.16101922387679224,0.16101922387679224,1.0,0.0,0.015641833896528838,0.015641833896528838,-7.524114150932473,-14986.711331948842,-14994.235446099774
128,10,0.4624161466921217,-8.249868476172205,3.0,1.0,1.0,-14995.23055863794,14995.672975467029,-0.26630022077370086,-0.331693072721464,2.0,0.0,0.015641833896528838,0.015641833896528838,-7.560851346440176,-14986.27774672359,-14993.83859807003
129,10,0.4547600098676013,-8.213280968938816,7.0,1.0,0.8986331377665481,-14994.479047558927,14996.098067895904,-0.07110311534415814,0.1942626553827722,2.0,0.0,0.015641833896528838,0.015641833896528838,-7.428170244227322,-14985.656362632299,-14993.084532876526
130,10,0.4621583847476452,-8.281532573260398,7.0,1.0,0.928166370751206,-14996.157212902246,14996.60616439028,0.09349418115562003,0.17055420646283892,2.0,0.0,0.015641833896528838,0.015641833896528838,-7.67675873447994,-14987.08841538764,-14994.76517412212
131,10,0.4624620017318313,-8.277223884530015,1.0,1.0,1.0,-14995.898524066064,14996.126333772134,-0.06299512497207616,-0.06299512497207616,1.0,0.0,0.015641833896528838,0.015641833896528838,-7.6609277156923845,-14986.845649639521,-14994.506577355214
132,10,0.46501696873697673,-8.27757321257398,3.0,1.0,0.9847487507739524,-14996.11557387823,14996.553245413334,0.018666376077817404,0.0194522755809885,2.0,0.0,0.015641833896528838,0.015641833896528838,-7.662210528043272,-14987.062161718179,-14994.724372246223
133,10,0.4639823351324846,-8.279883486263532,3.0,1.0,0.41018049400244716,-14996.033515645604,14998.854027188503,-0.04448042689546128,2.2143654783521924,2.0,0.0,0.015641833896528838,0.015641833896528838,-7.670697452815287,-14986.97132123286,-14994.642018685676
134,10,0.4641894871554778,-8.283822910268372,7.0,1.0,0.9886851812456311,-14996.198444925514,14996.387745022728,0.005248249284704798,-0.042774626997925225,3.0,0.0,0.015641833896528838,0.015641833896528838,-7.685181466132039,-14987.121826325527,-14994.807007791658
135,10,0.4641894871554778,-8.283822910268372,3.0,1.0,0.48588033127314495,-14996.198444925514,14998.21059549585,0.0,1.4681488022488338,1.0,0.0,0.015641833896528838,0.015641833896528838,-7.685181466132039,-14987.121826325527,-14994.807007791658
136,10,0.46900068958789065,-8.28103541243895,7.0,1.0,0.7585022395886468,-14997.665692150875,14998.183243318766,0.5674386295759177,0.5907751990598626,3.0,0.0,0.015641833896528838,0.015641833896528838,-7.6749311147199855,-14988.600615439555,-14996.275546554274
137,10,0.4556293227261719,-8.228369345746614,7.0,1.0,0.9605691433659345,-14994.723786754768,14997.992023071176,-0.5080603391470504,-0.5080603391470504,3.0,0.0,0.015641833896528838,0.015641833896528838,-7.4827246088421075,-14985.846861585005,-14993.329586193848
138,10,0.4605043938296495,-8.227352653362743,7.0,1.0,0.9822750557325366,-14994.89579941554,14994.99052467241,0.04235614549725142,-0.09564937502364046,3.0,0.0,0.015641833896528838,0.015641833896528838,-7.479041446682835,-14986.024204448378,-14993.50324589506
139,10,0.45188233771997544,-8.196924734618017,7.0,1.0,0.9964148147116098,-14994.807025350046,14995.617720351225,-0.00999550648884906,-0.1750162704320246,2.0,0.0,0.015641833896528838,0.015641833896528838,-7.369288902006556,-14986.042137697332,-14993.411426599338
140,10,0.45307682139663996,-8.193436646644845,1.0,1.0,1.0,-14994.517079849931,14994.704196279756,-0.13803523104070337,-0.13803523104070337,1.0,0.0,0.015641833896528838,0.015641833896528838,-7.356766629541746,-14985.765172708436,-14993.121939337978
141,10,0.4474781234302061,-8.175618207410647,7.0,1.0,0.7494353530277648,-14996.163822259094,14996.659262007592,0.5473717932,0.6030648047435534,3.0,0.0,0.015641833896528838,0.015641833896528838,-7.292988070044796,-14987.473444309624,-14994.766432379669
142,10,0.4601624798321343,-8.21331091755166,7.0,1.0,0.855627020013942,-14995.153713764968,14997.729267067976,-0.21315859376954904,0.43725053522393864,2.0,0.0,0.015641833896528838,0.015641833896528838,-7.428278302588715,-14986.332772754264,-14993.761051056852
143,10,0.4582220574633272,-8.2059163362332,3.0,1.0,0.9775270283801986,-14994.732912188409,14995.305226096385,-0.17715228292399843,-0.24705437758530024,1.0,0.0,0.015641833896528838,0.015641833896528838,-7.401624952457159,-14985.9379868036,-14993.339611756057
144,10,0.45421124529359674,-8.22673367645975,5.0,1.0,0.8837547078753067,-14995.05970186273,14995.584054682937,0.11947068207882694,0.19894020327592443,2.0,0.0,0.015641833896528838,0.015641833896528838,-7.476799590963306,-14986.18818610637,-14993.664985697333
145,10,0.4557355211409127,-8.222536632201654,1.0,1.0,1.0,-14994.529681010205,14994.866642776387,-0.23892929789690243,-0.23892929789690243,1.0,0.0,0.015641833896528838,0.015641833896528838,-7.461608536300546,-14985.673909862777,-14993.135518399078
146,10,0.4565744359517188,-8.220245796710785,1.0,1.0,1.0,-14994.410179569888,14994.480635149366,-0.052576676822354784,-0.052576676822354784,1.0,0.0,0.015641833896528838,0.015641833896528838,-7.453324368825702,-14985.562989128293,-14993.016313497119
147,10,0.45513820234268576,-8.206968999263418,7.0,1.0,0.9979017369359726,-14994.369044129862,14994.438023577759,-0.0015046234020701377,0.006839148667495465,2.0,0.0,0.015641833896528838,0.015641833896528838,-7.4054158788604525,-14985.569250987506,-14992.974666866367
148,10,0.46115577781485084,-8.256108839525556,7.0,1.0,0.9202528951421155,-14995.119966943153,14996.231451929154,0.024728504882659763,0.1430636651293753,2.0,0.0,0.015641833896528838,0.015641833896528838,-7.5836150591516525,-14986.14400374128,-14993.72761880043
149,10,0.45982309683377737,-8.256493468896469,3.0,1.0,0.9749319548856966,-14995.155133693477,14995.212397170933,0.03930087355001888,0.03930087355001888,2.0,0.0,0.015641833896528838,0.015641833896528838,-7.585019391359081,-14986.177342271934,-14993.762361663294
150,10,0.45010304270144225,-8.14604179603589,11.0,1.0,0.993993866722473,-14995.778164414736,14995.835930913301,-0.002120670609656372,-0.04508857103610353,3.0,0.0,0.015641833896528838,0.015641833896528838,-7.187824412625919,-14987.194036894787,-14994.381861307413
51,11,0.4589045327716323,-8.178510526247733,15.0,1.0,0.9952970458728425,-14996.527032746264,14997.507589453295,0.020942397710314253,-0.14354057577293133,3.0,0.0,0.006559112015711518,0.006559112015711518,-7.30331912686812,-14987.830640987911,-14995.13396011478
52,11,0.4582143037363769,-8.180754770743373,1.0,1.0,1.0,-14995.964152961022,14996.867391135525,-0.22852009249436378,-0.22852009249436378,1.0,0.0,0.014980505728659837,0.014980505728659837,-7.311341094574476,-14987.25950882415,-14994.570849918726
53,11,0.45401462938006176,-8.14990990615611,3.0,1.0,0.7314078004507323,-14996.293751502857,14998.467080759845,-0.19441298030869802,0.6543750152468419,2.0,0.0,0.014980505728659837,0.014980505728659837,-7.201528375073094,-14987.697434172294,-14994.898962547368
54,11,0.44648901304100297,-8.168853725487606,3.0,1.0,0.9376168806935793,-14996.558535601931,14996.952349885423,0.19205426618827914,-0.20079274842100858,2.0,0.0,0.014980505728659837,0.014980505728659837,-7.26885871805457,-14987.891862720997,-14995.160721439051
55,11,0.4538177755403747,-8.160654186281725,7.0,1.0,1.0,-14995.502291334813,14996.427358062037,-0.39669814017179306,-0.5902905278380786,3.0,0.0,0.014980505728659837,0.014980505728659837,-7.239671771376686,-14986.867757411976,-14994.107429183352
56,11,0.4518092103553292,-8.197922963407388,7.0,1.0,1.0,-14994.849675218284,14995.68493055463,-0.04112419835655601,-0.19711031400947832,2.0,0.0,0.014980505728659837,0.014980505728659837,-7.372874793031709,-14986.081173239669,-14993.4540480327
57,11,0.44932527788027893,-8.195590719985264,1.0,1.0,0.6799065294414702,-14995.83653725166,14996.007526986554,0.3857999469637434,0.3857999469637434,1.0,0.0,0.014980505728659837,0.014980505728659837,-7.364498338678945,-14987.075419723948,-14994.439918062626
58,11,0.4552821590102769,-8.19328625590949,7.0,1.0,1.0,-14994.4834596606,14995.798863944274,-0.5307209124348446,-0.5393139964126021,3.0,0.0,0.014980505728659837,0.014980505728659837,-7.356226998818765,-14985.732907397904,-14993.089134396721
59,11,0.45610795763175155,-8.211775435414493,15.0,1.0,0.9888831945399089,-14994.359380430991,14994.499448640234,-0.028595891075383406,0.029754904409855953,3.0,0.0,0.014980505728659837,0.014980505728659837,-7.422739245799714,-14985.542610933546,-14992.965350179345
60,11,0.4551543552515464,-8.195286407316903,7.0,1.0,0.9258113746296088,-14994.437103318965,14994.696455377914,0.014847676964564016,0.11861656743531057,2.0,0.0,0.014980505728659837,0.014980505728659837,-7.3634057745288075,-14985.679326124107,-14993.042731898637
61,11,0.4476603641656275,-8.134384744595131,15.0,1.0,0.969572554197338,-14996.4873930374,14996.63638015754,0.06796428545567323,0.06796428545567323,3.0,0.0,0.014980505728659837,0.014980505728659837,-7.146616233546616,-14987.943464214464,-14995.090080448012
62,11,0.46366874476073927,-8.303214932370087,11.0,1.0,0.8177068918067744,-14997.437437993149,14998.123978107507,0.20271745128593466,0.3711318939058401,3.0,0.0,0.014980505728659837,0.014980505728659837,-7.756706006326415,-14988.28914379766,-14996.045849803986
63,11,0.4676892982322317,-8.28697462745999,3.0,1.0,0.9402260665741123,-14997.014394717304,14997.73334588297,-0.03437224578919995,0.09522061900133849,2.0,0.0,0.014980505728659837,0.014980505728659837,-7.696780505825776,-14987.927135181035,-14995.623915686861
64,11,0.45412101781715275,-8.201162621208333,7.0,1.0,1.0,-14994.421105250829,14997.898365599016,-0.24435490440009744,-0.24435490440009744,2.0,0.0,0.014980505728659837,0.014980505728659837,-7.384519330285276,-14985.641836390992,-14993.026355721278
65,11,0.4620826682178782,-8.250080513989253,7.0,1.0,0.8679185471223708,-14995.153991474184,14996.700047995238,0.0753873533121805,0.2493928167859849,2.0,0.0,0.014980505728659837,0.014980505728659837,-7.561624182789444,-14986.200305433998,-14993.761929616789
66,11,0.46322938929738633,-8.270966208828318,3.0,1.0,0.6182729122942535,-14995.678789330403,14997.036718310948,-0.040300206585015985,0.9393796962267515,2.0,0.0,0.014980505728659837,0.014980505728659837,-7.637968773740286,-14986.649103206435,-14994.287071980176
67,11,0.46130696777709185,-8.263783559567816,3.0,1.0,0.9858911546236954,-14995.361109408761,14995.739365085867,-0.0015156287536228774,0.02161005329071486,2.0,0.0,0.014980505728659837,0.014980505728659837,-7.6116644418728825,-14986.357143999201,-14993.968808441074
68,11,0.4644772104140614,-8.259100101526485,7.0,1.0,0.8942756162298577,-14995.832568703769,14995.885239232672,0.1851532917808072,0.2045671020696318,3.0,0.0,0.014980505728659837,0.014980505728659837,-7.594540447037882,-14986.846673639764,-14994.441214086803
69,11,0.4600359549156917,-8.274718775032756,3.0,1.0,0.9877695932694817,-14996.128285273284,14996.182736763885,0.03738127495671506,-0.19593290325610724,2.0,0.0,0.014980505728659837,0.014980505728659837,-7.65173195688452,-14987.083849961888,-14994.735581918772
70,11,0.4577563903958494,-8.222089807014088,7.0,1.0,0.5787393815879235,-14994.43981508614,14998.740467468664,-0.2248747769754118,1.3797890071309666,2.0,0.0,0.014980505728659837,0.014980505728659837,-7.459992305686094,-14985.58636473107,-14993.046357036757
71,11,0.4592230616261599,-8.228995674193733,19.0,1.0,0.9808640168964381,-14994.600373163803,14994.661590290936,0.028299156672801473,0.03661272769750212,4.0,0.0,0.014980505728659837,0.014980505728659837,-7.484994117689103,-14985.722411433486,-14993.207405551175
72,11,0.4570737236358618,-8.231613336012016,3.0,1.0,0.9994579502227161,-14994.58985870907,14994.620126793396,0.0016274729478027439,-0.030020631456864066,2.0,0.0,0.014980505728659837,0.014980505728659837,-7.494483493382397,-14985.70168289622,-14993.196166389604
73,11,0.45598147846087766,-8.215618583612944,15.0,1.0,0.9996447335912014,-14994.386242573455,14994.606998835456,-0.030495208071442903,-0.03292684784355515,4.0,0.0,0.014980505728659837,0.014980505728659837,-7.4366073491606075,-14985.555560150833,-14992.992167499993
74,11,0.45651798061940174,-8.223352716670693,3.0,1.0,0.7690987157544327,-14994.459158932148,14995.068894891185,0.010331021974707255,0.44409689473104663,2.0,0.0,0.014980505728659837,0.014980505728659837,-7.4645609458730515,-14985.600712138563,-14993.065273084436
75,11,0.45310368527524536,-8.212986722090207,7.0,1.0,0.8904978019465764,-14994.867911676623,14995.372069729707,0.19455796770125744,0.19455796770125744,2.0,0.0,0.014980505728659837,0.014980505728659837,-7.427108612290609,-14986.045672723329,-14993.472781335618
76,11,0.4476908478290143,-8.188763972237583,7.0,1.0,0.5541729970804125,-14996.512269593757,14997.984984867448,0.5912770100512716,1.5841658844383346,2.0,0.0,0.014980505728659837,0.014980505728659837,-7.340010745627657,-14987.774959160344,-14995.114969905972
77,11,0.4542714981311829,-8.137245853919197,3.0,1.0,1.0,-14997.524192936376,14997.850386065893,-0.022905947218532674,-0.7361862388370355,2.0,0.0,0.014980505728659837,0.014980505728659837,-7.156717795200157,-14988.97278121877,-14996.12949901397
78,11,0.4469209794019885,-8.14538237453426,3.0,1.0,0.9342385159015123,-14996.313793937106,14997.497661660662,-0.5549257622460573,-0.5549257622460573,2.0,0.0,0.014980505728659837,0.014980505728659837,-7.185489703170099,-14987.730676360801,-14994.916166063971
79,11,0.44353643959511707,-8.11069542605306,3.0,1.0,0.7732020806056941,-14998.65795760447,14999.66157889562,0.13852489939017687,0.32635627805939293,2.0,0.0,0.014980505728659837,0.014980505728659837,-7.06329213757095,-14990.195536559611,-14997.258828697182
80,11,0.4496743620707458,-8.165314261742692,3.0,1.0,0.9781574670611374,-14995.250067009505,14998.791966555129,-0.24417554688989185,-0.24417554688989185,2.0,0.0,0.014980505728659837,0.014980505728659837,-7.2562514532699645,-14986.597338851225,-14993.853590304494
81,11,0.4551351641357563,-8.207763939983446,7.0,1.0,0.6268580910259386,-14994.372943501035,14997.136327893815,-0.0768529446595494,0.8227257789676514,2.0,0.0,0.014980505728659837,0.014980505728659837,-7.408279411367844,-14985.57028572689,-14992.978565138257
82,11,0.4570492917317799,-8.215974784284487,5.0,1.0,0.9994806053185779,-14994.389746437688,14994.439428176018,-0.0016394617032347014,-0.0042884269532805774,2.0,0.0,0.014980505728659837,0.014980505728659837,-7.437893456743873,-14985.558152206571,-14992.996045663314
83,11,0.45633052244443173,-8.202694565805146,7.0,1.0,0.9807636043293978,-14994.430773862916,14994.812910718572,0.024165881601220462,0.033929192317373236,2.0,0.0,0.014980505728659837,0.014980505728659837,-7.390029364893716,-14985.646792801115,-14993.036822166008
84,11,0.4543201331600134,-8.210633300774619,7.0,1.0,0.9732154112871828,-14994.502357488927,14994.569482376422,0.03205090935625776,0.07299077007701271,2.0,0.0,0.014980505728659837,0.014980505728659837,-7.41862066924776,-14985.689060829702,-14993.10768149895
85,11,0.4588635875907209,-8.215798266943212,5.0,1.0,0.957481697158034,-14994.663274007375,14994.78356365906,0.05243296032676881,0.09215367777869687,2.0,0.0,0.014980505728659837,0.014980505728659837,-7.437256102695503,-14985.832931713505,-14993.2701878162
86,11,0.4588635875907209,-8.215798266943212,3.0,1.0,0.957741995359629,-14994.663274007375,14994.93778401312,0.0,0.07643469801223546,1.0,0.0,0.014980505728659837,0.014980505728659837,-7.437256102695503,-14985.832931713505,-14993.2701878162
87,11,0.4520772539167729,-8.18075175241837,7.0,1.0,0.8239484060559628,-14994.687127028077,14996.161897593072,-0.09309074458906252,0.4357828269694437,2.0,0.0,0.014980505728659837,0.014980505728659837,-7.311330302302678,-14985.980273551493,-14993.291603853795
88,11,0.4564797867000697,-8.186122201859517,3.0,1.0,0.5796456402361841,-14994.948264966652,14996.310426730923,0.1791956577471865,0.9403248695871298,2.0,0.0,0.014980505728659837,0.014980505728659837,-7.330547203191488,-14986.223818522543,-14993.554365725735
89,11,0.4563603514722053,-8.185809280726684,3.0,1.0,1.0,-14994.927084369714,14995.130685109256,-0.011030995001419797,-0.1198288995637995,2.0,0.0,0.014980505728659837,0.014980505728659837,-7.329426696589877,-14986.203716473623,-14993.533143170212
90,11,0.4532302272748519,-8.161008445338211,3.0,1.0,0.8979949439082132,-14995.348410823513,14996.014515410769,-0.05049760586734919,0.21033494909534056,2.0,0.0,0.014980505728659837,0.014980505728659837,-7.24093139653372,-14986.712396916382,-14993.953328312917
91,11,0.45801937775204904,-8.156747501773262,1.0,1.0,0.33305043991897443,-14997.917469792395,14998.042541230117,1.09946132924415,1.09946132924415,1.0,0.0,0.014980505728659837,0.014980505728659837,-7.225789248204574,-14989.298311727438,-14996.524100975643
92,11,0.45616060851591994,-8.149108606980336,3.0,1.0,1.0,-14997.432348626739,14998.804077654886,-0.32163952000337304,-0.934791655789013,2.0,0.0,0.014980505728659837,0.014980505728659837,-7.198688299097178,-14988.83964869586,-14996.038336994958
93,11,0.44955313686846865,-8.213057696521608,7.0,1.0,0.9976299953368878,-14996.682691319673,14998.289302141782,0.016729188446333865,-0.9240062837143341,2.0,0.0,0.014980505728659837,0.014980505728659837,-7.427364677536541,-14987.85880057114,-14995.286165248677
94,11,0.455001999885287,-8.20069375870013,3.0,1.0,1.0,-14994.376253769025,14995.771744647132,-0.9703209338913439,-0.9703209338913439,1.0,0.0,0.014980505728659837,0.014980505728659837,-7.382833414168645,-14985.598993736328,-14992.981827150497
95,11,0.45235160360377014,-8.162284352700146,5.0,1.0,0.9059686022384044,-14995.16178336725,14998.080538131506,0.059875003036722774,0.1597054511330498,2.0,0.0,0.014980505728659837,0.014980505728659837,-7.245469130716472,-14986.520896908698,-14993.766366039414
96,11,0.4510447585230787,-8.166053425245943,3.0,1.0,0.9332041132621646,-14995.030973827581,14995.42641063565,-0.03749899957438174,0.13854153241118183,2.0,0.0,0.014980505728659837,0.014980505728659837,-7.258883255018421,-14986.376163502842,-14993.635046757861
97,11,0.45293948758222113,-8.19714281782355,5.0,1.0,0.6769649674274361,-14994.559670902408,14996.349863093794,0.03107573464330926,0.7230150531249819,2.0,0.0,0.014980505728659837,0.014980505728659837,-7.370072227132153,-14985.794406074672,-14993.164478301804
98,11,0.45335057651674676,-8.174085586631305,5.0,1.0,0.9714209948754682,-14994.809524682258,14995.649345609947,-0.014419267095945543,0.08181395387509838,2.0,0.0,0.014980505728659837,0.014980505728659837,-7.28751710167883,-14986.126970437632,-14993.41448753931
99,11,0.4519710940889159,-8.183590244217688,3.0,1.0,1.0,-14994.682470737906,14994.892611810037,-0.002373324219661299,-0.012688586470176233,2.0,0.0,0.014980505728659837,0.014980505728659837,-7.3214835897746315,-14985.965422850393,-14993.286906440168
100,11,0.45368637094676184,-8.213484863703975,9.0,1.0,0.9385264023591622,-14994.711266840093,14995.011990992136,0.10724832752202929,0.15397006005696312,3.0,0.0,0.014980505728659837,0.014980505728659837,-7.428905939914616,-14985.887449711661,-14993.316355651576
101,11,0.45663431585393716,-8.192635225441677,5.0,1.0,1.0,-14994.7359005356,14994.829734832341,-0.008757150812016334,-0.1465275098944403,2.0,0.0,0.014980505728659837,0.014980505728659837,-7.3538912378555334,-14985.988164170962,-14993.342055408817
102,11,0.4495518895301418,-8.189489382722574,7.0,1.0,0.767825426746951,-14995.502115084757,14996.154798550786,0.2529298727913556,0.6414734135742037,3.0,0.0,0.014980505728659837,0.014980505728659837,-7.342610585244337,-14986.762977919938,-14994.105588505183
103,11,0.453586529204097,-8.156955023039897,7.0,1.0,1.0,-14995.663684338342,14995.961848842722,-0.1531769121738762,-0.383621244915048,3.0,0.0,0.014980505728659837,0.014980505728659837,-7.226526297560236,-14987.042209498948,-14994.268735796508
104,11,0.45493065155872414,-8.211750534561496,7.0,1.0,0.7171972170594509,-14994.43045366915,14997.343860365758,-0.22201713750473573,0.6791447371215327,2.0,0.0,0.014980505728659837,0.014980505728659837,-7.422649438562605,-14985.613351697217,-14993.036001135779
105,11,0.44941157179561736,-8.190074515050922,7.0,1.0,0.7849416422329168,-14995.586611884977,14997.184749316888,0.388158974932594,0.4082590306243219,2.0,0.0,0.014980505728659837,0.014980505728659837,-7.3447080574713866,-14986.845319954182,-14994.190028011653
106,11,0.45797998795745226,-8.192037823251232,7.0,1.0,1.0,-14995.191362161166,14995.551282003626,-0.0956800780568301,-0.3763867979778297,2.0,0.0,0.014980505728659837,0.014980505728659837,-7.351748256827506,-14986.446231758462,-14993.79798001529
107,11,0.4529315191669487,-8.180044175501223,7.0,1.0,0.8823258606813901,-14994.641905202283,14995.78073119649,-0.32520043031399837,0.37568347153501236,3.0,0.0,0.014980505728659837,0.014980505728659837,-7.308800553653442,-14985.937909020968,-14993.246709574621
108,11,0.4541154810208149,-8.199147173849953,5.0,1.0,0.9705889873812685,-14994.415948439055,14994.80804911071,0.0007161661469581304,0.06119878035497095,2.0,0.0,0.014980505728659837,0.014980505728659837,-7.377273827844985,-14985.643923032098,-14993.021196859943
109,11,0.45685337087980576,-8.220634364792996,7.0,1.0,0.9200922375423942,-14994.407236241996,14994.918166335856,-0.008099691574898316,0.1567487070133211,2.0,0.0,0.014980505728659837,0.014980505728659837,-7.454729147315387,-14985.558738343352,-14993.013467490668
110,11,0.44904870404663233,-8.158870346127909,7.0,1.0,0.9368544857333089,-14995.482065625572,14996.001046732648,0.08682211105224269,0.0981487665885652,2.0,0.0,0.014980505728659837,0.014980505728659837,-7.233330947293557,-14986.852001887584,-14994.085332834878
111,11,0.4499356285349899,-8.159003010829169,1.0,1.0,1.0,-14995.3206802638,14995.457295158363,-0.04747855548521329,-0.04747855548521329,1.0,0.0,0.014980505728659837,0.014980505728659837,-7.2338024066636315,-14986.69050713441,-14993.924309541073
112,11,0.4553589369229274,-8.176199834298462,3.0,1.0,0.561017154213168,-14995.084966469467,14996.841738798408,0.14680538484753924,0.9363286023872206,2.0,0.0,0.014980505728659837,0.014980505728659837,-7.295064907760519,-14986.395603961886,-14993.690668869647
113,11,0.456934816767616,-8.227128196827584,7.0,1.0,1.0,-14994.499175364223,14995.308588305403,-0.17943238588486565,-0.19604133840221039,2.0,0.0,0.014980505728659837,0.014980505728659837,-7.478228449346862,-14985.627206460254,-14993.105434909601
114,11,0.4556911453980686,-8.232327024439481,1.0,1.0,0.8687045517945498,-14994.86208317124,14994.872228332835,0.14075219795267913,0.14075219795267913,1.0,0.0,0.014980505728659837,0.014980505728659837,-7.4970718985670155,-14985.970832815197,-14993.467904713765
115,11,0.4643040908565712,-8.291209365684832,7.0,1.0,0.9543496837289346,-14996.546954327672,14996.846289501103,-0.07046481048018904,0.13752479761024006,3.0,0.0,0.014980505728659837,0.014980505728659837,-7.712380950334385,-14987.443169191554,-14995.155550141888
116,11,0.4626010625740289,-8.263833709565349,7.0,1.0,1.0,-14995.427597177564,14996.583304507261,-0.04256050896401575,-0.07496877506309829,3.0,0.0,0.014980505728659837,0.014980505728659837,-7.611847922582051,-14986.423844462703,-14994.035692385285
117,11,0.45063239700746444,-8.188714997469459,7.0,1.0,0.8877560398015534,-14995.048824703741,14996.967175068314,0.1499714371348091,0.19536715824324347,2.0,0.0,0.014980505728659837,0.014980505728659837,-7.3398352411521905,-14986.31289863147,-14993.652733872621
118,11,0.447913318978283,-8.184866750016608,7.0,1.0,0.6177889051422175,-14996.209918498624,14997.533894171596,0.4332451808386395,1.2829497997863655,3.0,0.0,0.014980505728659837,0.014980505728659837,-7.32605227846346,-14987.486660456252,-14994.812712734716
119,11,0.460267982889648,-8.191776540301799,3.0,1.0,0.9389330519970308,-14996.37991423746,14996.953065459124,0.20236204544380598,-0.49107183117484965,2.0,0.0,0.014980505728659837,0.014980505728659837,-7.350811103606406,-14987.63647421901,-14994.987285322617
120,11,0.454706950282932,-8.208312263562883,3.0,1.0,0.9683775286282591,-14994.41372825379,14995.699609026371,-0.8167257532568328,-0.8167257532568328,2.0,0.0,0.014980505728659837,0.014980505728659837,-7.410254948799667,-14985.60893924922,-14993.01919419802
121,11,0.4535477262692859,-8.199732535570542,3.0,1.0,0.5588215936747479,-14994.482353104593,14996.060273520634,0.015492178124986822,1.1311563471608679,2.0,0.0,0.014980505728659837,0.014980505728659837,-7.379377775722528,-14985.708012247796,-14993.087390023518
122,11,0.45778767772495854,-8.22385849428069,15.0,1.0,0.9688809838890451,-14994.44879521062,14994.618139347596,-0.03330275485677703,0.08487570437682734,4.0,0.0,0.014980505728659837,0.014980505728659837,-7.466391069491446,-14985.588956737281,-14993.055347806772
123,11,0.4499659521737453,-8.184287121500802,7.0,1.0,0.851201898613675,-14995.208777125408,14995.605834811877,0.23492534586512193,0.26316325799780316,2.0,0.0,0.014980505728659837,0.014980505728659837,-7.323977552241622,-14986.488441114718,-14993.81241866696
124,11,0.4500805526918265,-8.18519664625485,3.0,1.0,0.8280838029231439,-14995.18219610848,14996.234044785919,-0.004102497627172852,0.29994963509307127,2.0,0.0,0.014980505728659837,0.014980505728659837,-7.327233261309743,-14986.458650669992,-14993.785883931303
125,11,0.4534458043248562,-8.190556590328343,5.0,1.0,1.0,-14994.487509197672,14995.098089840589,-0.229012397594488,-0.229012397594488,2.0,0.0,0.014980505728659837,0.014980505728659837,-7.346436367418636,-14985.746071500718,-14993.092507868138
126,11,0.4552933866692748,-8.217914894930495,7.0,1.0,0.9601739476741624,-14994.490144034267,14994.74059451115,0.040177687113100546,0.08152814870845759,2.0,0.0,0.014980505728659837,0.014980505728659837,-7.444900699200339,-14985.650922119674,-14993.095822818874
127,11,0.4618678601654624,-8.238458981189817,7.0,1.0,0.8056054299151606,-14995.145538257488,14995.811728041608,0.13137485516017477,0.40716901711675746,2.0,0.0,0.014980505728659837,0.014980505728659837,-7.519332267873878,-14986.234078407942,-14993.753410675816
128,11,0.45607227663504724,-8.182021353545972,15.0,1.0,0.773658639613826,-14995.01218578321,14996.729399739605,0.035283427245303756,0.6530790184096986,4.0,0.0,0.014980505728659837,0.014980505728659837,-7.315870670634761,-14986.302272229525,-14993.618142900159
129,11,0.4541529628080099,-8.199028234907612,15.0,1.0,0.680998506504826,-14994.412949418902,14997.849904481334,-0.21249289565639629,1.0206761511180957,4.0,0.0,0.014980505728659837,0.014980505728659837,-7.3768463710964856,-14985.641365338453,-14993.01821170955
130,11,0.45365993738392063,-8.209265691118183,7.0,1.0,0.9466219674936066,-14994.606970451563,14994.78091446574,0.09463995278565562,0.09463995278565562,2.0,0.0,0.014980505728659837,0.014980505728659837,-7.413690738254141,-14985.798358643293,-14993.212049381547
131,11,0.4570839061381871,-8.211439053805153,7.0,1.0,0.9146952159116921,-14994.411851894467,14994.91944942985,-0.08361428944408544,0.2209908907625504,2.0,0.0,0.014980505728659837,0.014980505728659837,-7.421526106697949,-14985.596636990618,-14993.018163097317
132,11,0.46048295424196356,-8.216616027004132,7.0,1.0,0.7465650501362473,-14995.165453656968,14995.698255506337,0.29279166950618674,0.6197161239451816,3.0,0.0,0.014980505728659837,0.014980505728659837,-7.440209064500705,-14986.332684253426,-14993.772893317926
133,11,0.4531404513231159,-8.216858547686373,3.0,1.0,1.0,-14995.002355088873,14995.162232964294,-0.044526008821776486,-0.30884448280085053,2.0,0.0,0.014980505728659837,0.014980505728659837,-7.441084944218083,-14986.166153714055,-14993.607238658273
134,11,0.45150139028407676,-8.22499549095154,1.0,1.0,0.5923475810721968,-14996.26094596122,14996.503793212109,0.5236616862021037,0.5236616862021037,1.0,0.0,0.014980505728659837,0.014980505728659837,-7.470506152431539,-14987.394692447942,-14994.865198600373
135,11,0.4552552802088038,-8.215322265510496,3.0,1.0,1.0,-14994.446151264608,14995.515655300396,-0.7589016182446358,-0.78376329169987,2.0,0.0,0.014980505728659837,0.014980505728659837,-7.435537551844646,-14985.616278752697,-14993.051816304542
136,11,0.4591870591475857,-8.238254661312496,7.0,1.0,0.8779593841731071,-14994.663389752559,14995.28867409364,-0.025035464044776745,0.2567309101577848,2.0,0.0,0.014980505728659837,0.014980505728659837,-7.518589935626276,-14985.751820375812,-14993.270410311437
137,11,0.4547255837310351,-8.180662957525229,11.0,1.0,0.9232872767116824,-14994.75887456925,14995.050644053761,0.07249241347926727,0.14122865706485754,3.0,0.0,0.014980505728659837,0.014980505728659837,-7.311012812861835,-14986.053334506783,-14993.364347319644
138,11,0.45321609225203313,-8.21012668064497,7.0,1.0,0.9155235615392311,-14994.742858625159,14995.29631780098,0.07682760068564676,0.18746272863427293,2.0,0.0,0.014980505728659837,0.014980505728659837,-7.416794197389081,-14985.930976580936,-14993.347770778324
139,11,0.45073179521433315,-8.142178298729018,7.0,1.0,0.9606333782475159,-14996.01862978215,14997.756358442448,-0.0398455532558728,0.18616261438182846,2.0,0.0,0.014980505728659837,0.014980505728659837,-7.17415172800224,-14987.448426825207,-14994.62257855321
140,11,0.46455805991289645,-8.283637410443651,11.0,1.0,0.8941276420346349,-14996.218199563802,14996.768597581566,-0.06168693979634554,0.2976015012663993,3.0,0.0,0.014980505728659837,0.014980505728659837,-7.68449909390157,-14987.142368918947,-14994.826868012848
141,11,0.46277936144888626,-8.283552156368714,3.0,1.0,0.9674627042103916,-14996.2083080634,14996.349869058484,0.04972774329326057,0.050346716972853756,2.0,0.0,0.014980505728659837,0.014980505728659837,-7.68418549321529,-14987.132271294236,-14994.816456787452
142,11,0.4589902051805132,-8.270899502961457,3.0,1.0,0.8367417584862006,-14996.16045522378,14997.235102626331,0.2431488790680305,0.2431488790680305,1.0,0.0,0.014980505728659837,0.014980505728659837,-7.637724245863685,-14987.129686674018,-14994.767410919882
143,11,0.4624830099545203,-8.262923254609534,15.0,1.0,0.9974582655864376,-14995.393376686274,14996.188599425222,-0.31076976918302535,-0.31076976918302535,4.0,0.0,0.014980505728659837,0.014980505728659837,-7.608517288709465,-14986.392919029535,-14994.001436318244
144,11,0.46093587717430595,-8.2720060790708,3.0,1.0,0.7299748089415922,-14995.772243306881,14996.467526722878,0.08414833552888012,0.5201517037021404,2.0,0.0,0.014980505728659837,0.014980505728659837,-7.64178126660451,-14986.738044950684,-14994.379826217288
145,11,0.4652426401908984,-8.27475719107102,3.0,1.0,0.9997145540117116,-14996.122051496632,14996.420899521569,0.0008567048316763248,-0.030802463747022557,2.0,0.0,0.014980505728659837,0.014980505728659837,-7.651872927141422,-14987.079040198834,-14994.730913125975
146,11,0.4551930376428162,-8.237952329546749,7.0,1.0,0.7030524251984369,-14995.293852002354,14998.234873346675,0.19153451223792217,0.8045532264077337,2.0,0.0,0.014980505728659837,0.014980505728659837,-7.5174915844839925,-14986.382002981853,-14993.899494566336
147,11,0.45663024659699125,-8.166353855696789,7.0,1.0,0.7283647599940277,-14996.192164845539,14998.550920552572,0.3137035594536428,0.7328142628903151,2.0,0.0,0.014980505728659837,0.014980505728659837,-7.259953097904628,-14987.538365198356,-14994.79831829626
148,11,0.4535032598313776,-8.167327149022789,3.0,1.0,1.0,-14995.09043580743,14995.830162563845,-0.49355484878469724,-0.5908811092995165,2.0,0.0,0.014980505728659837,0.014980505728659837,-7.263419647852965,-14986.432036401979,-14993.69545604983
149,11,0.4547011261196619,-8.18496307137172,3.0,1.0,0.9860570685181843,-14994.619492241813,14995.58609864412,-0.055898942999192514,-0.05914892518740089,1.0,0.0,0.014980505728659837,0.014980505728659837,-7.3263970843263,-14985.898558973764,-14993.22495605809
150,11,0.4562474588682034,-8.198453211476158,15.0,1.0,0.5716723600480612,-14994.496871388414,14997.708851893884,-0.001219957248395076,1.370125545447081,4.0,0.0,0.014980505728659837,0.014980505728659837,-7.374779983835012,-14985.728110437629,-14993.102890421464
51,12,0.45267139014463414,-8.194105265258589,3.0,1.0,1.0,-14994.583415420491,14994.744916237223,-0.01668109336787893,-0.029811009399054456,2.0,0.0,0.00740464958035817,0.00740464958035817,-7.359166034813841,-14985.828954653214,-14993.188120688028
52,12,0.4586851143007987,-8.216945878879065,7.0,1.0,0.8297367548079188,-14994.602465110982,14995.428101735368,0.03385101592539286,0.32267618114747165,2.0,0.0,0.01593618124377309,0.01593618124377309,-7.441400361083709,-14985.767919294414,-14993.209319655498
53,12,0.4586293122378411,-8.217534772133769,1.0,1.0,1.0,-14994.58219528431,14994.679016930844,-0.011083473063990823,-0.011083473063990823,1.0,0.0,0.01593618124377309,0.01593618124377309,-7.443527484824392,-14985.745503760849,-14993.189031245673
54,12,0.45962181871575636,-8.256820882706796,7.0,1.0,0.8287532167747201,-14995.188738257697,14995.970634017769,-0.007245509510539705,0.4035214752984757,2.0,0.0,0.01593618124377309,0.01593618124377309,-7.586214938627775,-14986.209686009373,-14993.795900948002
55,12,0.4646827420706256,-8.272494771178048,3.0,1.0,0.9898157304446618,-14995.952774173516,14995.991785600569,0.031029275784021593,0.031029275784021593,2.0,0.0,0.01593618124377309,0.01593618124377309,-7.643573339774017,-14986.917904750006,-14994.56147808978
56,12,0.464926178051053,-8.265770735367637,3.0,1.0,0.9390774515060021,-14995.968821821547,14996.235442477691,0.10257606796585605,0.10257606796585605,2.0,0.0,0.01593618124377309,0.01593618124377309,-7.61893672426359,-14986.958657897752,-14994.577594622016
57,12,0.4521601858105973,-8.21016076031999,5.0,1.0,0.9293013287439644,-14995.101866306488,14996.775314933218,0.11992286079839687,0.11992286079839687,2.0,0.0,0.01593618124377309,0.01593618124377309,-7.416917053715592,-14986.289458139589,-14993.706375193304
58,12,0.4607974345008945,-8.244576849673354,5.0,1.0,1.0,-14994.888870047525,14995.401833642265,-0.30557398041855777,-0.33489775813905,2.0,0.0,0.01593618124377309,0.01593618124377309,-7.541578965043023,-14985.954830383955,-14993.496409348998
59,12,0.46368618881129037,-8.258998357463273,3.0,1.0,0.9168164809506582,-14995.580650888895,14995.987857335112,0.11363369155515102,0.13087925053514482,1.0,0.0,0.01593618124377309,0.01593618124377309,-7.59416868653751,-14986.594899108983,-14994.18906779552
60,12,0.46317786355895463,-8.260833586836986,1.0,1.0,1.0,-14995.46962132133,14995.615246149939,-0.06474925851398439,-0.06474925851398439,1.0,0.0,0.01593618124377309,0.01593618124377309,-7.600875983357728,-14986.477012737469,-14994.077888720827
61,12,0.4680116841500772,-8.32155056856899,7.0,1.0,0.5132662925009883,-14998.331133662352,15000.814641815628,0.049433566213338054,1.8739231361450948,2.0,0.0,0.01593618124377309,0.01593618124377309,-7.824680107220746,-14989.116057785319,-14996.940737892539
62,12,0.4573571676978252,-8.278586078839563,3.0,1.0,0.5998695011325708,-14997.608251808137,15000.276078637922,0.864667343772453,0.9717588813546172,2.0,0.0,0.01593618124377309,0.01593618124377309,-7.665930694131562,-14988.54872652637,-14996.2146572205
63,12,0.454787985504599,-8.278478120702458,1.0,1.0,0.38833890613883365,-14999.426027712754,15000.537549143875,0.9458768511813105,0.9458768511813105,1.0,0.0,0.01593618124377309,0.01593618124377309,-7.665534124822436,-14990.365989110836,-14998.031523235659
64,12,0.459229775792061,-8.267915626185854,7.0,1.0,0.9931932297884796,-14995.875460152945,14997.976283516155,-1.6860488897127652,-1.880752487842983,3.0,0.0,0.01593618124377309,0.01593618124377309,-7.626790613049425,-14986.855704132015,-14994.482494745063
65,12,0.4603197079542146,-8.260619249180658,1.0,1.0,1.0,-14995.283464272874,14995.69394721894,-0.2194346938704257,-0.2194346938704257,1.0,0.0,0.01593618124377309,0.01593618124377309,-7.600092460002383,-14986.290759432728,-14993.890851892731
66,12,0.4510114920603868,-8.163521028565565,7.0,1.0,0.9857369065474079,-14995.09825540757,14996.932009944796,-0.05243399841674545,-0.06439011402471806,2.0,0.0,0.01593618124377309,0.01593618124377309,-7.249868892640584,-14986.452446286006,-14993.702315178647
67,12,0.45013116630849404,-8.162287913287198,1.0,1.0,0.9777052254789925,-14995.217982881903,14995.223927124916,0.022547059819771675,0.022547059819771675,1.0,0.0,0.01593618124377309,0.01593618124377309,-7.245481796137455,-14986.576209314366,-14993.821691110503
68,12,0.4559228745545447,-8.210471247941861,7.0,1.0,0.5207501337072513,-14994.35709963663,14997.709334246218,-0.055413426640370744,1.4872041354428802,2.0,0.0,0.01593618124377309,0.01593618124377309,-7.418036406867164,-14985.544967343783,-14992.96300375065
69,12,0.45695137525170115,-8.220138778643491,5.0,1.0,0.9591637628347911,-14994.40241596958,14994.505235088953,0.0015591119990858715,0.06977589059351885,2.0,0.0,0.01593618124377309,0.01593618124377309,-7.452937496147157,-14985.555743765079,-14993.008681261226
70,12,0.4531101546181407,-8.182592763816794,5.0,1.0,0.983460825704366,-14994.593518579017,14995.195636261584,0.005074329317722004,0.029877462367949192,2.0,0.0,0.01593618124377309,0.01593618124377309,-7.317914683383956,-14985.880476003103,-14993.198390686488
71,12,0.4639256484841518,-8.196564729700615,5.0,1.0,0.4600246826267281,-14998.880307472413,14999.232277579198,2.1265807146046427,2.187632152434162,2.0,0.0,0.01593618124377309,0.01593618124377309,-7.3679959175087175,-14990.120798162956,-14997.488794080464
72,12,0.4568104863294635,-8.194181525477498,3.0,1.0,1.0,-14994.726848605147,14997.359947949044,-1.9829030610817426,-1.9829030610817426,1.0,0.0,0.01593618124377309,0.01593618124377309,-7.359439730696448,-14985.973625201956,-14993.333064932653
73,12,0.44951842855750107,-8.138186178000682,15.0,1.0,0.6203043797904438,-14996.17313013527,14997.761769660736,-0.06216576728729706,1.2120667563758616,4.0,0.0,0.01593618124377309,0.01593618124377309,-7.1600395331130295,-14987.616550374734,-14994.776589907848
74,12,0.4552780408644348,-8.16998460174352,15.0,1.0,0.8651535928253209,-14995.390118162402,14996.84078814676,0.22721282172096835,0.3363291981659131,4.0,0.0,0.01593618124377309,0.01593618124377309,-7.272889442593534,-14986.722901970747,-14993.99579141334
75,12,0.4490676449384088,-8.180713236650822,3.0,1.0,0.9815382051466508,-14995.502434920472,14995.754894288206,0.05697824901653803,-0.10819117383834964,2.0,0.0,0.01593618124377309,0.01593618124377309,-7.31119258677595,-14986.794517343038,-14994.105709929814
76,12,0.45046110543318596,-8.1989609252372,3.0,1.0,0.9271925192555881,-14995.398712622171,14996.555300265138,0.08630322408498614,0.11971006057137856,1.0,0.0,0.01593618124377309,0.01593618124377309,-7.376604471961003,-14986.625948882205,-14994.002553354167
77,12,0.45737753620209814,-8.187118656659248,7.0,1.0,0.9739826060826674,-14995.203824313789,14995.777831788973,-0.091434393894815,-0.18806202147970907,3.0,0.0,0.01593618124377309,0.01593618124377309,-7.334115956476393,-14986.476120767456,-14993.810236723933
78,12,0.45371380249885446,-8.22417656663042,7.0,1.0,1.0,-14995.117988870119,14995.526600518884,-0.022103959545347607,-0.3361103446222842,2.0,0.0,0.01593618124377309,0.01593618124377309,-7.467542124769621,-14986.255545805338,-14993.723087930108
79,12,0.45549793828822843,-8.17086723682973,7.0,1.0,0.9923172402620203,-14995.412262299737,14996.169343055588,-0.0005018450137868058,-0.33781345604256785,2.0,0.0,0.01593618124377309,0.01593618124377309,-7.276036262395055,-14986.741978398602,-14994.018014660998
80,12,0.45244144787263535,-8.216183409369954,7.0,1.0,0.9179833843033879,-14995.247108550966,14996.461118832078,0.07560469359850686,0.24485283631111088,2.0,0.0,0.01593618124377309,0.01593618124377309,-7.4386467829240095,-14986.413078968375,-14993.8517257513
81,12,0.45686879210423886,-8.222022974018206,7.0,1.0,1.0,-14994.421771777668,14995.14499636655,-0.41625601499436016,-0.418631746995743,2.0,0.0,0.01593618124377309,0.01593618124377309,-7.45975057834528,-14985.568257809948,-14993.028008388294
82,12,0.45256688385582955,-8.229569340853587,1.0,1.0,0.47905748950394544,-14995.9649037475,14995.968060257299,0.7359346689318045,0.7359346689318045,1.0,0.0,0.01593618124377309,0.01593618124377309,-7.487073150099533,-14987.082495893213,-14994.569569043313
83,12,0.45996819372464537,-8.247139193744491,7.0,1.0,0.9848357264522082,-14994.858498628102,14996.93369006476,-0.7106937499556807,-0.7166179453579389,2.0,0.0,0.01593618124377309,0.01593618124377309,-7.550907659933743,-14985.914865791554,-14993.465773451488
84,12,0.4566921140290512,-8.25555282770275,3.0,1.0,0.7482239421236647,-14995.860904657875,14996.04345869133,0.4586073847985972,0.4708186145799118,2.0,0.0,0.01593618124377309,0.01593618124377309,-7.581585248670522,-14986.885494472393,-14994.467079721064
85,12,0.45762591399697305,-8.255278576257,1.0,1.0,1.0,-14995.517087920523,14995.989775132046,-0.17966107473512238,-0.17966107473512238,1.0,0.0,0.01593618124377309,0.01593618124377309,-7.580584163560417,-14986.54300122664,-14994.123585390202
86,12,0.4560058573846973,-8.186298887785892,7.0,1.0,0.6887721841726065,-14994.813236674478,14998.111758518593,-0.09889773474787944,0.9501160804284154,2.0,0.0,0.01593618124377309,0.01593618124377309,-7.331179922624674,-14986.08799032801,-14993.419170250634
87,12,0.4587667908289226,-8.194663431728156,7.0,1.0,0.8569615862504786,-14995.389233322825,14995.851656363573,0.31801319697297004,0.31801319697297004,2.0,0.0,0.01593618124377309,0.01593618124377309,-7.361169413811446,-14986.63494560753,-14993.99611502134
88,12,0.4566935440536442,-8.249008588037714,7.0,1.0,0.9636246110123771,-14995.424752269126,14999.71501382464,-0.2162045736604341,-0.3087986160080618,2.0,0.0,0.01593618124377309,0.01593618124377309,-7.55771768333045,-14986.473210148171,-14994.030927831502
89,12,0.45578293948184784,-8.244171559873053,15.0,1.0,0.9947351651932118,-14995.44607290799,14995.71074122828,0.06114951706149441,-0.27260800356998516,4.0,0.0,0.01593618124377309,0.01593618124377309,-7.540104032772992,-14986.51182317911,-14994.051927211882
90,12,0.46167869606038026,-8.230678250929005,7.0,1.0,0.8308955405497007,-14995.222719641952,14996.164117168499,-0.08275561870505044,0.4579279600766313,3.0,0.0,0.01593618124377309,0.01593618124377309,-7.4910928976804785,-14986.339440973485,-14993.830533871165
91,12,0.45969352976698213,-8.229264553017726,1.0,1.0,1.0,-14994.678284037689,14995.064543861552,-0.22806479645441868,-0.22806479645441868,1.0,0.0,0.01593618124377309,0.01593618124377309,-7.48596852377264,-14985.7995014998,-14993.285470023573
92,12,0.45431583605251225,-8.207323911886137,7.0,1.0,0.897793333694778,-14994.451158330925,14995.181141107423,-0.029870969117837376,0.2334105236295727,2.0,0.0,0.01593618124377309,0.01593618124377309,-7.406694265705261,-14985.64978649162,-14993.056480757325
93,12,0.4504766471682125,-8.187565210430629,7.0,1.0,0.886632963353261,-14995.08216339937,14996.074287261905,0.19461360865716415,0.19461360865716415,2.0,0.0,0.01593618124377309,0.01593618124377309,-7.3357155887799985,-14986.350294762015,-14993.686010350795
94,12,0.4535134378399569,-8.192415217699843,3.0,1.0,0.9977204451946605,-14994.472840395209,14994.952493280434,-0.2315533399105334,-0.2315533399105334,1.0,0.0,0.01593618124377309,0.01593618124377309,-7.353101991974996,-14985.724762464188,-14993.077864456163
95,12,0.45456402186335415,-8.189844082081823,3.0,1.0,0.9645545721158463,-14994.493183758079,14994.573746857972,0.006157102008728543,0.05566159650697955,2.0,0.0,0.01593618124377309,0.01593618124377309,-7.343882003872581,-14985.754715396875,-14993.098597400747
96,12,0.45687847685716115,-8.19672247531878,7.0,1.0,0.9375755597473913,-14994.661726609655,14994.896587444124,0.11707361957451212,0.11707361957451212,2.0,0.0,0.01593618124377309,0.01593618124377309,-7.368562456702928,-14985.899404129968,-14993.26796658667
97,12,0.45127481813515324,-8.187933021339859,7.0,1.0,0.9985447192153467,-14994.842313216363,14994.890577840994,0.0065353304671589285,-0.1341475713361433,2.0,0.0,0.01593618124377309,0.01593618124377309,-7.337033300393593,-14986.109443601474,-14993.446476901867
98,12,0.45127481813515324,-8.187933021339859,1.0,1.0,0.7333077503239143,-14994.842313216363,14995.31481079772,0.0,0.3101898148343025,1.0,0.0,0.01593618124377309,0.01593618124377309,-7.337033300393593,-14986.109443601474,-14993.446476901867
99,12,0.4555443307103424,-8.185712073767359,15.0,1.0,0.9966917545264216,-14994.731964228386,14995.309511505906,-0.01815186284693482,-0.09450915538400295,4.0,0.0,0.01593618124377309,0.01593618124377309,-7.329078638275636,-14986.008654590907,-14993.337733229182
100,12,0.45347516302393637,-8.192602158769525,7.0,1.0,0.9878735138586958,-14994.475159003985,14994.936388088883,-0.10723761479857785,-0.10723761479857785,3.0,0.0,0.01593618124377309,0.01593618124377309,-7.353772612871918,-14985.726396087824,-14993.080168700697
101,12,0.456777224837821,-8.21906841498763,7.0,1.0,0.5530700238812367,-14994.394368644562,14996.311725088144,-0.017684938833554043,1.3515739166668936,2.0,0.0,0.01593618124377309,0.01593618124377309,-7.449068737987676,-14985.551504650779,-14993.000573388766
102,12,0.4582954592009565,-8.20745307451956,7.0,1.0,0.9072939975968567,-14994.710073461889,14994.853145841464,0.16598643645738775,0.17215988311363617,2.0,0.0,0.01593618124377309,0.01593618124377309,-7.407159537707984,-14985.909638174891,-14993.3167977126
103,12,0.4561194498035313,-8.230814812464324,7.0,1.0,0.7670309334069714,-14994.708122301752,14995.60459027837,-0.06042460578282771,0.5487344933480927,2.0,0.0,0.01593618124377309,0.01593618124377309,-7.491588011952665,-14985.82250810427,-14993.314096116223
104,12,0.4493477897237372,-8.17149445995307,7.0,1.0,0.9329482186120376,-14995.303344345197,14995.927882631322,0.07964413447189145,0.13111465037036396,2.0,0.0,0.01593618124377309,0.01593618124377309,-7.278272946740592,-14986.628461428298,-14993.906734375038
105,12,0.44669128407753717,-8.167415766222932,7.0,1.0,0.7488500823050623,-14996.411728268682,14996.997418321278,0.42350869063375285,0.5918765597216407,3.0,0.0,0.01593618124377309,0.01593618124377309,-7.263735320156004,-14987.750266209323,-14995.014001529478
106,12,0.44980834779974976,-8.167532733041924,1.0,1.0,1.0,-14995.196176251924,14995.96373358592,-0.5066632027574087,-0.5066632027574087,1.0,0.0,0.01593618124377309,0.01593618124377309,-7.264151991530609,-14986.535601976771,-14993.799753968302
107,12,0.45442838149320913,-8.209813001965156,7.0,1.0,1.0,-14994.470484088039,14995.183490046873,-0.049559247396246064,-0.08450719126813055,3.0,0.0,0.01593618124377309,0.01593618124377309,-7.415663448592205,-14985.66018449252,-14993.075847941112
108,12,0.4538770843029307,-8.208025867440206,3.0,1.0,0.9764428927200273,-14994.535523448507,14994.59867225902,0.02944505748200754,0.04254801066053915,1.0,0.0,0.01593618124377309,0.01593618124377309,-7.409223063890566,-14985.73146031935,-14993.14068338324
109,12,0.464481235167613,-8.275125162369061,7.0,1.0,0.6227317034209479,-14995.959915927911,14999.045730333215,0.007460822514985921,0.8865111444138165,2.0,0.0,0.01593618124377309,0.01593618124377309,-7.653223297536398,-14986.91533916291,-14994.568562460447
110,12,0.4609751466025473,-8.231946886440964,15.0,1.0,0.9363482604834715,-14994.961923317289,14996.866486917816,0.10365046199513017,0.1773366785782855,4.0,0.0,0.01593618124377309,0.01593618124377309,-7.495693150678587,-14986.073825418309,-14993.569518568987
111,12,0.46213643167345014,-8.226533251446336,1.0,1.0,0.7430625687396163,-14995.539940159193,14995.744146957646,0.29697502685485233,0.29697502685485233,1.0,0.0,0.01593618124377309,0.01593618124377309,-7.476073759137241,-14986.671820933763,-14994.1478946929
112,12,0.4497145493318775,-8.171896552513065,7.0,1.0,0.9816330251120758,-14995.195320894652,14996.26734996225,-0.33883730912202736,-0.4180274649788771,2.0,0.0,0.01593618124377309,0.01593618124377309,-7.279707020036895,-14986.519153508129,-14993.798860528166
113,12,0.44366655075775085,-8.20093561387684,7.0,1.0,0.4578662212155805,-15001.167864169598,15001.970182688949,2.9702536594704725,3.09880311300185,2.0,0.0,0.01593618124377309,0.01593618124377309,-7.3837030394046534,-14992.385091684042,-14999.768794723446
114,12,0.45164586869568385,-8.204870116781176,7.0,1.0,1.0,-14995.106547168503,14999.039418789636,-2.790561020248788,-2.9395527456417767,2.0,0.0,0.01593618124377309,0.01593618124377309,-7.397858329080545,-14986.312997981118,-14993.7108563102
115,12,0.46418333487021,-8.255843089151561,5.0,1.0,0.7112660422364907,-14995.749858496867,14998.323488965954,-0.05917828929705138,0.7511296136071905,2.0,0.0,0.01593618124377309,0.01593618124377309,-7.582644856150674,-14986.775774735086,-14994.358419591237
116,12,0.46418333487021,-8.255843089151561,1.0,1.0,0.10001721321057043,-14995.749858496867,14998.745862362326,0.0,2.3024129757013725,1.0,0.0,0.01593618124377309,0.01593618124377309,-7.582644856150674,-14986.775774735086,-14994.358419591237
117,12,0.4626048577329972,-8.252663816346784,1.0,1.0,1.0,-14995.282167419353,14995.686618217609,-0.1509618416948797,-0.1509618416948797,1.0,0.0,0.01593618124377309,0.01593618124377309,-7.571043424958292,-14986.319220343925,-14993.890263768883
118,12,0.46708515350358026,-8.251248893729406,1.0,1.0,0.38739425461198224,-14997.435501064267,14997.515990923806,0.948312358754265,0.948312358754265,1.0,0.0,0.01593618124377309,0.01593618124377309,-7.56588350472696,-14988.478980232903,-14996.04486373763
119,12,0.45695657195112727,-8.269828896523725,3.0,1.0,0.5741948125527587,-14996.939114043642,14999.555807469475,-0.2421572921139159,1.1517032534939062,2.0,0.0,0.01593618124377309,0.01593618124377309,-7.633800265557022,-14987.911580872671,-14995.545381138229
120,12,0.45869673105902875,-8.27337431960606,3.0,1.0,1.0,-14996.461867899508,14997.286018059927,-0.3190858374982781,-0.4157129249906575,2.0,0.0,0.01593618124377309,0.01593618124377309,-7.6467993161506485,-14987.421926993278,-14995.06872630943
121,12,0.46457528651709684,-8.247793899005599,3.0,1.0,1.0,-14996.057241670303,14996.45917005494,-0.012641017085115891,-0.5015129005823837,2.0,0.0,0.01593618124377309,0.01593618124377309,-7.5532922905234,-14987.11262273664,-14994.665915027164
122,12,0.45546647984524,-8.24285369022726,3.0,1.0,1.0,-14995.484029592857,14996.30422274235,-0.07980610855338455,-0.22335904973078868,2.0,0.0,0.01593618124377309,0.01593618124377309,-7.535309171711555,-14986.554461489199,-14994.08977066091
123,12,0.44407336315006973,-8.129685276760526,7.0,1.0,0.893065156584129,-14997.788456195778,14999.602642170494,0.0819700384636235,0.3524371857402002,2.0,0.0,0.01593618124377309,0.01593618124377309,-7.1300418457459855,-14989.259529910603,-14996.38957175635
124,12,0.45151387379783936,-8.159314761122411,3.0,1.0,1.0,-14995.230776126908,14997.567362543625,-0.4334209801199904,-0.4334209801199904,2.0,0.0,0.01593618124377309,0.01593618124377309,-7.234910363683033,-14986.600123291204,-14993.835033654887
125,12,0.45484800764465105,-8.213088000770519,7.0,1.0,0.766265643854547,-14994.462456844212,14996.736424810886,-0.002147174780475325,0.5544774600311939,2.0,0.0,0.01593618124377309,0.01593618124377309,-7.427474012316877,-14985.640500228781,-14993.067974241098
126,12,0.4592723113907085,-8.223098383970202,7.0,1.0,0.7659591197847071,-14994.645086974686,14995.292199219162,0.04182501562718244,0.5530490193214064,2.0,0.0,0.01593618124377309,0.01593618124377309,-7.463640756081714,-14985.788494769686,-14993.252135525767
127,12,0.4507470820547167,-8.177006766175348,7.0,1.0,0.9517815336352892,-14994.929309597255,14996.228465518352,-0.013605840309537598,0.09219585721984913,2.0,0.0,0.01593618124377309,0.01593618124377309,-7.297946810986572,-14986.235317640683,-14993.53326445167
128,12,0.4570961451313746,-8.248586574167653,15.0,1.0,0.8872405284164401,-14995.277617057733,14995.624582131462,0.1590546247571183,0.29867521432970534,4.0,0.0,0.01593618124377309,0.01593618124377309,-7.556180022032377,-14986.327752471121,-14993.883932493154
129,12,0.46178376467418664,-8.236817093430028,3.0,1.0,0.9968866283740195,-14995.141241362666,14995.490853250307,-0.03722581119473034,-0.03722581119473034,2.0,0.0,0.01593618124377309,0.01593618124377309,-7.513368163370967,-14986.235719784825,-14993.749087948196
130,12,0.46178376467418664,-8.236817093430028,1.0,1.0,0.674596959840207,-14995.141241362666,14995.763477777695,0.0,0.3936398629757605,1.0,0.0,0.01593618124377309,0.01593618124377309,-7.513368163370967,-14986.235719784825,-14993.749087948196
131,12,0.4605382940830838,-8.238975281007727,7.0,1.0,0.999128434037139,-14994.816822049404,14995.041380935665,-0.15404408195354335,-0.19340987582108937,3.0,0.0,0.01593618124377309,0.01593618124377309,-7.521208267500008,-14985.903071035284,-14993.424279302784
132,12,0.45501441734595577,-8.149687521519457,7.0,1.0,0.6901269483645588,-14996.746943949489,14998.01710475391,0.6583335944287683,0.8396664011870598,2.0,0.0,0.01593618124377309,0.01593618124377309,-7.2007401041458605,-14988.15178173277,-14995.352521836916
133,12,0.4468406546987597,-8.1663970267016,3.0,1.0,0.9864738168705708,-14996.312558543372,14997.280799862156,-0.1609895029632753,-0.1609895029632753,2.0,0.0,0.01593618124377309,0.01593618124377309,-7.2601068387138366,-14987.654789307604,-14994.914896146318
134,12,0.45322051284235243,-8.16425531349986,3.0,1.0,1.0,-14995.185144300256,14996.17531565242,-0.4284191964998172,-0.45304644203679345,2.0,0.0,0.01593618124377309,0.01593618124377309,-7.252482005642404,-14986.537576116812,-14993.790058122455
135,12,0.44898847503834644,-8.168908308701003,3.0,1.0,0.6408778775409266,-14995.415724025548,14996.402662780703,0.0814102802578418,0.7461685484176996,2.0,0.0,0.01593618124377309,0.01593618124377309,-7.269053236843347,-14986.749913175467,-14994.01896641231
136,12,0.44800423131687017,-8.176160819046112,3.0,1.0,0.8481963324564061,-14995.901411905466,14996.208708224725,0.2910673809783475,0.2910673809783475,2.0,0.0,0.01593618124377309,0.01593618124377309,-7.294925583898737,-14987.209318821695,-14994.504244405594
137,12,0.44941909420640125,-8.175540743863051,3.0,1.0,1.0,-14995.297472319937,14995.837540830038,-0.2669612872214202,-0.3368808734812774,2.0,0.0,0.01593618124377309,0.01593618124377309,-7.29271149347485,-14986.608180028767,-14993.900891522242
138,12,0.4506803371671207,-8.189007440642252,3.0,1.0,0.978519132580661,-14995.037721176504,14995.774240033128,0.005027929804782616,0.06126632470659388,1.0,0.0,0.01593618124377309,0.01593618124377309,-7.340883267128209,-14986.30076618871,-14993.641649455838
139,12,0.4585898982847894,-8.20035878852104,7.0,1.0,0.7398251545552468,-14995.04867933552,14996.16254657364,0.09391966726434475,0.707763737273126,2.0,0.0,0.01593618124377309,0.01593618124377309,-7.381629077096083,-14986.273873078862,-14993.655502155958
140,12,0.4608871492299294,-8.190884649304717,3.0,1.0,0.5519766191505457,-14996.86146571002,14997.484357387251,0.8517810107041441,1.013065016717519,2.0,0.0,0.01593618124377309,0.01593618124377309,-7.347612639423693,-14988.12142064969,-14995.469033289113
141,12,0.4580636390428285,-8.188309012630734,1.0,1.0,1.0,-14995.420839992155,14996.709140920928,-0.7013172593269701,-0.7013172593269701,1.0,0.0,0.01593618124377309,0.01593618124377309,-7.338380458701682,-14986.689105679165,-14994.027486137866
142,12,0.4605250115045301,-8.213016236401824,7.0,1.0,0.9694291945656364,-14995.31883710123,14997.110659903627,-0.0317373195921391,-0.1828132108093996,2.0,0.0,0.01593618124377309,0.01593618124377309,-7.42721509494766,-14986.499075039434,-14993.92629013438
143,12,0.45939567317199004,-8.226636923967641,3.0,1.0,1.0,-14994.637886285282,14995.264623938147,-0.3708919970522402,-0.3708919970522402,1.0,0.0,0.01593618124377309,0.01593618124377309,-7.476449200350795,-14985.768526036307,-14993.244975236657
144,12,0.4575422459411483,-8.237400675866644,7.0,1.0,0.9557522707620133,-14994.703816981017,14994.862678851667,-0.012676316342549399,0.09511207306968572,3.0,0.0,0.01593618124377309,0.01593618124377309,-7.515487699006369,-14985.794798155033,-14993.310285854039
145,12,0.4560014437838492,-8.244809319508738,1.0,1.0,0.7383177141406856,-14995.405993039796,14995.454228996257,0.3033810400575021,0.3033810400575021,1.0,0.0,0.01593618124377309,0.01593618124377309,-7.542425044332136,-14986.46950000604,-14994.011925050372
146,12,0.45806586438365215,-8.200125316191103,7.0,1.0,0.7719676736952155,-14994.875980824643,14996.611851230604,-0.09605125262896763,0.6582181968315126,2.0,0.0,0.01593618124377309,0.01593618124377309,-7.380789727291153,-14986.101837994913,-14993.482627722204
147,12,0.45581983611822696,-8.245122298088091,5.0,1.0,0.47714915077093806,-14995.491630768192,14997.684147892232,0.12635011781276262,1.49261929885688,2.0,0.0,0.01593618124377309,0.01593618124377309,-7.5435642223953,-14986.553933998677,-14994.097498221072
148,12,0.4583466374096458,-8.243059474711078,1.0,1.0,1.0,-14994.799388701293,14995.215092404935,-0.35151337015304307,-0.35151337015304307,1.0,0.0,0.01593618124377309,0.01593618124377309,-7.536057771707394,-14985.87007236413,-14993.406130135838
149,12,0.4583466374096458,-8.243059474711078,3.0,1.0,0.5503323765972482,-14994.799388701293,14996.248112406876,0.0,1.0559618475181196,1.0,0.0,0.01593618124377309,0.01593618124377309,-7.536057771707394,-14985.87007236413,-14993.406130135838
150,12,0.45872389047886675,-8.227193236165046,3.0,1.0,0.810825240249892,-14994.535938154148,14995.193546134038,-0.02333444475334545,0.34280060210221563,2.0,0.0,0.01593618124377309,0.01593618124377309,-7.478464021211261,-14985.664341575686,-14993.142805596897
51,13,0.4469108631392541,-8.18217343177808,15.0,1.0,0.9794285586154635,-14996.734559170589,14997.182484379098,0.05380055198111222,-0.08834175006995793,3.0,0.0,0.006246268579445933,0.006246268579445933,-7.3164146434007336,-14988.020512308976,-14995.336926952377
52,13,0.4567656529678579,-8.185051664907355,3.0,1.0,0.8366656035355616,-14995.087385221854,14997.140859152794,-0.5343528887224238,-0.5343528887224238,2.0,0.0,0.014614472596856852,0.014614472596856852,-7.3267142347592635,-14986.366871699278,-14993.693585934037
53,13,0.4577159600316314,-8.234219225493089,7.0,1.0,0.9944822623190215,-14994.60046706501,14995.41686255155,-0.22998135203852144,-0.24227981762851414,2.0,0.0,0.014614472596856852,0.014614472596856852,-7.5039369987707465,-14985.703058248551,-14993.206995247321
54,13,0.4548977962925067,-8.237113988548861,3.0,1.0,0.8038090418076095,-14995.35644881935,14995.3857158376,0.3146918922011537,0.3146918922011537,1.0,0.0,0.014614472596856852,0.014614472596856852,-7.514446425684468,-14986.447537912707,-14993.961984338392
55,13,0.4587330774732394,-8.222502383817147,3.0,1.0,0.9704578453135144,-14994.549896385937,14995.293907447609,-0.2899104550706397,-0.2899104550706397,2.0,0.0,0.014614472596856852,0.014614472596856852,-7.461484647930069,-14985.695282234856,-14993.156766882787
56,13,0.4532659583703064,-8.205172597452052,7.0,1.0,0.9657300053874592,-14994.609883522331,14995.020230215094,0.05003594037043513,0.10129229751873936,2.0,0.0,0.014614472596856852,0.014614472596856852,-7.398947214477839,-14985.815867279103,-14993.214814493582
57,13,0.4592865435392123,-8.219152992594593,7.0,1.0,0.9971500335103369,-14994.706193533886,14994.942579486124,0.02015144886354392,-0.09026872506001382,2.0,0.0,0.014614472596856852,0.014614472596856852,-7.449374396428376,-14985.863872355825,-14993.313246752254
58,13,0.4484810035821432,-8.144444822079581,11.0,1.0,0.9078309661737566,-14995.964580326272,14996.597350781554,-0.05613204157634755,0.26573933989857323,3.0,0.0,0.014614472596856852,0.014614472596856852,-7.182171008044949,-14987.385441368519,-14994.567612376564
59,13,0.4498154877774684,-8.148322742329867,7.0,1.0,0.9930355030474952,-14995.683491788355,14996.131694860234,-0.022423947169954772,-0.05859345466342347,3.0,0.0,0.014614472596856852,0.014614472596856852,-7.195903551960305,-14987.091168848685,-14994.287072400644
60,13,0.4517124787662155,-8.154014417938903,3.0,1.0,0.9759470618917269,-14995.478233753835,14995.817710356474,0.033614289917750284,0.039888271456220536,2.0,0.0,0.014614472596856852,0.014614472596856852,-7.216086224529948,-14986.866482662985,-14994.082568887514
61,13,0.4463435840336852,-8.121574522368212,3.0,1.0,0.934679593942628,-14997.325406526083,14997.52747617001,0.04120771645648347,0.10905653240115498,2.0,0.0,0.014614472596856852,0.014614472596856852,-7.101488261661132,-14988.826041036249,-14995.927529297911
62,13,0.44773333259098236,-8.116905102918327,7.0,1.0,0.9956559061702271,-14997.50282485597,14997.942452321991,0.014225216173144872,-0.10392196283464727,3.0,0.0,0.014614472596856852,0.014614472596856852,-7.08507959659818,-14989.020463539602,-14996.1055431362
63,13,0.4454892371927154,-8.117196347193484,7.0,1.0,0.9948367893305068,-14997.732240228732,14998.192384896991,0.020393929755300633,-0.12081041273813753,3.0,0.0,0.014614472596856852,0.014614472596856852,-7.08610241170022,-14989.247886563282,-14996.333988974982
64,13,0.45528829195213855,-8.159306405367445,7.0,1.0,0.8475314966866899,-14996.098284873036,14998.79821630304,0.30727354798182205,0.4619667133792973,3.0,0.0,0.014614472596856852,0.014614472596856852,-7.234880666156759,-14987.469081154553,-14994.70396182071
65,13,0.4508453847064904,-8.17150115343717,7.0,1.0,0.7099617040714499,-14994.95457996971,14997.426364732484,-0.4126910992363264,1.0902886670901353,3.0,0.0,0.014614472596856852,0.014614472596856852,-7.2782968178978145,-14986.2802770795,-14993.558573897399
66,13,0.4533340325997067,-8.192374549053879,7.0,1.0,0.9832166326699892,-14994.488270096408,14996.005689813186,-0.026705654267061618,0.05647247738670558,3.0,0.0,0.014614472596856852,0.014614472596856852,-7.352956104403786,-14985.740270619604,-14993.093226724008
67,13,0.4605511299571578,-8.226529580645698,7.0,1.0,0.7460215387144986,-14994.924624455514,14996.527910731691,0.15499270584768965,0.6081121057977725,2.0,0.0,0.014614472596856852,0.014614472596856852,-7.476060465842128,-14986.056025319982,-14993.532085785824
68,13,0.4546913848705712,-8.191279256381547,7.0,1.0,0.9520119561698267,-14994.474607006838,14995.353533899388,-0.1500080584355601,0.1679920833248616,2.0,0.0,0.014614472596856852,0.014614472596856852,-7.349027665583781,-14985.731039597787,-14993.08006726337
69,13,0.4567796242091764,-8.200115937671622,15.0,1.0,0.9421418907199433,-14994.54902699813,14994.75408908976,0.05947687525440415,0.12457172116228321,4.0,0.0,0.014614472596856852,0.014614472596856852,-7.380756011978408,-14985.77447656624,-14993.155232578218
70,13,0.45388721668214194,-8.218042538091616,5.0,1.0,0.9092054827672559,-14994.803640880411,14994.999190644276,0.10097218538248853,0.1749910955222731,2.0,0.0,0.014614472596856852,0.014614472596856852,-7.445361849501703,-14985.963442735987,-14993.408804585488
71,13,0.46112151995266126,-8.237914609074709,7.0,1.0,0.9209386787073927,-14994.941166273467,14997.1241880752,-0.059584386719507165,0.2237704307826789,2.0,0.0,0.014614472596856852,0.014614472596856852,-7.5173545549381355,-14986.031452860621,-14993.54880741556
72,13,0.4615877684288432,-8.217040968861697,7.0,1.0,0.8132284640860632,-14995.653889861569,14996.57756409295,0.3898964093077666,0.4027574682204431,2.0,0.0,0.014614472596856852,0.014614472596856852,-7.441743809292673,-14986.819932207394,-14994.261676016687
73,13,0.4517096336117157,-8.152784702351374,7.0,1.0,0.8344689078630653,-14995.53981540451,14997.908888608115,-0.4001369425222947,0.6763509323009202,2.0,0.0,0.014614472596856852,0.014614472596856852,-7.211722911560418,-14986.932426517165,-14994.144149428726
74,13,0.44810800538342577,-8.155756006611721,3.0,1.0,0.9204655747522703,-14995.77403068376,14995.92523095462,0.05674902238570212,0.11413395388444769,2.0,0.0,0.014614472596856852,0.014614472596856852,-7.222268368011462,-14987.154638409795,-14994.376906777807
75,13,0.4492967928464817,-8.177040716883111,3.0,1.0,0.9266180971530106,-14995.35486781072,14996.798835570939,0.07940481831974466,0.13555960546182177,1.0,0.0,0.014614472596856852,0.014614472596856852,-7.298068077942809,-14986.66016887278,-14993.958236950722
76,13,0.44741922746220825,-8.181976097237877,3.0,1.0,0.8351267082852375,-14996.399536601186,14996.577290141626,0.4287689238208259,0.4287689238208259,2.0,0.0,0.014614472596856852,0.014614472596856852,-7.315708796580379,-14987.686412888117,-14995.002121684698
77,13,0.4546381919337001,-8.188260228378562,5.0,1.0,0.9834952570608884,-14994.53064957928,14996.40915154382,-0.6274729338274483,-0.6274729338274483,2.0,0.0,0.014614472596856852,0.014614472596856852,-7.338205659143547,-14985.797884724645,-14993.136090383789
78,13,0.4593305962273537,-8.247634601763648,11.0,1.0,0.9630349173687361,-14994.875648158979,14996.71395569572,0.006270688916629297,0.08621654614398722,3.0,0.0,0.014614472596856852,0.014614472596856852,-7.55271204330026,-14985.930003770196,-14993.482715813496
79,13,0.4577055661731548,-8.205066017119373,15.0,1.0,0.933514579708622,-14994.62338581319,14995.258637736237,0.08272084817872383,0.147533696703249,4.0,0.0,0.014614472596856852,0.014614472596856852,-7.398563530702865,-14985.831346923074,-14993.229910453778
80,13,0.4465084005581485,-8.177802926472227,7.0,1.0,0.7109956801420392,-14996.826689470494,14997.033870071948,0.6708312328082684,0.6807450284031802,3.0,0.0,0.014614472596856852,0.014614472596856852,-7.300790882394266,-14988.128092819388,-14995.428883701783
81,13,0.46065224699559487,-8.235838229352272,9.0,1.0,0.9942947256911635,-14994.84272369673,14997.250333617887,-0.6852830763000384,-0.7566716960391204,3.0,0.0,0.014614472596856852,0.014614472596856852,-7.5098137537576175,-14985.940403343127,-14993.450217096884
82,13,0.4540509533943184,-8.199919821777302,15.0,1.0,0.9980666912785416,-14994.42319765695,14995.46096032121,-0.07016245323393377,-0.07733846417249879,4.0,0.0,0.014614472596856852,0.014614472596856852,-7.380051005208005,-14985.648371167823,-14993.02842217303
83,13,0.45755703282674387,-8.240694522025665,7.0,1.0,0.9052607115691274,-14994.81377046913,14998.7601995874,0.06465540988756402,0.1585522230107017,2.0,0.0,0.014614472596856852,0.014614472596856852,-7.527457132165394,-14985.892787268116,-14993.420244400282
84,13,0.4606012291120879,-8.259323622736524,5.0,1.0,0.6357719165069321,-14995.215415993844,14996.685114357775,-0.03912620422124746,0.9027606250856479,2.0,0.0,0.014614472596856852,0.014614472596856852,-7.595357202854865,-14986.227536020946,-14993.822893223802
85,13,0.46207337918057895,-8.270086400119613,7.0,1.0,0.9880780254754463,-14995.594632524824,14996.526619609658,0.005792951968032867,-0.03179606063167739,3.0,0.0,0.014614472596856852,0.014614472596856852,-7.634743961506738,-14986.567823871548,-14994.202567833056
86,13,0.4632390105557419,-8.26592292210108,3.0,1.0,0.9949819191846959,-14995.558994928064,14995.737980756992,0.008744637087147566,-0.01771604610803479,2.0,0.0,0.014614472596856852,0.014614472596856852,-7.61949383068404,-14986.547786592404,-14994.167280423088
87,13,0.4576019335763375,-8.20855385331783,7.0,1.0,0.9285866494060198,-14994.525975167937,14996.18591856332,0.020932220188115025,0.18410296758884215,2.0,0.0,0.014614472596856852,0.014614472596856852,-7.411125460194036,-14985.721338987074,-14993.132464447268
88,13,0.45183583232450525,-8.184591878001191,7.0,1.0,0.9516695440657027,-14994.702343077546,14996.848975795581,-0.03059278849650582,0.13353751689282944,2.0,0.0,0.014614472596856852,0.014614472596856852,-7.325068357831635,-14985.981657890921,-14993.306726248753
89,13,0.45293936391751927,-8.163007056532226,3.0,1.0,0.9856790701038846,-14995.199813333496,14995.23879158004,0.04391300603674608,0.04391300603674608,2.0,0.0,0.014614472596856852,0.014614472596856852,-7.248040131906317,-14986.556580554012,-14993.804620685918
90,13,0.4575279718829847,-8.157750020725,1.0,1.0,0.4003322429192204,-14997.469065273095,14997.532625448608,0.9154604693394504,0.9154604693394504,1.0,0.0,0.014614472596856852,0.014614472596856852,-7.229350274294337,-14988.846178987422,-14996.075529261716
91,13,0.45360410306439,-8.172668454344553,3.0,1.0,1.0,-14994.88559933373,14996.578173557918,-0.9483581848435279,-0.9483581848435279,2.0,0.0,0.014614472596856852,0.014614472596856852,-7.282460480567851,-14986.208196892085,-14993.490657372653
92,13,0.4535273671488741,-8.206209456894085,7.0,1.0,0.9863450612208113,-14994.572397682565,14995.275508932904,0.018361736825681874,-0.049395133020880166,2.0,0.0,0.014614472596856852,0.014614472596856852,-7.402680448508258,-14985.77474651959,-14993.177426968097
93,13,0.45175883862075117,-8.159669754987913,7.0,1.0,0.768941443840167,-14995.227005965033,14996.36795270709,-0.022408375740269548,0.6186215696870931,3.0,0.0,0.014614472596856852,0.014614472596856852,-7.236172126214634,-14986.595187041079,-14993.831359167294
94,13,0.45149298349758976,-8.145139139160994,3.0,1.0,0.9601198576735778,-14995.941220003024,14996.155622045666,0.09369027765751525,0.09369027765751525,2.0,0.0,0.014614472596856852,0.014614472596856852,-7.184628627918704,-14987.36084072125,-14994.545469349168
95,13,0.4456079349432457,-8.139536564615698,3.0,1.0,0.9222171459509673,-14996.908809368268,14997.330109871631,0.1451892815730389,0.1451892815730389,2.0,0.0,0.014614472596856852,0.014614472596856852,-7.164811382391285,-14988.345799058794,-14995.510610441186
96,13,0.4553052089650385,-8.184580066747618,5.0,1.0,0.9799684078858277,-14994.724743690182,14997.672927274198,-0.1767135433419753,-0.1767135433419753,2.0,0.0,0.014614472596856852,0.014614472596856852,-7.325026080444138,-14986.005400656126,-14993.33042673657
97,13,0.45212955556908635,-8.184075281501034,3.0,1.0,0.9923040570665772,-14994.657432777345,14994.862399412523,-0.0574342969321151,-0.0574342969321151,2.0,0.0,0.014614472596856852,0.014614472596856852,-7.323219374548927,-14985.938710454684,-14993.261929829234
98,13,0.4486514271245784,-8.152687346637354,15.0,1.0,0.982125619591861,-14995.692595397028,14995.872827223702,0.05546068943658611,0.056716461847827304,4.0,0.0,0.014614472596856852,0.014614472596856852,-7.211377535755177,-14987.08432078576,-14994.295698321515
99,13,0.4480249325042733,-8.136472293580995,3.0,1.0,0.9909596071919516,-14996.344481191414,14996.65713159492,-0.0074458136568864575,-0.06616446628868289,2.0,0.0,0.014614472596856852,0.014614472596856852,-7.153985820749718,-14987.793336574156,-14994.947322394904
100,13,0.44943078441172174,-8.166867116617684,3.0,1.0,0.6599141070380492,-14995.29338765898,14997.567511473811,0.03331157906904991,0.698797589939204,2.0,0.0,0.014614472596856852,0.014614472596856852,-7.261781046032806,-14986.635030594009,-14993.896811640041
101,13,0.4633786602339466,-8.21183065594976,7.0,1.0,0.6308588589611548,-14997.089094841396,14998.506102216823,0.965655991809399,1.1089767750581814,2.0,0.0,0.014614472596856852,0.014614472596856852,-7.422938405996734,-14988.27448314363,-14995.697421549627
102,13,0.44973364833641916,-8.207124495764667,5.0,1.0,0.9881904572842932,-14996.180655487637,14997.178193241734,-0.3552915921754902,-1.065783629357611,2.0,0.0,0.014614472596856852,0.014614472596856852,-7.405975958063698,-14987.378226923305,-14994.784202881368
103,13,0.4653843318197858,-8.233650647804822,5.0,1.0,0.904429685112154,-14997.14860039864,14998.298590623723,0.2682672735518281,-0.6793344539637474,2.0,0.0,0.014614472596856852,0.014614472596856852,-7.501873764097553,-14988.255627772334,-14995.757501536431
104,13,0.4588235841152432,-8.269646271098397,7.0,1.0,0.8538242673759123,-14996.121519783233,14998.678262505282,-0.6644514931977028,-0.9433469860468904,2.0,0.0,0.014614472596856852,0.014614472596856852,-7.63313102237735,-14987.095289308636,-14994.728420331014
105,13,0.46431173403852877,-8.271806654328675,3.0,1.0,0.7739352840183592,-14995.861405548507,14997.370606850693,-0.25682146332474076,0.6189929049505736,2.0,0.0,0.014614472596856852,0.014614472596856852,-7.641050028687227,-14986.828953527622,-14994.47000355631
106,13,0.4610234907021686,-8.259818758968946,7.0,1.0,0.9645051481397507,-14995.224441636634,14996.355928490204,-0.044502931345050456,0.09397655825887341,3.0,0.0,0.014614472596856852,0.014614472596856852,-7.597166629200172,-14986.23488543509,-14993.83205206429
107,13,0.45886512166753696,-8.24055143014644,3.0,1.0,0.932305880006643,-14994.702207057573,14995.435958850276,-0.014343758373797755,0.11296449645487883,2.0,0.0,0.014614472596856852,0.014614472596856852,-7.526936928393824,-14985.782184446289,-14993.309121374683
108,13,0.4530250568273926,-8.176219922654468,15.0,1.0,0.8276499766892605,-14994.728312435513,14995.324601270378,0.010109099790497567,0.38280378940362425,4.0,0.0,0.014614472596856852,0.014614472596856852,-7.295136644077174,-14986.038015664153,-14993.33315230823
109,13,0.4596430671272561,-8.234796068830043,11.0,1.0,0.7913629096051078,-14994.667968818036,14997.360638676755,0.015032414985398646,0.3792777089165611,3.0,0.0,0.014614472596856852,0.014614472596856852,-7.506030557902784,-14985.76910785743,-14993.275138415333
110,13,0.4587554379939948,-8.261701897709495,7.0,1.0,0.6940564220176545,-14995.600888422194,14996.34220077073,0.17110886289083282,0.5903561721934238,2.0,0.0,0.014614472596856852,0.014614472596856852,-7.604050612616803,-14986.603715737012,-14994.20776634963
111,13,0.4574337719043575,-8.266186180696304,1.0,1.0,0.743354602590142,-14996.382151405658,14996.520791533912,0.29658209025546967,0.29658209025546967,1.0,0.0,0.014614472596856852,0.014614472596856852,-7.620457589959355,-14987.368125528508,-14994.988583118467
112,13,0.4595281205949226,-8.206037258134758,5.0,1.0,0.997282046810254,-14995.180231055176,14997.22611427633,-0.151767685329105,-0.4592350928323867,2.0,0.0,0.014614472596856852,0.014614472596856852,-7.402060368839729,-14986.385302875266,-14993.787363244106
113,13,0.44999725959728415,-8.198781952448575,5.0,1.0,0.9495588693291989,-14995.61612794308,14995.839752145634,0.13667601161250786,-0.3204786247224547,2.0,0.0,0.014614472596856852,0.014614472596856852,-7.375961297226295,-14986.843820841616,-14994.219782138842
114,13,0.45316452322144507,-8.185556367416988,3.0,1.0,0.9295479548903134,-14994.549507522877,14995.683798977738,-0.45600671336251253,-0.45600671336251253,2.0,0.0,0.014614472596856852,0.014614472596856852,-7.328521137288171,-14985.825879056558,-14993.154400193846
115,13,0.4560950888922494,-8.222817943274732,7.0,1.0,0.8594325306707794,-14994.488910635933,14995.66127083182,0.025642964708822547,0.23317668420349946,2.0,0.0,0.014614472596856852,0.014614472596856852,-7.462626181105206,-14985.632249648732,-14993.094875829836
116,13,0.4543122269245268,-8.198842207901693,7.0,1.0,0.8650935584580594,-14994.402586011667,14995.258357321254,-0.026545044565864373,0.3168885038994631,2.0,0.0,0.014614472596856852,0.014614472596856852,-7.376177833746972,-14985.631729274122,-14993.007907107869
117,13,0.45190643983054357,-8.217008672125747,15.0,1.0,0.7650837002967532,-14995.533752931917,14997.415714100553,0.45192267293714394,0.4686972904964932,4.0,0.0,0.014614472596856852,0.014614472596856852,-7.44162715817725,-14986.696536385267,-14994.138163543445
118,13,0.46043235044287556,-8.220689670023114,7.0,1.0,0.8677082776158729,-14995.020296412029,14996.577978073321,-0.23746411750289553,-0.43683659169255407,2.0,0.0,0.014614472596856852,0.014614472596856852,-7.454929102923114,-14986.172790861368,-14993.627719964292
119,13,0.45225201736812604,-8.188085339290627,7.0,1.0,0.8753569922133936,-14994.631890044284,14996.38818404886,-0.1898325511119765,0.3919228362137801,2.0,0.0,0.014614472596856852,0.014614472596856852,-7.33757903108714,-14985.898855335694,-14993.236434366781
120,13,0.4638436021102549,-8.225593686773557,7.0,1.0,0.25574075832219034,-14996.541336314101,15001.575862102636,0.7485083793872036,3.136898027247298,2.0,0.0,0.014614472596856852,0.014614472596856852,-7.472671695724518,-14987.677127397019,-14995.149799092744
121,13,0.45450309969059655,-8.210167489845825,7.0,1.0,0.9602720113693345,-14994.46475603222,14997.800167824913,-0.7623250929718779,-0.7623250929718779,2.0,0.0,0.014614472596856852,0.014614472596856852,-7.416941313615437,-14985.6532060172,-14993.070147330815
122,13,0.4558543740061023,-8.180237807621737,7.0,1.0,0.8318313566985973,-14995.031835466709,14995.622376869796,0.1558193587770802,0.38160625413911475,2.0,0.0,0.014614472596856852,0.014614472596856852,-7.309492782831299,-14986.328222435046,-14993.637715217877
123,13,0.45592597287023656,-8.191282313456668,7.0,1.0,0.9934015827509798,-14994.625725220329,14995.149994391704,-0.11349150295973232,-0.17419794652232667,2.0,0.0,0.014614472596856852,0.014614472596856852,-7.3490386285932745,-14985.88259180679,-14993.231630435384
124,13,0.4589698824098939,-8.18794953730341,1.0,1.0,0.6035172837997829,-14995.883928751366,14995.923433386386,0.504980599584087,0.504980599584087,1.0,0.0,0.014614472596856852,0.014614472596856852,-7.337092473310384,-14987.153785259854,-14994.490877733164
125,13,0.4562789420065795,-8.19117107013117,3.0,1.0,1.0,-14994.701838323863,14995.469863740154,-0.4731746962042962,-0.5858950077708869,2.0,0.0,0.014614472596856852,0.014614472596856852,-7.3486397037421485,-14985.959228753885,-14993.307868457627
126,13,0.45004650952705405,-8.166599922570947,7.0,1.0,0.9887809518774127,-14995.157210492747,14996.388934469533,-0.06262309704834479,-0.10136136024266307,3.0,0.0,0.014614472596856852,0.014614472596856852,-7.260829417512991,-14986.500055161072,-14993.760884578585
127,13,0.4583882609496067,-8.219142942647021,9.0,1.0,0.899926407138916,-14994.520186655245,14995.58681066799,-0.01679353153303964,0.2046865050215274,3.0,0.0,0.014614472596856852,0.014614472596856852,-7.449338076141148,-14985.677603973587,-14993.126942049728
128,13,0.4583115334564943,-8.220334662341818,3.0,1.0,1.0,-14994.499848169995,14994.545885338255,-0.011130944714750513,-0.03455508237675531,2.0,0.0,0.014614472596856852,0.014614472596856852,-7.453645628749633,-14985.652932191428,-14993.106577820177
129,13,0.4615682169022566,-8.23383967137384,7.0,1.0,0.8694200961505257,-14995.118063345095,14995.665423928342,0.15851187511907483,0.2933551239548251,3.0,0.0,0.014614472596856852,0.014614472596856852,-7.502559650289511,-14986.223283804555,-14993.725843454844
130,13,0.4570679558892505,-8.22640919671427,5.0,1.0,0.9954655080326902,-14994.477721299714,14995.337957945381,-0.18244075389338832,-0.18244075389338832,2.0,0.0,0.014614472596856852,0.014614472596856852,-7.475624519607232,-14985.608402465094,-14993.084026984701
131,13,0.45317219186098534,-8.198982863596171,9.0,1.0,0.9635134596792025,-14994.535977592866,14994.662533782212,0.04224266474011529,0.07645787513320101,3.0,0.0,0.014614472596856852,0.014614472596856852,-7.376683314072954,-14985.76418984827,-14993.140873162343
132,13,0.4581590536200219,-8.236796977752503,7.0,1.0,0.9689917351261206,-14994.636803148343,14995.091180693487,-0.03423385287715064,0.09055720894139085,2.0,0.0,0.014614472596856852,0.014614472596856852,-7.5132951105352115,-14985.730186383826,-14993.24348149436
133,13,0.45100493753643534,-8.183449591664752,7.0,1.0,0.5814291667149973,-14994.87705874388,14998.082587006442,0.08183839071534749,0.9341166873073234,2.0,0.0,0.014614472596856852,0.014614472596856852,-7.320980285749534,-14986.16013563536,-14993.48111592111
134,13,0.45200971618048563,-8.183203544207744,1.0,1.0,1.0,-14994.678405035364,14994.823108568511,-0.06997748609501286,-0.06997748609501286,1.0,0.0,0.014614472596856852,0.014614472596856852,-7.320099889470979,-14985.962755820037,-14993.282855709509
135,13,0.45666597031596756,-8.227655706911554,11.0,1.0,0.7252770970207176,-14994.534382331254,14996.718740043265,-0.001696290353720542,0.5887180923364213,3.0,0.0,0.014614472596856852,0.014614472596856852,-7.480139207854739,-14985.660409057491,-14993.140548265346
136,13,0.45393199423890035,-8.244558610748268,7.0,1.0,0.5789667266652785,-14996.339081969016,14997.244527362202,0.6675857111113146,1.2599741850390274,3.0,0.0,0.014614472596856852,0.014614472596856852,-7.5415125863438535,-14987.40274973977,-14994.944262326113
137,13,0.4585495101132977,-8.234158811683177,3.0,1.0,1.0,-14994.580858925094,14995.680880891436,-0.6957095751458837,-0.6957095751458837,2.0,0.0,0.014614472596856852,0.014614472596856852,-7.503717755916826,-14985.68395051072,-14993.187668266637
138,13,0.4539055611346575,-8.215946638476634,9.0,1.0,0.9006530737231154,-14994.727887638535,14996.132936586337,0.13395677903645264,0.16752929798349214,3.0,0.0,0.014614472596856852,0.014614472596856852,-7.437791828127547,-14985.895266339467,-14993.333058167595
139,13,0.4526967649279112,-8.19824829944749,7.0,1.0,0.8688151631164972,-14994.62124787724,14995.338687131241,-0.06055633665891946,0.3883950886374805,2.0,0.0,0.014614472596856852,0.014614472596856852,-7.374043697915152,-14985.851919138704,-14993.22596283662
140,13,0.45104810803425477,-8.198952776618844,1.0,1.0,0.8166334298583559,-14995.146292389298,14995.197874032283,0.202564963072291,0.202564963072291,1.0,0.0,0.014614472596856852,0.014614472596856852,-7.376575187565017,-14986.373791456474,-14993.750366644039
141,13,0.45290667277325586,-8.157999462065062,7.0,1.0,0.9643277641516266,-14995.446153429439,14996.224211223029,-0.14246428710248438,-0.26318929404806113,2.0,0.0,0.014614472596856852,0.014614472596856852,-7.23023646567948,-14986.820711894055,-14994.050948359734
142,13,0.44803756632487857,-8.167752967008667,3.0,1.0,0.8744097500402576,-14995.76335387432,14996.066927817992,0.14501059435133357,0.192064142853269,2.0,0.0,0.014614472596856852,0.014614472596856852,-7.264936569016824,-14987.101263818666,-14994.366200387683
143,13,0.44912221735303454,-8.16536656838517,3.0,1.0,1.0,-14995.386797900826,14995.715320113522,-0.15536943808365322,-0.2525923929133569,2.0,0.0,0.014614472596856852,0.014614472596856852,-7.2564376738213,-14986.73365769322,-14993.99009536704
144,13,0.44774689262129724,-8.13777390110618,3.0,1.0,0.9379914568704909,-14996.332112388203,14996.82215991601,-0.03183548564447847,0.15674600277998252,2.0,0.0,0.014614472596856852,0.014614472596856852,-7.158583037237733,-14987.776253362978,-14994.934836400214
145,13,0.447250963277682,-8.124219120009746,3.0,1.0,0.9420613691190217,-14997.052055133714,14997.34954190787,0.013486019330230192,0.13619289340749674,2.0,0.0,0.014614472596856852,0.014614472596856852,-7.110791233224147,-14988.543777295727,-14995.654568528951
146,13,0.4482290182443136,-8.16159938957321,3.0,1.0,0.5877676983480351,-14995.6831971253,14998.66130428014,0.08359683749040414,0.8679012722968764,2.0,0.0,0.014614472596856852,0.014614472596856852,-7.243032873261215,-14987.043091069372,-14994.286123942633
147,13,0.4599419315012805,-8.173217937405877,7.0,1.0,0.521625629375645,-14997.721213288618,15000.91408956823,1.1428706933475041,1.1566309919780906,3.0,0.0,0.014614472596856852,0.014614472596856852,-7.284420911403432,-14989.044058732932,-14996.328479644335
148,13,0.4546148661043475,-8.203446279306515,5.0,1.0,0.9816641955454746,-14994.38806260324,14997.375425189553,-1.2684686188495107,-1.2684686188495107,2.0,0.0,0.014614472596856852,0.014614472596856852,-7.392733955078124,-14985.600760915378,-14992.993494870456
149,13,0.454983602831095,-8.194631910799943,7.0,1.0,0.9917748323793569,-14994.436653007215,14994.77450910733,0.003149243857478723,0.020761947835126193,3.0,0.0,0.014614472596856852,0.014614472596856852,-7.361056270149312,-14985.68116344043,-14993.042219710578
150,13,0.45574627931902656,-8.220667754708224,7.0,1.0,0.9632294872459843,-14994.485781331683,14994.87920259965,0.026846922944969265,0.07079104656622803,2.0,0.0,0.014614472596856852,0.014614472596856852,-7.454849867915269,-14985.636772691902,-14993.091622559818
51,14,0.4594932550734958,-8.233815673757391,3.0,1.0,0.2553666520861062,-14994.644947495744,14997.619444233485,0.0,99.57383259675771,1.0,0.0,0.03296312870580908,0.03296312870580908,-7.502472571158925,-14985.749595745521,-14993.25206831668
52,14,0.45734233349230025,-8.259724562947145,3.0,1.0,0.7429332058671673,-14995.912713860085,14996.325846919292,0.48779467348140315,0.48779467348140315,1.0,0.0,0.017410337455367145,0.017410337455367145,-7.5968223802799635,-14986.922291793611,-14994.51911417389
53,14,0.46453457403740656,-8.246234644535452,3.0,1.0,0.9691920159440417,-14996.079622096488,14996.20875459048,0.09697791709004377,-0.4506595559814741,2.0,0.0,0.017410337455367145,0.017410337455367145,-7.547613728853067,-14987.140670121733,-14994.688283850586
54,14,0.4512482932659628,-8.201926800908641,7.0,1.0,0.9564373185011698,-14995.163199226938,14997.059956991823,-0.22491258708396344,-0.5739071355201304,2.0,0.0,0.017410337455367145,0.017410337455367145,-7.38726760669204,-14986.380084864291,-14993.767352470983
55,14,0.4559583674619437,-8.172553368360493,7.0,1.0,0.9952440202377298,-14995.476646986226,14995.510654501968,0.03385864742631384,-0.41291762801483856,2.0,0.0,0.017410337455367145,0.017410337455367145,-7.2820499181413965,-14986.80051379037,-14994.08256370851
56,14,0.4546012788002616,-8.17264136507453,1.0,1.0,1.0,-14995.063496863144,14995.476696137614,-0.25356954541530285,-0.25356954541530285,1.0,0.0,0.017410337455367145,0.017410337455367145,-7.282363840010865,-14986.386560315314,-14993.668924155325
57,14,0.4521828660893904,-8.150003955619306,3.0,1.0,0.9975170254067329,-14995.765680095235,14995.994966100503,0.007476805558326305,-0.06383604869552073,2.0,0.0,0.017410337455367145,0.017410337455367145,-7.201861760363599,-14987.168335979932,-14994.370197740296
58,14,0.452855813095865,-8.19267435180822,7.0,1.0,0.7742266194610232,-14994.546154199661,14996.24280544771,-0.17156274481021683,0.5730648894186743,2.0,0.0,0.017410337455367145,0.017410337455367145,-7.3540316030930635,-14985.796898183522,-14993.150929786616
59,14,0.45233868443368275,-8.200558263842236,3.0,1.0,0.8931046714972647,-14994.750825161607,14994.903365839396,0.14755609660096525,0.2027283929492114,1.0,0.0,0.017410337455367145,0.017410337455367145,-7.382346248392535,-14985.973056614937,-14993.35540286333
60,14,0.46192439163460597,-8.205063604241388,7.0,1.0,0.6309401489912074,-14996.530205945604,14997.187258407928,1.032436689014503,1.1625390074823372,2.0,0.0,0.017410337455367145,0.017410337455367145,-7.3985548445963785,-14987.739540852544,-14995.13809569714
61,14,0.45423649154086665,-8.21109256321631,3.0,1.0,0.9923577111056185,-14994.526301644011,14995.486379455788,-1.1281741739912832,-1.2241439119061397,1.0,0.0,0.017410337455367145,0.017410337455367145,-7.420276628502278,-14985.711318173664,-14993.131594802166
62,14,0.4596455048494263,-8.239403815794125,7.0,1.0,0.7358510530190908,-14994.707167156297,14995.529434537264,-0.07589906814064307,0.6792795023484359,2.0,0.0,0.017410337455367145,0.017410337455367145,-7.522765571211244,-14985.79157197455,-14993.314337545762
63,14,0.45275451506605147,-8.18312698404501,5.0,1.0,0.9730277180052067,-14994.601413417382,14996.01171361856,-0.01703224731681985,0.054822059622892994,2.0,0.0,0.017410337455367145,0.017410337455367145,-7.319825957585535,-14985.886324456987,-14993.206150414573
64,14,0.4504598363536619,-8.16487301076561,7.0,1.0,0.6781668878872841,-14995.119285799381,14995.647074636096,0.045851972532545915,0.7040177502240113,3.0,0.0,0.017410337455367145,0.017410337455367145,-7.2546806335692,-14986.468445389864,-14993.723126023433
65,14,0.45155742677793925,-8.171908784305975,3.0,1.0,1.0,-14994.863790252983,14995.119830141286,-0.026043901536468184,-0.026043901536468184,2.0,0.0,0.017410337455367145,0.017410337455367145,-7.279750647569985,-14986.188314179679,-14993.46806482725
66,14,0.44926586014752184,-8.162587214314172,7.0,1.0,0.8273988901912629,-14995.376971983571,14996.42599071815,0.09644775039123488,0.30980302106036106,3.0,0.0,0.017410337455367145,0.017410337455367145,-7.246546489916856,-14986.733781952247,-14993.980328442163
67,14,0.4554759082149434,-8.188414425425021,7.0,1.0,1.0,-14994.631494984873,14995.449625776237,-0.03130295176197251,-0.12975899848970585,2.0,0.0,0.017410337455367145,0.017410337455367145,-7.3387581729336455,-14985.898481265518,-14993.237239438451
68,14,0.4516336960171821,-8.214273445325095,7.0,1.0,0.7558413643168915,-14995.522681711058,14996.070494580285,0.550355056697299,0.6092181665389944,2.0,0.0,0.017410337455367145,0.017410337455367145,-7.431751701483164,-14986.695234397412,-14994.126986098894
69,14,0.4629598232176562,-8.231117573578404,5.0,1.0,0.6877101423547047,-14995.775979586979,14996.979082506803,-0.007344781903157127,1.156889750775008,2.0,0.0,0.017410337455367145,0.017410337455367145,-7.49268576199118,-14986.891496451248,-14994.384182213238
70,14,0.45472600209301745,-8.26432625201398,7.0,1.0,0.31509806884987107,-14997.73475643645,14999.40709593157,0.899549903397201,2.720558452716432,3.0,0.0,0.017410337455367145,0.017410337455367145,-7.613650090971704,-14988.726579248652,-14996.340229339625
71,14,0.46005850131643267,-8.200768937809588,7.0,1.0,0.7283175647234569,-14995.68492437955,14998.396487870148,-0.7741753999816865,-1.2963725611007249,2.0,0.0,0.017410337455367145,0.017410337455367145,-7.383103725254828,-14986.909124552421,-14994.292228277676
72,14,0.45233496999374384,-8.182662199499944,7.0,1.0,1.0,-14994.641734297851,14996.32792103019,-0.7390918913151836,-0.7454319697571918,2.0,0.0,0.017410337455367145,0.017410337455367145,-7.31816308657522,-14985.928147483675,-14993.24631057025
73,14,0.4559610535694532,-8.211941103962404,7.0,1.0,0.997947676008961,-14994.361081576199,14994.70376728033,-0.026597922580549493,-0.026597922580549493,3.0,0.0,0.017410337455367145,0.017410337455367145,-7.4233367605773095,-14985.543662491682,-14992.96699925226
74,14,0.4657483138201592,-8.249243736902685,11.0,1.0,0.5130503976093629,-14996.648948403172,14997.377058180284,0.870104818350228,1.42468846977863,3.0,0.0,0.017410337455367145,0.017410337455367145,-7.558574555442321,-14987.699375729244,-14995.257950284686
75,14,0.45590612131654323,-8.212842883496789,7.0,1.0,0.9573171302121324,-14994.366971858595,14996.00496292363,-0.8713431955602573,-0.8713431955602573,3.0,0.0,0.017410337455367145,0.017410337455367145,-7.426589679379515,-14985.54628033834,-14992.97287001772
76,14,0.45918864912040974,-8.203045865081005,3.0,1.0,0.7604295371831881,-14995.168399613476,14995.193109633143,0.456971556715871,0.456971556715871,1.0,0.0,0.017410337455367145,0.017410337455367145,-7.391293234308823,-14986.38412746065,-14993.775420694958
77,14,0.4508334122082595,-8.172073594461203,7.0,1.0,0.8814087002029496,-14994.949373136542,14998.516146911008,-0.4328422716644127,-0.4328422716644127,3.0,0.0,0.017410337455367145,0.017410337455367145,-7.280338495893226,-14986.273023813772,-14993.553362309665
78,14,0.4555385723309361,-8.185999420258304,3.0,1.0,0.7520560906704956,-14994.720825581586,14995.397195790445,0.07315845967605128,0.44665097069992044,2.0,0.0,0.017410337455367145,0.017410337455367145,-7.330107535706771,-14985.99648498228,-14993.326592517988
79,14,0.45739061859921404,-8.224803959498997,5.0,1.0,0.9954918652764999,-14994.446745508068,14994.785121634326,-0.13376320358474914,-0.13376320358474914,2.0,0.0,0.017410337455367145,0.017410337455367145,-7.469812860375074,-14985.583349550623,-14993.053162410999
80,14,0.45702133681751606,-8.234159694246928,7.0,1.0,0.9577015637383369,-14994.668883233619,14994.726424857057,0.07488302400815883,0.07488302400815883,2.0,0.0,0.017410337455367145,0.017410337455367145,-7.503720958731033,-14985.771451820445,-14993.275172779177
81,14,0.4606822702705189,-8.275613698788199,3.0,1.0,0.9023474918261827,-14996.03554627192,14996.039940268596,0.19012110931362258,0.19012110931362258,2.0,0.0,0.017410337455367145,0.017410337455367145,-7.6550163235328705,-14986.988032854548,-14994.643049178081
82,14,0.46501368844743013,-8.266353384822544,3.0,1.0,1.0,-14995.998141484106,14996.23309997648,-0.004200955359920044,-0.21457094892502937,2.0,0.0,0.017410337455367145,0.017410337455367145,-7.621069740918513,-14986.985869188584,-14994.606938929503
83,14,0.45509504841274506,-8.238007185753544,5.0,1.0,0.8347702111398483,-14995.333297936204,14996.86414437111,0.1847021348785347,0.5221035836621013,2.0,0.0,0.017410337455367145,0.017410337455367145,-7.517690866637102,-14986.421214185046,-14993.938905051682
84,14,0.46029271132996247,-8.22462514501096,3.0,1.0,0.8925415449123933,-14994.882618623224,14995.425308885897,-0.22894562576584576,0.2793999587374856,2.0,0.0,0.017410337455367145,0.017410337455367145,-7.46916563340229,-14986.020831982521,-14993.489997615923
85,14,0.46029271132996247,-8.22462514501096,1.0,1.0,0.07243009900936656,-14994.882618623224,14997.456676093827,0.0,2.625133333809572,1.0,0.0,0.017410337455367145,0.017410337455367145,-7.46916563340229,-14986.020831982521,-14993.489997615923
86,14,0.45574999995457066,-8.227093696008774,3.0,1.0,0.9852838752072653,-14994.65571803338,14994.885239349462,-0.09894375784278964,-0.09894375784278964,2.0,0.0,0.017410337455367145,0.017410337455367145,-7.478103489424947,-14985.783457099647,-14993.261560589073
87,14,0.4447819585217392,-8.109291433890137,7.0,1.0,0.9548881031617736,-14998.342783336277,14998.436930815633,0.12673859309506952,0.12673859309506952,3.0,0.0,0.017410337455367145,0.017410337455367145,-7.058371393203969,-14989.885846470466,-14996.944217863671
88,14,0.449239618550314,-8.12155530705164,3.0,1.0,0.7947481628632298,-14997.258780002154,14999.071374635882,0.012214705307997065,0.38243111892916204,2.0,0.0,0.017410337455367145,0.017410337455367145,-7.101420693023228,-14988.760705003324,-14995.862125696347
89,14,0.4643557738591218,-8.28952922154473,15.0,1.0,0.9988274680731507,-14996.460596277764,14997.142830494195,-0.15332897410553414,-0.20146971039685013,3.0,0.0,0.017410337455367145,0.017410337455367145,-7.706189284648594,-14987.363017631065,-14995.069206915714
90,14,0.4628055099888225,-8.261860579645582,3.0,1.0,0.9917241630486017,-14995.416142857626,14996.46931900351,-0.020459571607716498,0.021481499270521454,2.0,0.0,0.017410337455367145,0.017410337455367145,-7.604630850738161,-14986.41966855767,-14994.024299408407
91,14,0.4628055099888225,-8.261860579645582,1.0,1.0,0.057369704081602295,-14995.416142857626,14997.612947066815,0.0,2.858238918450297,1.0,0.0,0.017410337455367145,0.017410337455367145,-7.604630850738161,-14986.41966855767,-14994.024299408407
92,14,0.4502235846498467,-8.170270032461914,7.0,1.0,0.9483332548878652,-14995.080557163155,14998.967556436672,-0.0342469762545079,0.1552822055255092,2.0,0.0,0.017410337455367145,0.017410337455367145,-7.273906990868513,-14986.410395606503,-14993.684302597372
93,14,0.4548257025721832,-8.138888758482404,7.0,1.0,0.45031147136453253,-14997.662259843897,14998.289086094923,1.0407505213115655,1.4092251454367215,3.0,0.0,0.017410337455367145,0.017410337455367145,-7.162522008000295,-14989.10524710755,-14996.267769115551
94,14,0.4444494711165015,-8.14279190662556,7.0,1.0,0.8442611267134786,-14997.44732380774,14998.5914222412,-0.39993546556252113,-0.8686597304822499,3.0,0.0,0.017410337455367145,0.017410337455367145,-7.176322252367675,-14988.872286936152,-14996.04860918852
95,14,0.44896481423024254,-8.086493185502654,3.0,1.0,0.9201985529376371,-15000.841874827765,15000.879492330807,0.2736533910865546,-0.48578293545324414,2.0,0.0,0.017410337455367145,0.017410337455367145,-6.978743446679211,-14992.466364008185,-14999.445107454865
96,14,0.4468463132652455,-8.102760281355206,1.0,1.0,1.0,-14998.61246602882,15000.210583742806,-0.7170678575512284,-0.7170678575512284,1.0,0.0,0.017410337455367145,0.017410337455367145,-7.035506770809745,-14990.179299294783,-14997.214806065593
97,14,0.44439539099422826,-8.101701142825503,3.0,1.0,1.0,-14998.916836466275,14999.065191184287,-0.004970303978552693,-0.15637077916289854,2.0,0.0,0.017410337455367145,0.017410337455367145,-7.031802899265847,-14990.48629460185,-14997.518097501115
98,14,0.4480132706376726,-8.134071809711013,3.0,1.0,0.6032687903559047,-14996.455892894346,14999.609265103903,-0.19205066453287145,0.9698277665993373,2.0,0.0,0.017410337455367145,0.017410337455367145,-7.145511868161813,-14987.913217327132,-14995.058729195294
99,14,0.4512345532989906,-8.157860680832519,3.0,1.0,0.9675187866088222,-14995.28086052456,14996.473590895985,-0.052397505489352625,-0.052397505489352625,2.0,0.0,0.017410337455367145,0.017410337455367145,-7.229743409283646,-14986.655264948335,-14993.885008357618
100,14,0.4524386928415183,-8.156584689557802,1.0,1.0,0.9047165786770257,-14995.440700210796,14995.51407382096,0.10013355706360016,0.10013355706360016,1.0,0.0,0.017410337455367145,0.017410337455367145,-7.22521102128732,-14986.82010533204,-14994.045316353328
101,14,0.451078346346064,-8.175684182131022,3.0,1.0,0.9162371604185554,-14994.872718091265,14995.52222838537,-0.08856647834909381,0.14643362911010627,2.0,0.0,0.017410337455367145,0.017410337455367145,-7.293223631530954,-14986.183580667095,-14993.476804298625
102,14,0.45629635423613396,-8.213473494043665,7.0,1.0,0.7144037095500793,-14994.364315923687,14995.749484630556,-0.07273662244915613,0.665096296752381,2.0,0.0,0.017410337455367145,0.017410337455367145,-7.4288649146670735,-14985.541487278717,-14992.970352193384
103,14,0.45443796089259847,-8.2249126800014,3.0,1.0,0.8364201218584988,-14994.903976160253,14994.973985345483,0.28499014370936493,0.28499014370936493,1.0,0.0,0.017410337455367145,0.017410337455367145,-7.470206394687521,-14986.039137139907,-14993.509343534595
104,14,0.4607283192327962,-8.234525947512354,5.0,1.0,1.0,-14994.86794708373,14995.49456372396,-0.14317213957838248,-0.23665731881374086,2.0,0.0,0.017410337455367145,0.017410337455367145,-7.505050155059356,-14985.97041440064,-14993.475464555699
105,14,0.4607730677352539,-8.235670904488678,1.0,1.0,1.0,-14994.870938226408,14995.000155811567,-0.009087563325010706,-0.009087563325010706,1.0,0.0,0.017410337455367145,0.017410337455367145,-7.509206266721314,-14985.969263569554,-14993.478469836275
106,14,0.45586862373422593,-8.239053868299806,11.0,1.0,0.7313424710989516,-14995.126756051191,14995.604848249543,0.19062989968915645,0.6742874937754095,3.0,0.0,0.017410337455367145,0.017410337455367145,-7.521493841490346,-14986.211147032083,-14993.732640873573
107,14,0.4644716527314714,-8.2581092784883,3.0,1.0,0.9980602872218074,-14995.837323519574,14995.941467625524,0.005836135491335881,-0.283599580061491,2.0,0.0,0.017410337455367145,0.017410337455367145,-7.5909205399627995,-14986.855046775114,-14994.445967315076
108,14,0.46374285793749603,-8.255601383549301,1.0,1.0,1.0,-14995.600217008252,14995.980782101917,-0.07704621368429798,-0.07704621368429798,1.0,0.0,0.017410337455367145,0.017410337455367145,-7.581762497268759,-14986.626887954832,-14994.208650452101
109,14,0.46455587204230825,-8.256630394690111,3.0,1.0,0.8264742367062935,-14995.883285979127,14996.115846728531,0.12373154546730802,0.2786732435652084,2.0,0.0,0.017410337455367145,0.017410337455367145,-7.585519361071774,-14986.90643444361,-14994.491953804682
110,14,0.45039185687185906,-8.153157421521808,7.0,1.0,0.9900311760577278,-14995.46892504269,14997.456850535411,-0.3503997913248895,-0.3785517836386134,2.0,0.0,0.017410337455367145,0.017410337455367145,-7.213045244959766,-14986.859692793922,-14994.072738038882
111,14,0.4503294372538141,-8.152316543270045,1.0,1.0,0.9978598049522661,-14995.503515460618,14995.547902593671,0.002142488538083853,0.002142488538083853,1.0,0.0,0.017410337455367145,0.017410337455367145,-7.2100621731939905,-14986.897241249111,-14994.107303422305
112,14,0.4592535724358653,-8.211684866187543,7.0,1.0,0.8001680586136265,-14994.875754905628,14996.54356002922,0.24270436761980818,0.4807477112735796,3.0,0.0,0.017410337455367145,0.017410337455367145,-7.422412602451751,-14986.06038470649,-14993.482797308941
113,14,0.4598982057415173,-8.24151245992251,7.0,1.0,0.9895085523790838,-14994.75448095896,14996.030522269648,-0.2661432533295738,-0.2661432533295738,2.0,0.0,0.017410337455367145,0.017410337455367145,-7.5304310998059405,-14985.831302103998,-14993.361733203803
114,14,0.4598982057415173,-8.24151245992251,7.0,1.0,0.27193357104174726,-14994.75448095896,14998.31469476996,0.0,4.148570782632305,2.0,0.0,0.017410337455367145,0.017410337455367145,-7.5304310998059405,-14985.831302103998,-14993.361733203803
115,14,0.4573269699674852,-8.228141668943262,3.0,1.0,0.9991059943418682,-14994.495779203835,14994.762808059813,-0.007271336868143408,-0.007271336868143408,2.0,0.0,0.017410337455367145,0.017410337455367145,-7.48189971635787,-14985.620274518898,-14993.102174235257
116,14,0.4569088271693759,-8.22898635924385,1.0,1.0,0.9748992304194409,-14994.541360025727,14994.558845824939,0.025421166741580237,0.025421166741580237,1.0,0.0,0.017410337455367145,0.017410337455367145,-7.484960361979679,-14985.662650185466,-14993.147610547447
117,14,0.45764564016461734,-8.206162556330607,5.0,1.0,0.8055022529581624,-14994.583735662098,14995.054645079887,0.0926437430371152,0.44086476078337,2.0,0.0,0.017410337455367145,0.017410337455367145,-7.402511558837181,-14985.78772830675,-14993.190239865588
118,14,0.4478022530887357,-8.143485188627407,7.0,1.0,0.9770537606344954,-14996.121594793976,14997.375688929003,-0.023386266046145465,-0.1205630418335204,3.0,0.0,0.017410337455367145,0.017410337455367145,-7.178775062155905,-14987.545567128755,-14994.72434219091
119,14,0.4495360160946255,-8.21507774172512,11.0,1.0,0.2876264471603274,-14996.84158081107,15000.674018872607,1.1434104527288582,4.09316971467706,3.0,0.0,0.017410337455367145,0.017410337455367145,-7.434654813688317,-14988.010392944601,-14995.44504775829
120,14,0.46439040089194394,-8.242899783016979,7.0,1.0,0.681772744784922,-14996.106892772379,14998.346757498615,-0.7024288803222589,1.1919162700560264,2.0,0.0,0.017410337455367145,0.017410337455367145,-7.53547684375465,-14987.18003648617,-14994.715513329926
121,14,0.4533109258559571,-8.207918128941026,7.0,1.0,0.9969497897993727,-14994.659217482407,14995.71273096558,-0.517674531593002,-0.6591859222498897,3.0,0.0,0.017410337455367145,0.017410337455367145,-7.408834903430476,-14985.855330502192,-14993.264165405622
122,14,0.4567834150550906,-8.189512535455316,7.0,1.0,0.9462354149486872,-14994.894265756122,14995.153620420177,0.10051086953717459,0.19745146255445434,2.0,0.0,0.017410337455367145,0.017410337455367145,-7.342693572296787,-14986.157779084457,-14993.500472656753
123,14,0.4567834150550906,-8.189512535455316,1.0,1.0,0.22795567436991895,-14994.894265756122,14996.438447987874,0.0,1.4786040795861481,1.0,0.0,0.017410337455367145,0.017410337455367145,-7.342693572296787,-14986.157779084457,-14993.500472656753
124,14,0.45499832144505137,-8.235430521238,7.0,1.0,0.9110299627360589,-14995.22386613975,14995.781579081002,0.13636740393485525,0.26057123401915305,2.0,0.0,0.017410337455367145,0.017410337455367145,-7.508333584049062,-14986.321104602126,-14993.829438186174
125,14,0.45831702195362445,-8.223620154949664,5.0,1.0,0.4356322614228844,-14994.489898245796,14997.133441531225,-0.3713148640581494,3.019725775682673,2.0,0.0,0.017410337455367145,0.017410337455367145,-7.465528622143678,-14985.631101116982,-14993.096629739126
126,14,0.45826729572954206,-8.24393688691417,5.0,1.0,0.9737393967637635,-14994.83712063748,14995.235903939245,0.04595814117055852,0.07500839277417981,2.0,0.0,0.017410337455367145,0.017410337455367145,-7.539250085088905,-14985.904585337676,-14993.443835422764
127,14,0.4551790482889734,-8.183653351044121,7.0,1.0,0.8995001431199129,-14994.733412139245,14996.233719301821,0.056419413198455004,0.22523213513522933,2.0,0.0,0.017410337455367145,0.017410337455367145,-7.321709414499386,-14986.017340232764,-14993.339049647264
128,14,0.4580503132131936,-8.228818133698082,5.0,1.0,0.4928967093629096,-14994.49959089606,14996.66665927656,-0.14066945577906154,1.6799483018130559,2.0,0.0,0.017410337455367145,0.017410337455367145,-7.48435075767609,-14985.621881781004,-14993.10623253868
129,14,0.45512685574554773,-8.188931652964852,7.0,1.0,0.588321921769037,-14994.565659208296,14995.856181638212,0.0658637263768469,0.9331079873227281,2.0,0.0,0.017410337455367145,0.017410337455367145,-7.3406116592983865,-14985.830666179696,-14993.171277838994
130,14,0.4533488860059417,-8.2031756934711,5.0,1.0,0.9822274240076521,-14994.556812749299,14994.789980780559,0.038086046200987766,0.04086872618427151,2.0,0.0,0.017410337455367145,0.017410337455367145,-7.391760349143709,-14985.770014620764,-14993.161774969909
131,14,0.4533488860059417,-8.2031756934711,1.0,1.0,0.023292057473382213,-14994.556812749299,14997.788164660664,0.0,3.7596428574943275,1.0,0.0,0.017410337455367145,0.017410337455367145,-7.391760349143709,-14985.770014620764,-14993.161774969909
132,14,0.461990149869322,-8.2415260680057,7.0,1.0,0.8985502905008395,-14995.149420750451,14995.926173334487,0.11490528276954137,0.28897469684307,2.0,0.0,0.017410337455367145,0.017410337455367145,-7.530480583546702,-14986.226850047953,-14993.757330631499
133,14,0.4608289422396869,-8.258971294373332,7.0,1.0,0.6050035107660463,-14995.19731790571,14996.19931553603,-0.17643269058680744,1.147140491517348,3.0,0.0,0.017410337455367145,0.017410337455367145,-7.59406980302328,-14986.210797342708,-14993.80486714573
134,14,0.45466540572571934,-8.201336702037707,7.0,1.0,0.8613856031606042,-14994.382332998292,14996.332693237391,-0.046548410413379315,0.25327324788486294,2.0,0.0,0.017410337455367145,0.017410337455367145,-7.385145338782892,-14985.602638418675,-14992.987783757459
135,14,0.45466540572571934,-8.201336702037707,1.0,1.0,0.5285448644810409,-14994.382332998292,14994.898660890736,0.0,0.637627587055249,1.0,0.0,0.017410337455367145,0.017410337455367145,-7.385145338782892,-14985.602638418675,-14992.987783757459
136,14,0.4512921709712297,-8.192427104268047,7.0,1.0,0.6705894811752441,-14994.900273452266,14995.345939270013,0.22875454724999145,0.7505466279308166,3.0,0.0,0.017410337455367145,0.017410337455367145,-7.353144632078377,-14986.151299333465,-14993.504443965543
137,14,0.4512921709712297,-8.192427104268047,7.0,1.0,0.3882741504838301,-14994.900273452266,14997.844248159592,0.0,3.2053624118489097,2.0,0.0,0.017410337455367145,0.017410337455367145,-7.353144632078377,-14986.151299333465,-14993.504443965543
138,14,0.45590166696031126,-8.231594873355784,7.0,1.0,0.9887708762815125,-14994.782275632591,14995.110673067275,-0.061440016643246054,-0.19758233517495682,2.0,0.0,0.017410337455367145,0.017410337455367145,-7.494416539779607,-14985.893755668263,-14993.388172208042
139,14,0.4572065032143756,-8.203099606761462,7.0,1.0,1.0,-14994.562024688665,14994.889906316997,-0.0554653457547829,-0.1479266606947931,2.0,0.0,0.017410337455367145,0.017410337455367145,-7.391486591637977,-14985.776891641908,-14993.168378233546
140,14,0.4572065032143756,-8.203099606761462,7.0,1.0,0.3368258150788273,-14994.562024688665,14997.479739980947,0.0,2.0172756374849996,2.0,0.0,0.017410337455367145,0.017410337455367145,-7.391486591637977,-14985.776891641908,-14993.168378233546
141,14,0.46290003953244885,-8.266157836887265,7.0,1.0,0.9894772250243002,-14995.51696051031,14995.782228721393,-0.06356770157435676,-0.11048136827412236,2.0,0.0,0.017410337455367145,0.017410337455367145,-7.6203538232228,-14986.50479148587,-14994.125145309092
142,14,0.46179705074734223,-8.301996277809037,3.0,1.0,0.5695453314151306,-14997.90155099687,14998.348025936912,0.705178928506939,0.9247989555169625,2.0,0.0,0.017410337455367145,0.017410337455367145,-7.752200109788738,-14988.757201557712,-14996.509401667501
143,14,0.45340176023257656,-8.123854492626032,15.0,1.0,0.8975945338050195,-14998.462876087819,14999.30987825185,0.43655801533350314,-0.6387735178595904,3.0,0.0,0.017410337455367145,0.017410337455367145,-7.109508158094737,-14989.958350045279,-14997.067858203374
144,14,0.4457727033995621,-8.133090422455647,7.0,1.0,0.9969395358508537,-14996.997449929564,14997.847140769765,-0.8802219110966689,-1.1807020328196813,3.0,0.0,0.017410337455367145,0.017410337455367145,-7.14204913064332,-14988.457274314713,-14995.599323445356
145,14,0.4470425590850062,-8.13894654098148,3.0,1.0,1.0,-14996.441409427049,14996.985027108909,-0.11075825655279914,-0.11075825655279914,2.0,0.0,0.017410337455367145,0.017410337455367145,-7.1627261967598574,-14987.881107511077,-14995.043833707838
146,14,0.45388188166083304,-8.17762854370497,7.0,1.0,0.9915998715568881,-14994.746042694853,14996.50012381769,-0.11713107937248424,-0.13641512069261807,2.0,0.0,0.017410337455367145,0.017410337455367145,-7.300167892015262,-14986.051036522813,-14993.351204414828
147,14,0.45452585812432517,-8.177785585929337,1.0,1.0,0.9431492051510909,-14994.830307043921,14994.912529827878,0.05853078495056252,0.05853078495056252,1.0,0.0,0.017410337455367145,0.017410337455367145,-7.3007289311533485,-14986.134977761903,-14993.435706693057
148,14,0.4522039830777073,-8.222140949976055,7.0,1.0,0.6535813731879385,-14995.677087163578,14996.588191481107,0.6013609281362733,0.7330570713238558,3.0,0.0,0.017410337455367145,0.017410337455367145,-7.46017728697651,-14986.821435672422,-14994.2816129594
149,14,0.4538957297103902,-8.180391214344413,15.0,1.0,0.9208463898484974,-14994.665085580089,14995.500070409433,-0.6872054275991104,-0.7232766979450389,3.0,0.0,0.017410337455367145,0.017410337455367145,-7.310041234005291,-14985.96021121828,-14993.270252452285
150,14,0.4532712880317144,-8.147818158021535,3.0,1.0,0.7313935411529046,-14996.189444850897,14997.3009069386,0.4068329554902448,0.4068329554902448,1.0,0.0,0.017410337455367145,0.017410337455367145,-7.194115860081008,-14987.600261972126,-14994.794377832206
51,15,0.44879597778005836,-8.150337067604225,5.0,1.0,0.5773071539482102,-14995.725711672505,14998.324167580216,-3.0956786925180495,-3.0956786925180495,2.0,0.0,0.021568328878185234,0.021568328878185234,-7.2030426424586045,-14987.125831880963,-14994.328874523422
52,15,0.4645701184968436,-8.283913818218323,7.0,1.0,0.8025183932889627,-14996.229396143279,15003.602638647817,0.12033872934080136,0.37588515601783,2.0,0.0,0.017346526857201363,0.017346526857201363,-7.685515889041915,-14987.152552138996,-14994.838068028037
53,15,0.4664970398966324,-8.293652358584497,3.0,1.0,0.8038771390626221,-14996.820821873627,14997.183266729293,0.037154042733163806,0.3623355141844513,2.0,0.0,0.017346526857201363,0.017346526857201363,-7.721388901985425,-14987.708638707785,-14995.430027609771
54,15,0.4659297150796033,-8.320019001367653,3.0,1.0,0.45895612497565136,-14998.412184693587,14999.368767473647,0.2693056307198276,1.3829994361276476,2.0,0.0,0.017346526857201363,0.017346526857201363,-7.818989393768141,-14989.202246988594,-14997.021236382363
55,15,0.46850114207995236,-8.321066473668942,3.0,1.0,0.9926484846919998,-14998.313016792858,14998.534804731906,-0.2372076584942988,-0.2372076584942988,2.0,0.0,0.017346526857201363,0.017346526857201363,-7.82288114360484,-14989.099864679694,-14996.9227458233
56,15,0.47773263797256516,-8.340144422455078,3.0,1.0,0.44287309490041055,-15002.37859479852,15003.471384116541,1.0918664817090757,1.445901079057876,2.0,0.0,0.017346526857201363,0.017346526857201363,-7.893954806740748,-14993.096360319585,-15000.990315126326
57,15,0.4650827053027703,-8.266849587571214,7.0,1.0,0.9912167930052986,-14996.021452723473,15002.31966954765,-0.995074535598178,-1.2741194332884334,3.0,0.0,0.017346526857201363,0.017346526857201363,-7.622886553193741,-14987.007383008548,-14994.630269561741
58,15,0.46432852311197464,-8.278986864011078,3.0,1.0,0.9892575605562876,-14996.038093251775,14996.228517804007,-0.1908137973259727,-0.19088148478476796,2.0,0.0,0.017346526857201363,0.017346526857201363,-7.6674030250645995,-14986.979293051296,-14994.646696076361
59,15,0.4626077465337496,-8.284350556285021,1.0,1.0,0.9107582114356355,-14996.271628985256,14996.305586885208,0.09347782700933749,0.09347782700933749,1.0,0.0,0.017346526857201363,0.017346526857201363,-7.687122631793803,-14987.192603572035,-14994.87972620383
60,15,0.46859028114119733,-8.288525519938634,3.0,1.0,0.5078899623789909,-14997.384585693198,14998.077840454545,0.29271439996409754,1.0043562641239987,2.0,0.0,0.017346526857201363,0.017346526857201363,-7.702491791275633,-14988.291845451933,-14995.994337243208
61,15,0.4605018468544675,-8.237654679930268,7.0,1.0,0.9938713990219775,-14994.808651567613,14997.438186027075,-0.37764650914323283,-0.44606754985943553,3.0,0.0,0.017346526857201363,0.017346526857201363,-7.5164103325698495,-14985.89968690473,-14993.4160972373
62,15,0.4592406023229208,-8.23836107804186,3.0,1.0,1.0,-14994.667434574732,14994.749586107222,-0.06553320711100241,-0.06553320711100241,2.0,0.0,0.017346526857201363,0.017346526857201363,-7.518976562255905,-14985.755496158952,-14993.274472721208
63,15,0.4605147310933069,-8.209381371476596,5.0,1.0,0.7003032076945896,-14995.472864026298,14996.54855092128,0.6135577055465546,0.6713031939871144,2.0,0.0,0.017346526857201363,0.017346526857201363,-7.4141076680049,-14986.666206124099,-14994.080313792103
64,15,0.4639579034287398,-8.260050374408596,7.0,1.0,0.9982426592842394,-14995.660679561683,14996.07888150759,-0.4318489664929075,-0.6235213840445795,3.0,0.0,0.017346526857201363,0.017346526857201363,-7.598013129059027,-14986.671162393766,-14994.269175522826
65,15,0.4637413646472027,-8.259307701323687,7.0,1.0,0.9942349447032441,-14995.596872700335,14996.584055011841,-0.019028069813430193,-0.17921994945390907,3.0,0.0,0.017346526857201363,0.017346526857201363,-7.595299023696175,-14986.61000668505,-14994.205305708747
66,15,0.46145227522466387,-8.28230355209765,3.0,1.0,0.970541005220939,-14996.324172993345,14996.38081447849,0.09252873438344977,-0.11428163131677138,2.0,0.0,0.017346526857201363,0.017346526857201363,-7.679593429282781,-14987.252323760462,-14994.931917189744
67,15,0.4624938244342996,-8.276975466073884,1.0,1.0,1.0,-14995.885218929725,14996.198353844771,-0.18873961048848287,-0.18873961048848287,1.0,0.0,0.017346526857201363,0.017346526857201363,-7.660015540637627,-14986.833266284772,-14994.49328182541
68,15,0.4624938244342996,-8.276975466073884,1.0,1.0,0.6059233682568081,-14995.885218929725,14996.543978658356,0.0,0.5010017559307016,1.0,0.0,0.017346526857201363,0.017346526857201363,-7.660015540637627,-14986.833266284772,-14994.49328182541
69,15,0.46282780080944147,-8.283116502220969,1.0,1.0,0.9625529864342317,-14996.180152840432,14996.216894293671,0.038166163494679495,0.038166163494679495,1.0,0.0,0.017346526857201363,0.017346526857201363,-7.682583085750171,-14987.105732973116,-14994.788316058866
70,15,0.4576983225298298,-8.237898180730928,7.0,1.0,0.3245107346894733,-14994.701759562664,14998.556220753533,-0.05331389020648203,2.821117206967756,2.0,0.0,0.017346526857201363,0.017346526857201363,-7.517294875098831,-14985.790986859349,-14993.308281734448
71,15,0.4581309674097013,-8.235627696895138,1.0,1.0,1.0,-14994.61136263455,14994.679252498703,-0.03946863308920001,-0.03946863308920001,1.0,0.0,0.017346526857201363,0.017346526857201363,-7.50904940245537,-14985.708982107364,-14993.21803150982
72,15,0.45776523780645584,-8.205284986289035,5.0,1.0,0.5265882655357743,-14994.631956708048,14995.962422972147,0.14907458162269904,1.2562671947034687,2.0,0.0,0.017346526857201363,0.017346526857201363,-7.3993518208776266,-14985.839149848938,-14993.238501669815
73,15,0.4559455319655289,-8.204601131790021,3.0,1.0,1.0,-14994.375686778823,14994.5238509205,-0.1455924344354571,-0.1455924344354571,1.0,0.0,0.017346526857201363,0.017346526857201363,-7.396890100002961,-14985.5847088427,-14992.981598942702
74,15,0.45526262982078447,-8.212232997663362,7.0,1.0,0.990398467404476,-14994.401235932477,14994.459506920222,0.014672550176328514,0.02329668237871374,2.0,0.0,0.017346526857201363,0.017346526857201363,-7.424389596890029,-14985.582514027388,-14993.006903624278
75,15,0.4564470626033372,-8.189196131057397,7.0,1.0,0.8938880512417677,-14994.813476269946,14995.351076568733,0.1938165196479531,0.22505809116410092,2.0,0.0,0.017346526857201363,0.017346526857201363,-7.341559520669639,-14986.078006023727,-14993.419565544396
76,15,0.4515677602277383,-8.145340054957432,7.0,1.0,0.9966501322622339,-14995.941004770953,14996.33299385638,-0.020474694754739176,-0.21286353402865643,3.0,0.0,0.017346526857201363,0.017346526857201363,-7.185339883783873,-14987.359943503574,-14994.545283387359
77,15,0.4513158725428988,-8.141464691523323,1.0,1.0,0.9753442004184044,-14996.144981697986,14996.298315476371,0.02496484421317291,0.02496484421317291,1.0,0.0,0.017346526857201363,0.017346526857201363,-7.1716279481440095,-14987.577533584908,-14994.749161533053
78,15,0.44679899724657174,-8.14237771519818,3.0,1.0,0.9956602923294114,-14996.417292766959,14996.686336267308,0.013104614621624933,-0.19803234847131534,2.0,0.0,0.017346526857201363,0.017346526857201363,-7.174857085554943,-14987.844755358763,-14995.019612444317
79,15,0.4537274694935557,-8.228357037460398,7.0,1.0,0.8640102195256512,-14995.3283921482,14997.277135368397,0.25157394250163634,0.34394708417858055,2.0,0.0,0.017346526857201363,0.017346526857201363,-7.482680013545579,-14986.450816298366,-14993.93349631191
80,15,0.4657111468525308,-8.240985780696832,5.0,1.0,0.5085699621872072,-14996.982096913976,14998.144822003309,0.6594015244663751,1.3746987089507456,2.0,0.0,0.017346526857201363,0.017346526857201363,-7.528516052568311,-14988.06257250505,-14995.59108855762
81,15,0.46262050223162166,-8.259475940681808,3.0,1.0,0.9560947765047195,-14995.347852702478,14996.36179205739,-1.1040876483784814,-1.1040876483784814,2.0,0.0,0.017346526857201363,0.017346526857201363,-7.595913807598482,-14986.360039949966,-14993.955953757564
82,15,0.46211777817944366,-8.224745284910913,3.0,1.0,0.711605005875079,-14995.596935473517,14996.353345211071,0.5423435071334097,0.5916184832349245,2.0,0.0,0.017346526857201363,0.017346526857201363,-7.469600481575752,-14986.73528384134,-14994.204884322917
83,15,0.458983963332398,-8.27579569704447,7.0,1.0,1.0,-14996.553963818147,14996.803176089177,-0.010690888311728486,-0.6140480604808545,2.0,0.0,0.017346526857201363,0.017346526857201363,-7.655684354413627,-14987.505233097992,-14995.160917452406
84,15,0.45575801579696473,-8.198413828293258,5.0,1.0,0.9752206394939652,-14994.437006053484,14996.48567551562,-0.5663461827953142,-0.5663461827953142,2.0,0.0,0.017346526857201363,0.017346526857201363,-7.374638469687926,-14985.668212999235,-14993.042851468923
85,15,0.45601056375632154,-8.238342408905712,5.0,1.0,0.4249995489125119,-14995.048947456911,14996.660659915822,0.2229404193276423,1.7227255727138981,2.0,0.0,0.017346526857201363,0.017346526857201363,-7.518908733894758,-14986.135973968429,-14993.654882702323
86,15,0.4577310651038815,-8.179125115310061,5.0,1.0,0.3839041256509196,-14995.827920356145,14998.177867761144,0.5088765220552887,1.7133316999843373,2.0,0.0,0.017346526857201363,0.017346526857201363,-7.305515451617078,-14987.12893823234,-14994.434453683956
87,15,0.45392752270063985,-8.165573668022258,7.0,1.0,0.943655641635942,-14995.258127018255,14996.252421551826,-0.516949360999206,-0.516949360999206,2.0,0.0,0.017346526857201363,0.017346526857201363,-7.257175010645184,-14986.606130702556,-14993.863305713201
88,15,0.45497675955495315,-8.237188924391958,7.0,1.0,0.6964565211372362,-14995.330559540691,14997.44246271065,0.2071020673156454,0.7972044296384411,2.0,0.0,0.017346526857201363,0.017346526857201363,-7.514718591263083,-14986.421405167981,-14993.936123759244
89,15,0.4552824157530706,-8.202679456893375,7.0,1.0,0.9779802939412886,-14994.367109589593,14994.998095303858,-0.45370998894941295,-0.45370998894941295,2.0,0.0,0.017346526857201363,0.017346526857201363,-7.3899750103294055,-14985.582809407973,-14992.972784418303
90,15,0.4496773517106539,-8.208764166442856,1.0,1.0,0.3373347892815267,-14996.314799448097,14996.334607215415,1.0866794017601933,1.0866794017601933,1.0,0.0,0.017346526857201363,0.017346526857201363,-7.411883321189583,-14987.506440637822,-14994.918323959011
91,15,0.449822210529846,-8.209540692300095,1.0,1.0,1.0,-14996.270675443908,14997.360180767162,-0.022038178532966413,-0.022038178532966413,1.0,0.0,0.017346526857201363,0.017346526857201363,-7.4146819065906,-14987.459576875912,-14994.874258782502
92,15,0.4526024040181436,-8.221732281976532,7.0,1.0,0.987105047985837,-14995.458967390927,14995.989777964416,-0.4573584451154602,-0.8589942026701465,2.0,0.0,0.017346526857201363,0.017346526857201363,-7.458699230274827,-14986.60494705234,-14994.063646282615
93,15,0.4644753180498989,-8.272413695569652,7.0,1.0,0.9485557800613683,-14995.90571559203,14996.696418151776,-0.485024095269182,-0.485024095269182,2.0,0.0,0.017346526857201363,0.017346526857201363,-7.643276012488715,-14986.871084422057,-14994.514360434545
94,15,0.45796478308222394,-8.212211940492393,7.0,1.0,0.857578145014285,-14994.53172047214,14996.612802299107,-0.016235040906394715,0.3477294532549422,3.0,0.0,0.017346526857201363,0.017346526857201363,-7.424313642573411,-14985.714019535117,-14993.13833317769
95,15,0.4542086718364986,-8.18128111211203,7.0,1.0,0.9999434826981759,-14994.669009189654,14994.781495174062,-0.03507368611280981,-0.06835086596402107,2.0,0.0,0.017346526857201363,0.017346526857201363,-7.313223211176182,-14985.961068862398,-14993.274292073575
96,15,0.4537586049736642,-8.211638520089517,5.0,1.0,0.7528645527323883,-14994.641464477707,14995.392114064973,0.09472411271053716,0.5916009289430804,2.0,0.0,0.017346526857201363,0.017346526857201363,-7.422245455642831,-14985.824334807103,-14993.246580262745
97,15,0.45682601013109164,-8.192501634471906,5.0,1.0,0.9705593405139583,-14994.790061215539,14994.860081747664,0.057978849194114446,-0.15581158548411622,2.0,0.0,0.017346526857201363,0.017346526857201363,-7.353411993845167,-14986.042870952258,-14993.396282946103
98,15,0.45575701005381924,-8.166765024574493,7.0,1.0,0.7395242599485721,-14995.76621834368,14996.80283621113,0.335558219194354,0.5365207583126903,2.0,0.0,0.017346526857201363,0.017346526857201363,-7.261417430327325,-14987.11064597001,-14994.372063400337
99,15,0.4574627859896948,-8.16929614653134,1.0,1.0,0.661491136781005,-14996.405438903224,14997.082220876888,0.41325869418506045,0.41325869418506045,1.0,0.0,0.017346526857201363,0.017346526857201363,-7.270435464513839,-14987.74144510037,-14995.011880564884
100,15,0.4542895343514966,-8.17638799318328,1.0,1.0,1.0,-14994.843863195932,14995.702887282398,-0.851764211205591,-0.851764211205591,1.0,0.0,0.017346526857201363,0.017346526857201363,-7.29573684641868,-14986.153439079582,-14993.449175926002
101,15,0.4450500706459861,-8.149250899812927,3.0,1.0,0.6676134378409344,-14997.115520253961,14998.842074301576,0.5756092105966673,0.7214500212649,1.0,0.0,0.017346526857201363,0.017346526857201363,-7.199192586257252,-14988.517881796179,-14995.717074382435
102,15,0.4595498250830606,-8.231177440959446,7.0,1.0,0.9087429964594299,-14994.647742161931,14997.30468443,-0.6459369667900319,-0.6569600576076482,2.0,0.0,0.017346526857201363,0.017346526857201363,-7.4929028397571225,-14985.761978582901,-14993.254881422657
103,15,0.4628491509040596,-8.239941072209287,3.0,1.0,0.8029504784107043,-14995.472019430226,14995.712095812156,0.33443925032770494,0.33443925032770494,1.0,0.0,0.017346526857201363,0.017346526857201363,-7.524718230865284,-14986.555470800267,-14994.080189031132
104,15,0.46765990535466695,-8.250349698959738,3.0,1.0,0.5750510448011,-14997.908652877111,14998.044515335194,1.1166347242287884,1.1166347242287884,2.0,0.0,0.017346526857201363,0.017346526857201363,-7.56260537409878,-14988.955560839575,-14996.518166213673
105,15,0.4676854380019535,-8.246863923053958,3.0,1.0,0.7186640848083208,-14998.133211819235,14999.733797276982,0.17711229722044664,1.1447403826659865,1.0,0.0,0.017346526857201363,0.017346526857201363,-7.549905170497054,-14989.192826616236,-14996.742731786733
106,15,0.4638904775359048,-8.254821439305218,1.0,1.0,1.0,-14995.65374715225,14997.10804553579,-1.4192618395045429,-1.4192618395045429,1.0,0.0,0.017346526857201363,0.017346526857201363,-7.57891566862431,-14986.683307883386,-14994.26222355201
107,15,0.4551425821490491,-8.235152069276658,3.0,1.0,0.9595497090198565,-14995.158514849347,14996.016636369803,0.08590899239970895,-0.10504868045427429,2.0,0.0,0.017346526857201363,0.017346526857201363,-7.507322769706281,-14986.256816400712,-14993.764139170418
108,15,0.4600851039542259,-8.260108834732183,3.0,1.0,1.0,-14995.282739533715,14995.517165218462,-0.27320750942271843,-0.3407912405928073,2.0,0.0,0.017346526857201363,0.017346526857201363,-7.598226796246317,-14986.291825187694,-14993.89005198394
109,15,0.46281353941038156,-8.265214906983347,3.0,1.0,1.0,-14995.484498402722,14995.557365159993,-0.040380831002039486,-0.07774124731622578,2.0,0.0,0.017346526857201363,0.017346526857201363,-7.616902213047296,-14986.47575514269,-14994.092657355737
110,15,0.4566013144075061,-8.212033953824726,7.0,1.0,0.7611574222159264,-14994.37156028776,14996.626204278256,-0.04311028137453832,0.5252320022336789,2.0,0.0,0.017346526857201363,0.017346526857201363,-7.4236716530710165,-14985.554031967633,-14992.977703620703
111,15,0.4566013144075061,-8.212033953824726,1.0,1.0,0.2852741332488632,-14994.37156028776,14995.4323275367,0.0,1.254304689966375,1.0,0.0,0.017346526857201363,0.017346526857201363,-7.4236716530710165,-14985.554031967633,-14992.977703620703
112,15,0.4597093516797392,-8.254537072439245,7.0,1.0,0.8649630868734982,-14995.087874657887,14995.620381480003,0.06301125194477208,0.25195136231741344,2.0,0.0,0.017346526857201363,0.017346526857201363,-7.577877869167768,-14986.117187908758,-14993.695065777925
113,15,0.4584968512592429,-8.223353359070913,3.0,1.0,1.0,-14994.511551128067,14995.16942090371,-0.029041149176919134,-0.05039225219843502,2.0,0.0,0.017346526857201363,0.017346526857201363,-7.464563270194512,-14985.653779605373,-14993.118342875567
114,15,0.45495566776624335,-8.220039095357887,3.0,1.0,0.7401697958971384,-14994.601382282355,14994.965642635156,0.08646956025950203,0.462879861561305,2.0,0.0,0.017346526857201363,0.017346526857201363,-7.452577149168862,-14985.75436169085,-14993.206938840018
115,15,0.4563269847011864,-8.206521789021211,15.0,1.0,0.8363862304537825,-14994.384826752601,14995.177001965918,-0.10483875241516216,0.4513838844595739,3.0,0.0,0.017346526857201363,0.017346526857201363,-7.403805217539286,-14985.587068592671,-14992.990873810211
116,15,0.45779691634692077,-8.229919371329627,15.0,1.0,0.9423826202075749,-14994.512541740682,14994.614638028781,-0.007793136333930306,0.12329861933903885,3.0,0.0,0.017346526857201363,0.017346526857201363,-7.4883418615217385,-14985.63075561723,-14993.119097478751
117,15,0.45086424675180536,-8.159798411140587,7.0,1.0,0.9489515443462503,-14995.217024514488,14996.833408297116,0.01780533277815266,0.09074253102517105,2.0,0.0,0.017346526857201363,0.017346526857201363,-7.236629442730065,-14986.584396487619,-14993.821025930349
118,15,0.4496958794390034,-8.154220966559857,3.0,1.0,0.965168560563971,-14995.482319438628,14995.99230280591,0.021324531280697556,0.04370852188912977,2.0,0.0,0.017346526857201363,0.017346526857201363,-7.216819254743203,-14986.869032228627,-14994.08585148337
119,15,0.446050103226896,-8.154960189241033,1.0,1.0,0.590081435326851,-14996.604279053665,14996.632544894286,0.5274947256293672,0.5274947256293672,1.0,0.0,0.017346526857201363,0.017346526857201363,-7.219443066801933,-14987.986830957303,-14995.206274024105
120,15,0.46068403415188175,-8.199950010585809,5.0,1.0,0.6296201800488468,-14996.08208227606,14999.10755000174,0.412390560928543,1.2450636309895344,2.0,0.0,0.017346526857201363,0.017346526857201363,-7.380159526872073,-14987.309426213602,-14994.689585740474
121,15,0.4610237805891925,-8.216765892870754,3.0,1.0,0.8837369539197345,-14995.392366750357,14996.667338365103,-0.4245806447815994,-0.7939613895887305,1.0,0.0,0.017346526857201363,0.017346526857201363,-7.440750308191314,-14986.559226960764,-14993.999977268955
122,15,0.4514511709768927,-8.211209244626446,7.0,1.0,0.9902906089545341,-14995.457429005668,14995.642916331779,0.07038570243821596,-0.5077417547327059,2.0,0.0,0.017346526857201363,0.017346526857201363,-7.420697379417368,-14986.640964585435,-14994.061661964852
123,15,0.45194727571881915,-8.205821370154046,1.0,1.0,1.0,-14995.023933355826,14995.627803589878,-0.25243219876574585,-0.25243219876574585,1.0,0.0,0.017346526857201363,0.017346526857201363,-7.401283008222522,-14986.227076810539,-14993.628359818762
124,15,0.4574034614598605,-8.181860034875845,5.0,1.0,0.8964352954818718,-14995.503707937616,14995.93618150461,0.2137364354894089,0.3803320766255638,2.0,0.0,0.017346526857201363,0.017346526857201363,-7.315293670773025,-14986.794835578934,-14994.110129249708
125,15,0.44885191523927065,-8.157008432470821,3.0,1.0,0.350905301398796,-14995.559214367091,14999.05523367295,-0.43054981966270134,3.7564324216091336,2.0,0.0,0.017346526857201363,0.017346526857201363,-7.226715997793431,-14986.935684363936,-14994.162400361729
126,15,0.4521797529252864,-8.17633255150754,7.0,1.0,0.41512288610589226,-14994.738296429368,14997.118977711376,-0.12720353188160516,2.0754049114002555,3.0,0.0,0.017346526857201363,0.017346526857201363,-7.295538853655908,-14986.04727401884,-14993.342812872495
127,15,0.45207717694737826,-8.16997177782363,3.0,1.0,0.994909322581468,-14994.884399929015,14994.924786135163,0.007813507596438285,0.007813507596438285,2.0,0.0,0.017346526857201363,0.017346526857201363,-7.272843727781269,-14986.216032997168,-14993.48887672495
128,15,0.45277108121405574,-8.17442051341639,3.0,1.0,0.801972429729663,-14994.769057506128,14995.220999329116,-0.0002834023161994992,0.3653180400197016,2.0,0.0,0.017346526857201363,0.017346526857201363,-7.288712483128183,-14986.085088336878,-14993.373800820007
129,15,0.45509002434047596,-8.175226505736493,7.0,1.0,0.8958581913501547,-14995.060290507861,14995.317536974135,0.20913210172511754,0.2253391904214368,3.0,0.0,0.017346526857201363,0.017346526857201363,-7.291589596292425,-14986.37430620742,-14993.665895803713
130,15,0.46163062725093895,-8.247666601836377,15.0,1.0,0.9647794130666363,-14995.050205872214,14995.485563733851,-0.15026644384306564,-0.23677233654234442,3.0,0.0,0.017346526857201363,0.017346526857201363,-7.552828602938478,-14986.105176665533,-14993.658005268471
131,15,0.4594608765263729,-8.255567694355017,3.0,1.0,0.9965092944347039,-14995.15322769881,14995.222819557888,0.010527335150982253,-0.06236170088777726,2.0,0.0,0.017346526857201363,0.017346526857201363,-7.581639517750404,-14986.178698436004,-14993.760337953754
132,15,0.4594608765263729,-8.255567694355017,3.0,1.0,0.2964771181110764,-14995.15322769881,14996.973509383435,0.0,2.361753188937655,2.0,0.0,0.017346526857201363,0.017346526857201363,-7.581639517750404,-14986.178698436004,-14993.760337953754
133,15,0.4572188426869555,-8.200615878251122,7.0,1.0,0.8504053432011587,-14994.627587703946,14996.194181443401,0.06266220616271312,0.35318730936523934,2.0,0.0,0.017346526857201363,0.017346526857201363,-7.382553396211068,-14985.85139210756,-14993.23394550377
134,15,0.4585935013364645,-8.205191739915596,7.0,1.0,0.9468782459709383,-14994.867705468767,14995.104037792966,0.13884116388726397,-0.1461077882668178,3.0,0.0,0.017346526857201363,0.017346526857201363,-7.399016127575979,-14986.075513363443,-14993.474529491019
135,15,0.4561132346360838,-8.23314517354166,7.0,1.0,0.9694927164041368,-14994.795003395195,14995.613222977183,-0.13088723746295727,-0.26849970564398973,2.0,0.0,0.017346526857201363,0.017346526857201363,-7.500039788361832,-14985.900935222411,-14993.400975010773
136,15,0.4563698092693619,-8.198633409369045,15.0,1.0,0.9482761475547608,-14994.511867899944,14995.110858511674,-0.08589747570113104,0.17385577581080724,3.0,0.0,0.017346526857201363,0.017346526857201363,-7.37542750210039,-14985.742502525201,-14993.117930027302
137,15,0.4571887658015328,-8.200229698338207,7.0,1.0,0.792223933262865,-14994.63136102275,14994.967996589377,0.0728066361079982,0.40527192768604436,3.0,0.0,0.017346526857201363,0.017346526857201363,-7.381164981874201,-14985.856543467293,-14993.237708449167
138,15,0.45795125117302454,-8.250679828798425,7.0,1.0,0.9935610083013656,-14995.175613080746,14995.733306175513,0.04612032036129676,-0.14102473090679268,2.0,0.0,0.017346526857201363,0.017346526857201363,-7.563808811116239,-14986.218412391509,-14993.782221202624
139,15,0.4585868818225798,-8.210210364280387,5.0,1.0,0.8817474045555349,-14994.716723940966,14995.533337133977,0.0014861226482025813,0.33619835751960636,2.0,0.0,0.017346526857201363,0.017346526857201363,-7.417095876755549,-14985.906449878416,-14993.323545755171
140,15,0.450578904680389,-8.155294476378437,7.0,1.0,0.9948958250894978,-14995.38273994804,14995.686443513629,-0.15573772356947302,-0.19584273743203084,2.0,0.0,0.017346526857201363,0.017346526857201363,-7.220629771814451,-14986.765997999035,-14993.98662777085
141,15,0.45342664363401786,-8.149022538063036,3.0,1.0,0.7803057396418493,-14996.151759770559,14996.18957227187,0.39619027912158344,0.39619027912158344,2.0,0.0,0.017346526857201363,0.017346526857201363,-7.198383279858235,-14987.55836796117,-14994.756751241028
142,15,0.45648667661488196,-8.173861730234922,7.0,1.0,0.9506333521683444,-14995.604119488868,14997.037177474078,0.11082842648647784,-0.4504024763864436,3.0,0.0,0.017346526857201363,0.017346526857201363,-7.286718202194089,-14986.923504462678,-14994.210222664873
143,15,0.453474054640751,-8.176107720257356,3.0,1.0,0.9794697045277547,-14994.755838415784,14995.210752746503,-0.4988238372516207,-0.4988238372516207,2.0,0.0,0.017346526857201363,0.017346526857201363,-7.294735970031202,-14986.066111726317,-14993.360847696349
144,15,0.4531537624738234,-8.184502102141636,3.0,1.0,0.9975336338569069,-14994.56351565601,14994.821502470966,-0.038785868671766366,-0.038785868671766366,2.0,0.0,0.017346526857201363,0.017346526857201363,-7.324747016202377,-14985.843657242733,-14993.168404258935
145,15,0.45532487469090055,-8.201580433277808,5.0,1.0,0.9931603305191323,-14994.37401906123,14994.620252460194,-0.00666888660089171,0.019335875587785267,2.0,0.0,0.017346526857201363,0.017346526857201363,-7.386021866609916,-14985.593687327706,-14992.979709194316
146,15,0.4505351255333233,-8.177567393894488,5.0,1.0,0.8999528020597868,-14994.977408798204,14996.110465720138,0.1245403909288143,0.18055416640527255,2.0,0.0,0.017346526857201363,0.017346526857201363,-7.299949438733385,-14986.281329694706,-14993.58127913344
147,15,0.4508881677997589,-8.153482087753897,3.0,1.0,0.6020823816712929,-14995.4530230527,14996.255943558268,-0.05537375326821348,0.9372877850437362,2.0,0.0,0.017346526857201363,0.017346526857201363,-7.214197209311108,-14986.842836751617,-14994.057033960928
148,15,0.46255588256921676,-8.22914296054135,7.0,1.0,0.7503388621765578,-14995.64730225163,14997.117954332463,0.5469831417649402,0.5607689317330369,2.0,0.0,0.017346526857201363,0.017346526857201363,-7.4855278685563,-14986.769855988967,-14994.255383857522
149,15,0.45441049819827084,-8.256341118196104,7.0,1.0,0.4425932023125027,-14997.113728466818,14998.33843888908,0.7011763733662519,2.2222797946142236,2.0,0.0,0.017346526857201363,0.017346526857201363,-7.58446312130504,-14988.134622622896,-14995.719085744202
150,15,0.45757197743700495,-8.232131567172729,3.0,1.0,1.0,-14994.561764256914,14996.186825644307,-1.2811300906196266,-1.2811300906196266,1.0,0.0,0.017346526857201363,0.017346526857201363,-7.496362963507062,-14985.671880334823,-14993.16824329833
51,16,0.4575720942856136,-8.24805852362664,3.0,1.0,0.307287771860135,-14995.128833087587,14995.4880875824,0.3725265205575852,4.400865234581943,1.0,0.0,0.023625869510392458,0.023625869510392458,-7.554256253456146,-14986.181055915496,-14993.735312168952
52,16,0.4608173690972526,-8.230423550061284,3.0,1.0,1.0,-14994.938116104704,14995.147865943523,-0.001863922940174234,-0.1678510981182626,2.0,0.0,0.016073631159633797,0.016073631159633797,-7.490169510066674,-14986.05549218506,-14993.545661695127
53,16,0.457029549452875,-8.195682227562854,7.0,1.0,0.9765380573908552,-14994.731962274425,14995.302622616924,-0.005926656443989486,0.08542448185471585,2.0,0.0,0.016073631159633797,0.016073631159633797,-7.364826893551358,-14985.973427770918,-14993.33825466447
54,16,0.45626996853018753,-8.245652437443322,7.0,1.0,0.9195310819412297,-14995.363930967298,14995.683980672053,0.1608614646956994,0.1608614646956994,2.0,0.0,0.016073631159633797,0.016073631159633797,-7.545494044784948,-14986.424463893123,-14993.969957937908
55,16,0.4562460547111803,-8.241397101078219,1.0,1.0,1.0,-14995.135066723235,14995.534220037063,-0.07948435745493043,-0.07948435745493043,1.0,0.0,0.016073631159633797,0.016073631159633797,-7.530011622217607,-14986.211073638784,-14993.741085261001
56,16,0.4573655253161293,-8.194415510160978,7.0,1.0,0.9971244066681476,-14994.872502293614,14995.707470558013,-0.014027318411535816,-0.25104331225156784,2.0,0.0,0.016073631159633797,0.016073631159633797,-7.360279531753139,-14986.118631045969,-14993.478910577722
57,16,0.4538711458868478,-8.186764757325035,7.0,1.0,0.9958149377876546,-14994.521832307546,14994.993378723102,-0.22601168184701237,-0.23633187384257326,2.0,0.0,0.016073631159633797,0.016073631159633797,-7.332848369919807,-14985.794141662233,-14993.126990032153
58,16,0.45055206657513375,-8.213772082471515,7.0,1.0,0.6672789554630045,-14996.08331580281,14996.846002380287,0.8120114514404122,0.8264760382971872,2.0,0.0,0.016073631159633797,0.016073631159633797,-7.429942356856554,-14987.257250550158,-14994.687192907015
59,16,0.45055206657513375,-8.213772082471515,1.0,1.0,0.28143505337379615,-14996.08331580281,14998.463790961774,0.0,1.2678535742779786,1.0,0.0,0.016073631159633797,0.016073631159633797,-7.429942356856554,-14987.257250550158,-14994.687192907015
60,16,0.46049496420610403,-8.198125582365908,3.0,1.0,0.9997718401854851,-14996.086372063115,14996.088599658044,0.0006847138065495528,-0.8320223180744506,2.0,0.0,0.016073631159633797,0.016073631159633797,-7.37360277338491,-14987.320212770752,-14994.693815544137
61,16,0.4582202814586025,-8.197640470484625,7.0,1.0,0.9748636022326636,-14995.026826229428,14995.909220935106,-0.5143027950034593,-0.700713979154898,2.0,0.0,0.016073631159633797,0.016073631159633797,-7.371859905699979,-14986.261665293609,-14993.633525199308
62,16,0.4567452839212991,-8.210790825637076,7.0,1.0,0.9910636851132567,-14994.38567916444,14994.764483341649,-0.306722619692664,-0.31788481191324536,2.0,0.0,0.016073631159633797,0.016073631159633797,-7.419188631736052,-14985.572684144978,-14992.991872776714
63,16,0.4521000077761142,-8.204901734245322,5.0,1.0,0.8648155494871886,-14994.938972361244,14994.95938665866,0.2579967982110247,0.2579967982110247,2.0,0.0,0.016073631159633797,0.016073631159633797,-7.397972142963874,-14986.145485846168,-14993.543457989132
64,16,0.4494958962068759,-8.201588956549587,7.0,1.0,0.8072583884694077,-14996.020461072367,14996.23717697013,0.4979058881945093,0.4979058881945093,3.0,0.0,0.016073631159633797,0.016073631159633797,-7.386052519828206,-14987.23785912956,-14994.623911649389
65,16,0.4615780763577585,-8.209944278894836,7.0,1.0,0.9971076787242452,-14996.009741733917,14996.356929312316,0.020454013310882146,-0.7515261153384927,2.0,0.0,0.016073631159633797,0.016073631159633797,-7.416136663650497,-14987.201388228967,-14994.617524892617
66,16,0.4615780763577585,-8.209944278894836,1.0,1.0,0.4259885190155746,-14996.009741733917,14997.753877724499,0.0,0.8533428837436077,1.0,0.0,0.016073631159633797,0.016073631159633797,-7.416136663650497,-14987.201388228967,-14994.617524892617
67,16,0.4564429999971327,-8.260351314823394,7.0,1.0,0.5510840897609636,-14996.344840518697,14999.125333567556,-0.15087714787478035,1.737264297556976,2.0,0.0,0.016073631159633797,0.016073631159633797,-7.599113075501533,-14987.35181529125,-14994.95092836675
68,16,0.457861393805991,-8.258095424324535,1.0,1.0,1.0,-14995.62386394726,14996.305820823552,-0.3570306324490957,-0.3570306324490957,1.0,0.0,0.016073631159633797,0.016073631159633797,-7.5908699316423585,-14986.639571662085,-14994.230441593727
69,16,0.45755547994828266,-8.20172953273148,5.0,1.0,0.9956278583260184,-14994.677040037603,14995.771866897872,-0.1587179870930413,-0.17143667710661248,2.0,0.0,0.016073631159633797,0.016073631159633797,-7.386558100528291,-14985.896955337119,-14993.283513437647
70,16,0.46107208638548447,-8.18923346989171,7.0,1.0,0.6021949868736982,-14997.130033774265,14997.31410950344,1.1693278303537227,1.2596599350672477,2.0,0.0,0.016073631159633797,0.016073631159633797,-7.341693344717668,-14988.395966092945,-14995.737659437662
71,16,0.44549006370035404,-8.193034621225177,15.0,1.0,0.9171053335469284,-14998.509901126177,14999.22981486717,0.5424434773867688,-0.8507245061427966,4.0,0.0,0.016073631159633797,0.016073631159633797,-7.35532413602424,-14989.756326101164,-14997.111650237188
72,16,0.4591362222286572,-8.155360917907034,3.0,1.0,0.9757758118055554,-14998.965740465774,14999.038978788847,0.0754485552697588,-1.806470916078979,2.0,0.0,0.016073631159633797,0.016073631159633797,-7.220865649706253,-14990.351878654632,-14997.572744304338
73,16,0.45025719747547277,-8.14818509975591,3.0,1.0,0.9686089094136495,-14995.679335894973,14998.061426676319,-1.8733842756646482,-1.8733842756646482,2.0,0.0,0.016073631159633797,0.016073631159633797,-7.195415872795266,-14987.087678970729,-14994.283094843524
74,16,0.4506888897642393,-8.140797625148691,3.0,1.0,0.963379340701953,-14996.096852750985,14996.10429994748,0.07963557546463562,0.07963557546463562,2.0,0.0,0.016073631159633797,0.016073631159633797,-7.169269227477345,-14987.531515210185,-14994.700784437662
75,16,0.4506888897642393,-8.140797625148691,1.0,1.0,0.4857638695897753,-14996.096852750985,14996.990470436313,0.0,0.722032638193923,1.0,0.0,0.016073631159633797,0.016073631159633797,-7.169269227477345,-14987.531515210185,-14994.700784437662
76,16,0.4482318883676415,-8.15100962878633,3.0,1.0,1.0,-14995.825059409231,14996.255428282575,-0.017482110206401558,-0.10349264276555914,2.0,0.0,0.016073631159633797,0.016073631159633797,-7.205427210256536,-14987.22256021787,-14994.427987428126
77,16,0.45108857551158693,-8.14874249616052,7.0,1.0,0.9158409483150857,-14995.687601125965,14996.284947147884,-0.0273826209922845,0.206050110524302,3.0,0.0,0.016073631159633797,0.016073631159633797,-7.197390891915053,-14987.094300483097,-14994.291691375012
78,16,0.4536759246522553,-8.169556656277424,3.0,1.0,0.9724692238405894,-14995.020759764731,14995.954749964172,0.014234140448024846,0.0656929605465848,2.0,0.0,0.016073631159633797,0.016073631159633797,-7.271363987995497,-14986.354480683829,-14993.625844671824
79,16,0.452775162439192,-8.152282849271494,7.0,1.0,0.7995253927305538,-14995.750257721267,14996.769104895397,0.11026785709327669,0.36479049057561497,3.0,0.0,0.016073631159633797,0.016073631159633797,-7.20994265621741,-14987.145059934757,-14994.355002590975
80,16,0.4518595388944628,-8.16391736453257,3.0,1.0,1.0,-14995.070372290525,14995.613166415946,-0.1883523990654794,-0.1883523990654794,2.0,0.0,0.016073631159633797,0.016073631159633797,-7.251279273603822,-14986.423485405829,-14993.674764679432
81,16,0.45492024157630556,-8.160979374137858,15.0,1.0,0.819450811042527,-14995.831512781424,14996.231027755082,0.3877578753799753,0.43793629602078,4.0,0.0,0.016073631159633797,0.016073631159633797,-7.240828024469825,-14987.196228439025,-14994.437056463494
82,16,0.45492024157630556,-8.160979374137858,3.0,1.0,0.6345671875621328,-14995.831512781424,14997.205193444212,0.0,0.7242722381015483,1.0,0.0,0.016073631159633797,0.016073631159633797,-7.240828024469825,-14987.196228439025,-14994.437056463494
83,16,0.45272910890757745,-8.163374908206135,3.0,1.0,1.0,-14995.155046279644,14995.593876845662,-0.3364265802247246,-0.3756345969813992,2.0,0.0,0.016073631159633797,0.016073631159633797,-7.249348955812068,-14986.51042462925,-14993.759773585063
84,16,0.4565244400746894,-8.246792620835052,7.0,1.0,0.8816260146595241,-14995.347517927083,14996.589955273548,0.21473078555209213,0.21473078555209213,2.0,0.0,0.016073631159633797,0.016073631159633797,-7.549645512195028,-14986.403988831087,-14993.953634343283
85,16,0.4554704187188424,-8.25043089513132,3.0,1.0,0.8349952872939354,-14996.00906190191,14996.308319327922,0.3086826006801857,0.3086826006801857,2.0,0.0,0.016073631159633797,0.016073631159633797,-7.562901352016372,-14987.051903032401,-14994.614804384417
86,16,0.4506088575574356,-8.176047941986239,15.0,1.0,0.5277151589121085,-14994.962523221437,14998.202266230863,-0.4839535888440878,2.4789736716793414,4.0,0.0,0.016073631159633797,0.016073631159633797,-7.2945225073458575,-14986.271900492477,-14993.566422999822
87,16,0.4506088575574356,-8.176047941986239,1.0,1.0,0.6393034287490837,-14994.962523221437,14995.548066868876,0.0,0.4473760879373003,1.0,0.0,0.016073631159633797,0.016073631159633797,-7.2945225073458575,-14986.271900492477,-14993.566422999822
88,16,0.45217262446947226,-8.175310716452536,3.0,1.0,1.0,-14994.757598987062,14994.88539214765,-0.0808648335205362,-0.08389723074287758,2.0,0.0,0.016073631159633797,0.016073631159633797,-7.291890236837148,-14986.070222440892,-14993.362112677729
89,16,0.45106818139996624,-8.135975316602165,7.0,1.0,0.892017970491404,-14996.476479807867,14996.533232706835,0.22286983878802857,0.22286983878802857,3.0,0.0,0.016073631159633797,0.016073631159633797,-7.152230968390008,-14987.92833102967,-14995.08056199806
90,16,0.45338316102563364,-8.155180301853171,7.0,1.0,0.9754814517937366,-14995.720008825372,14998.013882575406,0.028020753838063683,-0.13614893300109543,3.0,0.0,0.016073631159633797,0.016073631159633797,-7.220224444576874,-14987.104759500658,-14994.324983945235
91,16,0.4476078940618667,-8.161779273343997,3.0,1.0,0.9557632137296809,-14995.913410814528,14996.349003289773,0.05398732929825201,0.07776945498699206,2.0,0.0,0.016073631159633797,0.016073631159633797,-7.24367263333598,-14987.272403366882,-14994.516076000218
92,16,0.4544070947757287,-8.16015401181612,3.0,1.0,0.9914535585682849,-14995.70652041147,14996.154208812712,0.025973740286644897,-0.14672833591794188,2.0,0.0,0.016073631159633797,0.016073631159633797,-7.237893534154118,-14987.073982902963,-14994.311876437117
93,16,0.4485413611904514,-8.170035781007682,3.0,1.0,0.994974047912821,-14995.57799879813,14996.097005887206,-0.05991376407291682,-0.06279944575726404,2.0,0.0,0.016073631159633797,0.016073631159633797,-7.273071888481865,-14986.907984088346,-14994.181055976827
94,16,0.4596845299640071,-8.23707085253081,7.0,1.0,0.9972076505506935,-14994.687040784991,14996.126671288805,-0.2523850449051679,-0.2685147240808874,2.0,0.0,0.016073631159633797,0.016073631159633797,-7.514289759021396,-14985.779934090539,-14993.29422384956
95,16,0.45888904178598355,-8.2652094563748,15.0,1.0,0.8795238212866465,-14995.788721591074,14995.81890776043,0.2698772933526925,0.2698772933526925,4.0,0.0,0.016073631159633797,0.016073631159633797,-7.616882263591109,-14986.778761567506,-14994.395643831098
96,16,0.45839262932118646,-8.278067997162063,7.0,1.0,0.7780034650615892,-14997.010971356109,14997.572651702048,0.4401563576684566,0.48397823378218163,3.0,0.0,0.016073631159633797,0.016073631159633797,-7.664027698867951,-14987.953700515993,-14995.61772821486
97,16,0.4560049418039641,-8.205296753584085,15.0,1.0,0.998297536861283,-14994.373573566158,14996.417884016364,-0.717191579129576,-0.717191579129576,4.0,0.0,0.016073631159633797,0.016073631159633797,-7.399394184559928,-14985.580112632995,-14992.979506817555
98,16,0.45274069508766823,-8.180110797096429,7.0,1.0,0.6258609668086235,-14994.64582183683,14995.954303217317,0.00981970229804574,1.0216261941950506,2.0,0.0,0.016073631159633797,0.016073631159633797,-7.309038719680501,-14985.941514843045,-14993.250553562726
99,16,0.4535683790836192,-8.183891056332316,3.0,1.0,0.8264368097620166,-14994.568585119408,14994.987695618436,-0.0007038971070869593,0.3024342276803509,2.0,0.0,0.016073631159633797,0.016073631159633797,-7.322560067123336,-14985.851069711242,-14993.173629778365
100,16,0.45070449216444325,-8.1674206532022,3.0,1.0,0.6374296078716905,-14995.03825073137,14995.864496691222,0.032440129627502756,0.7587115962451207,2.0,0.0,0.016073631159633797,0.016073631159633797,-7.2637527287882415,-14986.378435903684,-14993.642188632472
101,16,0.45274428697128616,-8.171114452785655,3.0,1.0,1.0,-14994.864126078002,14995.067290755413,-0.007077492467942648,-0.025433389255340444,2.0,0.0,0.016073631159633797,0.016073631159633797,-7.276917790157883,-14986.19194138393,-14993.468859174087
102,16,0.4578606626550638,-8.238531821167744,7.0,1.0,0.8905922923618006,-14994.704446221662,14997.00458403529,0.012941262237291085,0.2343226808388863,2.0,0.0,0.016073631159633797,0.016073631159633797,-7.519596919202353,-14985.791426700684,-14993.311023619886
103,16,0.45773734314206527,-8.215134755546776,7.0,1.0,0.9998797047867181,-14994.458916482477,14994.797755671872,-0.007624942181791994,-0.04191595349038835,2.0,0.0,0.016073631159633797,0.016073631159633797,-7.434860629939185,-14985.630591318397,-14993.065451948336
104,16,0.4602239525263806,-8.219557210345647,7.0,1.0,0.8888310986657412,-14994.977991192187,14995.10145229955,0.22362538321431202,0.22362538321431202,2.0,0.0,0.016073631159633797,0.016073631159633797,-7.450835314126806,-14986.134512871058,-14993.585348185185
105,16,0.45211902147677996,-8.151128132750229,7.0,1.0,0.9596605219641994,-14995.688048862741,14996.529398755056,-0.10645275012939237,-0.1989341231965227,2.0,0.0,0.016073631159633797,0.016073631159633797,-7.205847413307451,-14987.086694429372,-14994.29254184268
106,16,0.4509162313715997,-8.149592647240501,3.0,1.0,1.0,-14995.632402114812,14995.764216548052,-0.08088411750395608,-0.11859753580029064,2.0,0.0,0.016073631159633797,0.016073631159633797,-7.20040382511997,-14987.036020328118,-14994.236424153238
107,16,0.4525861456910015,-8.18447410018146,3.0,1.0,0.6661435160656324,-14994.601242043815,14996.493134082044,-0.07555378391771228,0.6963592280390003,2.0,0.0,0.016073631159633797,0.016073631159633797,-7.3246467882846575,-14985.881267925386,-14993.205914713672
108,16,0.45489911611533373,-8.205768525069818,7.0,1.0,1.0,-14994.3778693293,14994.605462629366,-0.011600080095377052,-0.013473556382450624,3.0,0.0,0.016073631159633797,0.016073631159633797,-7.401092732903718,-14985.582312595554,-14992.983405328458
109,16,0.45489911611533373,-8.205768525069818,1.0,1.0,0.727041885395518,-14994.3778693293,14994.740837863192,0.0,0.3187711890841456,1.0,0.0,0.016073631159633797,0.016073631159633797,-7.401092732903718,-14985.582312595554,-14992.983405328458
110,16,0.45618049891770723,-8.216146921125395,7.0,1.0,0.996340830195588,-14994.382439293002,14994.625084015335,-0.0033262705910601653,0.011353126632457133,2.0,0.0,0.016073631159633797,0.016073631159633797,-7.438515024056104,-14985.549919665453,-14992.988434689509
111,16,0.4556522984272589,-8.207558938103086,5.0,1.0,0.5658844485354463,-14994.355833779628,14995.761982443393,-0.002465469697199296,1.2730546658658568,2.0,0.0,0.016073631159633797,0.016073631159633797,-7.4075408938869876,-14985.554100542973,-14992.96164143686
112,16,0.45889331389626015,-8.23092767156943,7.0,1.0,0.4808756756980958,-14994.566414679495,14997.042623539855,0.009155439169262536,2.1394240681420342,2.0,0.0,0.016073631159633797,0.016073631159633797,-7.491997205329232,-14985.681341128724,-14993.173338334052
113,16,0.4569422699734369,-8.21674485137257,15.0,1.0,0.9283885406697867,-14994.385559227789,14995.032387431464,-0.015129649938899092,0.15386481060522783,4.0,0.0,0.016073631159633797,0.016073631159633797,-7.4406743150281764,-14985.551147044891,-14992.99182135992
114,16,0.4569422699734369,-8.21674485137257,7.0,1.0,0.5759594463181413,-14994.385559227789,14996.762042424649,0.0,1.312729863286222,2.0,0.0,0.016073631159633797,0.016073631159633797,-7.4406743150281764,-14985.551147044891,-14992.99182135992
115,16,0.45128759679424685,-8.189575184060876,7.0,1.0,0.9149445091456696,-14994.857899693534,14994.970116503164,0.1589365307263506,0.16229769407436834,2.0,0.0,0.016073631159633797,0.016073631159633797,-7.342918128309256,-14986.119150278953,-14993.462068407263
116,16,0.45245841853924673,-8.19140934373449,1.0,1.0,1.0,-14994.60587938696,14994.817338906123,-0.0997292107076646,-0.0997292107076646,1.0,0.0,0.016073631159633797,0.016073631159633797,-7.349494181481473,-14985.861008920381,-14993.210503101862
117,16,0.4616861795791567,-8.24866589954044,15.0,1.0,0.9970075182676849,-14995.066671360286,14995.117883125222,0.012963289134859224,-0.05555810457008192,4.0,0.0,0.016073631159633797,0.016073631159633797,-7.556469040541842,-14986.11801885651,-14993.674487897053
118,16,0.45119581252091123,-8.181335063458533,7.0,1.0,0.9649718604415394,-14994.827169496642,14997.569273854057,-0.017481456370660453,0.07877894364901294,2.0,0.0,0.016073631159633797,0.016073631159633797,-7.313416148631266,-14986.117885916057,-14993.431302064688
119,16,0.45295370140279095,-8.165674009003999,3.0,1.0,0.9993241668919953,-14995.083338295086,14995.166584193508,-8.778772826190107e-5,-0.026228437654935988,2.0,0.0,0.016073631159633797,0.016073631159633797,-7.25753227006012,-14986.430618822698,-14993.688151092758
120,16,0.4525471614583939,-8.167035466191583,3.0,1.0,1.0,-14994.991078243942,14995.08989520257,-0.03630640698975185,-0.05015051413647598,2.0,0.0,0.016073631159633797,0.016073631159633797,-7.262380670364225,-14986.33335531587,-14993.595735986235
121,16,0.449651919223383,-8.158052549225372,7.0,1.0,0.9948891883422342,-14995.384392709646,14995.43087529251,0.013125818561093183,-0.022188650209500338,3.0,0.0,0.016073631159633797,0.016073631159633797,-7.230425076705938,-14986.757481797773,-14993.98790687448
122,16,0.4520371988065928,-8.160412448657299,3.0,1.0,0.926754325776102,-14995.214276622215,14995.650733931672,0.0040013792386162095,0.13619535175348574,2.0,0.0,0.016073631159633797,0.016073631159633797,-7.238812306339308,-14986.579925636212,-14993.81873794255
123,16,0.4534837289256608,-8.170121878893957,3.0,1.0,0.9832820362309141,-14994.968554208486,14995.402703584277,0.02082479182718089,-0.03611120374625898,2.0,0.0,0.016073631159633797,0.016073631159633797,-7.273378819580873,-14986.300188301379,-14993.573567120959
124,16,0.4562292224400227,-8.223706180863822,7.0,1.0,0.5653812363431754,-14994.492759620402,14997.401098455117,-0.0737167629868054,1.4751870230174973,2.0,0.0,0.016073631159633797,0.016073631159633797,-7.46583990631032,-14985.632932313407,-14993.098772219717
125,16,0.45759291316136436,-8.216609274318472,3.0,1.0,0.7556866908542803,-14994.431618500028,14995.003268387558,-0.014388846784640918,0.4654051331563096,2.0,0.0,0.016073631159633797,0.016073631159633797,-7.44018467756496,-14985.597920019718,-14993.038104697283
126,16,0.45103173497340787,-8.1749438903618,7.0,1.0,0.9811468955868242,-14994.886936221335,14995.099210916573,0.031431976189196575,0.031431976189196575,2.0,0.0,0.016073631159633797,0.016073631159633797,-7.290580683423667,-14986.200423317556,-14993.49100400098
127,16,0.45386250528273536,-8.186841915730875,3.0,1.0,1.0,-14994.520395061112,14994.871397989858,-0.04842260980331048,-0.04842260980331048,2.0,0.0,0.016073631159633797,0.016073631159633797,-7.333124723024008,-14985.792424846366,-14993.12554956939
128,16,0.45939654075506425,-8.246582388262313,7.0,1.0,0.9395703626038195,-14994.84324970566,14996.430871677585,0.0219159275675338,0.11999376739913714,2.0,0.0,0.016073631159633797,0.016073631159633797,-7.548879946640473,-14985.901458994083,-14993.450338940724
129,16,0.45365682425630627,-8.208698921139298,15.0,1.0,0.9381825346716207,-14994.59501595855,14996.11169496916,0.080217320477459,0.14042104520194698,4.0,0.0,0.016073631159633797,0.016073631159633797,-7.411648205734903,-14985.78844551866,-14993.200093724394
130,16,0.45365682425630627,-8.208698921139298,1.0,1.0,0.3529780833060106,-14994.59501595855,14995.857192332665,0.0,1.0413493109281262,1.0,0.0,0.016073631159633797,0.016073631159633797,-7.411648205734903,-14985.78844551866,-14993.200093724394
131,16,0.45525583486903054,-8.180768383962445,7.0,1.0,0.98495063641346,-14994.857004818596,14995.265582194068,0.03825571385095827,-0.09573116112187563,3.0,0.0,0.016073631159633797,0.016073631159633797,-7.311389769883395,-14986.151280288792,-14993.462670058676
132,16,0.45334742681734674,-8.214536680780158,7.0,1.0,0.49026468880378565,-14994.84416683074,14997.607410331664,0.06722066528709547,2.2106929081237467,2.0,0.0,0.016073631159633797,0.016073631159633797,-7.43270178006846,-14986.01642672191,-14993.449128501978
133,16,0.46352516476399874,-8.246371101316884,7.0,1.0,0.5640049516564475,-14995.6199866766,14997.775275563314,0.10190723844243621,1.4622086551607936,2.0,0.0,0.016073631159633797,0.016073631159633797,-7.548110586100292,-14986.680245864518,-14994.228356450618
134,16,0.45790784027021014,-8.25924961858189,7.0,1.0,0.9543405694363157,-14995.684778604787,14997.108207808005,-0.015958777636114974,0.06712263739245827,3.0,0.0,0.016073631159633797,0.016073631159633797,-7.595086783057185,-14986.696285228902,-14994.29137201196
135,16,0.4643477965789318,-8.29292377188589,3.0,1.0,0.9818738030540262,-14996.638981264698,14996.988092629568,-0.22358866393005883,-0.23868113654316403,2.0,0.0,0.016073631159633797,0.016073631159633797,-7.7187017883557125,-14987.528887827662,-14995.247589616018
136,16,0.4573455583259476,-8.199655416516759,7.0,1.0,0.9326793026354137,-14994.6856562622,14997.539868008267,0.05823171576412278,0.19465780994141824,2.0,0.0,0.016073631159633797,0.016073631159633797,-7.379100569449038,-14985.912957115093,-14993.292057684543
137,16,0.4501911033169494,-8.17640386090407,7.0,1.0,0.9266687407460242,-14995.064926636216,14995.637505613287,-0.013842468068105518,0.13902155686628248,2.0,0.0,0.016073631159633797,0.016073631159633797,-7.295793513631619,-14986.372865488545,-14993.668659002176
138,16,0.457239799271336,-8.197989850888137,7.0,1.0,0.8450675097207535,-14994.710559912799,14995.783180653561,0.021762589083664352,0.298822270702658,2.0,0.0,0.016073631159633797,0.016073631159633797,-7.373115105450911,-14985.943809830647,-14993.316924936098
139,16,0.4593279026906154,-8.216325203331444,7.0,1.0,0.9711859882642385,-14994.775478630718,14995.043766869232,0.014922323663995485,0.07562799616061966,2.0,0.0,0.016073631159633797,0.016073631159633797,-7.439158812846708,-14985.943386590165,-14993.382545403012
140,16,0.4551685795488264,-8.216322093992078,7.0,1.0,0.6605067331851202,-14994.47598415277,14995.885313195018,-0.12957974719211052,0.9623628115678002,3.0,0.0,0.016073631159633797,0.016073631159633797,-7.439147584545092,-14985.642470291636,-14993.081617876182
141,16,0.4533476851182424,-8.221734758648225,3.0,1.0,0.8231322076880558,-14995.141015659106,14995.19191665999,0.31823546383202483,0.31823546383202483,2.0,0.0,0.016073631159633797,0.016073631159633797,-7.458708187314861,-14986.287269240278,-14993.745977427592
142,16,0.457880068682438,-8.192315003580733,7.0,1.0,0.9979899586312182,-14995.139434146133,14995.302674332122,-0.0077155646085884655,-0.36738364880511654,2.0,0.0,0.016073631159633797,0.016073631159633797,-7.352742504395548,-14986.393275627279,-14993.746018131675
143,16,0.4589235098597794,-8.188711852425369,3.0,1.0,0.7744757380198114,-14995.810376001287,14996.342963485786,0.31705443397004274,0.3995035071784514,2.0,0.0,0.016073631159633797,0.016073631159633797,-7.339823970750706,-14987.077485678992,-14994.417309649743
144,16,0.45618051120709524,-8.196490168326285,1.0,1.0,1.0,-14994.530665454906,14995.268476900135,-0.6060033157882572,-0.6060033157882572,1.0,0.0,0.016073631159633797,0.016073631159633797,-7.367728140975477,-14985.76893271478,-14993.136660855755
145,16,0.4580104057150669,-8.197485201167975,3.0,1.0,0.8573978048867764,-14994.959406871523,14995.091925740318,0.21477298580066417,0.23951811472397821,2.0,0.0,0.016073631159633797,0.016073631159633797,-7.371302117348098,-14986.194732902488,-14993.566035019836
146,16,0.4540332876608936,-8.154941523150153,7.0,1.0,0.8961273354906888,-14995.931956804916,14999.506219773668,0.08183264493891329,0.2901182046152826,2.0,0.0,0.016073631159633797,0.016073631159633797,-7.219376806273342,-14987.317797964346,-14994.53717477062
147,16,0.4512204134541187,-8.153884082055653,3.0,1.0,0.9840721568676107,-14995.447010509957,14996.26512285487,-0.31156115177145693,-0.31156115177145693,2.0,0.0,0.016073631159633797,0.016073631159633797,-7.215623691276179,-14986.835529081654,-14994.05115277293
148,16,0.449500929651522,-8.156246946503774,3.0,1.0,0.9990579999761279,-14995.451856890133,14995.667164180282,-0.0038460852520074695,-0.02295173060883826,2.0,0.0,0.016073631159633797,0.016073631159633797,-7.224011612741953,-14986.831297908948,-14994.05530952169
149,16,0.451963927447698,-8.183980249156622,7.0,1.0,0.9877853805502835,-14994.682262602091,14995.837831372637,-0.017277086082685855,0.04574141304510704,3.0,0.0,0.016073631159633797,0.016073631159633797,-7.322879267322848,-14985.963816257527,-14993.28669552485
150,16,0.45762919921912387,-8.193065388993992,7.0,1.0,0.8539760747414806,-14995.01420055781,14995.701377115658,0.25565677318263624,0.2910009224451642,2.0,0.0,0.016073631159633797,0.016073631159633797,-7.35543452708105,-14986.265264622087,-14993.620699149167
51,17,0.4550050967192364,-8.22483975224811,7.0,1.0,0.9415662240027803,-14994.743697388738,14995.837838015557,0.11423800923876115,0.18407637315249303,3.0,0.0,0.019834692906755307,0.019834692906755307,-7.469942417659172,-14985.879329476424,-14993.349271894083
52,17,0.4627625685438154,-8.208782484635904,5.0,1.0,0.3537559863093741,-14996.854372436133,14997.39720630236,1.394356494260137,2.3287733663310064,2.0,0.0,0.01863417142624574,0.01863417142624574,-7.411949332687561,-14988.050566798145,-14995.462516130832
53,17,0.4599116593640352,-8.239619747806001,7.0,1.0,0.9236979637551944,-14994.733732382143,14996.319496272208,-1.5804910310234845,-1.5804910310234845,2.0,0.0,0.01863417142624574,0.01863417142624574,-7.523550341903873,-14985.817438628403,-14993.340988970307
54,17,0.4537190982629536,-8.188205074826948,7.0,1.0,0.958281255771143,-14994.499925025848,14995.594890242684,-0.03250832782032376,0.08293061802942248,2.0,0.0,0.01863417142624574,0.01863417142624574,-7.338008040522914,-14985.767018023114,-14993.105026063637
55,17,0.4516184487213485,-8.236368934211537,5.0,1.0,0.2960578796317007,-14997.113520108926,14998.787154757558,1.6708296349788725,4.050343383794825,2.0,0.0,0.01863417142624574,0.01863417142624574,-7.511740707754434,-14988.206077832683,-14995.717818540437
56,17,0.45305386208037746,-8.176788525910336,7.0,1.0,1.0,-14994.714551124202,14996.278554572882,-1.682268989536169,-1.7134017476619192,3.0,0.0,0.01863417142624574,0.01863417142624574,-7.29716731623914,-14986.022234598671,-14993.31940191491
57,17,0.45305386208037746,-8.176788525910336,7.0,1.0,0.5252797123470644,-14994.714551124202,14995.855533850494,0.0,1.3609456692338426,2.0,0.0,0.01863417142624574,0.01863417142624574,-7.29716731623914,-14986.022234598671,-14993.31940191491
58,17,0.45164154669409884,-8.160380025155444,3.0,1.0,0.9687143315821477,-14995.193677195617,14995.410760919387,0.0356892806939868,0.0356892806939868,2.0,0.0,0.01863417142624574,0.01863417142624574,-7.238697033460851,-14986.559287616097,-14993.797984649558
59,17,0.45274547388862224,-8.174652489245556,3.0,1.0,0.931129890151959,-14994.762516844092,14995.260086011567,-0.03670145565047278,0.14656765878498845,2.0,0.0,0.01863417142624574,0.01863417142624574,-7.2895404898387826,-14986.077709903084,-14993.367250392923
60,17,0.45729403331047663,-8.195094077332335,7.0,1.0,0.5823023921712375,-14994.825369248028,14995.734093846995,0.2558875704926322,1.1238168439795118,3.0,0.0,0.01863417142624574,0.01863417142624574,-7.362715306026774,-14986.06903764243,-14993.431752948456
61,17,0.45588611049555716,-8.257257544418174,7.0,1.0,0.7475194665341228,-14996.356031029227,14997.049740343831,0.6615211317621288,0.7274551427544793,2.0,0.0,0.01863417142624574,0.01863417142624574,-7.587809570007083,-14987.37411250254,-14994.961922072547
62,17,0.45768319948859854,-8.251603148383175,1.0,1.0,1.0,-14995.28697884275,14996.092907401515,-0.6717895906949707,-0.6717895906949707,1.0,0.0,0.01863417142624574,0.01863417142624574,-7.567175207825368,-14986.326320651036,-14993.893495858862
63,17,0.45545957907502954,-8.197092614410053,7.0,1.0,0.9859221063822732,-14994.431433590371,14995.086911905168,-0.2698102382255456,-0.2698102382255456,3.0,0.0,0.01863417142624574,0.01863417142624574,-7.369891899105036,-14985.66728028094,-14993.037172180046
64,17,0.4634084540438948,-8.259825921787934,5.0,1.0,0.6925877949177013,-14995.512224297836,14996.9236393197,0.12732651714031817,0.7159233995262184,2.0,0.0,0.01863417142624574,0.01863417142624574,-7.59719280681202,-14986.523366971438,-14994.12055977825
65,17,0.45433219779377626,-8.184000899818376,7.0,1.0,1.0,-14994.606185775585,14995.460375687657,-0.10933382135954162,-0.13010291835416865,3.0,0.0,0.01863417142624574,0.01863417142624574,-7.3229531723321655,-14985.888561058675,-14993.211514231007
66,17,0.44860929186188353,-8.191132602654399,15.0,1.0,0.6493982286672849,-14996.051646798167,14996.055976399222,0.9114552827541047,0.9114552827541047,3.0,0.0,0.01863417142624574,0.01863417142624574,-7.348501760076307,-14987.306230462069,-14994.654732222145
67,17,0.44860929186188353,-8.191132602654399,3.0,1.0,0.5825407966077145,-14996.051646798167,14998.160264817327,0.0,1.8424371325399989,1.0,0.0,0.01863417142624574,0.01863417142624574,-7.348501760076307,-14987.306230462069,-14994.654732222145
68,17,0.44785184459688315,-8.197992412736355,1.0,1.0,0.5519819810226693,-14996.8978521694,14998.053379165169,0.594239876312713,0.594239876312713,1.0,0.0,0.01863417142624574,0.01863417142624574,-7.373124309712849,-14988.127496183153,-14995.500620492867
69,17,0.46050320098937875,-8.24210790515645,5.0,1.0,0.6511625674114041,-14994.827082929802,14997.718292517842,-1.5069281867108657,2.1369310649533872,2.0,0.0,0.01863417142624574,0.01863417142624574,-7.532596519759446,-14985.901932510295,-14993.434529030053
70,17,0.46118226761267517,-8.258662293092803,3.0,1.0,0.9892060147064292,-14995.190525407743,14995.23034505095,-0.015249748881615233,-0.03829474953454337,2.0,0.0,0.01863417142624574,0.01863417142624574,-7.592940821542887,-14986.205244722407,-14993.79818554395
71,17,0.45833393046661447,-8.240389650990569,3.0,1.0,0.9751859285721788,-14994.719610705168,14995.596422554503,0.004096838158147875,0.0521789474387333,1.0,0.0,0.01863417142624574,0.01863417142624574,-7.526348812571123,-14985.799999062596,-14993.326347875167
72,17,0.4584830729138058,-8.238516457445073,1.0,1.0,1.0,-14994.664315724678,14994.719978868057,-0.020009387908430654,-0.020009387908430654,1.0,0.0,0.01863417142624574,0.01863417142624574,-7.519541097359848,-14985.751561767545,-14993.271102864905
73,17,0.45447936548836704,-8.21342837103922,7.0,1.0,0.9319009874307741,-14994.52976355323,14994.844149074865,0.08480429195878969,0.163904154969714,2.0,0.0,0.01863417142624574,0.01863417142624574,-7.4287020981989045,-14985.70644404053,-14993.13514613873
74,17,0.4584842685910435,-8.229972914913459,7.0,1.0,0.9971367324278796,-14994.529134202492,14995.123460688557,-0.0953225040302641,-0.0953225040302641,2.0,0.0,0.01863417142624574,0.01863417142624574,-7.4885359450170705,-14985.647385797582,-14993.135921742598
75,17,0.4674522315451971,-8.301413454055801,7.0,1.0,0.9164435387896654,-14997.253004630462,14997.268552811258,0.1372769825720752,0.16128678137101815,2.0,0.0,0.01863417142624574,0.01863417142624574,-7.750045681572606,-14988.112418155499,-14995.862463837071
76,17,0.4539746286482181,-8.198220562703353,7.0,1.0,0.9662369888473312,-14994.426585558453,14997.666302674297,-0.15733495098902495,0.18183853107620962,3.0,0.0,0.01863417142624574,0.01863417142624574,-7.373944038011517,-14985.657837717265,-14993.031781755277
77,17,0.4534841516882845,-8.181374799610762,3.0,1.0,0.9855810817200981,-14994.618083497699,14994.877143587557,0.00431010956344835,0.028211125745656318,1.0,0.0,0.01863417142624574,0.01863417142624574,-7.313558252452711,-14985.909538316415,-14993.223096568867
78,17,0.45915173455959807,-8.258482888086176,7.0,1.0,0.700194545808477,-14995.334827705596,14996.056017219313,0.16428087440544914,0.6334979050498077,2.0,0.0,0.01863417142624574,0.01863417142624574,-7.592285382860279,-14986.349551265559,-14993.941836648419
79,17,0.45915173455959807,-8.258482888086176,1.0,1.0,0.028067949026526044,-14995.334827705596,14998.384329544642,0.0,3.573126957664499,1.0,0.0,0.01863417142624574,0.01863417142624574,-7.592285382860279,-14986.349551265559,-14993.941836648419
80,17,0.45738466387438276,-8.203676354023374,7.0,1.0,0.7818907085808534,-14994.585513920945,14995.921960837386,-0.035673790369401104,0.6100462713257002,3.0,0.0,0.01863417142624574,0.01863417142624574,-7.393561853898661,-14985.798366925166,-14993.191928779064
81,17,0.4499223411623329,-8.23016776825317,5.0,1.0,0.3742571846384216,-14997.84180333267,14998.017895813126,2.089387147943853,2.089387147943853,2.0,0.0,0.01863417142624574,0.01863417142624574,-7.489242268918505,-14988.95618496461,-14996.44542723353
82,17,0.4494710066435181,-8.221115120239306,3.0,1.0,0.680304056048619,-14997.375113161497,14999.674385675267,-0.2900614844602387,3.1963277505019505,1.0,0.0,0.01863417142624574,0.01863417142624574,-7.456467416973185,-14988.522086159133,-14995.978553576106
83,17,0.45103213589059754,-8.227989111250542,3.0,1.0,0.6890731155237256,-14996.799110449512,14998.757383671606,-0.38964406142440566,2.699794177482545,1.0,0.0,0.01863417142624574,0.01863417142624574,-7.481347015824564,-14987.92183137191,-14995.403178387734
84,17,0.45553736330720795,-8.216679430853521,1.0,1.0,1.0,-14994.435909840488,14995.476992603002,-1.5299515184215124,-1.5299515184215124,1.0,0.0,0.01863417142624574,0.01863417142624574,-7.440438046078907,-14985.601238297339,-14993.041676343417
85,17,0.4596519425611747,-8.201481983880754,3.0,1.0,0.711430346875937,-14995.445402673842,14995.525298809527,0.6658650869449048,0.6658650869449048,1.0,0.0,0.01863417142624574,0.01863417142624574,-7.385667807035652,-14986.666907348055,-14994.05257515509
86,17,0.45775732441643613,-8.21371352446484,11.0,1.0,0.998641573588774,-14994.47602771867,14994.910954251873,-0.6396984112616337,-0.6636289139350993,3.0,0.0,0.01863417142624574,0.01863417142624574,-7.4297310460371335,-14985.652838941169,-14993.082569987206
87,17,0.45615422633795233,-8.234154865169325,7.0,1.0,0.9392519229809483,-14994.825719430293,14995.102520623599,0.13484936113309232,0.14364502194803208,2.0,0.0,0.01863417142624574,0.01863417142624574,-7.503703434070735,-14985.928002108607,-14993.431705542678
88,17,0.46037806062132114,-8.213914597399,3.0,1.0,0.7974408510967822,-14995.220031742827,14995.379780464973,0.33293449556003907,0.3572453562555893,2.0,0.0,0.01863417142624574,0.01863417142624574,-7.430456646649409,-14986.396981343165,-14993.827437989814
89,17,0.45977634201264217,-8.212854436628088,11.0,1.0,0.9995626391256849,-14995.02052606803,14995.123235177201,-0.12087589321890846,-0.5226503535141092,3.0,0.0,0.01863417142624574,0.01863417142624574,-7.426631359362613,-14986.201107544197,-14993.62773890356
90,17,0.45977634201264217,-8.212854436628088,3.0,1.0,0.6022681182401931,-14995.02052606803,14995.650066358112,0.0,0.956039167693234,1.0,0.0,0.01863417142624574,0.01863417142624574,-7.426631359362613,-14986.201107544197,-14993.62773890356
91,17,0.4607434860707313,-8.279447751060898,5.0,1.0,1.0,-14996.283940889238,14996.927083299426,-0.04746382361554424,-0.3705305118328397,2.0,0.0,0.01863417142624574,0.01863417142624574,-7.669096345803352,-14987.22236680906,-14994.891463154863
92,17,0.4502901582237515,-8.1895238915373,7.0,1.0,0.984470263724139,-14995.189696580566,14996.887080946788,0.010820848407092853,-0.3150811177583819,2.0,0.0,0.01863417142624574,0.01863417142624574,-7.342734276446848,-14986.450734495793,-14993.793468772239
93,17,0.4502901582237515,-8.1895238915373,1.0,1.0,0.2302516079755391,-14995.189696580566,14996.677664080456,0.0,1.4685826202639873,1.0,0.0,0.01863417142624574,0.01863417142624574,-7.342734276446848,-14986.450734495793,-14993.793468772239
94,17,0.4525676288739244,-8.173464316584532,15.0,1.0,0.777205474400461,-14994.791215403411,14995.398330595155,-0.37837918726654607,0.6891524402635696,3.0,0.0,0.01863417142624574,0.01863417142624574,-7.285300034429179,-14986.110580950068,-14993.395880984497
95,17,0.4570206357889783,-8.234916646719528,7.0,1.0,0.9076309895836431,-14994.69297801298,14995.991797583198,0.0714628021196404,0.18202546856628032,2.0,0.0,0.01863417142624574,0.01863417142624574,-7.50646821780087,-14985.792799097904,-14993.299267315706
96,17,0.45265023637486673,-8.192819622825654,7.0,1.0,0.9972027661301782,-14994.579386932754,14994.73768938663,-0.0232303750126448,-0.0904065842169075,3.0,0.0,0.01863417142624574,0.01863417142624574,-7.354552774025116,-14985.829531342586,-14993.18408411661
97,17,0.45265023637486673,-8.192819622825654,1.0,1.0,0.1925559490781998,-14994.579386932754,14995.734218192563,0.0,1.6473685229211696,1.0,0.0,0.01863417142624574,0.01863417142624574,-7.354552774025116,-14985.829531342586,-14993.18408411661
98,17,0.45265023637486673,-8.192819622825654,3.0,1.0,0.6266689194277847,-14994.579386932754,14995.86436607164,0.0,0.8863878403481067,1.0,0.0,0.01863417142624574,0.01863417142624574,-7.354552774025116,-14985.829531342586,-14993.18408411661
99,17,0.4506612151913879,-8.178433362289665,3.0,1.0,0.9628419996632407,-14994.94708380347,14995.00301272815,0.07605330769001739,0.07605330769001739,2.0,0.0,0.01863417142624574,0.01863417142624574,-7.303043396761081,-14986.247961065692,-14993.551004462453
100,17,0.45058335127175714,-8.167277140573578,11.0,1.0,0.7020286056213627,-14995.057270943107,14995.572329709728,-0.08019749213781324,0.7717645796237775,3.0,0.0,0.01863417142624574,0.01863417142624574,-7.26324151115782,-14986.397919030065,-14993.661160541224
101,17,0.4548208596666469,-8.198511129878325,7.0,1.0,0.9899470726696412,-14994.38965111744,14995.139413266388,-0.06316801262255467,-0.06316801262255467,2.0,0.0,0.01863417142624574,0.01863417142624574,-7.374988102723652,-14985.620170521674,-14992.995158624397
102,17,0.45725749489899953,-8.212078213790955,5.0,1.0,0.9322455949176783,-14994.425595063602,14994.571258102065,0.03759035312941705,0.13127047182206297,2.0,0.0,0.01863417142624574,0.01863417142624574,-7.423831293719045,-14985.60813488985,-14993.03196618357
103,17,0.4481440559090796,-8.146237181322425,7.0,1.0,0.9408072645659011,-14995.967253516526,14996.90868020535,0.0800336248739768,0.12503979856228398,2.0,0.0,0.01863417142624574,0.01863417142624574,-7.188516265927737,-14987.3816284681,-14994.570144734027
104,17,0.45431641208179563,-8.208532437485946,7.0,1.0,0.7127144065723375,-14994.46788668622,14996.876610293912,-0.08892747682875779,0.7240852702489065,2.0,0.0,0.01863417142624574,0.01863417142624574,-7.411048290964519,-14985.66216103395,-14993.073209324913
105,17,0.45452593763996124,-8.21277963875875,5.0,1.0,0.99381743491388,-14994.507881023204,14994.510512993595,0.02615548245375976,-0.06839647010565386,2.0,0.0,0.01863417142624574,0.01863417142624574,-7.426361515064781,-14985.686919186444,-14993.11328070151
106,17,0.4639144921331587,-8.260151271610075,7.0,1.0,0.9396137498418119,-14995.64815349679,14996.260425634753,0.1436499811734393,0.17260537906986428,2.0,0.0,0.01863417142624574,0.01863417142624574,-7.598381901331903,-14986.65825496649,-14994.256636867824
107,17,0.45247471696786523,-8.207759782299016,7.0,1.0,0.950754769692667,-14994.900894085376,14996.708735173592,0.09140032204595627,-0.20981909800502763,2.0,0.0,0.01863417142624574,0.01863417142624574,-7.40826443292853,-14986.097259621638,-14993.505524054566
108,17,0.4578964777233286,-8.196647811241347,7.0,1.0,0.959912673961603,-14994.954600596711,14995.071059480782,0.03277834320033435,-0.32703338076862565,3.0,0.0,0.01863417142624574,0.01863417142624574,-7.368294299552056,-14986.1928958503,-14993.561190149852
109,17,0.4578964777233286,-8.196647811241347,1.0,1.0,0.017312583179377877,-14994.954600596711,14998.158306987578,0.0,4.056321690461118,1.0,0.0,0.01863417142624574,0.01863417142624574,-7.368294299552056,-14986.1928958503,-14993.561190149852
110,17,0.4528719775753648,-8.203589547580993,3.0,1.0,1.0,-14994.672622110207,14994.785365467047,-0.18711099130450748,-0.2851434700041864,2.0,0.0,0.01863417142624574,0.01863417142624574,-7.393249484148008,-14985.884154363117,-14993.277403847265
111,17,0.45301499618365526,-8.171552099955347,7.0,1.0,0.7289423093670871,-14994.866571524015,14995.325679712407,-0.1201831828111608,0.6940367920469726,3.0,0.0,0.01863417142624574,0.01863417142624574,-7.278478511341048,-14986.192929070521,-14993.471407581863
112,17,0.45464996492841325,-8.184079834873959,3.0,1.0,0.9601453974912948,-14994.63835766839,14995.084140670198,0.015167606814429746,0.11038494978129165,1.0,0.0,0.01863417142624574,0.01863417142624574,-7.323235670648857,-14985.920567109493,-14993.243802780142
113,17,0.4498141372219732,-8.14125606938248,3.0,1.0,0.8771940840013889,-14996.013539078014,14998.243310353366,0.019239982086219243,0.2496234819336678,1.0,0.0,0.01863417142624574,0.01863417142624574,-7.170890220575213,-14987.446228921988,-14994.617119142564
114,17,0.45090868638102716,-8.168979957980715,7.0,1.0,0.9934169885983556,-14994.984344359958,14996.485584510408,-0.06636237412021728,-0.09999821626479388,2.0,0.0,0.01863417142624574,0.01863417142624574,-7.269308578679734,-14986.319054827949,-14993.588363406629
115,17,0.4553800846182375,-8.185901153566036,7.0,1.0,0.9187020066186367,-14994.693954283895,14995.185027082203,0.08517013952587149,0.17123590288792911,2.0,0.0,0.01863417142624574,0.01863417142624574,-7.3297556642905155,-14985.969908631085,-14993.299664295375
116,17,0.45337708497398455,-8.182400168452988,11.0,1.0,0.8567629091015242,-14994.594967946616,14994.902241437978,-0.12059869257791433,0.4089727911850787,3.0,0.0,0.01863417142624574,0.01863417142624574,-7.317225706927577,-14985.88271507356,-14993.199940780487
117,17,0.45337708497398455,-8.182400168452988,1.0,1.0,0.5292680922895749,-14994.594967946616,14995.00869335607,0.0,0.6362601847813494,1.0,0.0,0.01863417142624574,0.01863417142624574,-7.317225706927577,-14985.88271507356,-14993.199940780487
118,17,0.4576935704179302,-8.189279868849654,7.0,1.0,0.7111030170365141,-14995.216067936968,14995.56835281614,0.503072966437685,0.5708382224911475,2.0,0.0,0.01863417142624574,0.01863417142624574,-7.341859642595682,-14986.48072884629,-14993.822588488887
119,17,0.4554660788668709,-8.21046818257341,5.0,1.0,0.8156723615131167,-14994.370435690027,14995.168392630792,-0.5174338672004524,0.6592218159603362,2.0,0.0,0.01863417142624574,0.01863417142624574,-7.418025355295729,-14985.558151258787,-14992.976176614082
120,17,0.4560643397543991,-8.22775128203965,7.0,1.0,0.7784660761000642,-14994.619165283648,14994.881907259462,0.10283115252968855,0.4982362083701446,2.0,0.0,0.01863417142624574,0.01863417142624574,-7.48048543193973,-14985.744634157512,-14993.225119589451
121,17,0.458996851766408,-8.219946404236936,11.0,1.0,0.4098697289484168,-14994.625704656268,14996.287060079088,0.02884126031312917,2.434167645593334,3.0,0.0,0.01863417142624574,0.01863417142624574,-7.452242087213383,-14985.780420460347,-14993.23266254756
122,17,0.4598428795500479,-8.244682453253587,7.0,1.0,0.9818919896564401,-14994.802862251856,14995.464184505014,-0.11343078779282223,-0.11343078779282223,2.0,0.0,0.01863417142624574,0.01863417142624574,-7.541963304992688,-14985.868133314872,-14993.410096619866
123,17,0.4598428795500479,-8.244682453253587,1.0,1.0,0.18927828502812016,-14994.802862251856,14995.785230948295,0.0,1.6645369392954308,1.0,0.0,0.01863417142624574,0.01863417142624574,-7.541963304992688,-14985.868133314872,-14993.410096619866
124,17,0.461499237539691,-8.241277318846794,1.0,1.0,0.8651656272948702,-14995.017562404078,14995.051433700324,0.14483431373810163,0.14483431373810163,1.0,0.0,0.01863417142624574,0.01863417142624574,-7.529576074017644,-14986.095745086395,-14993.625321160413
125,17,0.4611715203936123,-8.282765603570397,3.0,1.0,0.8576362926744623,-14996.419628277801,14997.733779743394,0.19638312114329892,0.28606802467220405,1.0,0.0,0.01863417142624574,0.01863417142624574,-7.68129256091586,-14987.345992494924,-14995.02728505584
126,17,0.45959048275459513,-8.233968713338069,7.0,1.0,0.5670139993859661,-14994.657814336992,14996.804245805923,-0.3236641188359499,1.2859191365078004,3.0,0.0,0.01863417142624574,0.01863417142624574,-7.5030279092533565,-14985.761938925278,-14993.264966834531
127,17,0.45446167552888705,-8.16456804850544,7.0,1.0,0.7405460252692194,-14995.451775824175,14995.975973366803,0.33498289775343437,0.5491876972937462,2.0,0.0,0.01863417142624574,0.01863417142624574,-7.253595105051212,-14986.803556807434,-14994.057151912484
128,17,0.45446167552888705,-8.16456804850544,1.0,1.0,0.0970936281949609,-14995.451775824175,14997.880040538554,0.0,2.3320795268991787,1.0,0.0,0.01863417142624574,0.01863417142624574,-7.253595105051212,-14986.803556807434,-14994.057151912484
129,17,0.4545570642878063,-8.202380812729656,3.0,1.0,1.0,-14994.389080805495,14996.42248518719,-0.3742249623119278,-0.3742249623119278,1.0,0.0,0.01863417142624574,0.01863417142624574,-7.388900679775894,-14985.605591218136,-14992.994491897913
130,17,0.45754163373262735,-8.194569970732434,1.0,1.0,0.7137845653669651,-14994.921632198659,14994.927464503433,0.33717409134987975,0.33717409134987975,1.0,0.0,0.01863417142624574,0.01863417142624574,-7.360833940566043,-14986.16726692166,-14993.528100862226
131,17,0.4532673213496077,-8.204692501855618,7.0,1.0,0.9386945846040737,-14994.600274402885,14995.946853170019,-0.21759960091912944,0.2688856529421173,3.0,0.0,0.01863417142624574,0.01863417142624574,-7.397218984418836,-14985.80798690378,-14993.205205888198
132,17,0.45693933867874975,-8.228749248459534,7.0,1.0,0.9578424613415686,-14994.533149482444,14995.84847413274,-0.09865858140074124,0.18404031915451924,3.0,0.0,0.01863417142624574,0.01863417142624574,-7.484101144195385,-14985.655309453083,-14993.139410597278
133,17,0.4547510540416983,-8.182536250469951,5.0,1.0,0.9498983732336056,-14994.699562222486,14995.291515389166,0.06468034265162714,0.09997467772518576,2.0,0.0,0.01863417142624574,0.01863417142624574,-7.31771251285789,-14985.987331758852,-14993.30504427171
134,17,0.4627098720133593,-8.262377483787265,7.0,1.0,0.9741305391445311,-14995.411114475603,14995.93040777475,-0.03234091439480835,-0.10198323203803739,2.0,0.0,0.01863417142624574,0.01863417142624574,-7.606521142742443,-14986.412721230441,-14994.019242373184
135,17,0.4636815014636401,-8.272752589842748,3.0,1.0,0.9880551018980803,-14995.7793915154,14996.225809884358,0.0033934884959307965,0.031358396636278485,2.0,0.0,0.01863417142624574,0.01863417142624574,-7.644518877736824,-14986.743288175256,-14994.387807052992
136,17,0.4636815014636401,-8.272752589842748,1.0,1.0,0.6428724181211317,-14995.7793915154,14996.180980043879,0.0,0.44180899103957927,1.0,0.0,0.01863417142624574,0.01863417142624574,-7.644518877736824,-14986.743288175256,-14994.387807052992
137,17,0.4651906153015371,-8.273472988091157,1.0,1.0,0.8791040515999717,-14996.092906235428,14996.140739808938,0.12885201333119767,0.12885201333119767,1.0,0.0,0.01863417142624574,0.01863417142624574,-7.647161257163277,-14987.054592060396,-14994.70175331756
138,17,0.4651949767152243,-8.256010979222197,3.0,1.0,0.7314921106153024,-14996.166923598352,14997.214349124382,0.39468430921078834,0.6528048189193214,2.0,0.0,0.01863417142624574,0.01863417142624574,-7.58325778197579,-14987.192514118891,-14994.775771900868
139,17,0.45420789616206125,-8.240506675792092,7.0,1.0,0.9624437149447402,-14995.881284855552,14996.656436262365,0.2693719684393727,-0.5179977378902549,3.0,0.0,0.01863417142624574,0.01863417142624574,-7.5267742302549125,-14986.959793222657,-14994.486567452912
140,17,0.46017636245469634,-8.222015382626898,3.0,1.0,1.0,-14994.901409744709,14995.36501757548,-0.5797255003853934,-0.8615909004529385,1.0,0.0,0.01863417142624574,0.01863417142624574,-7.4597231214292785,-14986.049028367037,-14993.508751488465
141,17,0.4504006861400093,-8.175686435481849,7.0,1.0,0.9298360780360557,-14995.0115748764,14997.017218462768,-0.17111328231658263,-0.25024364711316593,3.0,0.0,0.01863417142624574,0.01863417142624574,-7.293231677154158,-14986.32215973398,-14993.615391411135
142,17,0.4485211310001865,-8.165816687056825,3.0,1.0,0.9085769570479488,-14995.572640132888,14995.882449705918,0.16754840750945732,0.16754840750945732,2.0,0.0,0.01863417142624574,0.01863417142624574,-7.258040285991183,-14986.917648606606,-14994.175688892597
143,17,0.4567278813463765,-8.179999332193328,3.0,1.0,0.8966590445027922,-14995.335836528484,14995.936547612902,0.20926688136205485,0.20926688136205485,2.0,0.0,0.01863417142624574,0.01863417142624574,-7.308640245483904,-14986.63338382668,-14993.942024072165
144,17,0.45381299621623844,-8.190661136846098,1.0,1.0,1.0,-14994.46967822835,14994.851661631494,-0.5166932768097467,-0.5166932768097467,1.0,0.0,0.01863417142624574,0.01863417142624574,-7.346811212546999,-14985.728003083297,-14993.074814295844
145,17,0.4557538625743,-8.220065542142878,7.0,1.0,0.8911743800017733,-14994.472501450253,14994.840029870118,0.048241374192002695,0.182685695022883,2.0,0.0,0.01863417142624574,0.01863417142624574,-7.452672751179396,-14985.625672632867,-14993.078345384047
146,17,0.4561152860148643,-8.228132110819246,3.0,1.0,0.9696862888881789,-14994.622049727155,14994.635505779888,0.05749916464628768,0.05749916464628768,2.0,0.0,0.01863417142624574,0.01863417142624574,-7.481865087592807,-14985.746156980942,-14993.228022068535
147,17,0.4568286288232893,-8.227429578658587,1.0,1.0,1.0,-14994.513766046635,14994.604230875828,-0.07402317282503645,-0.07402317282503645,1.0,0.0,0.01863417142624574,0.01863417142624574,-7.479320087099488,-14985.640668601342,-14993.11998868844
148,17,0.45686832980927644,-8.188672956566913,5.0,1.0,0.7709852082889794,-14994.955296606002,14995.495895186383,0.30909789573706803,0.5855631933227414,2.0,0.0,0.01863417142624574,0.01863417142624574,-7.339684586577721,-14986.221848469339,-14993.561533055916
149,17,0.45505389027967585,-8.166865959325207,3.0,1.0,0.8102398205003801,-14995.500161504082,14996.35749166472,0.11185462816865765,0.6226044227896637,1.0,0.0,0.01863417142624574,0.01863417142624574,-7.261776924108413,-14986.84397678265,-14994.105753706757
150,17,0.45921655440930786,-8.230395480005065,7.0,1.0,0.5152012698567913,-14994.59995314905,14997.164251611779,-0.44462953788206505,1.743162814544121,2.0,0.0,0.01863417142624574,0.01863417142624574,-7.490067749394901,-14985.716915649886,-14993.206983399281
51,18,0.45212017445216046,-8.150207495758673,7.0,1.0,0.9940217479130615,-14995.74203622815,14997.777870135611,0.0021603494187729666,0.018746299654594623,2.0,0.0,0.00687214286897105,0.00687214286897105,-7.202583297037397,-14987.143946356779,-14994.346529653816
52,18,0.4534150923970329,-8.147368165958829,1.0,1.0,0.8173042265450147,-14996.270736309603,14996.374175946212,0.20174388312261726,0.20174388312261726,1.0,0.0,0.014764307733176248,0.014764307733176248,-7.192521797859062,-14987.683201640159,-14994.875723438017
53,18,0.44837814070616594,-8.158448425725233,3.0,1.0,0.9910739033784739,-14995.661489353506,14996.523918900924,-0.2082121250750788,-0.2082121250750788,2.0,0.0,0.014764307733176248,0.014764307733176248,-7.231831657699414,-14987.03264685233,-14994.264478510031
54,18,0.4561520268033691,-8.221347259253598,7.0,1.0,0.9578626710119797,-14994.454231819607,14996.254638685767,-0.12244379914955061,0.13559601341148664,2.0,0.0,0.014764307733176248,0.014764307733176248,-7.457306845810217,-14985.60291030866,-14993.06021715447
55,18,0.4561520268033691,-8.221347259253598,3.0,1.0,0.5305108952184528,-14994.454231819607,14996.21558483107,0.0,1.2140277463931852,1.0,0.0,0.014764307733176248,0.014764307733176248,-7.457306845810217,-14985.60291030866,-14993.06021715447
56,18,0.44921771230941604,-8.125187360180808,7.0,1.0,0.9288662744220667,-14996.982391859936,14997.904643374974,0.12413872140859894,0.14020270747278119,2.0,0.0,0.014764307733176248,0.014764307733176248,-7.114198986510514,-14988.471529577248,-14995.585728563758
57,18,0.4442940190034475,-8.131554148812498,3.0,1.0,0.7931619036143863,-14997.644282254265,14997.915672560775,0.2406466067150177,0.33025020614877576,2.0,0.0,0.014764307733176248,0.014764307733176248,-7.136630459837257,-14989.10886712792,-14996.245497587757
58,18,0.45087999716870497,-8.172414894849574,3.0,1.0,0.9437684811004501,-14994.93790299108,14997.764483920793,-0.3684912127901043,-0.3684912127901043,2.0,0.0,0.014764307733176248,0.014764307733176248,-7.281555939654796,-14986.260354717906,-14993.541910657561
59,18,0.45855369406069674,-8.21257496346464,15.0,1.0,0.9664059429680428,-14994.652679564073,14995.276335152776,0.07160868134269549,0.07160868134269549,4.0,0.0,0.014764307733176248,0.014764307733176248,-7.425623147484988,-14985.833867155075,-14993.25949030256
60,18,0.4543168963428934,-8.20862607270661,7.0,1.0,0.9815833794682549,-14994.469217868096,14994.738807776817,-0.06804915820248425,-0.10901083265707712,2.0,0.0,0.014764307733176248,0.014764307733176248,-7.411385696967845,-14985.663154988293,-14993.07454068526
61,18,0.4576986372359318,-8.208484478052592,5.0,1.0,0.9828477542101112,-14994.545975948611,14994.579997718738,0.030737970299014705,0.04060617127106525,2.0,0.0,0.014764307733176248,0.014764307733176248,-7.41087547690282,-14985.74162275076,-14993.152498227662
62,18,0.4623672522775579,-8.228942157514133,7.0,1.0,0.8582194228162573,-14995.564435458553,14996.98925137141,0.33119960491785605,0.35380691133468645,2.0,0.0,0.014764307733176248,0.014764307733176248,-7.484800184013543,-14986.687659912242,-14994.172460096255
63,18,0.46178177972654116,-8.230507038969511,1.0,1.0,1.0,-14995.266625108221,14995.694368903427,-0.12473170000157552,-0.12473170000157552,1.0,0.0,0.014764307733176248,0.014764307733176248,-7.490472181997288,-14986.383998901314,-14993.87447108331
64,18,0.4568163256817634,-8.196882901573803,11.0,1.0,0.9998999567594257,-14994.6427656771,14995.163880281574,-0.16465745840650925,-0.26602647345134756,3.0,0.0,0.014764307733176248,0.014764307733176248,-7.369138648854717,-14985.879845388366,-14993.248984037222
65,18,0.4548198138337761,-8.19239150626141,3.0,1.0,0.9752629149832392,-14994.462978644084,14994.767127680507,-0.09364711789203284,-0.09364711789203284,2.0,0.0,0.014764307733176248,0.014764307733176248,-7.353016933516401,-14985.715468836408,-14993.068485769925
66,18,0.4524665654818833,-8.18342122147196,3.0,1.0,0.9987175773849737,-14994.621762143106,14994.638179998017,0.0038546876166947186,-0.007949643761094194,2.0,0.0,0.014764307733176248,0.014764307733176248,-7.320878769675364,-14985.905510214878,-14993.226388984553
67,18,0.45615451710298976,-8.209979792697814,7.0,1.0,0.9875257175961735,-14994.359000135135,14994.989214905461,-0.01530124150303891,0.0270541918289382,2.0,0.0,0.014764307733176248,0.014764307733176248,-7.416264683518026,-14985.548721666783,-14992.9649863503
68,18,0.4575663443011617,-8.205141648802638,3.0,1.0,0.6268457137719655,-14994.590028639353,14995.684793753244,0.09568154255066474,0.823010639011045,2.0,0.0,0.014764307733176248,0.014764307733176248,-7.3988357997442264,-14985.797669955007,-14993.196505754751
69,18,0.4535584945071919,-8.22150689157007,5.0,1.0,0.8287391385019678,-14995.051240062607,14995.444753514177,0.17725438161323837,0.30917830147518544,2.0,0.0,0.014764307733176248,0.014764307733176248,-7.457884117274437,-14986.198396900292,-14993.656281017567
70,18,0.45444419739439673,-8.218877962806696,3.0,1.0,0.8717459260155372,-14994.68152708841,14995.713997806217,-0.14913585005888308,0.3029388816248684,2.0,0.0,0.014764307733176248,0.014764307733176248,-7.448380481324305,-14985.838516273485,-14993.28689675481
71,18,0.45590751027630505,-8.2152806189092,3.0,1.0,1.0,-14994.386811776463,14994.563881769569,-0.11888756805456069,-0.12468499598980998,2.0,0.0,0.014764307733176248,0.014764307733176248,-7.43538720214759,-14985.55732322723,-14992.992710429378
72,18,0.45227331646953745,-8.2188441169264,3.0,1.0,0.7412770915442409,-14995.456152880619,14995.476695553838,0.4395023054385092,0.4395023054385092,1.0,0.0,0.014764307733176248,0.014764307733176248,-7.448258172776239,-14986.612447239266,-14994.060705412043
73,18,0.4573920540077622,-8.23530880094713,7.0,1.0,0.8766933141857611,-14994.657762572806,14995.867484745178,-0.4063399325550563,-0.42410809991997667,2.0,0.0,0.014764307733176248,0.014764307733176248,-7.507891715113041,-14985.75628825349,-14993.264179968603
74,18,0.4534367053517482,-8.202894692520825,11.0,1.0,0.9946472059041334,-14994.535591078386,14994.763645128734,0.02041969180390879,-0.04193420548836002,3.0,0.0,0.014764307733176248,0.014764307733176248,-7.390749345657777,-14985.749836984456,-14993.140586330113
75,18,0.45930741971463196,-8.208969238183968,7.0,1.0,0.8038870220596446,-14994.982327078897,14995.593649329656,0.18718492923471786,0.5214143566699931,2.0,0.0,0.014764307733176248,0.014764307733176248,-7.412622337508625,-14986.176764802893,-14993.5893871404
76,18,0.450938366798997,-8.213978561397658,7.0,1.0,0.7677156277423336,-14995.871848704799,14996.510668019939,0.36452693582032225,0.7781118392431381,2.0,0.0,0.014764307733176248,0.014764307733176248,-7.430687478417793,-14987.04519203929,-14994.475879517708
77,18,0.45841644897213274,-8.182351413107606,9.0,1.0,1.0,-14995.961760519522,14996.100802770186,-0.005404978091974044,-0.6126034938806697,3.0,0.0,0.014764307733176248,0.014764307733176248,-7.317051299032812,-14987.251474060795,-14994.568525359828
78,18,0.4501831871037463,-8.196012642161007,3.0,1.0,1.0,-14995.42083845362,14995.870591372397,-0.22078296033214428,-0.5903912912417582,2.0,0.0,0.014764307733176248,0.014764307733176248,-7.366013305731642,-14986.658554327592,-14994.024567633323
79,18,0.44799105287107555,-8.204363504825023,1.0,1.0,0.4737771836570936,-14997.21411844475,14997.544740860998,0.7470181444805348,0.7470181444805348,1.0,0.0,0.014764307733176248,0.014764307733176248,-7.396034806384879,-14988.42091059606,-14995.816945402445
80,18,0.4504939242179607,-8.201367774680724,1.0,1.0,1.0,-14995.477085426053,14996.82710372321,-0.7028279250171181,-0.7028279250171181,1.0,0.0,0.014764307733176248,0.014764307733176248,-7.385257081664029,-14986.69568220734,-14994.080939289004
81,18,0.4503515427514796,-8.15297450164434,7.0,1.0,0.7074995150614081,-14995.477239311815,14998.015874396937,-0.3541449932326941,1.0235197622387204,3.0,0.0,0.014764307733176248,0.014764307733176248,-7.212396264299229,-14986.86863987868,-14994.08103614298
82,18,0.4513511799196941,-8.134406104309972,3.0,1.0,0.8155326422415502,-14996.655422552156,14997.154043155546,0.21403681448828138,0.31007903352838184,2.0,0.0,0.014764307733176248,0.014764307733176248,-7.146691616791321,-14988.112924648189,-14995.25961626498
83,18,0.46301307686974363,-8.250394034165884,11.0,1.0,1.0,-14995.394755665582,14997.542632438834,-0.08340778346064326,-0.23633321983288624,3.0,0.0,0.014764307733176248,0.014764307733176248,-7.562766984866734,-14986.440207162717,-14994.002974147585
84,18,0.4623698256781198,-8.240920726896773,7.0,1.0,0.8313543570363606,-14995.277258111331,14996.265237069387,0.04798601979382511,0.45307589867297793,3.0,0.0,0.014764307733176248,0.014764307733176248,-7.528279531063561,-14986.357003997111,-14993.885283528174
85,18,0.46670521950433147,-8.317961619887503,7.0,1.0,0.8893827057391405,-14998.135050108554,15000.360964854288,-0.04100232459495601,0.3813825771030679,2.0,0.0,0.014764307733176248,0.014764307733176248,-7.811348649023101,-14988.93296306869,-14996.744311717714
86,18,0.46658934642058114,-8.280438199262468,3.0,1.0,0.9693826108377652,-14996.580892098995,14998.380928085195,0.023291649429665995,0.07131306975134066,2.0,0.0,0.014764307733176248,0.014764307733176248,-7.672736017903567,-14987.517386634607,-14995.19012265251
87,18,0.46676941853516857,-8.268137259330281,3.0,1.0,0.7057171021773981,-14996.706595007177,14998.26231300423,0.23077951250525075,0.5607199297792249,2.0,0.0,0.014764307733176248,0.014764307733176248,-7.627602423399198,-14987.688271352332,-14995.315873775731
88,18,0.4508064350252786,-8.137937336362786,19.0,1.0,0.9954342007618023,-14996.294851642118,14996.863502866681,-0.25128901160132955,-0.4041764664307266,4.0,0.0,0.014764307733176248,0.014764307733176248,-7.159160402587943,-14987.739669695045,-14994.898830097633
89,18,0.46191110784133926,-8.230201269267646,11.0,1.0,0.9200267256815748,-14995.326299690807,14996.841875711729,0.15013682736753253,0.21546638796462503,3.0,0.0,0.014764307733176248,0.014764307733176248,-7.489363710576144,-14986.44482166114,-14993.934185371716
90,18,0.451752785924261,-8.202682206100015,7.0,1.0,0.9867179837796546,-14994.993754394827,14995.60653454843,-0.05995023405921529,-0.2807774671327934,2.0,0.0,0.014764307733176248,0.014764307733176248,-7.38998490062956,-14986.208120338446,-14993.598105239076
91,18,0.45502738842729223,-8.191713583452735,3.0,1.0,0.7587808670935167,-14994.491101582316,14995.86760232477,-0.2179105563154735,0.6155341199191753,2.0,0.0,0.014764307733176248,0.014764307733176248,-7.350585304153289,-14985.74609887109,-14993.096684175243
92,18,0.45011864939524016,-8.174643779572873,7.0,1.0,0.8413195174011036,-14995.083558383718,14995.556975386857,0.090326859986817,0.36550892714512884,3.0,0.0,0.014764307733176248,0.014764307733176248,-7.289509400854204,-14986.397752167013,-14993.687261567868
93,18,0.45613471398007277,-8.188256493469092,7.0,1.0,0.7511148747618673,-14994.770626009005,14996.194963338434,0.01753108975390205,0.6780945748541853,3.0,0.0,0.014764307733176248,0.014764307733176248,-7.338192276633592,-14986.038412945883,-14993.376605222516
94,18,0.45613471398007277,-8.188256493469092,3.0,1.0,0.8978651498553746,-14994.770626009005,14995.142740538586,0.0,0.15992769087824854,1.0,0.0,0.014764307733176248,0.014764307733176248,-7.338192276633592,-14986.038412945883,-14993.376605222516
95,18,0.4581240002959895,-8.194175190742763,3.0,1.0,0.884163606252188,-14995.14520604214,14995.437704245134,0.17910317780115292,0.17910317780115292,1.0,0.0,0.014764307733176248,0.014764307733176248,-7.359416995281716,-14986.392455571799,-14993.75187256708
96,18,0.4518174044361062,-8.202789438751989,3.0,1.0,1.0,-14994.973815030133,14995.09512816988,-0.07424194039231224,-0.31055835162806034,2.0,0.0,0.014764307733176248,0.014764307733176248,-7.390370677133406,-14986.187820355795,-14993.578191032928
97,18,0.45760388260204704,-8.209844091697045,7.0,1.0,0.8758410603377415,-14994.50412066568,14995.388646358522,-0.17770062680210685,0.32231167809368344,2.0,0.0,0.014764307733176248,0.014764307733176248,-7.415775516454196,-14985.69483509441,-14993.110610610864
98,18,0.45479352611299834,-8.209586705660234,3.0,1.0,0.9934982397056121,-14994.418384608929,14994.526496268883,-0.03302789286863117,-0.03302789286863117,2.0,0.0,0.014764307733176248,0.014764307733176248,-7.414847756847395,-14985.609034395398,-14993.023882152245
99,18,0.4568701951617854,-8.180620571660551,7.0,1.0,0.8189921780183786,-14995.355929843197,14995.446976028306,0.31714255744373077,0.3446675277300528,2.0,0.0,0.014764307733176248,0.014764307733176248,-7.310861263407346,-14986.651305678162,-14993.96216694157
100,18,0.4524087493422448,-8.174108006323578,15.0,1.0,0.9102088793562443,-14994.775700305665,14995.852285058289,-0.3254860167053266,-0.3254860167053266,4.0,0.0,0.014764307733176248,0.014764307733176248,-7.287597115915184,-14986.092707831349,-14993.380304947264
101,18,0.45862217239046915,-8.197514678798301,7.0,1.0,0.7435175372914611,-14995.186474203027,14995.877518287063,0.3200025148671557,0.4878136985571473,3.0,0.0,0.014764307733176248,0.014764307733176248,-7.371408010716596,-14986.421899774132,-14993.793307784848
102,18,0.4548736813857557,-8.187003849479646,3.0,1.0,0.9282503945637247,-14994.584741914787,14995.549409062503,-0.2905129922892229,-0.2905129922892229,2.0,0.0,0.014764307733176248,0.014764307733176248,-7.333704729665342,-14985.856563929317,-14993.190268658982
103,18,0.45749324318279105,-8.198031629208424,7.0,1.0,0.9444664529303418,-14994.777529378787,14994.9333871369,0.12375586197049415,0.13360513900988735,3.0,0.0,0.014764307733176248,0.014764307733176248,-7.373265208294321,-14986.010716268434,-14993.383981476729
104,18,0.4627226005060344,-8.187410952011492,1.0,1.0,0.20641869489772713,-14998.67804492416,14998.717734312842,1.577848673421613,1.577848673421613,1.0,0.0,0.014764307733176248,0.014764307733176248,-7.335162986084634,-14989.951013653414,-14997.286176639498
105,18,0.4483689540026034,-8.216607172546109,3.0,1.0,1.0,-14997.885552008463,14998.380855635114,-0.3131672420313407,-1.7191488238368038,2.0,0.0,0.014764307733176248,0.014764307733176248,-7.440177087144302,-14989.048360242743,-14996.488537329888
106,18,0.4550676217678136,-8.198753462989579,3.0,1.0,0.8797983174728423,-14994.390605482637,14997.208292101133,-1.428398581330839,-1.428398581330839,2.0,0.0,0.014764307733176248,0.014764307733176248,-7.37585891757705,-14985.6203437446,-14992.996202662178
107,18,0.4514968296552661,-8.19870387409599,3.0,1.0,0.49195627755706184,-14994.971317118754,14996.638953276328,0.21899983762705233,1.2930402460733603,2.0,0.0,0.014764307733176248,0.014764307733176248,-7.375680716987854,-14986.199887254556,-14993.575567971544
108,18,0.4527112453196134,-8.186571921515139,3.0,1.0,0.956305655023229,-14994.5739638877,14995.160711863444,-0.20204243100488384,-0.20204243100488384,2.0,0.0,0.014764307733176248,0.014764307733176248,-7.332157728822748,-14985.84652664664,-14993.178684375462
109,18,0.46134259902097313,-8.24726016735708,7.0,1.0,0.9708507052416425,-14994.995554383864,14995.79971954207,0.03962995035908534,0.05745697432212182,2.0,0.0,0.014764307733176248,0.014764307733176248,-7.551348249398854,-14986.051916257504,-14993.603264506903
110,18,0.45401385920451853,-8.228155567682766,7.0,1.0,0.5607499512583326,-14995.202794825507,14997.31608315859,0.27358651110080245,1.2615333068879409,2.0,0.0,0.014764307733176248,0.014764307733176248,-7.481950071191328,-14986.326055513075,-14993.808005584266
111,18,0.45930224834841066,-8.22820316460946,7.0,1.0,0.9754053773358133,-14994.614030110883,14995.273749760881,-0.27689094345441845,-0.27689094345441845,2.0,0.0,0.014764307733176248,0.014764307733176248,-7.482122515293692,-14985.73896596227,-14993.221088477563
112,18,0.4607385239522424,-8.225351014033496,1.0,1.0,0.8495307749675088,-14995.009678642613,14995.03624072152,0.16307111137211905,0.16307111137211905,1.0,0.0,0.014764307733176248,0.014764307733176248,-7.47179314707843,-14986.14540619303,-14993.61719934011
113,18,0.46209723548465764,-8.223409446990384,1.0,1.0,0.7750426185842094,-14995.639201821163,14995.800629665582,0.25483725941921875,0.25483725941921875,1.0,0.0,0.014764307733176248,0.014764307733176248,-7.464766208133884,-14986.782378199145,-14994.247144407278
114,18,0.4647628576587191,-8.245947983099859,7.0,1.0,0.9178404779662007,-14996.20632626411,14997.78287569506,0.04252966330386698,-0.4249422050525027,2.0,0.0,0.014764307733176248,0.014764307733176248,-7.54657001717568,-14987.268482886342,-14994.815052903517
115,18,0.4575937408017979,-8.263078712298734,3.0,1.0,1.0,-14996.067318213605,14996.523662263318,-0.09369427141609776,-0.28860518287547166,2.0,0.0,0.014764307733176248,0.014764307733176248,-7.609085926632723,-14987.064718767042,-14994.673804693675
116,18,0.4596878805809192,-8.256121723997374,3.0,1.0,1.0,-14995.152450820437,14995.732854674954,-0.3482478011283092,-0.3898382229363051,2.0,0.0,0.014764307733176248,0.014764307733176248,-7.583662099650849,-14986.175972873034,-14993.759634972685
117,18,0.4514894733808335,-8.20812284939655,7.0,1.0,0.7193870464275154,-14995.299208245246,14996.832790368162,0.31566520701744594,0.7172596001109923,2.0,0.0,0.014764307733176248,0.014764307733176248,-7.40957248058573,-14986.493883735688,-14993.903456216274
118,18,0.45911169677764324,-8.236501521572151,7.0,1.0,0.9834889134452315,-14994.63487796409,14995.517002845781,-0.3681831766189134,-0.3681831766189134,2.0,0.0,0.014764307733176248,0.014764307733176248,-7.512222167602031,-14985.729651561063,-14993.241873728666
119,18,0.4510930591055015,-8.184152995550583,7.0,1.0,0.7190533268885719,-14994.858906863003,14997.330289088912,0.0832920406392077,0.5095351799773198,2.0,0.0,0.014764307733176248,0.014764307733176248,-7.3234975087765894,-14986.139501374533,-14993.46299888331
120,18,0.4510930591055015,-8.184152995550583,1.0,1.0,0.6389128933888063,-14994.858906863003,14995.627337296968,0.0,0.44798715097203967,1.0,0.0,0.014764307733176248,0.014764307733176248,-7.3234975087765894,-14986.139501374533,-14993.46299888331
121,18,0.4583891791178044,-8.205182244182499,7.0,1.0,0.9479846176864912,-14994.803838805343,14995.508493604682,0.08146599723841064,0.15536243649330572,2.0,0.0,0.014764307733176248,0.014764307733176248,-7.398981942777242,-14986.011612564831,-14993.410594507608
122,18,0.4575652307626845,-8.200901307979471,3.0,1.0,0.9835924666748824,-14994.704144487723,14994.953886144429,-0.04243003029296233,-0.0992377166312508,1.0,0.0,0.014764307733176248,0.014764307733176248,-7.383579684033369,-14985.927041538327,-14993.310621222361
123,18,0.4540533119698276,-8.201252380193253,3.0,1.0,0.8947252261693861,-14994.428537858357,14995.078503743063,-0.12029937673105451,0.252776732259008,2.0,0.0,0.014764307733176248,0.014764307733176248,-7.38484210694438,-14985.648921141848,-14993.033763248794
124,18,0.45147182391954027,-8.18175026140843,7.0,1.0,0.9859821535841521,-14994.771949166117,14994.785757039705,0.038644023345113965,0.038644023345113965,3.0,0.0,0.014764307733176248,0.014764307733176248,-7.314901051151553,-14986.06128917015,-14993.376190221301
125,18,0.4541600400779601,-8.206610847856599,7.0,1.0,0.599783143687006,-14994.464476116058,14996.770165054615,-0.01913931368289923,1.2020244592113158,2.0,0.0,0.014764307733176248,0.014764307733176248,-7.404125953684611,-14985.6656150706,-14993.069741024285
126,18,0.45447598018103075,-8.193688433168358,7.0,1.0,0.9103368871395521,-14994.432026720937,14994.781170912578,-0.037985822220434784,0.17329650105421024,2.0,0.0,0.014764307733176248,0.014764307733176248,-7.357670138377541,-14985.679737924898,-14993.037408063276
127,18,0.4538849584631329,-8.189272097789434,3.0,1.0,0.998276729630334,-14994.484387994622,14994.516293152747,0.0007801709016348468,0.0024038986539380858,1.0,0.0,0.014764307733176248,0.014764307733176248,-7.341831790293695,-14985.747719069175,-14993.08955085947
128,18,0.4557281936876427,-8.190032588126224,3.0,1.0,0.7103603174612488,-14994.626831498625,14995.445983362803,0.07318767996184761,0.5866409111931716,2.0,0.0,0.014764307733176248,0.014764307733176248,-7.344557754336465,-14985.888108517676,-14993.232666272013
129,18,0.4551979293123953,-8.281019307040248,7.0,1.0,0.4261075626504959,-14999.428998006368,15000.487992066553,1.5393174314231146,1.657311413429852,2.0,0.0,0.014764307733176248,0.014764307733176248,-7.6748719135746315,-14990.359770424318,-14998.034642337892
130,18,0.45929658220682956,-8.278322226361011,1.0,1.0,1.0,-14996.649216191223,14998.632346813967,-1.216026235731988,-1.216026235731988,1.0,0.0,0.014764307733176248,0.014764307733176248,-7.664961489052546,-14987.591311211623,-14995.256272700675
131,18,0.45854864264289846,-8.236621268180082,7.0,1.0,1.0,-14994.622942783273,14999.041390216324,-0.41738178154810157,-0.41738178154810157,2.0,0.0,0.014764307733176248,0.014764307733176248,-7.512657014381365,-14985.717094820784,-14993.229751835166
132,18,0.4534825655667902,-8.219064387985153,5.0,1.0,0.8195156499645095,-14994.972648255545,14995.427233716213,0.23766014179091144,0.3726577285233361,2.0,0.0,0.014764307733176248,0.014764307733176248,-7.449054184818664,-14986.128606546494,-14993.577660731313
133,18,0.46113762463313407,-8.25052349338811,9.0,1.0,0.9884804593685111,-14995.004883301584,14995.501596202112,-0.2162631075570971,-0.2319006589223136,3.0,0.0,0.014764307733176248,0.014764307733176248,-7.563238901090803,-14986.049290581002,-14993.612529482094
134,18,0.4650632485219559,-8.277734277776503,3.0,1.0,0.9415620035030273,-14996.128484805438,14996.21736773637,0.05547976643720176,0.07403991976934776,2.0,0.0,0.014764307733176248,0.014764307733176248,-7.6628020373514945,-14987.074494143159,-14994.73729618051
135,18,0.4683816028280091,-8.302120378164837,3.0,1.0,0.9245425895656094,-14997.480862828863,14997.814110224752,0.04518329174425162,0.0994515937363758,2.0,0.0,0.014764307733176248,0.014764307733176248,-7.752658894922512,-14988.337902663712,-14996.090561558634
136,18,0.4638907609110183,-8.284943065880643,3.0,1.0,0.9313322402277414,-14996.237673931493,14997.652251621863,-0.08096667867903307,0.14329058924158744,2.0,0.0,0.014764307733176248,0.014764307733176248,-7.6893027570010375,-14987.156847656543,-14994.846150413543
137,18,0.4627232528023089,-8.25751900526904,15.0,1.0,0.8509770276628714,-14995.341572158926,14996.965467666825,0.009024283604958327,0.3784116327387892,4.0,0.0,0.014764307733176248,0.014764307733176248,-7.588764482056146,-14986.360939587821,-14993.949704069877
138,18,0.46052452848112446,-8.266341416780847,7.0,1.0,0.9942219930480422,-14995.526805950341,14995.596805152767,0.025001032281579683,-0.06559648690927133,3.0,0.0,0.014764307733176248,0.014764307733176248,-7.621025923796945,-14986.513232906198,-14994.134258829996
139,18,0.45602354328398426,-8.198389068002077,7.0,1.0,0.9892999446489457,-14994.467319610403,14997.457731394003,-0.056235418018331984,-0.07850860118560377,2.0,0.0,0.014764307733176248,0.014764307733176248,-7.374549500235595,-14985.698709958218,-14993.073259458453
140,18,0.45417720017747465,-8.196695172035142,15.0,1.0,0.9776096360030295,-14994.414931559031,14996.603167330679,-0.039210518856634735,0.06520503548199486,4.0,0.0,0.014764307733176248,0.014764307733176248,-7.368464395904807,-14985.651738416434,-14993.020202812339
141,18,0.4542573534093079,-8.194588674557211,3.0,1.0,0.98567986812143,-14994.424186284972,14994.463445733505,-0.0020371283007989405,0.022471235308330506,2.0,0.0,0.014764307733176248,0.014764307733176248,-7.360901076245588,-14985.668586067319,-14993.029487143564
142,18,0.457370731077302,-8.22227070035549,7.0,1.0,0.9917735352154965,-14994.423559406032,14994.88918250448,0.0011770517212426057,0.015811148759894422,2.0,0.0,0.014764307733176248,0.014764307733176248,-7.460646598723121,-14985.56932287987,-14993.029969478594
143,18,0.4535650912107027,-8.20877210437516,7.0,1.0,0.6882588287551868,-14994.617610535335,14995.758300050993,0.10436984893749468,0.7306045224286208,2.0,0.0,0.014764307733176248,0.014764307733176248,-7.411911926306158,-14985.810742036027,-14993.222653962333
144,18,0.4539485575673419,-8.18021940625463,7.0,1.0,0.9586925767500232,-14994.674375480212,14995.204118632088,-0.06848236489895498,0.14463164157496067,2.0,0.0,0.014764307733176248,0.014764307733176248,-7.309426996868865,-14985.970134995892,-14993.279561992762
145,18,0.45102684284213085,-8.181366119258868,3.0,1.0,0.9576273355297723,-14994.864396043462,14994.975280548124,0.05266294799548632,0.06697929718029627,2.0,0.0,0.014764307733176248,0.014764307733176248,-7.313527209775896,-14986.1549346782,-14993.468461887975
146,18,0.452218447553059,-8.192245815833179,3.0,1.0,0.9850599260428966,-14994.657652748389,14995.137655745157,-0.011922272018637159,0.04585570686867868,1.0,0.0,0.014764307733176248,0.014764307733176248,-7.3524943203189395,-14985.90968980479,-14993.26218412511
147,18,0.4537370200494427,-8.20344276798182,7.0,1.0,0.9907752853224847,-14994.490233144723,14994.967183380475,-0.02703992998067406,-0.05924270695140876,2.0,0.0,0.014764307733176248,0.014764307733176248,-7.3927213203685795,-14985.70261955366,-14993.095340874028
148,18,0.45988880374263735,-8.224893600852626,7.0,1.0,0.942365267956509,-14994.765727237465,14995.257028611904,0.07106933158138418,0.15480220243625809,2.0,0.0,0.014764307733176248,0.014764307733176248,-7.470137333263959,-14985.90283911286,-14993.372976446124
149,18,0.4554823842465346,-8.198217403839733,7.0,1.0,0.5819117255753868,-14994.416506990747,14997.111838372302,-0.09805723585850501,1.362664485195637,2.0,0.0,0.014764307733176248,0.014764307733176248,-7.3739326880603855,-14985.648321081244,-14993.022253769304
150,18,0.45398998071117863,-8.228385278985407,7.0,1.0,0.8272601719804521,-14995.224044153658,14996.640738568845,0.30445980771219183,0.35661757552225026,2.0,0.0,0.014764307733176248,0.014764307733176248,-7.482782338266446,-14986.34646371223,-14993.829246050496
51,19,0.46314040110308985,-8.256014813067523,5.0,1.0,0.7530452493225528,-14995.425850041347,14995.903211864603,0.17955029236145492,0.5601906940300978,2.0,0.0,0.02244591578197559,0.02244591578197559,-7.583271778742052,-14986.450834560637,-14994.034106339379
52,19,0.44402545033460894,-8.14885433782364,7.0,1.0,0.6354907793741128,-14997.742416892948,14997.929041131803,0.9114407576398662,1.0290621588210342,3.0,0.0,0.01752996742375711,0.01752996742375711,-7.197787217189888,-14989.145723518377,-14996.343510735567
53,19,0.4475668973365362,-8.16802473329442,3.0,1.0,1.0,-14995.973765735187,14997.679752884571,-0.5507114989195543,-0.7171958797425759,2.0,0.0,0.01752996742375711,0.01752996742375711,-7.265904795835366,-14987.310508744094,-14994.57641353993
54,19,0.44422263879073187,-8.163841285422308,1.0,1.0,0.3786919930204097,-14997.964531893947,14998.547451587814,0.9710320876292826,0.9710320876292826,1.0,0.0,0.01752996742375711,0.01752996742375711,-7.251008530178842,-14989.314706465853,-14996.565714996032
55,19,0.44722888854059867,-8.194798462799286,3.0,1.0,1.0,-14997.164556240077,14998.468899054267,-0.024228894193583983,-0.5537660547270207,2.0,0.0,0.01752996742375711,0.01752996742375711,-7.361654116045926,-14988.405406097037,-14995.767060213084
56,19,0.45379448739204425,-8.188351840965813,7.0,1.0,1.0,-14994.497208116794,14995.695222978793,-1.4930236948330275,-1.4930236948330275,2.0,0.0,0.01752996742375711,0.01752996742375711,-7.338533919489118,-14985.763803365597,-14993.102337285085
57,19,0.452549498317443,-8.200364388771252,7.0,1.0,0.8837918966810958,-14994.69056441007,14994.827157147101,0.15949876277409203,0.20366686930901778,3.0,0.0,0.01752996742375711,0.01752996742375711,-7.381649211067498,-14985.91357383646,-14993.295223047528
58,19,0.4611026155894646,-8.232886644711447,5.0,1.0,0.847297361934254,-14994.986186357952,14995.465669225763,0.051987639659273555,0.3967259001055936,2.0,0.0,0.01752996742375711,0.01752996742375711,-7.4991018856508385,-14986.094719697388,-14993.59382158304
59,19,0.4611026155894646,-8.232886644711447,7.0,1.0,0.6725213959288409,-14994.986186357952,14996.430333093598,0.0,0.809843510220162,2.0,0.0,0.01752996742375711,0.01752996742375711,-7.4991018856508385,-14986.094719697388,-14993.59382158304
60,19,0.4567660017283129,-8.235770725334987,3.0,1.0,1.0,-14994.76364463618,14994.968598701156,-0.08944489719942794,-0.08944489719942794,2.0,0.0,0.01752996742375711,0.01752996742375711,-7.50956867135766,-14985.860276798541,-14993.369845469899
61,19,0.4582345311278273,-8.24787646120322,7.0,1.0,0.9395582649189065,-14994.9933322385,14995.27535605025,-0.00048443625018990133,0.16300363191476208,2.0,0.0,0.01752996742375711,0.01752996742375711,-7.55359303695051,-14986.046442966866,-14993.600036003816
62,19,0.4555481064310857,-8.241869088816989,3.0,1.0,0.8205899391596162,-14995.392604981247,14995.663241165925,0.33442107258997567,0.33442107258997567,2.0,0.0,0.01752996742375711,0.01752996742375711,-7.531727988123127,-14986.466647347379,-14993.998375335503
63,19,0.4633757090832593,-8.242269512216966,3.0,1.0,1.0,-14995.639840545422,14995.654574501834,-0.0036670132212748285,-0.44055283354464336,2.0,0.0,0.01752996742375711,0.01752996742375711,-7.533184287631942,-14986.714982096722,-14994.248166384354
64,19,0.46509173340600624,-8.248693154540513,3.0,1.0,0.6536947121683547,-14996.29668078448,14996.794324821858,0.2574660140544438,0.6215797348959313,2.0,0.0,0.01752996742375711,0.01752996742375711,-7.5565683443892,-14987.348931812285,-14994.905500156674
65,19,0.4575199325102102,-8.23723926002521,7.0,1.0,1.0,-14994.701398312336,14996.229934603893,-0.6537864144047489,-0.6712566613186937,2.0,0.0,0.01752996742375711,0.01752996742375711,-7.5149014124930975,-14985.792958136759,-14993.307859549252
66,19,0.4558725005940433,-8.222742538847765,7.0,1.0,0.9651756946456634,-14994.51509200658,14995.050110468317,-0.005758586892625317,0.0919477363840997,2.0,0.0,0.01752996742375711,0.01752996742375711,-7.462353397292012,-14985.658624811085,-14993.120978208377
67,19,0.4609302704280256,-8.249368804199818,7.0,1.0,0.9882994166142802,-14994.964465623198,14995.397173172887,-0.02378916913039575,0.04307765073644987,3.0,0.0,0.01752996742375711,0.01752996742375711,-7.559030317692804,-14986.01301645284,-14993.572046770532
68,19,0.4618433771928599,-8.247269161718695,7.0,1.0,0.9541641000188089,-14995.092515776903,14995.138175688604,0.07923774461232824,0.09338975089303858,3.0,0.0,0.01752996742375711,0.01752996742375711,-7.55138100771363,-14986.14899967268,-14993.700380680393
69,19,0.45300815206698886,-8.196558497748992,7.0,1.0,0.9929848953745178,-14994.542528636679,14996.086907649622,-0.0608529004821321,-0.07995245541314944,2.0,0.0,0.01752996742375711,0.01752996742375711,-7.36797353613108,-14985.779388562718,-14993.147362098849
70,19,0.4576291518825079,-8.210565424740475,5.0,1.0,0.9983178373173945,-14994.497167397923,14994.667800840716,0.00844638389571628,-0.06672765873008757,2.0,0.0,0.01752996742375711,0.01752996742375711,-7.418375947013852,-14985.685290026104,-14993.103665973118
71,19,0.4576291518825079,-8.210565424740475,7.0,1.0,0.2418303193959195,-14994.497167397923,14997.203701477147,0.0,2.741211305890829,2.0,0.0,0.01752996742375711,0.01752996742375711,-7.418375947013852,-14985.685290026104,-14993.103665973118
72,19,0.4527321765132332,-8.112156933057696,7.0,1.0,0.33215983436372376,-14999.453105060527,15000.905589551807,1.3239022186280636,3.0256359187296766,3.0,0.0,0.01752996742375711,0.01752996742375711,-7.068416555265597,-14990.989416981174,-14998.057833536439
73,19,0.4590110971996943,-8.275482634686385,15.0,1.0,1.0,-14996.517302395128,14998.669331481919,-0.7922530788055155,-1.3463014856461086,3.0,0.0,0.01752996742375711,0.01752996742375711,-7.654535268739509,-14987.469729721352,-14995.12426499009
74,19,0.4568922611285077,-8.277890018137365,1.0,1.0,0.4563955014376424,-14997.811651855698,14998.539182297724,0.7843955176649615,0.7843955176649615,1.0,0.0,0.01752996742375711,0.01752996742375711,-7.663374015935968,-14988.754522606825,-14996.417896622761
75,19,0.462478354848691,-8.271393158118226,1.0,1.0,1.0,-14995.647784015442,14996.662218750467,-1.3362846721520327,-1.3362846721520327,1.0,0.0,0.01752996742375711,0.01752996742375711,-7.639533973892033,-14986.616308268356,-14994.255842242248
76,19,0.44846999712357066,-8.171224863257546,15.0,1.0,0.6543982221276494,-14995.615285533242,14997.035135769807,0.33359070086225984,0.8960508427535387,3.0,0.0,0.01752996742375711,0.01752996742375711,-7.277311513842352,-14986.94100148418,-14994.218312998022
77,19,0.4509651792608853,-8.13589786582174,3.0,1.0,0.9180130220913242,-14996.462209297599,14996.79462944895,-0.09049592382507399,0.2047463553808484,2.0,0.0,0.01752996742375711,0.01752996742375711,-7.151957507776423,-14987.914293225786,-14995.066250733562
78,19,0.45291856902023236,-8.14418168445993,3.0,1.0,0.8162364945542246,-14996.347912835563,14997.02453315631,0.18431524299558077,0.3465237477848859,2.0,0.0,0.01752996742375711,0.01752996742375711,-7.1812397263626195,-14987.771472560902,-14994.952712287264
79,19,0.45291856902023236,-8.14418168445993,3.0,1.0,0.7722905109008661,-14996.347912835563,14997.578903402733,0.0,0.6244250180006929,1.0,0.0,0.01752996742375711,0.01752996742375711,-7.1812397263626195,-14987.771472560902,-14994.952712287264
80,19,0.45490910751584,-8.156720178318139,7.0,1.0,0.922353972870508,-14996.131837908859,14997.183941142624,0.16068147449368553,-0.3978173114828678,3.0,0.0,0.01752996742375711,0.01752996742375711,-7.225692207214455,-14987.511685334934,-14994.737377542147
81,19,0.4615175750870062,-8.21747487348477,7.0,1.0,0.9196742953923706,-14995.599044733915,14996.69668432455,0.05048368977804785,-0.5906092511522729,2.0,0.0,0.01752996742375711,0.01752996742375711,-7.443311110859914,-14986.763498059787,-14994.206809170646
82,19,0.4620064221301921,-8.227774927419324,7.0,1.0,0.7894418609293138,-14995.438657781187,14996.180025147076,-0.1621402933342324,0.6968994319358899,2.0,0.0,0.01752996742375711,0.01752996742375711,-7.480571089524697,-14986.566001548443,-14994.046572637968
83,19,0.4532228338960402,-8.217250096492869,7.0,1.0,0.9970129528092558,-14994.988983053974,14995.440115278847,-0.14608389119166532,-0.41533733234609826,2.0,0.0,0.01752996742375711,0.01752996742375711,-7.442499173140775,-14986.1513985793,-14993.593897752442
84,19,0.4532228338960402,-8.217250096492869,3.0,1.0,0.4247456561271357,-14994.988983053974,14996.814145073256,0.0,2.081493564775883,1.0,0.0,0.01752996742375711,0.01752996742375711,-7.442499173140775,-14986.1513985793,-14993.593897752442
85,19,0.45302460356416285,-8.182520999173843,5.0,1.0,0.9900817685530523,-14994.596937063105,14996.29660239102,-0.341538433189271,-0.341538433189271,2.0,0.0,0.01752996742375711,0.01752996742375711,-7.317657953505052,-14985.884118810463,-14993.201776763968
86,19,0.45864535614327284,-8.229380687141479,7.0,1.0,0.9013791584087837,-14994.536123452044,14995.58664400132,0.01088455444369174,0.15371660351047467,2.0,0.0,0.01752996742375711,0.01752996742375711,-7.4863894115399185,-14985.656575347397,-14993.142964758938
87,19,0.4523476467870591,-8.177139026646493,15.0,1.0,0.976415248275817,-14994.714722207416,14994.84593623236,0.00011832803284050897,0.05036057002689631,3.0,0.0,0.01752996742375711,0.01752996742375711,-7.2984192325219395,-14986.020884124882,-14993.319303357404
88,19,0.44849598485758135,-8.139609061214635,7.0,1.0,0.9186890420428979,-14996.151925986946,14996.281816591203,0.08039209916387335,0.12418415948195616,2.0,0.0,0.01752996742375711,0.01752996742375711,-7.165067614561013,-14987.589896662568,-14994.75496427713
89,19,0.4523579868418107,-8.13514975121044,3.0,1.0,0.768195514392799,-14996.888616389595,14997.019269211478,0.4522769096074626,0.4522769096074626,2.0,0.0,0.01752996742375711,0.01752996742375711,-7.149316398648355,-14988.34388511845,-14995.493201517098
90,19,0.44561853177893107,-8.1915874932294,3.0,1.0,0.36917532684206367,-14998.286296013264,15001.722975788132,1.4380873247864656,1.4380873247864656,2.0,0.0,0.01752996742375711,0.01752996742375711,-7.350133084044677,-14989.537968667964,-14996.888101752009
91,19,0.45081626251082063,-8.20847624180693,3.0,1.0,1.0,-14995.639287119475,14996.957588241354,-1.3855206732896477,-1.8473627326675341,2.0,0.0,0.01752996742375711,0.01752996742375711,-7.410845799155029,-14986.832423680833,-14994.243269479988
92,19,0.4548983599421523,-8.187831707891437,7.0,1.0,1.0,-14994.566245445492,14995.263605363794,-0.6657752833125414,-0.7240665389799688,2.0,0.0,0.01752996742375711,0.01752996742375711,-7.3366703234680735,-14985.835110846108,-14993.171781169576
93,19,0.46006786819259726,-8.24741023484532,5.0,1.0,0.730026034711649,-14994.86768836921,14996.521621521852,-0.04120942713416298,0.6139999338010966,2.0,0.0,0.01752996742375711,0.01752996742375711,-7.55189481995443,-14985.923100459262,-14993.474995279217
94,19,0.46199006799844555,-8.268726023732125,3.0,1.0,0.9581765474139775,-14995.541834213065,14996.027134637208,0.035771165994447074,0.04964128010578861,1.0,0.0,0.01752996742375711,0.01752996742375711,-7.629759221338868,-14986.519984847733,-14994.149744069073
95,19,0.46199006799844555,-8.268726023732125,3.0,1.0,0.5729425902568966,-14995.541834213065,14996.377520463408,0.0,0.8507933603286801,2.0,0.0,0.01752996742375711,0.01752996742375711,-7.629759221338868,-14986.519984847733,-14994.149744069073
96,19,0.4492650359308025,-8.12466062485941,15.0,1.0,0.9326551929364687,-14997.025699542048,14997.076969391945,0.1525240075043257,0.16084936512743297,3.0,0.0,0.01752996742375711,0.01752996742375711,-7.112345007857991,-14988.516710654772,-14995.62905566263
97,19,0.4531186768102415,-8.158902331500368,3.0,1.0,0.9806854659926464,-14995.43881691479,14997.48897801299,-0.007399757854727795,-0.07413462642398372,2.0,0.0,0.01752996742375711,0.01752996742375711,-7.233444614228319,-14986.810247632931,-14994.04369224716
98,19,0.4523501088836056,-8.177910296988252,7.0,1.0,0.7578241383061225,-14994.701193356224,14996.36118800707,-0.2073095431951515,0.5951790569051809,3.0,0.0,0.01752996742375711,0.01752996742375711,-7.301174483579393,-14986.00460096981,-14993.30577545339
99,19,0.45273277558835456,-8.172267485168794,7.0,1.0,0.9883760122337396,-14994.828339753562,14995.027300001153,0.018336445920795086,0.031358224481664365,3.0,0.0,0.01752996742375711,0.01752996742375711,-7.281030104115805,-14986.152038353934,-14993.43306845805
100,19,0.46071031563433473,-8.21414138159453,7.0,1.0,0.5354215441050842,-14995.35589436825,14996.863219221223,0.5046749583871133,1.2420675123612455,3.0,0.0,0.01752996742375711,0.01752996742375711,-7.431275078563158,-14986.53213106897,-14993.963406147534
101,19,0.4447327691449717,-8.153854234836965,7.0,1.0,0.7892007751230861,-14997.348219088226,14999.001582182746,0.35840906780504156,0.700520334938119,2.0,0.0,0.01752996742375711,0.01752996742375711,-7.215517772481892,-14988.734113835688,-14995.94963160817
102,19,0.4590434384226003,-8.207238292031123,7.0,1.0,0.6708836168704698,-14994.949107578062,14998.69807362851,-0.6045789453582984,1.1392990413132793,2.0,0.0,0.01752996742375711,0.01752996742375711,-7.4063858534908915,-14986.149694992067,-14993.556080845558
103,19,0.45977734324863695,-8.209919692644288,3.0,1.0,0.9700421479687268,-14995.125909119208,14995.206532368136,0.09417173977635684,-0.1608852503632079,2.0,0.0,0.01752996742375711,0.01752996742375711,-7.416048036073721,-14986.317074242947,-14993.73312227902
104,19,0.4578250217885386,-8.211714318653538,3.0,1.0,1.0,-14994.513831063334,14994.783500267784,-0.3477283965185052,-0.42249174074277107,2.0,0.0,0.01752996742375711,0.01752996742375711,-7.422518823636454,-14985.697877531718,-14993.120396355354
105,19,0.4533050153801747,-8.197868201403104,7.0,1.0,0.9971776929858729,-14994.50452747759,14994.660166937418,-0.029609621733470703,-0.07669095414166804,2.0,0.0,0.01752996742375711,0.01752996742375711,-7.372678048188159,-14985.736795125416,-14993.109473173605
106,19,0.4498324741747334,-8.205403063264018,1.0,1.0,0.41598620047750495,-14996.023713819724,14996.140330888617,0.877103191200149,0.877103191200149,1.0,0.0,0.01752996742375711,0.01752996742375711,-7.3997769185139255,-14987.227524401344,-14994.627301319857
107,19,0.4589395302470893,-8.225081918831641,5.0,1.0,0.8560279087867226,-14994.568272967444,14995.702740653587,-0.8743449621015316,-0.9055751731411874,2.0,0.0,0.01752996742375711,0.01752996742375711,-7.470819009993871,-14985.704392905123,-14993.175211915117
108,19,0.4626839657443857,-8.258810399187002,7.0,1.0,0.4112023312496986,-14995.349427298586,14996.928646011735,-0.0011583406285353703,1.9346540584301692,2.0,0.0,0.01752996742375711,0.01752996742375711,-7.593481936956766,-14986.36406548487,-14993.957547421825
109,19,0.46271864079297703,-8.262801755028427,7.0,1.0,0.5794776921441434,-14995.42059202015,14996.349986359735,-0.024695365285879234,1.1112222855681466,3.0,0.0,0.01752996742375711,0.01752996742375711,-7.608072880624908,-14986.420649667336,-14994.02872254796
110,19,0.4620691100069619,-8.259201646126684,3.0,1.0,1.0,-14995.266303462739,14995.418329753898,-0.014631913303674082,-0.014631913303674082,2.0,0.0,0.01752996742375711,0.01752996742375711,-7.594911489045962,-14986.27932597903,-14993.874237468077
111,19,0.46314795672725523,-8.286801302922838,3.0,1.0,0.8319758670583312,-14996.362449776543,14996.516052882153,0.10208374410831311,0.2714093269787554,2.0,0.0,0.01752996742375711,0.01752996742375711,-7.696142373795769,-14987.2745659407,-14994.970708314495
112,19,0.46314795672725523,-8.286801302922838,1.0,1.0,0.2643321292364401,-14996.362449776543,14997.978054824569,0.0,1.3305489012473117,1.0,0.0,0.01752996742375711,0.01752996742375711,-7.696142373795769,-14987.2745659407,-14994.970708314495
113,19,0.45788344746632076,-8.236118388737212,7.0,1.0,0.9438280506510998,-14994.63602258765,15000.045592428467,-0.12771772214728117,0.14691594848227396,2.0,0.0,0.01752996742375711,0.01752996742375711,-7.510830958728211,-14985.731776761068,-14993.242607719796
114,19,0.45852489228963333,-8.251560455247125,7.0,1.0,0.7526795880306575,-14995.107984236072,14996.105546880508,0.10791380496266356,0.4256067815131246,3.0,0.0,0.01752996742375711,0.01752996742375711,-7.5670195310781585,-14986.147765824206,-14993.714785355283
115,19,0.46017373743976064,-8.23568827911674,3.0,1.0,1.0,-14994.74943164823,14995.098757105454,-0.07524951148116088,-0.07524951148116088,2.0,0.0,0.01752996742375711,0.01752996742375711,-7.509269345471915,-14985.847503204846,-14993.356772550318
116,19,0.46139639629003565,-8.232289468645819,1.0,1.0,0.8138757720511172,-14995.088334540049,14995.187850542748,0.20594753881414363,0.20594753881414363,1.0,0.0,0.01752996742375711,0.01752996742375711,-7.496935678518429,-14986.199125710133,-14993.696061388651
117,19,0.46441448134500507,-8.273055115731939,7.0,1.0,0.25485150404875306,-14995.904923383068,14999.726340402098,-0.2524887387498893,4.801346609863685,3.0,0.0,0.01752996742375711,0.01752996742375711,-7.64562846212569,-14986.86792237107,-14994.513550833195
118,19,0.4656926938367973,-8.27545992520672,1.0,1.0,0.8959088546323619,-14996.255950114952,14996.322401793766,0.10991659592218639,0.10991659592218639,1.0,0.0,0.01752996742375711,0.01752996742375711,-7.654451918111449,-14987.210484753321,-14994.864936671433
119,19,0.46499604112740145,-8.295861900365775,7.0,1.0,0.8435944813232321,-14996.787710618253,14997.234522828026,-0.11522264978702879,0.41211408946583106,3.0,0.0,0.01752996742375711,0.01752996742375711,-7.7295411984927185,-14987.666961900273,-14995.396503098766
120,19,0.46845203497997817,-8.291397419834912,1.0,1.0,0.7688185289423975,-14997.333774077006,14997.382979963117,0.26290032049473666,0.26290032049473666,1.0,0.0,0.01752996742375711,0.01752996742375711,-7.7130741429816645,-14988.230416530858,-14995.943490673839
121,19,0.4648593683362863,-8.29353594440333,1.0,1.0,1.0,-14996.665493244529,14997.075879742642,-0.27362508114310913,-0.27362508114310913,1.0,0.0,0.01752996742375711,0.01752996742375711,-7.720959517129681,-14987.553287670871,-14995.274247188001
122,19,0.44787418694990255,-8.129663048674491,15.0,1.0,0.9943632075275363,-14996.692680031541,14996.733104376624,0.0025289484783570515,-0.08997609634207038,3.0,0.0,0.01752996742375711,0.01752996742375711,-7.12996350276836,-14988.16549427358,-14995.295457776348
123,19,0.450466577352727,-8.16294527745541,3.0,1.0,0.9607243601676844,-14995.160412566865,14997.728257674746,-0.07082966745292651,0.07485704945975158,1.0,0.0,0.01752996742375711,0.01752996742375711,-7.2478203339373195,-14986.516435154881,-14993.764255488819
124,19,0.450466577352727,-8.16294527745541,3.0,1.0,0.41340334935983236,-14995.160412566865,14996.5650736734,0.0,1.595542893233869,2.0,0.0,0.01752996742375711,0.01752996742375711,-7.2478203339373195,-14986.516435154881,-14993.764255488819
125,19,0.4627103090368003,-8.264297148130577,15.0,1.0,0.9974360753300362,-14995.451072016562,14995.455974926555,0.011902548636498977,-0.04383994195268315,3.0,0.0,0.01752996742375711,0.01752996742375711,-7.613543595743723,-14986.445656449501,-14994.059200045245
126,19,0.45834112537488936,-8.193278709384849,7.0,1.0,0.5535172249292957,-14995.276145403239,14996.812016854446,0.4848477687082777,1.2036131252662017,3.0,0.0,0.01752996742375711,0.01752996742375711,-7.356199921040905,-14986.526685067023,-14993.882884988065
127,19,0.45636598164587705,-8.240675468269103,7.0,1.0,0.9137489678442025,-14995.064641459188,14995.998416787308,-0.2622851717278536,-0.500352269044015,2.0,0.0,0.01752996742375711,0.01752996742375711,-7.527387861951244,-14986.143314378283,-14993.670702240235
128,19,0.4600924550883222,-8.228437236186297,3.0,1.0,0.9805961286235383,-14994.770784275106,14995.057217698019,-0.12753454281482846,-0.12753454281482846,2.0,0.0,0.01752996742375711,0.01752996742375711,-7.482970591730677,-14985.895128495795,-14993.378099087526
129,19,0.45428194242699493,-8.219214085581788,7.0,1.0,0.9588334865098266,-14994.733789568838,14994.975855587063,0.06695000317995436,-0.13087174239080923,2.0,0.0,0.01752996742375711,0.01752996742375711,-7.449595187299881,-14985.88950431173,-14993.33909949903
130,19,0.45964350089545336,-8.230421416968001,7.0,1.0,0.9871794451871824,-14994.664438557747,14995.251786483033,-0.1333075106031174,-0.1903959974533791,2.0,0.0,0.01752996742375711,0.01752996742375711,-7.49016177706535,-14985.781446518942,-14993.271608296007
131,19,0.46045936883500943,-8.24301312339414,3.0,1.0,0.986272114442472,-14994.829425102973,14995.032070718478,-0.03142226022646355,-0.046900787250706344,1.0,0.0,0.01752996742375711,0.01752996742375711,-7.535889151822211,-14985.90096810677,-14993.436857258592
132,19,0.4555681311798372,-8.215906139556646,7.0,1.0,0.9674913324301235,-14994.42070331468,14996.240050807235,-0.020526942680589855,0.08166329685082019,2.0,0.0,0.01752996742375711,0.01752996742375711,-7.4376455964009835,-14985.588835248729,-14993.02648084513
133,19,0.4589970256771272,-8.223892297701113,5.0,1.0,0.9747591499462059,-14994.584694155035,14994.80211494151,0.04460999400544097,0.06974234737026563,2.0,0.0,0.01752996742375711,0.01752996742375711,-7.46651339410505,-14985.725138709655,-14993.19165210376
134,19,0.4619202471728049,-8.233479871213538,3.0,1.0,0.8316377113970388,-14995.249805295283,14995.532128846184,0.2775537918168993,0.2775537918168993,1.0,0.0,0.01752996742375711,0.01752996742375711,-7.501254119155064,-14986.356439657808,-14993.857693776963
135,19,0.4515808375192599,-8.202756095608263,7.0,1.0,0.9947631064162836,-14995.059925694428,14995.862565584841,0.018599959610583028,-0.3457610257810302,2.0,0.0,0.01752996742375711,0.01752996742375711,-7.390250721753476,-14986.273958703268,-14993.664209425022
136,19,0.4515808375192599,-8.202756095608263,1.0,1.0,0.49099734224560926,-14995.059925694428,14996.041155458952,0.0,0.7113165641439991,1.0,0.0,0.01752996742375711,0.01752996742375711,-7.390250721753476,-14986.273958703268,-14993.664209425022
137,19,0.4515808375192599,-8.202756095608263,1.0,1.0,0.24966892188680476,-14995.059925694428,14996.592307115689,0.0,1.3876195512493723,1.0,0.0,0.01752996742375711,0.01752996742375711,-7.390250721753476,-14986.273958703268,-14993.664209425022
138,19,0.45997822241237357,-8.278068904686636,7.0,1.0,0.940857894808051,-14996.393455888106,14996.837736997348,0.08703070017327263,-0.262093706685846,2.0,0.0,0.01752996742375711,0.01752996742375711,-7.66403103211338,-14987.336702911422,-14995.000733943534
139,19,0.465412007838285,-8.286035779959604,3.0,1.0,0.4206844351805783,-14996.403173717737,14998.219973681842,-0.36148441794466635,2.097662456859325,2.0,0.0,0.01752996742375711,0.01752996742375711,-7.693324293646305,-14987.318758259877,-14995.012082553523
140,19,0.46658921304378354,-8.29848270506153,3.0,1.0,0.8383221855106621,-14997.009815521506,14997.343907712035,0.005292656493111281,0.30105332335187995,2.0,0.0,0.01752996742375711,0.01752996742375711,-7.739217214976972,-14987.879828824234,-14995.619046039212
141,19,0.4606534813206803,-8.251944751834326,7.0,1.0,0.9839830366733773,-14994.994018964635,14997.217411970363,-0.07631500991192297,-0.09692111042022589,2.0,0.0,0.01752996742375711,0.01752996742375711,-7.568420900256172,-14986.033091855492,-14993.601512755748
142,19,0.4549221686143986,-8.266052614004614,1.0,1.0,0.20581283588186847,-14997.789195029825,14997.821447073082,1.58078808686696,1.58078808686696,1.0,0.0,0.01752996742375711,0.01752996742375711,-7.619968609084752,-14988.774770803455,-14996.394739412539
143,19,0.4518721149999866,-8.151683837529212,7.0,1.0,0.8868998626781109,-14995.618540183685,14997.141192410718,-1.4036757065332495,-1.5612335218738735,3.0,0.0,0.01752996742375711,0.01752996742375711,-7.2078180734884425,-14987.015119387126,-14994.222937460614
144,19,0.45506509396147965,-8.216718666154915,7.0,1.0,0.9878506437451272,-14994.499677015747,14996.525639649602,-0.08446541504599736,0.08888093492532789,2.0,0.0,0.01752996742375711,0.01752996742375711,-7.44057974550232,-14985.66469353372,-14993.105273279221
145,19,0.45299880086919353,-8.219844133843266,1.0,1.0,0.671659419388698,-14995.189251884824,14995.299810126742,0.3980038833196886,0.3980038833196886,1.0,0.0,0.01752996742375711,0.01752996742375711,-7.45187240785613,-14986.34220939201,-14993.794081799866
146,19,0.45299880086919353,-8.219844133843266,1.0,1.0,0.3163103973293498,-14995.189251884824,14996.75423558826,0.0,1.1510312774771592,1.0,0.0,0.01752996742375711,0.01752996742375711,-7.45187240785613,-14986.34220939201,-14993.794081799866
147,19,0.45734497409973673,-8.221502014294993,7.0,1.0,1.0,-14994.417887694182,14994.857736583304,-0.4705333173951658,-0.4705333173951658,2.0,0.0,0.01752996742375711,0.01752996742375711,-7.457866479417443,-14985.566422436286,-14993.024288915703
148,19,0.4612877090192204,-8.237087212596158,7.0,1.0,0.44304027604140755,-14994.990224130399,14996.306785689449,0.16558129057921178,1.8750007328908396,2.0,0.0,0.01752996742375711,0.01752996742375711,-7.514349177287466,-14986.083567986561,-14993.597917163848
149,19,0.46272924804581395,-8.237520100853985,1.0,1.0,0.7782572294019754,-14995.47700937196,14995.666933527447,0.25069818039810343,0.25069818039810343,1.0,0.0,0.01752996742375711,0.01752996742375711,-7.515921485217806,-14986.569221595406,-14994.085143080623
150,19,0.46272924804581395,-8.237520100853985,3.0,1.0,0.5815450425459617,-14995.47700937196,14996.658175146482,0.0,1.273201289373901,1.0,0.0,0.01752996742375711,0.01752996742375711,-7.515921485217806,-14986.569221595406,-14994.085143080623
51,20,0.46040845682685505,-8.208181609862088,3.0,1.0,1.0,-14995.478115955157,14996.02517926037,-0.18829005690895428,-0.5504205047564028,2.0,0.0,0.015382912704417894,0.015382912704417894,-7.409784193487936,-14986.675747700629,-14994.085531894116
52,20,0.4503418292859508,-8.207619514588727,5.0,1.0,0.8512502555394355,-14995.850468683182,14996.556771812733,0.16570297314501659,0.34019392292066186,2.0,0.0,0.015768694188563075,0.015768694188563075,-7.407759115772258,-14987.046502501697,-14994.45426161747
53,20,0.4522133704123039,-8.163686741270812,5.0,1.0,0.9998392719145155,-14995.094480746682,14995.863860457745,-0.616707670611504,-0.6666935170214856,2.0,0.0,0.015768694188563075,0.015768694188563075,-7.250458570315275,-14986.448551594345,-14993.69901016466
54,20,0.4507556426355059,-8.170265582010433,3.0,1.0,1.0,-14994.984978574645,14995.155037463172,-0.004101835827896139,-0.04207037345986464,2.0,0.0,0.015768694188563075,0.015768694188563075,-7.273891124574524,-14986.315045710302,-14993.588936834876
55,20,0.4515311998573749,-8.158638834134004,3.0,1.0,0.993149269400934,-14995.258191552695,14995.490752771724,0.003392812406673329,0.01602202469621261,2.0,0.0,0.015768694188563075,0.015768694188563075,-7.232508249882646,-14986.629947613943,-14993.862455863826
56,20,0.4424476639092526,-8.09056437605811,3.0,1.0,0.5883008659968433,-15000.227477297074,15001.593535139325,0.264113646640908,0.7288273665944871,2.0,0.0,0.015768694188563075,0.015768694188563075,-6.992924863291594,-14991.834920434943,-14998.827845298236
57,20,0.4485081202590913,-8.155071441062182,3.0,1.0,1.0,-14995.676048939027,15000.32466015758,-0.25103791889523563,-0.25103791889523563,2.0,0.0,0.015768694188563075,0.015768694188563075,-7.219837993592976,-14987.05925428881,-14994.279092282402
58,20,0.4492858359926571,-8.156178659263944,3.0,1.0,1.0,-14995.488808999427,14995.667664621078,-0.05102873766554694,-0.07315011640639568,2.0,0.0,0.015768694188563075,0.015768694188563075,-7.223769121843124,-14986.868404526533,-14994.092173648376
59,20,0.4492858359926571,-8.156178659263944,1.0,1.0,0.7955565322810692,-14995.488808999427,14996.041159927177,0.0,0.2287133686368179,1.0,0.0,0.015768694188563075,0.015768694188563075,-7.223769121843124,-14986.868404526533,-14994.092173648376
60,20,0.45993676233206315,-8.233679029349014,7.0,1.0,0.8149140374859388,-14994.709093467825,14998.758052504032,0.015673249181418214,0.4478828007049742,2.0,0.0,0.015768694188563075,0.015768694188563075,-7.501976746378886,-14985.814381409818,-14993.316358156197
61,20,0.4517334647712415,-8.184060117459694,15.0,1.0,0.76400790788302,-14994.720947964794,14995.446668489929,0.013975443591334624,0.6080845821979892,4.0,0.0,0.015768694188563075,0.015768694188563075,-7.323165103999082,-14986.002126175883,-14993.325291279882
62,20,0.45073282657902836,-8.1812787956889,1.0,1.0,0.9359722206180925,-14994.935938228713,14994.989407464596,0.06616948177179438,0.06616948177179438,1.0,0.0,0.015768694188563075,0.015768694188563075,-7.313214927392801,-14986.22667248287,-14993.539887410263
63,20,0.45475121369805993,-8.179168203364622,3.0,1.0,1.0,-14994.817923836355,14994.958166289489,-0.02032203149792622,-0.10568039564896026,2.0,0.0,0.015768694188563075,0.015768694188563075,-7.30566944731036,-14986.11773649654,-14993.423405943851
64,20,0.4565859566479772,-8.236615083372685,7.0,1.0,0.980211637513199,-14994.83071892463,14996.18683075143,0.017371032481605653,-0.10067036767759419,2.0,0.0,0.015768694188563075,0.015768694188563075,-7.512634554574976,-14985.924222329506,-14993.43685688408
65,20,0.4565859566479772,-8.236615083372685,3.0,1.0,0.8241153751022866,-14994.83071892463,14995.336118435138,0.0,0.29102542393775366,1.0,0.0,0.015768694188563075,0.015768694188563075,-7.512634554574976,-14985.924222329506,-14993.43685688408
66,20,0.4565859566479772,-8.236615083372685,1.0,1.0,0.7922590998241847,-14994.83071892463,14995.26395637536,0.0,0.23286679442571767,1.0,0.0,0.015768694188563075,0.015768694188563075,-7.512634554574976,-14985.924222329506,-14993.43685688408
67,20,0.46076802276629536,-8.233163227221969,3.0,1.0,0.9996732824975552,-14994.889798821661,14994.90306198702,0.0009806331709114602,-0.1260293840932718,2.0,0.0,0.015768694188563075,0.015768694188563075,-7.500105286825393,-14985.997223551605,-14993.49732883843
68,20,0.45245830421639244,-8.203098362823559,7.0,1.0,0.9043341293799496,-14994.774445811254,14995.866717136758,0.042133214434215915,0.19015954801398038,2.0,0.0,0.015768694188563075,0.015768694188563075,-7.391482116037969,-14985.98758736624,-14993.379069482278
69,20,0.4565760962682684,-8.242511182875347,7.0,1.0,0.9288329029360869,-14995.099133756248,14995.598324667404,0.03504214146596496,0.19653291131726291,2.0,0.0,0.015768694188563075,0.015768694188563075,-7.534063297023063,-14986.17120496763,-14993.705268264654
70,20,0.45735362043637756,-8.162669468790403,7.0,1.0,0.6802550637528191,-14996.898374383325,14997.785592322989,0.770604540624845,0.770604540624845,2.0,0.0,0.015768694188563075,0.015768694188563075,-7.246839106774156,-14988.257939469875,-14995.50477857665
71,20,0.454410177501029,-8.173568181949623,3.0,1.0,1.0,-14994.980483680734,14996.170957181022,-0.8264729407619598,-0.9077549562371132,2.0,0.0,0.015768694188563075,0.015768694188563075,-7.285670661995812,-14986.300170178178,-14993.585840840173
72,20,0.45173423408573626,-8.204065446096667,7.0,1.0,0.5148287808957248,-14995.044779677866,14997.441215147326,0.1564135996341065,1.8613166066497797,2.0,0.0,0.015768694188563075,0.015768694188563075,-7.394962079820662,-14986.254161212983,-14993.649123292804
73,20,0.45859780489694846,-8.211287543177958,7.0,1.0,1.0,-14994.693014942,14995.020456797982,-0.15513592938441434,-0.2065363737019652,2.0,0.0,0.015768694188563075,0.015768694188563075,-7.42097973011769,-14985.878860669467,-14993.299840399584
74,20,0.4500061965788022,-8.174256124214065,7.0,1.0,0.9632044034011609,-14995.113528514185,14996.028617432205,-0.023479465631680796,0.1070480537491676,2.0,0.0,0.015768694188563075,0.015768694188563075,-7.288125750425863,-14986.429060570295,-14993.71718632072
75,20,0.4492202438334806,-8.195389072231976,3.0,1.0,0.7093420185758891,-14995.885797513427,14996.775483215255,0.5046671376730956,0.5046671376730956,1.0,0.0,0.015768694188563075,0.015768694188563075,-7.363774358775813,-14987.12536089762,-14994.489135256395
76,20,0.45347862322551563,-8.22784991102297,7.0,1.0,0.867467871924687,-14995.406234129183,14996.7373120345,-0.1932708518288564,0.5413727769810066,2.0,0.0,0.015768694188563075,0.015768694188563075,-7.480842728294067,-14986.530402396682,-14994.011245124975
77,20,0.45632514479955866,-8.172312598197228,7.0,1.0,0.9986771246072497,-14995.635554985189,14996.461345790514,0.004636984009266598,-0.4541963989740907,2.0,0.0,0.015768694188563075,0.015768694188563075,-7.281191027695285,-14986.960410367314,-14994.24160139501
78,20,0.4489413595894568,-8.173513307080817,3.0,1.0,0.7260968055992264,-14995.452569720133,14996.82958491354,-0.18846951522027666,0.6454766878305236,2.0,0.0,0.015768694188563075,0.015768694188563075,-7.285474848129564,-14986.770317819919,-14994.055792668049
79,20,0.44683011990079236,-8.176806206631653,1.0,1.0,0.5954317654035758,-14996.581002663495,14996.816569840656,0.5184684804571589,0.5184684804571589,1.0,0.0,0.015768694188563075,0.015768694188563075,-7.297230465183963,-14987.886105269392,-14995.183335734577
80,20,0.45791139681340165,-8.18135554713883,3.0,1.0,1.0,-14995.769630716823,14996.89543953136,-0.19006408759196347,-0.44749787521323015,2.0,0.0,0.015768694188563075,0.015768694188563075,-7.313489401859095,-14987.062735928253,-14994.376225330112
81,20,0.45554743602239484,-8.24707820547646,5.0,1.0,0.9427872217699568,-14995.73030241799,14997.635400780193,-0.1309809576068801,0.2274625021727843,2.0,0.0,0.015768694188563075,0.015768694188563075,-7.5506855444115235,-14986.785386987525,-14994.336072531936
82,20,0.46330417858712886,-8.227414991869894,3.0,1.0,0.6223337102371416,-14996.116422132875,14997.489426394168,0.2258015506558877,0.7551760579663096,2.0,0.0,0.015768694188563075,0.015768694188563075,-7.479267250073525,-14987.24545962985,-14994.724726879924
83,20,0.45960125552569986,-8.238407278524138,3.0,1.0,1.0,-14994.691848869004,14995.493480383951,-0.6963365939482173,-0.707562999567017,2.0,0.0,0.015768694188563075,0.015768694188563075,-7.519144418494566,-14985.779860453053,-14993.299004871547
84,20,0.4565845376074004,-8.212050536570585,7.0,1.0,0.5915394194093341,-14994.370718056845,14996.256027396419,-0.009149258452453068,1.1769049341055506,2.0,0.0,0.015768694188563075,0.015768694188563075,-7.423731464913721,-14985.553124054779,-14992.976855519693
85,20,0.45735098975999383,-8.222332494484569,7.0,1.0,0.8599631842689249,-14994.423563501989,14994.781160841987,-0.002349285356103792,0.2869983500459057,2.0,0.0,0.015768694188563075,0.015768694188563075,-7.460870116208457,-14985.569096674988,-14993.029966791197
86,20,0.45717232742474956,-8.219243297791907,3.0,1.0,0.933349192643013,-14994.401220969878,14994.546073845884,0.0002592876226117369,0.1057432000470726,2.0,0.0,0.015768694188563075,0.015768694188563075,-7.449700761936334,-14985.557861961699,-14993.007562723635
87,20,0.4498463277665624,-8.166961190166376,7.0,1.0,0.9481967653174598,-14995.193669245415,14995.497295098738,0.08531891419988824,0.08746177027569502,2.0,0.0,0.015768694188563075,0.015768694188563075,-7.26211611192735,-14986.535146249375,-14993.797262361302
88,20,0.46041423475371845,-8.237601304681428,5.0,1.0,0.9643049699432945,-14994.792804562523,14997.870371330015,0.00517326489170955,0.10367206562841602,2.0,0.0,0.015768694188563075,0.015768694188563075,-7.516216449230538,-14985.884005893718,-14993.400222342949
89,20,0.4593212124487824,-8.249536142442238,3.0,1.0,0.872203607993613,-14994.93645381396,14995.232317975482,-0.017515838630060898,0.22168418391811429,2.0,0.0,0.015768694188563075,0.015768694188563075,-7.55964014548565,-14985.983878249235,-14993.543518394721
90,20,0.4629929637339562,-8.212559932808025,3.0,1.0,0.5625324919834881,-14996.75846349741,14997.227705504922,1.0593832891172497,1.0760841534920473,2.0,0.0,0.015768694188563075,0.015768694188563075,-7.425568925935468,-14987.941107067702,-14995.366675993637
91,20,0.45857406308611376,-8.228711762749425,3.0,1.0,0.9762978505424743,-14994.52659248191,14995.88083052565,-1.0790152269310056,-1.0790152269310056,2.0,0.0,0.015768694188563075,0.015768694188563075,-7.483965312463681,-14985.649444706734,-14993.133410019198
92,20,0.45825570291577994,-8.223795990995075,3.0,1.0,0.9954366778559874,-14994.483562731513,14994.571130162594,0.005421462636149954,0.00548243781668134,1.0,0.0,0.015768694188563075,0.015768694188563075,-7.466164891535896,-14985.624108727165,-14993.0902736187
93,20,0.4527988388009637,-8.178483799585226,7.0,1.0,0.5819018625404896,-14994.674421563202,14997.020480887835,0.00047073249334061984,1.1981164376156812,2.0,0.0,0.015768694188563075,0.015768694188563075,-7.303223623763983,-14985.975951832255,-14993.279175456018
94,20,0.4521874534399115,-8.174845928772658,3.0,1.0,0.9960689529702225,-14994.76607706983,14994.7960699515,0.0034455825625627767,0.007142707248931401,2.0,0.0,0.015768694188563075,0.015768694188563075,-7.290230987516949,-14986.080365498316,-14993.370596485833
95,20,0.4486058903558484,-8.15359096789914,3.0,1.0,0.9299799855344784,-14995.682267010978,14995.769804393913,0.09325360271759564,0.09325360271759564,2.0,0.0,0.015768694188563075,0.015768694188563075,-7.214583555953783,-14987.070767465577,-14994.28535102153
96,20,0.45176164589988604,-8.147373848837262,3.0,1.0,0.9533146090914383,-14995.84913179307,14995.968300246332,0.057969341596617596,0.06785649676021421,2.0,0.0,0.015768694188563075,0.015768694188563075,-7.192541927755714,-14987.260944161135,-14994.45348608889
97,20,0.44804578642398757,-8.157183155245614,3.0,1.0,0.9914482729048292,-14995.776233728298,14996.133173021657,0.02599001467024209,-0.09914182193097076,2.0,0.0,0.015768694188563075,0.015768694188563075,-7.227336600091494,-14987.151747095691,-14994.379083695783
98,20,0.45695400776617906,-8.224035894697804,7.0,1.0,0.9929624453429317,-14994.445344611837,14996.111325225376,-0.1781704138575151,-0.1781704138575151,2.0,0.0,0.015768694188563075,0.015768694188563075,-7.4670330420422015,-14985.584577774793,-14993.051610816834
99,20,0.456621828853296,-8.21240880197272,5.0,1.0,0.9967257611285778,-14994.371756136452,14994.479494315709,-0.004582851652230602,0.004824746092708665,2.0,0.0,0.015768694188563075,0.015768694188563075,-7.4250237495300215,-14985.552882894608,-14992.977906644139
100,20,0.4586477716918932,-8.218975020256794,15.0,1.0,0.9416140390704925,-14994.56736929055,14994.956048337037,0.0697057037596096,0.11958372071603662,4.0,0.0,0.015768694188563075,0.015768694188563075,-7.448731223296597,-14985.72548017878,-14993.174211402076
101,20,0.4517330533091609,-8.184150168676062,5.0,1.0,0.9658605634684481,-14994.720972480432,14995.537411372148,-0.016684715963492636,0.09676805976960168,2.0,0.0,0.015768694188563075,0.015768694188563075,-7.323487391445269,-14986.001828243701,-14993.325315635146
102,20,0.44792152571593125,-8.201425084988543,3.0,1.0,0.517246453528904,-14997.065271128185,14997.348281966202,1.1444159923394182,1.1444159923394182,1.0,0.0,0.015768694188563075,0.015768694188563075,-7.385463182497048,-14988.282605638713,-14995.66806882121
103,20,0.45550891094910295,-8.198317020726082,7.0,1.0,0.9434974521834599,-14994.417036457991,14996.329234331486,-1.1928001975538791,-1.1928001975538791,3.0,0.0,0.015768694188563075,0.015768694188563075,-7.374290621198494,-14985.648502135202,-14993.022792756401
104,20,0.4578884376597524,-8.23293110091436,7.0,1.0,0.9449500233727282,-14994.563774203438,14995.15527819406,-0.002419373764496413,0.08914612859371118,2.0,0.0,0.015768694188563075,0.015768694188563075,-7.499263161138014,-14985.671097867717,-14993.170361028855
105,20,0.45519229899055813,-8.181987165163628,11.0,1.0,0.8258351195621707,-14994.796248343395,14995.162509897054,0.11122330542821146,0.3968998850468779,3.0,0.0,0.015768694188563075,0.015768694188563075,-7.31574838446388,-14986.086142255992,-14993.401890640456
106,20,0.45491569577784374,-8.186127996472361,1.0,1.0,1.0,-14994.613912152914,14994.785574801459,-0.06334264590441308,-0.06334264590441308,1.0,0.0,0.015768694188563075,0.015768694188563075,-7.330567953438823,-14985.888886228637,-14993.219454182075
107,20,0.45491569577784374,-8.186127996472361,1.0,1.0,0.07436517025713833,-14994.613912152914,14997.74941262833,0.0,2.5987675884607597,1.0,0.0,0.015768694188563075,0.015768694188563075,-7.330567953438823,-14985.888886228637,-14993.219454182075
108,20,0.4561496766433992,-8.22323761815122,7.0,1.0,0.9593267156476942,-14994.49162166528,14995.227461885423,-0.022290298886218807,0.11065377909289964,2.0,0.0,0.015768694188563075,0.015768694188563075,-7.464144505044423,-14985.63346166429,-14993.097606169335
109,20,0.45655772151941054,-8.197922501908934,7.0,1.0,0.7285848692552088,-14994.561271512064,14995.40457460051,0.052573974202459794,0.5680158039558592,2.0,0.0,0.015768694188563075,0.015768694188563075,-7.3728731349819645,-14985.794526452368,-14993.16739958735
110,20,0.45673002935364043,-8.165793978350788,15.0,1.0,0.7605928464561804,-14996.286105461615,14996.502737003439,0.6164516688422736,0.6164516688422736,4.0,0.0,0.015768694188563075,0.015768694188563075,-7.25795942857433,-14987.634334325905,-14994.89229375448
111,20,0.45038070193982693,-8.22263937959718,5.0,1.0,0.8499434861745019,-14996.822132701962,14997.772567020851,0.4220487497659633,0.4220487497659633,2.0,0.0,0.015768694188563075,0.015768694188563075,-7.461980216560068,-14987.963961010064,-14995.425941226624
112,20,0.46361425235545967,-8.234577567928998,5.0,1.0,1.0,-14995.98768012012,14997.038590885959,-0.5460588824371371,-0.74240965662284,2.0,0.0,0.015768694188563075,0.015768694188563075,-7.505237505248247,-14987.090838491356,-14994.596075996604
113,20,0.4573108482653676,-8.233038679229837,3.0,1.0,1.0,-14994.60343006012,14995.662818124763,-0.5596509092629276,-0.5596509092629276,2.0,0.0,0.015768694188563075,0.015768694188563075,-7.499653435332743,-14985.710166111068,-14993.2098195464
114,20,0.4561101874286278,-8.214371134479839,7.0,1.0,0.8983531752980406,-14994.370867258405,14994.83570074834,-0.034956127228724654,0.21762233674053277,3.0,0.0,0.015768694188563075,0.015768694188563075,-7.432104276501539,-14985.54473351928,-14992.976837795783
115,20,0.45731783344083377,-8.225276855302756,15.0,1.0,0.9991576829530431,-14994.452864130018,14994.46018202715,0.0027850214391946793,0.0027850214391946793,4.0,0.0,0.015768694188563075,0.015768694188563075,-7.471524681812931,-14985.587731337335,-14993.059256019147
116,20,0.4581844580543483,-8.225070876880364,3.0,1.0,0.9261106773966262,-14994.479622496317,14994.621932305217,0.006884503993205726,0.11856733792592422,2.0,0.0,0.015768694188563075,0.015768694188563075,-7.470779039165853,-14985.615530364066,-14993.086309403232
117,20,0.45532276109975606,-8.190799186834578,7.0,1.0,0.9372528487762039,-14994.543704886077,14996.986146959507,0.03442380110027443,0.13809792592473968,2.0,0.0,0.015768694188563075,0.015768694188563075,-7.3473061990603625,-14985.802088058606,-14993.149394257667
118,20,0.4552953452212626,-8.188672172844742,1.0,1.0,0.9854022860581507,-14994.595628061228,14994.642367901542,0.014705308945849538,0.014705308945849538,1.0,0.0,0.015768694188563075,0.015768694188563075,-7.339681778107455,-14985.86162577384,-14993.201307551946
119,20,0.4573540707106951,-8.182835099419494,1.0,1.0,0.6893448310976462,-14995.425841988957,14995.471851861512,0.372013652618989,0.372013652618989,1.0,0.0,0.015768694188563075,0.015768694188563075,-7.318781649603737,-14986.713464687424,-14994.032246337027
120,20,0.452049815592915,-8.206066396825593,15.0,1.0,0.9968632266187978,-14994.994403763547,14995.638193201412,-0.1573408197691606,-0.43875985830709396,4.0,0.0,0.015768694188563075,0.015768694188563075,-7.402165293816612,-14986.196704675463,-14993.59886996928
121,20,0.452049815592915,-8.206066396825593,1.0,1.0,0.07167059732917246,-14994.994403763547,14998.422001205163,0.0,2.6356746945730265,1.0,0.0,0.015768694188563075,0.015768694188563075,-7.402165293816612,-14986.196704675463,-14993.59886996928
122,20,0.45311031241291094,-8.205403096360648,3.0,1.0,1.0,-14994.651698029138,14994.959028822697,-0.15709974868696008,-0.2060268929144513,2.0,0.0,0.015768694188563075,0.015768694188563075,-7.399777037669499,-14985.856793158655,-14993.256570196325
123,20,0.4547090742650494,-8.177311386209732,7.0,1.0,0.9946700516082839,-14994.88261901465,14995.037054457593,-0.0048691671381675405,-0.12303861188229348,2.0,0.0,0.015768694188563075,0.015768694188563075,-7.299034910365127,-14986.189050824476,-14993.488085734842
124,20,0.4562646194644487,-8.173996486859986,3.0,1.0,0.8536966813833521,-14995.506378388163,14995.609248142946,0.281786751736945,0.281786751736945,2.0,0.0,0.015768694188563075,0.015768694188563075,-7.28719911610216,-14986.825204356812,-14994.112403472915
125,20,0.45282589060951284,-8.201808209524202,7.0,1.0,0.9851176906036541,-14994.648840816179,14996.31637088553,-0.3006927223850653,-0.3006927223850653,3.0,0.0,0.015768694188563075,0.015768694188563075,-7.386841069377546,-14985.866763943477,-14993.253605012855
126,20,0.45639224021129104,-8.190240055359462,7.0,1.0,0.9851434587325907,-14994.760799757058,14994.850699059118,0.035251498404250015,-0.0856019217226276,3.0,0.0,0.015768694188563075,0.015768694188563075,-7.345301517341904,-14986.021568254417,-14993.366869771759
127,20,0.45585973743773583,-8.185556817535243,3.0,1.0,0.9876989345085473,-14994.80670190931,14994.985439877042,-0.0034393376827210886,-0.03903640422686294,1.0,0.0,0.015768694188563075,0.015768694188563075,-7.3285227488854545,-14986.084060820534,-14993.41258356942
128,20,0.45502125224640416,-8.195016234248031,3.0,1.0,0.9938131709418753,-14994.433045294812,14994.720296499188,-0.13976432564959396,-0.13976432564959396,2.0,0.0,0.015768694188563075,0.015768694188563075,-7.362435858308429,-14985.676189803587,-14993.038625661897
129,20,0.4571439763423024,-8.235201294565426,7.0,1.0,0.6247563811976574,-14994.684869112556,14996.312991080738,0.043243319079920184,0.8927387472540431,2.0,0.0,0.015768694188563075,0.015768694188563075,-7.507501457824272,-14985.783699619718,-14993.291201077544
130,20,0.45758112076367463,-8.234936727987124,1.0,1.0,1.0,-14994.628788577626,14994.693906693488,-0.029400454091955908,-0.029400454091955908,1.0,0.0,0.015768694188563075,0.015768694188563075,-7.506541107912483,-14985.728729636763,-14993.235270744675
131,20,0.4572835495502117,-8.21397607226655,5.0,1.0,0.9922006005315428,-14994.41421569525,14994.743242809534,-0.015117737564651179,-0.015117737564651179,2.0,0.0,0.015768694188563075,0.015768694188563075,-7.430678495623703,-14985.589917291529,-14993.020595787153
132,20,0.4535013559646463,-8.198364564208545,5.0,1.0,0.9443595662889172,-14994.479490023663,14994.746496171287,0.015548259043498547,0.10596220846127835,2.0,0.0,0.015768694188563075,0.015768694188563075,-7.374461453042209,-14985.710048098641,-14993.084509551683
133,20,0.4577263798582371,-8.221111930447977,7.0,1.0,0.801999445706648,-14994.435741505244,14995.30065812752,-0.026674825629015686,0.4532255108551908,2.0,0.0,0.015768694188563075,0.015768694188563075,-7.456455882868475,-14985.585817354371,-14993.042273237239
134,20,0.4580691659682149,-8.236497620338614,5.0,1.0,0.9623690426085758,-14994.634152363944,14994.723942222841,0.012639858307011309,0.0546269855240098,2.0,0.0,0.015768694188563075,0.015768694188563075,-7.51220800093805,-14985.72859237596,-14993.240800376898
135,20,0.4571273396123471,-8.228844622563265,7.0,1.0,0.9993105907534268,-14994.520360046708,14994.733466936546,-0.0008953867418313166,-0.02204015241295565,3.0,0.0,0.015768694188563075,0.015768694188563075,-7.484446744348878,-14985.642239520128,-14993.126686264477
136,20,0.4605492736791965,-8.25897676661904,5.0,1.0,0.37644414171840446,-14995.204689169179,15001.063346969559,-0.01885333710742998,4.989163846666997,2.0,0.0,0.015768694188563075,0.015768694188563075,-7.59408979753569,-14986.218060112446,-14993.812149909982
137,20,0.45545174381883413,-8.21969073970822,7.0,1.0,0.9271898292329702,-14994.505279768766,14995.408387102816,0.01044652949894953,0.14853974707511952,3.0,0.0,0.015768694188563075,0.015768694188563075,-7.451317949837307,-14985.659697594136,-14993.111015543973
138,20,0.45792019121008865,-8.197976360658926,5.0,1.0,0.8989741561259408,-14994.909789397863,14994.983497335648,0.19585107283273828,0.19585107283273828,2.0,0.0,0.015768694188563075,0.015768694188563075,-7.373066637581111,-14986.143320355537,-14993.516386993118
139,20,0.4606055760015151,-8.202508049256288,3.0,1.0,0.7364887284788413,-14995.881113727926,14996.245248120873,0.45533319037713227,0.5529860583319532,1.0,0.0,0.015768694188563075,0.015768694188563075,-7.389358384456171,-14987.099233952009,-14994.488592336465
140,20,0.4456286818713964,-8.161137774958776,5.0,1.0,1.0,-14996.910547247433,14998.098435132548,-0.02604481187154306,-0.6593318266823189,2.0,0.0,0.015768694188563075,0.015768694188563075,-7.241391280109668,-14988.270966174317,-14995.512357454427
141,20,0.4596246517746066,-8.18686417683729,7.0,1.0,0.8934620713175221,-14996.33554914156,14998.42942555608,0.18850651525099238,-0.4830494908073888,2.0,0.0,0.015768694188563075,0.015768694188563075,-7.333204455247303,-14987.609508297743,-14994.94271275299
142,20,0.4578474146052357,-8.197929754754906,1.0,1.0,1.0,-14994.888004987399,14995.974080606518,-0.6497530012075003,-0.6497530012075003,1.0,0.0,0.015768694188563075,0.015768694188563075,-7.372899192687428,-14986.121678694157,-14993.494577886844
143,20,0.4561832802681991,-8.253967744338944,5.0,1.0,0.8576626067881161,-14995.955389320743,14996.297476085365,0.2815182099948288,0.3452545026830194,2.0,0.0,0.015768694188563075,0.015768694188563075,-7.575800344118245,-14986.985585355666,-14994.561385699784
144,20,0.4588912292385437,-8.249341069001261,1.0,1.0,1.0,-14994.965751668231,14995.543449654802,-0.4685827498251456,-0.4685827498251456,1.0,0.0,0.015768694188563075,0.015768694188563075,-7.558929245505166,-14986.013745387054,-14993.572674632558
145,20,0.46026131433432,-8.250370951256288,7.0,1.0,0.998489879339278,-14994.942278250119,14995.161035211486,-0.04507986272074049,-0.0621556906207843,3.0,0.0,0.015768694188563075,0.015768694188563075,-7.562682842760599,-14985.986964359223,-14993.549647201984
146,20,0.45922950829833037,-8.234830575023025,3.0,1.0,0.991490751390554,-14994.624622559404,14995.273857941076,-0.004086121392901987,0.01601640156695794,1.0,0.0,0.015768694188563075,0.015768694188563075,-7.506155803069289,-14985.725501260622,-14993.23165706369
147,20,0.456839902164557,-8.18268443439735,9.0,1.0,0.8377233259479779,-14995.232428306474,14995.406783512446,0.33024483076769684,0.3468215434695594,3.0,0.0,0.015768694188563075,0.015768694188563075,-7.318242631990307,-14986.520412238497,-14993.838654870488
148,20,0.45710896595582456,-8.181977321397483,1.0,1.0,0.9380458814938302,-14995.374119322407,14995.709983876515,0.06395641699964472,0.06395641699964472,1.0,0.0,0.015768694188563075,0.015768694188563075,-7.3157131751624425,-14986.664726015137,-14993.9804391903
149,20,0.4545340895877428,-8.227533008330912,7.0,1.0,0.7644125583955249,-14994.987948145586,14996.6746783474,-0.1615894396254589,0.5886168905217346,2.0,0.0,0.015768694188563075,0.015768694188563075,-7.479694741550398,-14986.11365607242,-14993.593350813971
150,20,0.4535517697188362,-8.226203441801156,3.0,1.0,0.9327077788236009,-14995.284451706779,14995.565722084833,0.14804618116249912,0.14804618116249912,2.0,0.0,0.015768694188563075,0.015768694188563075,-7.474879453056755,-14986.414610688282,-14993.889490141339
51,21,0.4563278940704147,-8.194398351377744,7.0,1.0,0.7247668371477657,-14994.612011048359,14995.484064125303,0.051627819279019604,0.7074535211741022,3.0,0.0,0.021207699246062386,0.021207699246062386,-7.360217944817862,-14985.85784048131,-14993.218058426128
52,21,0.4555378212068292,-8.221450728771686,5.0,1.0,0.9889365301425739,-14994.533390181685,14994.857129769714,-0.04303779496513016,-0.05924707373014826,2.0,0.0,0.01713229080278521,0.01713229080278521,-7.457681015262279,-14985.681475833524,-14993.139156848787
53,21,0.4660352275897609,-8.241742033187975,23.0,1.0,0.5997077252571945,-14997.168110019455,14997.60747780561,1.1520901367184706,1.2948532458231057,4.0,0.0,0.01713229080278521,0.01713229080278521,-7.531265933128063,-14988.245924622832,-14995.77719055596
54,21,0.44853746715382764,-8.187059964393752,7.0,1.0,1.0,-14995.935018964079,14996.688493295389,-0.5075689615823649,-1.211667372359443,3.0,0.0,0.01713229080278521,0.01713229080278521,-7.333905725528151,-14987.20416879697,-14994.5380745225
55,21,0.4520477707239406,-8.17980923941867,3.0,1.0,0.9892602466752467,-14994.699868745156,14995.310865752925,-0.685826250772152,-0.685826250772152,2.0,0.0,0.01713229080278521,0.01713229080278521,-7.307960714360208,-14985.996373444816,-14993.304334159177
56,21,0.452968753594562,-8.187543503704243,7.0,1.0,0.9794440074185093,-14994.543511396036,14995.533098082737,-0.011141606217279332,0.046832795607770095,3.0,0.0,0.01713229080278521,0.01713229080278521,-7.335637826946987,-14985.812692081634,-14993.148329908581
57,21,0.4479660079613075,-8.1967331151579,1.0,1.0,0.29947659507404356,-14996.741605460276,14996.789075798508,1.205719011144538,1.205719011144538,1.0,0.0,0.01713229080278521,0.01713229080278521,-7.36860067029808,-14987.975821210626,-14995.344421880924
58,21,0.4527418466872526,-8.194187148938175,7.0,1.0,0.9622803457233952,-14994.571458309301,14995.711161558189,-1.1547007259378006,-1.2268046342196612,2.0,0.0,0.01713229080278521,0.01713229080278521,-7.359459913376396,-14985.816730561131,-14993.176190474507
59,21,0.45914928214897927,-8.225409129911359,7.0,1.0,0.9964446961058465,-14994.601213034832,14995.129817506939,0.006141678772110026,-0.06595956691489846,2.0,0.0,0.01713229080278521,0.01713229080278521,-7.472003538754003,-14985.736217632077,-14993.208221170831
60,21,0.4580422389848849,-8.22797858964231,3.0,1.0,0.9996183760143086,-14994.490615037486,14994.547858635975,-0.06423413632728625,-0.06423413632728625,2.0,0.0,0.01713229080278521,0.01713229080278521,-7.48130889799849,-14985.61594505294,-14993.097253950938
61,21,0.4580422389848849,-8.22797858964231,1.0,1.0,0.08714081454365086,-14994.490615037486,14996.527243381826,0.0,2.4402299108078296,1.0,0.0,0.01713229080278521,0.01713229080278521,-7.48130889799849,-14985.61594505294,-14993.097253950938
62,21,0.4541292405203884,-8.223571062285421,7.0,1.0,0.841862674450199,-14994.944981277275,14995.165295730329,0.29897829759102024,0.3022900199102878,2.0,0.0,0.01713229080278521,0.01713229080278521,-7.465350983999317,-14986.084883807067,-14993.550234791066
63,21,0.45827397192580044,-8.184595591675054,7.0,1.0,0.7806835861775749,-14995.740331573836,14997.241593298806,0.43372586007535574,0.6612811912109464,2.0,0.0,0.01713229080278521,0.01713229080278521,-7.3250816506433125,-14987.021966952858,-14994.3470486035
64,21,0.44781041653777576,-8.169652386752274,7.0,1.0,1.0,-14995.881473521991,14997.263613481235,-0.26790795103806886,-0.5105151906918763,3.0,0.0,0.01713229080278521,0.01713229080278521,-7.27170521298701,-14987.212519152134,-14994.48422436512
65,21,0.4492475874208431,-8.173838432496146,3.0,1.0,0.9679777035899777,-14995.344923076573,14995.935387205129,-0.20631169251646497,-0.20631169251646497,2.0,0.0,0.01713229080278521,0.01713229080278521,-7.2866350600221095,-14986.661636980205,-14993.948272040227
66,21,0.4569440982265598,-8.170492266257837,3.0,1.0,0.21721494618013779,-14996.040777418997,14999.424533683517,0.48796448662869807,4.140901039174423,2.0,0.0,0.01713229080278521,0.01713229080278521,-7.2746993012341665,-14987.37234088435,-14994.647040185584
67,21,0.4640712368299345,-8.243038062167683,15.0,1.0,0.9965766224501507,-14995.940317723302,14996.385249467852,-0.17770032931912283,-0.7105671894478292,3.0,0.0,0.01713229080278521,0.01713229080278521,-7.53597987547438,-14987.01286660566,-14994.548846481135
68,21,0.44880749928317965,-8.165925377778615,7.0,1.0,0.8879234220388855,-14995.477629446132,14997.263272757322,-0.3860611418076587,-0.5380840752295626,2.0,0.0,0.01713229080278521,0.01713229080278521,-7.258427301136259,-14986.822369764965,-14994.0807970661
69,21,0.45496316047591756,-8.156495876994008,15.0,1.0,0.8280420153300729,-14996.171205640696,14996.331881162503,0.38455851868093305,0.5269136928818625,3.0,0.0,0.01713229080278521,0.01713229080278521,-7.224895615003999,-14987.55186930525,-14994.776764920254
70,21,0.45496316047591756,-8.156495876994008,1.0,1.0,0.20467027420104322,-14996.171205640696,14998.21277398652,0.0,1.5863550132689852,1.0,0.0,0.01713229080278521,0.01713229080278521,-7.224895615003999,-14987.55186930525,-14994.776764920254
71,21,0.44767656023558194,-8.170671438072649,3.0,1.0,1.0,-14995.958710795196,14996.270244996213,-0.08161165398269077,-0.4630710778765206,2.0,0.0,0.01713229080278521,0.01713229080278521,-7.275338122512948,-14987.286066938916,-14994.561405061428
72,21,0.45220799618539126,-8.145947297010192,3.0,1.0,0.4431095169812593,-14996.027927530122,14997.98050770961,-0.21657665621387423,1.9224764029459038,2.0,0.0,0.01713229080278521,0.01713229080278521,-7.187489808173681,-14987.44496506634,-14994.632454874512
73,21,0.45809212775673774,-8.214563420254086,7.0,1.0,0.9592992086522207,-14994.520623526512,14996.4741703413,-0.19059872163597902,-0.19059872163597902,3.0,0.0,0.01713229080278521,0.01713229080278521,-7.4327982929872425,-14985.694481001334,-14993.127279294322
74,21,0.45116409286253467,-8.196246297430699,7.0,1.0,0.32507553901263325,-14995.02555623921,14997.012296109742,0.24125317087418807,2.3851146502511256,2.0,0.0,0.01713229080278521,0.01713229080278521,-7.366852352291555,-14986.262823947278,-14993.62967629957
75,21,0.4562075457668632,-8.193060215436473,7.0,1.0,0.6009586347467296,-14994.627173740917,14995.893212829698,-0.18980366816686,1.2790772368662147,2.0,0.0,0.01713229080278521,0.01713229080278521,-7.35541596491223,-14985.87776272434,-14993.233178689252
76,21,0.4591669758680513,-8.206585221962536,7.0,1.0,0.8774809761001053,-14995.017234169347,14995.112259304231,0.23824883470479108,0.27282078367898066,2.0,0.0,0.01713229080278521,0.01713229080278521,-7.4040336638760795,-14986.22021446146,-14993.624248125336
77,21,0.4560949224260431,-8.20907893739219,1.0,1.0,1.0,-14994.35901642994,14994.675550911948,-0.358960801453577,-0.358960801453577,1.0,0.0,0.01713229080278521,0.01713229080278521,-7.413017677428201,-14985.55196388749,-14992.964981564919
78,21,0.4560949224260431,-8.20907893739219,1.0,1.0,0.01723800771735153,-14994.35901642994,14997.939507591731,0.0,4.060638582062893,1.0,0.0,0.01713229080278521,0.01713229080278521,-7.413017677428201,-14985.55196388749,-14992.964981564919
79,21,0.45483233105934673,-8.193331211654792,7.0,1.0,0.9811472918516829,-14994.448355074428,14994.840443865996,0.013080033917503897,0.03229638095399423,2.0,0.0,0.01713229080278521,0.01713229080278521,-7.3563883062614295,-14985.697478454855,-14993.053866761116
80,21,0.44862637580966586,-8.162914387358393,7.0,1.0,0.8690689737836189,-14995.547896155222,14995.593618760206,0.19835516479179205,0.21335675647787866,3.0,0.0,0.01713229080278521,0.01713229080278521,-7.247710434396678,-14986.903278242238,-14994.150988676634
81,21,0.4554911731248233,-8.213160899385837,7.0,1.0,0.9864419623416885,-14994.392291201484,14995.764674017119,-0.19645809630674194,-0.19645809630674194,3.0,0.0,0.01713229080278521,0.01713229080278521,-7.427737027186862,-14985.57030410763,-14992.998041134817
82,21,0.4554911731248233,-8.213160899385837,1.0,1.0,0.1683609181704846,-14994.392291201484,14995.951374069413,0.0,1.7816452814804506,1.0,0.0,0.01713229080278521,0.01713229080278521,-7.427737027186862,-14985.57030410763,-14992.998041134817
83,21,0.46157871725433763,-8.24370791955022,7.0,1.0,0.6557763607396495,-14995.030436324825,14995.988336397031,0.09842027480772231,0.8643761516359518,2.0,0.0,0.01713229080278521,0.01713229080278521,-7.53841695248239,-14986.099802729208,-14993.63821968169
84,21,0.45204725602571183,-8.21884622342425,7.0,1.0,0.678808729988597,-14995.565267585096,14996.345584819066,0.538908250267923,0.7329501194653858,2.0,0.0,0.01713229080278521,0.01713229080278521,-7.448265784974826,-14986.72146701486,-14994.169732799835
85,21,0.4666392887807599,-8.276850624833218,5.0,1.0,0.8550150513995352,-14996.583779221164,14997.63523019802,-0.314157049268033,0.602138636932068,2.0,0.0,0.01713229080278521,0.01713229080278521,-7.659557155703644,-14987.53346601759,-14995.193023173295
86,21,0.45119110656922673,-8.107460521649994,15.0,1.0,0.5882970439545965,-14999.212609310349,15001.077964294684,0.6121204797145765,1.5417629613093595,3.0,0.0,0.01713229080278521,0.01713229080278521,-7.051957330840056,-14990.764782692428,-14997.816740023267
87,21,0.45283311185034214,-8.140212254936381,3.0,1.0,1.0,-14996.631457338024,14999.77733865458,-0.4409889662365458,-0.447801094605893,2.0,0.0,0.01713229080278521,0.01713229080278521,-7.167199747821778,-14988.069024536386,-14995.236224284208
88,21,0.45283311185034214,-8.140212254936381,1.0,1.0,0.39812851197736043,-14996.631457338024,14998.06416960199,0.0,0.9209804314014036,1.0,0.0,0.01713229080278521,0.01713229080278521,-7.167199747821778,-14988.069024536386,-14995.236224284208
89,21,0.4508743380594476,-8.124422524954205,3.0,1.0,0.9470417206250716,-14997.355561572276,14997.925070345489,-0.05209036643827858,0.17301480502283084,2.0,0.0,0.01713229080278521,0.01713229080278521,-7.111507045863907,-14988.848059947288,-14995.959566993151
90,21,0.443138442586951,-8.120163533356763,3.0,1.0,0.9547590226349794,-14998.483827174798,14998.984769735587,0.14298407890055387,-0.1780926432529668,2.0,0.0,0.01713229080278521,0.01713229080278521,-7.096527649227684,-14989.98798785892,-14997.084515508148
91,21,0.44643640235652265,-8.12111169901345,1.0,1.0,1.0,-14997.334471142154,14998.106637190793,-0.4380379298909247,-0.4380379298909247,1.0,0.0,0.01713229080278521,0.01713229080278521,-7.099860894712201,-14988.836773290157,-14995.936634184869
92,21,0.4423924639687182,-8.116923537686175,3.0,1.0,0.7223389792228314,-14998.971559766956,14998.99852003578,0.5604974758844037,0.5604974758844037,2.0,0.0,0.01713229080278521,0.01713229080278521,-7.085144334786035,-14990.486757664317,-14997.571901999103
93,21,0.44957756086180456,-8.1586132859609,3.0,1.0,1.0,-14995.383433741468,14998.720310993303,-0.666469667256024,-0.666469667256024,2.0,0.0,0.01713229080278521,0.01713229080278521,-7.232417465576858,-14986.754500160718,-14993.986917626295
94,21,0.4510855743594397,-8.14540037539517,3.0,1.0,0.7844810923147433,-14995.869954598118,14996.286039185708,0.0687011975205678,0.3863682705668907,2.0,0.0,0.01713229080278521,0.01713229080278521,-7.185553430199313,-14987.288490231258,-14994.474043661457
95,21,0.4510855743594397,-8.14540037539517,1.0,1.0,0.197359565047683,-14995.869954598118,14997.842058014921,0.0,1.6227280106159014,1.0,0.0,0.01713229080278521,0.01713229080278521,-7.185553430199313,-14987.288490231258,-14994.474043661457
96,21,0.451968149184346,-8.181839925546736,7.0,1.0,0.8004968166114101,-14994.69191576332,14996.246284289391,-0.10713631055659789,0.4674276306905085,3.0,0.0,0.01713229080278521,0.01713229080278521,-7.315221746141927,-14985.981128577343,-14993.296350323484
97,21,0.4532447798840379,-8.18873367529915,3.0,1.0,1.0,-14994.513745269242,14994.722598572322,-0.03023495826164435,-0.03023495826164435,2.0,0.0,0.01713229080278521,0.01713229080278521,-7.339902174166303,-14985.77876607665,-14993.118668250816
98,21,0.4495152085638606,-8.141636711658318,7.0,1.0,0.948501848567488,-14995.994369083695,14996.290583856602,0.07144177796544682,0.09076096134594991,2.0,0.0,0.01713229080278521,0.01713229080278521,-7.1722362767976975,-14987.425591265637,-14994.597827542435
99,21,0.4504015879852568,-8.140163863184533,1.0,1.0,0.9433537309149328,-14996.10580306625,14996.195331321022,0.058313954368713894,0.058313954368713894,1.0,0.0,0.01713229080278521,0.01713229080278521,-7.1670286821140845,-14987.54259128027,-14994.709619962383
100,21,0.4518513090876148,-8.173150776526654,7.0,1.0,0.5466968588392522,-14994.818171178169,14997.381049285175,-0.12624308643535187,1.5671703282205272,2.0,0.0,0.01713229080278521,0.01713229080278521,-7.28418128043463,-14986.138379087213,-14993.422560367648
101,21,0.4619687780225803,-8.241014450115502,15.0,1.0,0.8794722277955366,-14995.147829682037,14996.0164355545,0.19596178567735478,0.24201835606982058,3.0,0.0,0.01713229080278521,0.01713229080278521,-7.528620289698771,-14986.227112735027,-14993.755733024725
102,21,0.4539013695418971,-8.229232128819365,7.0,1.0,0.478585743979482,-14995.304914368531,14996.931669826581,0.2765232119072607,1.4406086690432858,2.0,0.0,0.01713229080278521,0.01713229080278521,-7.48585101594367,-14986.424232322654,-14993.910083338596
103,21,0.4570588424760149,-8.210488676338786,7.0,1.0,0.997313906084287,-14994.417577481749,14995.057315736678,-0.449294231217209,-0.47595933982120187,2.0,0.0,0.01713229080278521,0.01713229080278521,-7.4180992416369795,-14985.605780771451,-14993.023880013088
104,21,0.45028333275238325,-8.230703372103813,3.0,1.0,0.45489164059989856,-14997.598956838547,14997.670874988436,1.729117340699304,1.729117340699304,1.0,0.0,0.01713229080278521,0.01713229080278521,-7.491183975017882,-14988.711542313566,-14996.202726288584
105,21,0.4658080819599536,-8.235360665382945,5.0,1.0,0.93954275522703,-14997.360320473363,14999.771878947397,-0.3278538315098558,-1.1696396733805159,2.0,0.0,0.01713229080278521,0.01713229080278521,-7.508079991549194,-14988.461258803329,-14995.969338794877
106,21,0.46277332118731374,-8.237366395039707,3.0,1.0,0.9071603814452184,-14995.499072112116,14996.842936773788,-0.990113357143855,-0.990113357143855,2.0,0.0,0.01713229080278521,0.01713229080278521,-7.51536318372914,-14986.591855843688,-14994.107219027417
107,21,0.4506820667410249,-8.184559418235496,7.0,1.0,0.6877441701053782,-14994.974266207613,14997.815961206968,-0.23896103405604663,1.00465122161404,3.0,0.0,0.01713229080278521,0.01713229080278521,-7.3249521711690075,-14986.253243004885,-14993.578195176055
108,21,0.45484532259913385,-8.188499819777222,7.0,1.0,0.46329407994283434,-14994.544205217855,14996.286275717388,-0.15723016069023288,1.7691388426119374,3.0,0.0,0.01713229080278521,0.01713229080278521,-7.339064165400348,-14985.810657471455,-14993.149721636855
109,21,0.4633555470110072,-8.2774813040428,5.0,1.0,0.6061330864193624,-14995.906821552146,14999.384580956123,0.004564334063616116,0.901294182822312,2.0,0.0,0.01713229080278521,0.01713229080278521,-7.6618730070987855,-14986.853268443087,-14994.515141450185
110,21,0.46363168045478437,-8.273759482280289,1.0,1.0,1.0,-14995.801523972232,14995.924399615484,-0.00044352447366691194,-0.00044352447366691194,1.0,0.0,0.01713229080278521,0.01713229080278521,-7.648212245639514,-14986.761712701924,-14994.409924947564
111,21,0.46363168045478437,-8.273759482280289,1.0,1.0,0.0074584831203518874,-14995.801523972232,14999.76234777706,0.0,4.89840322051532,1.0,0.0,0.01713229080278521,0.01713229080278521,-7.648212245639514,-14986.761712701924,-14994.409924947564
112,21,0.45081282849829746,-8.174055228274227,15.0,1.0,0.7788210057247159,-14994.93283386685,14996.610280061117,0.018814836133969948,0.541302067847937,3.0,0.0,0.01713229080278521,0.01713229080278521,-7.287408755731532,-14986.2494061072,-14993.536814862931
113,21,0.45195594367203556,-8.17342369036343,1.0,1.0,1.0,-14994.806469293444,14994.890718741219,-0.054730584586650366,-0.054730584586650366,1.0,0.0,0.01713229080278521,0.01713229080278521,-7.285155068948117,-14986.125744050336,-14993.410899119284
114,21,0.4554036066439517,-8.217316112702672,5.0,1.0,0.4881693167088345,-14994.463025279583,14996.82443604228,0.005997118165396387,1.7652334017693647,2.0,0.0,0.01713229080278521,0.01713229080278521,-7.442737631145044,-14985.626006121462,-14993.068743752607
115,21,0.455781520706994,-8.192177947903373,15.0,1.0,0.9345903875562728,-14994.575118500004,14994.827563489005,0.03770461659041757,0.1536144443325611,3.0,0.0,0.01713229080278521,0.01713229080278521,-7.352250875224913,-14985.828721422835,-14993.18097229806
116,21,0.4612911237572224,-8.212197296429085,7.0,1.0,0.7205627708788106,-14995.729721595855,14995.843897919221,0.6420817148900824,0.6420817148900824,2.0,0.0,0.01713229080278521,0.01713229080278521,-7.424260820932829,-14986.91315487224,-14994.337415693173
117,21,0.45545720734412615,-8.244490016600134,5.0,1.0,1.0,-14995.592851612966,14996.107654016609,-0.21327062728414603,-0.47966941444065014,2.0,0.0,0.01713229080278521,0.01713229080278521,-7.541262947947707,-14986.657326402808,-14994.198589350755
118,21,0.45553476881206695,-8.230536808428306,3.0,1.0,1.0,-14994.828241643445,14995.653799014215,-0.32841609366369084,-0.32841609366369084,1.0,0.0,0.01713229080278521,0.01713229080278521,-7.490580106756461,-14985.943427109369,-14993.434007216125
119,21,0.46016323971735396,-8.238595483440605,7.0,1.0,0.9942486518706145,-14994.75642699087,14995.158519702958,-0.15502325652778381,-0.19235333017422818,2.0,0.0,0.01713229080278521,0.01713229080278521,-7.519828229288619,-14985.843936297184,-14993.363764526473
120,21,0.4562624921831878,-8.231691879677177,3.0,1.0,0.6537943401596797,-14994.711127782748,14995.402433511788,0.078648213928318,0.6904856735509384,2.0,0.0,0.01713229080278521,0.01713229080278521,-7.494768330603452,-14985.822383786839,-14993.317152117443
121,21,0.4542070748554052,-8.238671858520984,3.0,1.0,0.64898144206544,-14995.752904037772,14995.906415134266,0.5552950118180888,0.6686211044943775,2.0,0.0,0.01713229080278521,0.01713229080278521,-7.520105735354339,-14986.838080596355,-14994.35818633171
122,21,0.45857798236257946,-8.194718032136704,7.0,1.0,1.0,-14995.303690834166,14996.02919436868,-0.15817894450992753,-0.5673583064999548,2.0,0.0,0.01713229080278521,0.01713229080278521,-7.361365403099747,-14986.549144276145,-14993.910509679245
123,21,0.45825831119251115,-8.192430787838859,3.0,1.0,1.0,-14995.284540772804,14995.532007379568,-0.017851179007266182,-0.16499785489213536,2.0,0.0,0.01713229080278521,0.01713229080278521,-7.35315784600004,-14986.538094691121,-14993.891252537122
124,21,0.4582781509217062,-8.240520792070026,7.0,1.0,0.9875017622806287,-14994.727268813835,14995.148777280032,-0.45465293236702564,-0.4880840919286129,3.0,0.0,0.01713229080278521,0.01713229080278521,-7.526825547774818,-14985.807161700419,-14993.333987248194
125,21,0.4536674253142482,-8.182495200002004,5.0,1.0,0.9592629162802624,-14994.599452922825,14995.998868773333,-0.024972566763608484,0.10581388315222284,2.0,0.0,0.01713229080278521,0.01713229080278521,-7.3175656611494935,-14985.886968991408,-14993.204534652557
126,21,0.45819351844117007,-8.228147798865695,7.0,1.0,0.6957925988837649,-14994.498284650126,14995.97441751657,-0.016513844675500877,0.6693347789696418,2.0,0.0,0.01713229080278521,0.01713229080278521,-7.481921924910825,-14985.62305268406,-14993.104974608972
127,21,0.4533251986012345,-8.18344406878686,7.0,1.0,0.8766985377268196,-14994.57598888804,14995.55769323123,0.0002675664745765971,0.21028109719736676,2.0,0.0,0.01713229080278521,0.01713229080278521,-7.320960523364564,-14985.859981664998,-14993.180942188363
128,21,0.4562381839039062,-8.228388674394102,5.0,1.0,0.4839032978874484,-14994.60975265851,14996.752682902841,0.054548504538615816,1.7439443798321008,2.0,0.0,0.01713229080278521,0.01713229080278521,-7.482794640568244,-14985.732973779166,-14993.215768419734
129,21,0.45667622422467785,-8.224810710858675,1.0,1.0,1.0,-14994.473661252414,14994.575370014794,-0.06179610084654996,-0.06179610084654996,1.0,0.0,0.01713229080278521,0.01713229080278521,-7.469837297847371,-14985.609993469878,-14993.079830767725
130,21,0.45667622422467785,-8.224810710858675,3.0,1.0,0.6596266370025451,-14994.473661252414,14995.30001416966,0.0,0.6848785724287154,1.0,0.0,0.01713229080278521,0.01713229080278521,-7.469837297847371,-14985.609993469878,-14993.079830767725
131,21,0.45484219124044745,-8.213357674140434,7.0,1.0,0.9652974627653936,-14994.468034548152,14994.812186746612,0.03458587283421366,0.07449753344735655,2.0,0.0,0.01713229080278521,0.01713229080278521,-7.428447008034232,-14985.645102818611,-14993.073549826646
132,21,0.4524428754486599,-8.163604139719599,7.0,1.0,0.9842215997871069,-14995.115288864292,14995.695702555027,0.019960363873906317,0.05056581431745144,2.0,0.0,0.01713229080278521,0.01713229080278521,-7.250164634739299,-14986.469741977984,-14993.719906612723
133,21,0.4524428754486599,-8.163604139719599,1.0,1.0,0.19370291807980713,-14995.115288864292,14996.743380313756,0.0,1.6414296437378653,1.0,0.0,0.01713229080278521,0.01713229080278521,-7.250164634739299,-14986.469741977984,-14993.719906612723
134,21,0.4563657029547926,-8.206735222686072,7.0,1.0,1.0,-14994.38595324696,14995.108978683626,-0.05949212407176674,-0.05969507075496949,3.0,0.0,0.01713229080278521,0.01713229080278521,-7.404573889987339,-14985.58744003999,-14992.992013929977
135,21,0.4563657029547926,-8.206735222686072,3.0,1.0,0.6160586309408195,-14994.38595324696,14995.183547561306,0.0,0.8684904982819717,1.0,0.0,0.01713229080278521,0.01713229080278521,-7.404573889987339,-14985.58744003999,-14992.992013929977
136,21,0.45344512420654015,-8.184517804198087,7.0,1.0,0.9646465765789489,-14994.557116613218,14994.628302514053,-0.006850074058093014,0.07001473819218518,3.0,0.0,0.01713229080278521,0.01713229080278521,-7.32480321919746,-14985.837311808971,-14993.162115028168
137,21,0.4532097057070311,-8.155839244660317,3.0,1.0,0.8149436376406897,-14995.635270680503,14996.466647131265,0.25969236199671286,0.28322602591833856,1.0,0.0,0.01713229080278521,0.01713229080278521,-7.22256391531083,-14987.017616506779,-14994.24018042209
138,21,0.4532097057070311,-8.155839244660317,1.0,1.0,0.009601412745086415,-14995.635270680503,15000.998879641651,0.0,4.645845030388955,1.0,0.0,0.01713229080278521,0.01713229080278521,-7.22256391531083,-14987.017616506779,-14994.24018042209
139,21,0.45187250381207383,-8.187233448724662,3.0,1.0,0.9765329610044494,-14994.698902778664,14996.331631986995,-0.18868672181451984,-0.18868672181451984,2.0,0.0,0.01713229080278521,0.01713229080278521,-7.334527142328157,-14985.968773064367,-14993.303300206695
140,21,0.45144432414912505,-8.19716742382938,3.0,1.0,0.8664156653232675,-14994.950481029158,14995.211412065522,0.19270766275076312,0.25550668376854446,1.0,0.0,0.01713229080278521,0.01713229080278521,-7.370160611534401,-14986.184550692062,-14993.554711303595
141,21,0.45787125883501867,-8.20668447715527,7.0,1.0,0.9922103924649593,-14994.622480896227,14995.426409767377,-0.12975129241931427,-0.20841319053215557,2.0,0.0,0.01713229080278521,0.01713229080278521,-7.4043911279453845,-14985.824670763728,-14993.229061891674
142,21,0.4498068220044386,-8.172007258221901,7.0,1.0,0.9873734196087423,-14995.169960385523,14995.639405775699,0.005456229582705419,-0.13856322119318065,2.0,0.0,0.01713229080278521,0.01713229080278521,-7.280101883135404,-14986.493435599861,-14993.773537482997
143,21,0.45149249954125525,-8.170363905603354,1.0,1.0,1.0,-14994.899756105038,14995.058082030686,-0.13314627293220838,-0.13314627293220838,1.0,0.0,0.01713229080278521,0.01713229080278521,-7.274241662396731,-14986.229763599198,-14993.504005261595
144,21,0.4569871184421845,-8.235026540880543,7.0,1.0,0.9584056557507589,-14994.701480532829,14995.47959464641,0.06214482385257725,0.08503017101793375,2.0,0.0,0.01713229080278521,0.01713229080278521,-7.506867111781234,-14985.80089110896,-14993.30775822074
145,21,0.4577306648551281,-8.227568959365861,3.0,1.0,1.0,-14994.479970936687,14994.639276805116,-0.08402832011597638,-0.08402832011597638,2.0,0.0,0.01713229080278521,0.01713229080278521,-7.47982496988906,-14985.606679158289,-14993.086504128178
146,21,0.45443257091313993,-8.238733152959485,7.0,1.0,0.2637157587127845,-14995.6525710136,14998.190259749601,0.5983755964625743,3.536247345717129,3.0,0.0,0.01713229080278521,0.01713229080278521,-7.520328450677653,-14986.737607956069,-14994.257936406746
147,21,0.4500795829425888,-8.13987624065711,7.0,1.0,0.7430358635785673,-14996.098869884454,15006.520845209612,-0.4676610190745123,0.8095800316914392,3.0,0.0,0.01713229080278521,0.01713229080278521,-7.166011979661582,-14987.536545336437,-14994.702557316099
148,21,0.45486042053600584,-8.239143842806667,7.0,1.0,0.7830837829206442,-14995.4942174613,14997.643568487127,0.37723509367242514,0.46373561575273925,2.0,0.0,0.01713229080278521,0.01713229080278521,-7.521820802430362,-14986.577918575722,-14994.099739378153
149,21,0.45416088580664327,-8.165963263099504,7.0,1.0,0.5896300615824689,-14995.292895258051,14997.993042886788,-0.23368346782808658,1.1385005147858465,2.0,0.0,0.01713229080278521,0.01713229080278521,-7.258562202206957,-14986.639598276843,-14993.89816047905
150,21,0.4573140934686082,-8.254546457796906,7.0,1.0,0.9111543064877659,-14995.568018548764,14998.256376809635,0.12094469636758731,0.23317664100977709,2.0,0.0,0.01713229080278521,0.01713229080278521,-7.5779121198252755,-14986.596497031594,-14994.17440915142
51,22,0.45207867955520786,-8.179064627400043,1.0,1.0,1.8368474910706219e-13,-14994.70527348227,14995.515478308216,0.0,29.325555426783467,1.0,0.0,0.04779773245339677,0.04779773245339677,-7.305299272382299,-14986.004451587229,-14993.309750859611
52,22,0.4588157245482704,-8.238197905441904,7.0,1.0,0.9276499069719993,-14994.653274102393,14996.036175021938,-0.003555367731678416,0.1080043632973684,2.0,0.0,0.018091891755846277,0.018091891755846277,-7.518383738364561,-14985.741788304847,-14993.260172043212
53,22,0.45270934214063757,-8.192324776357951,15.0,1.0,0.79957116834854,-14994.567494591918,14994.994792924803,0.051390038284807815,0.44865501021376986,3.0,0.0,0.018091891755846277,0.018091891755846277,-7.352777560810454,-14985.819436792364,-14993.172214353175
54,22,0.4509384187361905,-8.171662015178478,3.0,1.0,0.9985943379650916,-14994.938517350121,14994.996185520053,-0.0024262401329906425,-0.03449319931314676,2.0,0.0,0.018091891755846277,0.018091891755846277,-7.278870517045571,-14986.263677666568,-14993.542548183614
55,22,0.4515714339403827,-8.158362166269347,3.0,1.0,0.9407242686113193,-14995.271166904155,14995.673495142148,0.012967210184797295,0.09394132224952045,2.0,0.0,0.018091891755846277,0.018091891755846277,-7.23152515757219,-14986.643921799823,-14993.875446957396
56,22,0.4493370160560909,-8.158506516461708,3.0,1.0,0.9095640629647371,-14995.428754808156,14996.123483793604,0.03459853949425451,0.14095628684663097,2.0,0.0,0.018091891755846277,0.018091891755846277,-7.232038071936529,-14986.800102354635,-14994.03214042657
57,22,0.4518291383713303,-8.15532022691991,3.0,1.0,0.9954454726195028,-14995.426264616293,14995.67953537195,0.013757787990471115,-0.05439523841050686,2.0,0.0,0.018091891755846277,0.018091891755846277,-7.2207211897687715,-14986.809923994118,-14994.030645183888
58,22,0.4537640852597051,-8.21720566008688,7.0,1.0,0.8251800927349162,-14994.810424267096,14996.502290604045,0.13727541429943813,0.39023609011746885,3.0,0.0,0.018091891755846277,0.018091891755846277,-7.442338666278703,-14985.97320343055,-14993.415542096829
59,22,0.45538042104734905,-8.180273054402733,7.0,1.0,1.0,-14994.905880308941,14995.161795591359,-0.05488592250912916,-0.2588292387608817,2.0,0.0,0.018091891755846277,0.018091891755846277,-7.309618793077973,-14986.201971648397,-14993.511590441476
60,22,0.4519531370552396,-8.184009732781307,3.0,1.0,0.9196687831605073,-14994.68386743821,14994.947369342199,-0.15267651898284385,0.1812898314819904,2.0,0.0,0.018091891755846277,0.018091891755846277,-7.3229847840502105,-14985.965311391186,-14993.288296175237
61,22,0.4519531370552396,-8.184009732781307,1.0,1.0,0.470082860757388,-14994.68386743821,14995.483617907421,0.0,0.7548463003331563,1.0,0.0,0.018091891755846277,0.018091891755846277,-7.3229847840502105,-14985.965311391186,-14993.288296175237
62,22,0.4519531370552396,-8.184009732781307,1.0,1.0,0.020958180443518458,-14994.68386743821,14997.233283639114,0.0,3.865226234198417,1.0,0.0,0.018091891755846277,0.018091891755846277,-7.3229847840502105,-14985.965311391186,-14993.288296175237
63,22,0.45335590264688624,-8.152731506772685,7.0,1.0,0.8495562982171746,-14995.87113179656,14996.55974575243,0.3357726240919874,0.3609971298428718,2.0,0.0,0.018091891755846277,0.018091891755846277,-7.211534195568141,-14987.26456246307,-14994.476096658638
64,22,0.4618062808010823,-8.242371755300612,7.0,1.0,0.9940477948388577,-14995.09144441102,14996.524711088143,-0.19757173348443757,-0.35325842255224416,2.0,0.0,0.018091891755846277,0.018091891755846277,-7.533556161109405,-14986.16574175768,-14993.69929791879
65,22,0.4567443152043289,-8.21261795909066,7.0,1.0,0.9958516363277,-14994.377701466712,14994.957425898669,-0.17231543621892342,-0.17231543621892342,2.0,0.0,0.018091891755846277,0.018091891755846277,-7.425778251036013,-14985.558116490207,-14992.983894741243
66,22,0.45857235562621607,-8.213414473903134,3.0,1.0,0.9095210926681122,-14994.63978891125,14994.673725231483,0.15172009361413075,0.15172009361413075,1.0,0.0,0.018091891755846277,0.018091891755846277,-7.428651953840441,-14985.817953924909,-14993.246605878749
67,22,0.45857235562621607,-8.213414473903134,5.0,1.0,0.2628918701200168,-14994.63978891125,14999.23363300273,0.0,4.317883019302826,2.0,0.0,0.018091891755846277,0.018091891755846277,-7.428651953840441,-14985.817953924909,-14993.246605878749
68,22,0.459625109562605,-8.221037357850783,3.0,1.0,0.9260520682822798,-14994.760342640957,14995.001323242761,0.035998475870655966,0.20639160063547024,1.0,0.0,0.018091891755846277,0.018091891755846277,-7.456186235481824,-14985.91132016574,-14993.367506401222
69,22,0.459625109562605,-8.221037357850783,1.0,1.0,0.7260652097853091,-14994.760342640957,14995.226357840993,0.0,0.3201154475500516,1.0,0.0,0.018091891755846277,0.018091891755846277,-7.456186235481824,-14985.91132016574,-14993.367506401222
70,22,0.4577482627610568,-8.193957157822542,7.0,1.0,0.7558385068172447,-14995.016750524694,14996.34925920539,0.1886718674450094,0.5777711568207451,2.0,0.0,0.018091891755846277,0.018091891755846277,-7.3586344978090175,-14986.26465521076,-14993.623289708568
71,22,0.4599606478387146,-8.238829310066402,7.0,1.0,0.9835531026119042,-14994.732015611318,14995.026859124118,-0.35522019115705916,-0.35621893172901764,3.0,0.0,0.018091891755846277,0.018091891755846277,-7.520677848203452,-14985.818610154072,-14993.339288002277
72,22,0.45815025962092387,-8.247202968426292,3.0,1.0,0.8608482008756319,-14994.978308852465,14995.088413171843,0.09789825331972679,0.2004192510394205,2.0,0.0,0.018091891755846277,0.018091891755846277,-7.551139927381945,-14986.033844306434,-14993.584984233816
73,22,0.4521573662436516,-8.188645085351034,5.0,1.0,0.49783661411778335,-14994.649401468696,14997.058237324829,-0.03452182103683299,1.6272631791671301,2.0,0.0,0.018091891755846277,0.018091891755846277,-7.3395847103868,-14985.91432455602,-14993.253909266408
74,22,0.45329737175740725,-8.159970523479213,7.0,1.0,0.8869830969596314,-14995.41766907229,14995.504668017946,0.15442694052035222,0.243584007026584,2.0,0.0,0.018091891755846277,0.018091891755846277,-7.237241252918172,-14986.785370634674,-14994.022611887593
75,22,0.45691763714879385,-8.17874807517075,3.0,1.0,0.7335365989492737,-14995.483154541238,14996.73220928954,0.34263542332882935,0.7118962090953573,1.0,0.0,0.018091891755846277,0.018091891755846277,-7.304167998232268,-14986.785240124193,-14994.089408122425
76,22,0.4581138026568784,-8.227785561071267,5.0,1.0,0.9517276404366799,-14994.491581749002,14995.332875451812,-0.5772942035036976,-0.5772942035036976,2.0,0.0,0.018091891755846277,0.018091891755846277,-7.480609611099182,-14985.617635221995,-14993.098244833094
77,22,0.4586375182651808,-8.216705735986965,7.0,1.0,0.5685996821470342,-14994.596029308736,14995.450876198982,0.11882822283405403,0.9351780326196604,3.0,0.0,0.018091891755846277,0.018091891755846277,-7.440533047657508,-14985.762334956798,-14993.202868004457
78,22,0.4586375182651808,-8.216705735986965,1.0,1.0,0.1841584898840166,-14994.596029308736,14996.135031692354,0.0,1.691958534063815,1.0,0.0,0.018091891755846277,0.018091891755846277,-7.440533047657508,-14985.762334956798,-14993.202868004457
79,22,0.441956346908015,-8.130664819700408,7.0,1.0,0.25701062671941644,-14999.069876884874,15000.554553198599,1.2303923032122839,3.3281651663783123,3.0,0.0,0.018091891755846277,0.018091891755846277,-7.133494739371847,-14990.536519892756,-14997.670014632127
80,22,0.44669121432679193,-8.112893964057859,7.0,1.0,1.0,-14997.817536286333,14998.607820881758,-1.1024535035830922,-1.1024535035830922,3.0,0.0,0.018091891755846277,0.018091891755846277,-7.071001584822697,-14989.348807932218,-14996.419809517041
81,22,0.44767461562551103,-8.145076572877715,3.0,1.0,0.888711286364967,-14996.105326416413,14998.101482585715,-0.04464205232216045,0.3269854148711602,2.0,0.0,0.018091891755846277,0.018091891755846277,-7.184407147175648,-14987.523612712452,-14994.708019859627
82,22,0.44968663887935395,-8.158832860362152,3.0,1.0,0.9995817959269221,-14995.360820149928,14996.149471479555,-0.09453871169716876,-0.09453871169716876,2.0,0.0,0.018091891755846277,0.018091891755846277,-7.2331977348243734,-14986.731150702763,-14993.964348437587
83,22,0.45228832214691134,-8.136312276182867,7.0,1.0,0.680348680919613,-14996.768280928922,14997.706713166712,0.4555508849716716,0.8357470818409638,3.0,0.0,0.018091891755846277,0.018091891755846277,-7.153420763777239,-14988.219418477694,-14995.372839241472
84,22,0.44908571461783175,-8.187569593362785,3.0,1.0,0.9713730589042809,-14995.66684395192,14997.05623728567,0.0897943257514271,-0.41875923065708776,2.0,0.0,0.018091891755846277,0.018091891755846277,-7.3357312901839515,-14986.93439510958,-14994.270126399764
85,22,0.4498835191250816,-8.199735567041529,7.0,1.0,0.6410552968255807,-14995.715788678297,14996.68045664608,0.13088161526502518,1.2025617523067922,2.0,0.0,0.018091891755846277,0.018091891755846277,-7.379388672538597,-14986.940008189877,-14994.319396862415
86,22,0.45173107632880377,-8.199253000802933,7.0,1.0,0.8597083591980993,-14994.905860423334,14995.601430838373,-0.4810156134881254,-0.777895936917048,2.0,0.0,0.018091891755846277,0.018091891755846277,-7.377654173078364,-14986.13254863439,-14993.510202807469
87,22,0.4602995905662319,-8.215260038956023,5.0,1.0,0.5771099619996476,-14995.139058224207,14996.201949557399,0.15358392946473032,1.552837727824226,2.0,0.0,0.018091891755846277,0.018091891755846277,-7.435312906455686,-14986.311126509374,-14993.746439415829
88,22,0.45284660562324647,-8.189397169656074,7.0,1.0,0.852500435389204,-14994.547058101356,14995.267679089737,-0.4159826118411729,0.5407739789989137,2.0,0.0,0.018091891755846277,0.018091891755846277,-7.342280068431516,-14985.809550115751,-14993.151830184182
89,22,0.45284660562324647,-8.189397169656074,3.0,1.0,0.7288823316470451,-14994.547058101356,14995.630266764781,0.0,0.47703380164421105,1.0,0.0,0.018091891755846277,0.018091891755846277,-7.342280068431516,-14985.809550115751,-14993.151830184182
90,22,0.4512303453421402,-8.189028943088962,1.0,1.0,0.8420661400303509,-14994.867058769918,14994.9128478649,0.17189671671985707,0.17189671671985707,1.0,0.0,0.018091891755846277,0.018091891755846277,-7.340960328628974,-14986.130244616887,-14993.471204945516
91,22,0.45984776806202987,-8.25274499298342,7.0,1.0,0.5783328743233763,-14995.015449863207,14997.421125978915,-0.15831597071519354,1.4140696282192948,2.0,0.0,0.018091891755846277,0.018091891755846277,-7.571339519518179,-14986.051346292264,-14993.622685811783
92,22,0.45731039758263065,-8.24929439457733,11.0,1.0,0.4170409469252683,-14995.257851078579,14996.651984046897,0.2503351867053425,2.1378289737112937,3.0,0.0,0.018091891755846277,0.018091891755846277,-7.558759157017747,-14986.305481252795,-14993.864240409814
93,22,0.4539745058742656,-8.198959759686868,7.0,1.0,0.34126052103246884,-14994.42779091882,14996.621579828594,-0.2485274108894373,2.484075681571994,3.0,0.0,0.018091891755846277,0.018091891755846277,-7.376600283217694,-14985.656386786834,-14993.032987070052
94,22,0.4525904710111338,-8.169170661952933,5.0,1.0,0.9560042273049895,-14994.9193766994,14995.914864647199,0.03121303005173104,0.09828963082691189,2.0,0.0,0.018091891755846277,0.018091891755846277,-7.269988229543483,-14986.254062795164,-14993.524051024708
95,22,0.44767884485169296,-8.14992169837527,3.0,1.0,0.7682990145421432,-14995.993287884758,14996.137618346027,0.17168071985179267,0.327506043284302,2.0,0.0,0.018091891755846277,0.018091891755846277,-7.201570175490269,-14987.394412942378,-14994.595983117868
96,22,0.4595985170820644,-8.220133710425385,7.0,1.0,0.9961401182559799,-14994.770265516569,14996.562345744178,0.012003064002783503,-0.20239369104638172,3.0,0.0,0.018091891755846277,0.018091891755846277,-7.452919174710724,-14985.924501453515,-14993.377420628227
97,22,0.45993030709800325,-8.222781721048417,7.0,1.0,0.8605797050320424,-14994.812129050233,14995.018667298331,0.007981955101058702,0.3240848469922639,3.0,0.0,0.018091891755846277,0.018091891755846277,-7.462495142505437,-14985.95689651362,-14993.419391656125
98,22,0.4543804541101844,-8.222025488241979,5.0,1.0,0.9636147200407474,-14994.806543725772,14995.058859540777,0.04328732225258136,-0.20793801636864373,2.0,0.0,0.018091891755846277,0.018091891755846277,-7.459759671925704,-14985.952130278109,-14993.411889950034
99,22,0.4549901220833336,-8.19017689423224,5.0,1.0,0.9161162589939498,-14994.520246907203,14995.085467410487,-0.2063311342462839,0.2660287495564262,2.0,0.0,0.018091891755846277,0.018091891755846277,-7.345075082282446,-14985.780740895081,-14993.125815977364
100,22,0.4578283833680857,-8.2229700076984,7.0,1.0,0.960606668167402,-14994.447178663431,14996.153396884458,-0.030991343563073315,0.09800511107277998,2.0,0.0,0.018091891755846277,0.018091891755846277,-7.463176308188246,-14985.590568789541,-14993.05374509773
101,22,0.4546085497549283,-8.202098827408438,7.0,1.0,0.9987533986256855,-14994.385423281212,14994.600967988048,-0.003242787011913606,-0.010800161922816187,2.0,0.0,0.018091891755846277,0.018091891755846277,-7.387886358939685,-14985.602966876924,-14992.990853235864
102,22,0.452145413400068,-8.203421916822776,1.0,1.0,0.7453038237039141,-14994.879975764557,14994.913514482843,0.29396332668511604,0.29396332668511604,1.0,0.0,0.018091891755846277,0.018091891755846277,-7.392646292432079,-14986.091832652133,-14993.484478944565
103,22,0.452145413400068,-8.203421916822776,3.0,1.0,0.4655009598316037,-14994.879975764557,14996.014255398495,0.0,1.6478936331750447,1.0,0.0,0.018091891755846277,0.018091891755846277,-7.392646292432079,-14986.091832652133,-14993.484478944565
104,22,0.4550003147792918,-8.183943770810329,7.0,1.0,0.9936029566235385,-14994.692724457695,14995.035753820772,-0.18800751435992424,-0.2932439293126663,2.0,0.0,0.018091891755846277,0.018091891755846277,-7.322748718915379,-14985.975548508673,-14993.29829722759
105,22,0.45663858998444357,-8.188065590182957,3.0,1.0,0.9026578901478555,-14994.911886700062,14995.035647974952,0.17830767860868946,0.17830767860868946,2.0,0.0,0.018091891755846277,0.018091891755846277,-7.337508271905018,-14986.180534795343,-14993.518043067248
106,22,0.45863203292677435,-8.212413370572163,7.0,1.0,0.9989517855899192,-14994.675822572646,14994.863867106082,-0.10409409584644891,-0.2839127898187144,2.0,0.0,0.018091891755846277,0.018091891755846277,-7.425040229568792,-14985.85761921107,-14993.28265944064
107,22,0.45760984043838443,-8.255163276394653,7.0,1.0,0.933064938309646,-14995.514761894497,14995.746983446998,0.19147988322583842,0.2237567117826984,2.0,0.0,0.018091891755846277,0.018091891755846277,-7.580163313212494,-14986.54109056167,-14994.121253874882
108,22,0.4617848101541608,-8.224245911673973,7.0,1.0,0.8865624113168121,-14995.458266959524,14996.42535538694,0.21727187599208264,0.3861762293327047,2.0,0.0,0.018091891755846277,0.018091891755846277,-7.467793087329071,-14986.598320779232,-14994.066113866562
109,22,0.462443032222649,-8.270649807158309,7.0,1.0,0.6155525133785218,-14995.619380910943,14997.275778049814,-0.5791203981225408,1.6522712140013027,2.0,0.0,0.018091891755846277,0.018091891755846277,-7.636808959811755,-14986.590619509909,-14994.22742846972
110,22,0.462443032222649,-8.270649807158309,1.0,1.0,0.05030473012108138,-14995.619380910943,14997.5402587803,0.0,2.9896561681052845,1.0,0.0,0.018091891755846277,0.018091891755846277,-7.636808959811755,-14986.590619509909,-14994.22742846972
111,22,0.4614296399656596,-8.279160566393681,7.0,1.0,0.9083022220868872,-14996.120527385432,14996.139390034072,0.18352619735924236,0.18352619735924236,3.0,0.0,0.018091891755846277,0.018091891755846277,-7.66804119086108,-14987.060223366843,-14994.728264557705
112,22,0.46194755102208174,-8.267053201064003,3.0,1.0,0.619976009326738,-14995.479613123653,14996.594713839779,-0.18696526056919538,0.9064713365678472,2.0,0.0,0.018091891755846277,0.018091891755846277,-7.623632141255401,-14986.46387782736,-14994.087509968616
113,22,0.46714442744424767,-8.281848713623004,3.0,1.0,0.5382538780569238,-14996.785115721155,14997.189149923643,0.29551276629717904,0.8386840497223602,2.0,0.0,0.018091891755846277,0.018091891755846277,-7.677921030990491,-14987.716573025164,-14995.394494056154
114,22,0.4618604259428375,-8.294086000863285,3.0,1.0,0.9465497193115527,-14997.135072435267,14997.458562289668,0.1747711435182282,-0.1759265206874261,2.0,0.0,0.018091891755846277,0.018091891755846277,-7.72298847782283,-14988.019954094418,-14995.74294257224
115,22,0.45584164719351494,-8.21178823490407,7.0,1.0,1.0,-14994.36300742498,14999.03176755313,-0.5337535109101736,-0.5337535109101736,3.0,0.0,0.018091891755846277,0.018091891755846277,-7.422785408587925,-14985.54609723692,-14992.968882645508
116,22,0.4530975060760841,-8.211625683552308,5.0,1.0,0.8347661978264618,-14994.824051873784,14994.873691512115,0.2834951994518633,0.30967487052839715,2.0,0.0,0.018091891755846277,0.018091891755846277,-7.422199161160255,-14986.006720032634,-14993.428919193793
117,22,0.4605483643247373,-8.219016230940769,11.0,1.0,0.9046606291958319,-14995.112262233635,14995.42424572834,0.13103266988946416,0.3183374061882205,3.0,0.0,0.018091891755846277,0.018091891755846277,-7.448880151514729,-14986.270842534124,-14993.719722685639
118,22,0.45975961505506047,-8.233649324987335,3.0,1.0,0.9520666225706829,-14994.680771665002,14995.130348784385,-0.35775068587645364,-0.38299375671340385,1.0,0.0,0.018091891755846277,0.018091891755846277,-7.5018689642810195,-14985.786110117493,-14993.287979081773
119,22,0.45975961505506047,-8.233649324987335,1.0,1.0,0.918213223711506,-14994.680771665002,14994.83277066229,0.0,0.08532564549386734,1.0,0.0,0.018091891755846277,0.018091891755846277,-7.5018689642810195,-14985.786110117493,-14993.287979081773
120,22,0.45446383171396487,-8.191293551989952,5.0,1.0,1.0,-14994.46386525596,14994.829183513928,-0.04674114396584628,-0.05532331781796529,2.0,0.0,0.018091891755846277,0.018091891755846277,-7.349078931296933,-14985.720163205038,-14993.069242136335
121,22,0.45692007540931673,-8.216307598727306,7.0,1.0,0.9999078516541525,-14994.38392485017,14994.507334964113,-0.008422402845098986,-0.010779040825582342,2.0,0.0,0.018091891755846277,0.018091891755846277,-7.439095240047111,-14985.551084037941,-14992.990179277987
122,22,0.45692007540931673,-8.216307598727306,1.0,1.0,0.08039287800804165,-14994.38392485017,14996.180788039237,0.0,2.5208296887103643,1.0,0.0,0.018091891755846277,0.018091891755846277,-7.439095240047111,-14985.551084037941,-14992.990179277987
123,22,0.46051013110158195,-8.248841963312401,7.0,1.0,0.9431156551176135,-14994.919669516055,14996.447974201503,0.0292806496436242,0.10291007855994394,2.0,0.0,0.018091891755846277,0.018091891755846277,-7.557110543639522,-14985.97000727596,-14993.5271178196
124,22,0.4554896253087378,-8.203929548991885,7.0,1.0,0.9764563080837076,-14994.363621211362,14995.44458862995,-0.028349417239951435,0.04689851760304009,2.0,0.0,0.018091891755846277,0.018091891755846277,-7.3944730096084115,-14985.574897579541,-14992.96937058915
125,22,0.458609777405103,-8.244540350431533,5.0,1.0,0.9448164716395855,-14994.824141873218,14994.916505981095,0.058663364474341506,0.0882931901851407,2.0,0.0,0.018091891755846277,0.018091891755846277,-7.541446130125218,-14985.889525192973,-14993.430971323098
126,22,0.4583438089252239,-8.215367812149342,5.0,1.0,0.9691186963221712,-14994.556293197857,14995.026243366094,0.04785700055435882,0.09235145395541622,2.0,0.0,0.018091891755846277,0.018091891755846277,-7.435701983174839,-14985.72733170008,-14993.163033683255
127,22,0.4563886908968962,-8.215985481334632,5.0,1.0,0.863773421612575,-14994.375991801238,14994.659605556793,-0.10291103398776613,0.30886191657009476,2.0,0.0,0.018091891755846277,0.018091891755846277,-7.437932081758939,-14985.544128486417,-14992.982060568176
128,22,0.4561432665431518,-8.225841901016539,7.0,1.0,0.9544665598944067,-14994.553761519048,14994.636035399606,0.07434219456808933,0.07861908601262257,2.0,0.0,0.018091891755846277,0.018091891755846277,-7.473570367208194,-14985.686173389615,-14993.159743756823
129,22,0.4543609841550272,-8.199204342779764,7.0,1.0,0.7445264549221486,-14994.399421555147,14995.02923990653,-0.06490533480973681,0.5186445123745216,2.0,0.0,0.018091891755846277,0.018091891755846277,-7.377479293297288,-14985.627281319223,-14993.00476061252
130,22,0.45527887355071683,-8.255202603924129,5.0,1.0,0.5050204727266028,-14996.495372157338,14996.960627748742,1.0165152253866836,1.4730574606855953,2.0,0.0,0.018091891755846277,0.018091891755846277,-7.580306859196674,-14987.520738849395,-14995.10104570859
131,22,0.46036320844809026,-8.245328521634045,1.0,1.0,1.0,-14994.84798210589,14995.515019743792,-1.0126349093152385,-1.0126349093152385,1.0,0.0,0.018091891755846277,0.018091891755846277,-7.544314887491034,-14985.911068726962,-14993.455383614453
132,22,0.4492709168837614,-8.145316225273351,5.0,1.0,0.9619852832147171,-14995.840468092703,14996.756452387372,0.025690003423733287,0.09869757145315816,2.0,0.0,0.018091891755846277,0.018091891755846277,-7.185255522938231,-14987.258571101996,-14994.443826624934
133,22,0.4455688155883011,-8.115825700282612,3.0,1.0,0.7849208781102887,-14997.788959600395,14997.998025245024,0.15961796669944306,0.3600904471059039,2.0,0.0,0.018091891755846277,0.018091891755846277,-7.081289603227936,-14989.30945383763,-14996.390743440857
134,22,0.44825613061671954,-8.10750119878021,1.0,1.0,0.8511385640031536,-14998.317388887339,14998.422939954517,0.16118033874772664,0.16118033874772664,1.0,0.0,0.018091891755846277,0.018091891755846277,-7.052099794787406,-14989.868227257612,-14996.9203270524
135,22,0.4499997129980537,-8.156346417952271,3.0,1.0,0.7721430429031723,-14995.38574198371,14998.454109368926,-0.3255254827108729,0.546121652405418,2.0,0.0,0.018091891755846277,0.018091891755846277,-7.22436484843833,-14986.765032322337,-14993.989397170775
136,22,0.4498969840465717,-8.159666227159809,1.0,1.0,0.9884434287075929,-14995.309998661496,14995.432139521155,0.011623867439993774,0.011623867439993774,1.0,0.0,0.018091891755846277,0.018091891755846277,-7.23615958655738,-14986.677452711612,-14993.913612298169
137,22,0.44695091012625876,-8.205130588098344,7.0,1.0,0.329292130689783,-14998.13861733699,15000.586224651612,2.150083928154345,2.3683514276162896,2.0,0.0,0.018091891755846277,0.018091891755846277,-7.39879598158558,-14989.342206332974,-14996.74100231456
138,22,0.44799932168931833,-8.200576539890521,3.0,1.0,0.4707028508415451,-14996.952003259787,14999.064043482254,-0.741901075527494,1.9070574985471467,2.0,0.0,0.018091891755846277,0.018091891755846277,-7.382411958045658,-14988.172421737205,-14995.55483369525
139,22,0.4573303120660181,-8.198205660744438,3.0,1.0,1.0,-14994.727183489435,14995.849049221839,-1.2994615695715765,-1.4976461085589108,1.0,0.0,0.018091891755846277,0.018091891755846277,-7.373890494633459,-14985.959689175488,-14993.333579670121
140,22,0.4557940935183128,-8.177859628768617,7.0,1.0,0.9682698585105889,-14995.12916126903,14995.200007646914,0.11524930316045356,-0.20417065279070812,3.0,0.0,0.018091891755846277,0.018091891755846277,-7.300993460482387,-14986.43402608862,-14993.735019549102
141,22,0.44833988047158113,-8.18544115305103,7.0,1.0,0.3597442556705075,-14995.986907689547,14997.349626592946,0.46461428593647724,2.3918126052249136,3.0,0.0,0.018091891755846277,0.018091891755846277,-7.328108632001571,-14987.261772237272,-14994.589880869275
142,22,0.4511315414421394,-8.18821600587884,3.0,1.0,0.8972219044574059,-14994.884989139857,14995.680857606249,-0.6009626836166717,-0.6009626836166717,2.0,0.0,0.018091891755846277,0.018091891755846277,-7.338047206922956,-14986.151049149017,-14993.48909635594
143,22,0.4560803290915063,-8.16544169696098,7.0,1.0,0.6403880486175623,-14995.997389651471,14998.136885046199,0.570332660970962,0.9912437895472976,3.0,0.0,0.018091891755846277,0.018091891755846277,-7.256705149127265,-14987.346644470848,-14994.603349619976
144,22,0.4566596805616931,-8.179466451339888,3.0,1.0,0.8902021686524217,-14995.33965377267,14996.419404104496,-0.24115666739453445,-0.5505333173023246,1.0,0.0,0.018091891755846277,0.018091891755846277,-7.306735429458574,-14986.639082080155,-14993.945817509613
145,22,0.44873518270405505,-8.169344791990142,3.0,1.0,1.0,-14995.50289294707,14995.672678940602,-0.1740950257590157,-0.32101464497281995,2.0,0.0,0.018091891755846277,0.018091891755846277,-7.27060884423961,-14986.835421770927,-14994.106030615167
146,22,0.4561819497577778,-8.213520008238989,7.0,1.0,0.5475349391889771,-14994.364891802063,14996.598619609107,-0.32998533484533255,1.3163398912020057,2.0,0.0,0.018091891755846277,0.018091891755846277,-7.429032753073717,-14985.541854958024,-14992.970887711099
147,22,0.45141637653753275,-8.203771018931935,7.0,1.0,0.7293864837409912,-14995.159462594065,14995.543233907836,0.4660877233163774,0.48679065386204456,2.0,0.0,0.018091891755846277,0.018091891755846277,-7.393902510636737,-14986.369779395174,-14993.763681905812
148,22,0.4628526254115545,-8.216039669932675,5.0,1.0,0.5552783866899109,-14996.442762619175,14997.00841499333,0.7574050810853805,1.2338100796132494,2.0,0.0,0.018091891755846277,0.018091891755846277,-7.438127748245787,-14987.612805510167,-14995.050933258413
149,22,0.4619222678608558,-8.286032317875039,7.0,1.0,0.38065878316809976,-14996.488466057368,15000.198538278255,-1.027190488874112,3.3854756686632754,3.0,0.0,0.018091891755846277,0.018091891755846277,-7.693311550184337,-14987.403043608016,-14995.0963551582
150,22,0.4522580833423598,-8.175751799426454,7.0,1.0,0.9675514696947075,-14994.744940439408,14997.288944848604,-0.29292427874315763,-0.29292427874315763,2.0,0.0,0.018091891755846277,0.018091891755846277,-7.2934650623167245,-14986.056022037867,-14993.349487100184
51,23,0.4563438493508609,-8.160640018411938,1.0,1.0,0.4951557578796265,-14996.497214544292,14998.003420244733,0.0,0.7028829035261879,1.0,0.0,0.017519977965814875,0.017519977965814875,-7.2396213978427015,-14987.863646140435,-14995.103267538278
52,23,0.455622623543876,-8.170411298606174,1.0,1.0,1.0,-14995.48277116256,14996.492378306306,-0.42810935177112697,-0.42810935177112697,1.0,0.0,0.016694044723334377,0.016694044723334377,-7.274410628755787,-14986.814157575847,-14994.088568204603
53,23,0.44792944133056334,-8.166509317504612,3.0,1.0,0.9280100520805261,-14995.799739620392,14996.25940239971,-0.03448727667273488,0.13813948150527722,2.0,0.0,0.016694044723334377,0.016694044723334377,-7.260506738040099,-14987.142033909153,-14994.402540647194
54,23,0.44792944133056334,-8.166509317504612,1.0,1.0,0.21394309567645894,-14995.799739620392,14997.658525826242,0.0,1.5420452073740307,1.0,0.0,0.016694044723334377,0.016694044723334377,-7.260506738040099,-14987.142033909153,-14994.402540647194
55,23,0.45006874723017365,-8.148355283386065,3.0,1.0,0.9846020380460417,-14995.673606921517,14996.361581013174,-0.2992175825584127,-0.2992175825584127,2.0,0.0,0.016694044723334377,0.016694044723334377,-7.19601885041622,-14987.081271131305,-14994.277289981721
56,23,0.45006874723017365,-8.148355283386065,3.0,1.0,0.589701009755566,-14995.673606921517,14997.112967105366,0.0,0.9703461327735567,1.0,0.0,0.016694044723334377,0.016694044723334377,-7.19601885041622,-14987.081271131305,-14994.277289981721
57,23,0.44940881536549654,-8.144676609550311,1.0,1.0,0.9943566985351565,-14995.85813439618,14995.868872259098,0.005659285052388441,0.005659285052388441,1.0,0.0,0.016694044723334377,0.016694044723334377,-7.182991394423783,-14987.278558001315,-14994.461549395739
58,23,0.4490205521855469,-8.139354966334986,3.0,1.0,0.5971308620115262,-14996.12213293731,14997.223556378976,0.013799786851450335,0.9359187312766153,2.0,0.0,0.016694044723334377,0.016694044723334377,-7.164169564022489,-14987.561218983923,-14994.725388547946
59,23,0.45435367821993156,-8.188220874497361,7.0,1.0,1.0,-14994.512242351544,14996.077395456108,-0.05974729975059745,-0.07479525197595649,3.0,0.0,0.016694044723334377,0.016694044723334377,-7.33806465141805,-14985.779514067384,-14993.117578718802
60,23,0.45632393921158776,-8.22458123056233,7.0,1.0,0.6473699476771909,-14994.501276164247,14995.801825555916,0.013952083891126676,0.8740726740488753,2.0,0.0,0.016694044723334377,0.016694044723334377,-7.469006687997668,-14985.638315461594,-14993.107322149592
61,23,0.45632393921158776,-8.22458123056233,1.0,1.0,0.4747494201917211,-14994.501276164247,14995.238193433055,0.0,0.7449681505822809,1.0,0.0,0.016694044723334377,0.016694044723334377,-7.469006687997668,-14985.638315461594,-14993.107322149592
62,23,0.45329283831564404,-8.228078164230133,1.0,1.0,0.5879132056418003,-14995.502760923599,14995.566975330232,0.5311759514315781,0.5311759514315781,1.0,0.0,0.016694044723334377,0.016694044723334377,-7.481669642609595,-14986.62603238751,-14994.10770203012
63,23,0.4570439772548915,-8.224917179279798,1.0,1.0,1.0,-14994.45483443961,14994.988097817095,-0.5621486680847738,-0.5621486680847738,1.0,0.0,0.016694044723334377,0.016694044723334377,-7.470222680926849,-14985.590909144534,-14993.061131825461
64,23,0.4525941051674036,-8.175605878317038,7.0,1.0,0.9030887068305439,-14994.738783013827,14995.76187017109,0.0060894566395290894,0.1769114758935757,2.0,0.0,0.016694044723334377,0.016694044723334377,-7.292944049732916,-14986.0505146802,-14993.343458729934
65,23,0.45249481603119224,-8.224403022485685,7.0,1.0,0.7259733886966596,-14995.666183539708,14996.028141525925,0.6444568835831888,0.6636840530554764,3.0,0.0,0.016694044723334377,0.016694044723334377,-7.468361695595884,-14986.80245952302,-14994.270821218615
66,23,0.4582056784990391,-8.188194246735234,7.0,1.0,0.9257925800859287,-14995.490692274068,14996.383969357872,-0.09984770712799218,0.2548451324310008,2.0,0.0,0.016694044723334377,0.016694044723334377,-7.337969243151147,-14986.759417084746,-14994.097386327898
67,23,0.45653880584870055,-8.172755750390387,7.0,1.0,0.9993064989705579,-14995.69708790451,14995.820067504834,-0.011383616521925433,-0.5613027498347947,3.0,0.0,0.016694044723334377,0.016694044723334377,-7.282771912870497,-14987.020437441539,-14994.30320935441
68,23,0.45368720367204146,-8.17969827087631,15.0,1.0,0.8974511306589706,-14994.668546162133,14995.62351763525,-0.5122597336030594,-0.5122597336030594,4.0,0.0,0.016694044723334377,0.016694044723334377,-7.307564048031993,-14985.966071236782,-14993.273635284815
69,23,0.45819797329128326,-8.244775284322397,7.0,1.0,0.5898231369680719,-14994.87559441906,14997.360901813947,0.03477246409966028,1.0274837302295055,2.0,0.0,0.016694044723334377,0.016694044723334377,-7.542301169115212,-14985.939984709134,-14993.482285878248
70,23,0.4588408090547117,-8.221299264163209,3.0,1.0,1.0,-14994.57853095491,14994.941402306828,-0.0040347122430830495,-0.04978590335485933,2.0,0.0,0.016694044723334377,0.016694044723334377,-7.457133288216487,-14985.728303926098,-14993.185437214315
71,23,0.469842731645169,-8.26204979868909,7.0,1.0,0.43870463481663796,-14999.024601260538,15003.720402874653,1.757182968000052,1.757182968000052,2.0,0.0,0.016694044723334377,0.016694044723334377,-7.605322784098775,-14990.029339638939,-14997.634662423037
72,23,0.44679740601213125,-8.209722946233573,7.0,1.0,0.40453383954120564,-14998.682002793184,15004.858441446968,0.392718094488373,1.5377747605289187,2.0,0.0,0.016694044723334377,0.016694044723334377,-7.415338833901333,-14989.868982951633,-14997.284321785535
73,23,0.4545171078981711,-8.206076885503993,7.0,1.0,0.9812240864574504,-14994.412694175031,14996.639120839613,-2.2005058850027126,-2.2297378882649355,2.0,0.0,0.016694044723334377,0.016694044723334377,-7.4022030625139275,-14985.615887551516,-14993.01809061403
74,23,0.45144200539940527,-8.156998407218357,7.0,1.0,0.9721557521889416,-14995.32198323988,14995.876333294156,0.03715931563601771,0.0514487882865069,2.0,0.0,0.016694044723334377,0.016694044723334377,-7.22668038976855,-14986.699532215243,-14993.926212605013
75,23,0.45144200539940527,-8.156998407218357,3.0,1.0,0.7500167960038535,-14995.32198323988,14996.187153825804,0.0,0.49518884200915636,1.0,0.0,0.016694044723334377,0.016694044723334377,-7.22668038976855,-14986.699532215243,-14993.926212605013
76,23,0.44998318647721847,-8.156356831726198,7.0,1.0,0.5410015050262105,-14995.387119624715,14997.110758328043,-0.013453894960548496,1.646959015768516,3.0,0.0,0.016694044723334377,0.016694044723334377,-7.224401829639007,-14986.766366303595,-14993.990768133233
77,23,0.4500097480012454,-8.14593690305473,3.0,1.0,0.9175528595995507,-14995.78310080036,14995.996488705601,0.021960586222121492,0.1357505659416347,2.0,0.0,0.016694044723334377,0.016694044723334377,-7.187453005548107,-14987.199307036033,-14994.386760041582
78,23,0.45794339177570714,-8.194117723390153,7.0,1.0,0.8094385226049312,-14995.07968755482,14997.584665522505,0.31974512871966,0.44299952173059864,3.0,0.0,0.016694044723334377,0.016694044723334377,-7.359210746316838,-14986.327082267475,-14993.686293013792
79,23,0.4554838928315053,-8.24322739946064,7.0,1.0,0.9007100575854584,-14995.500782596047,14996.36292106121,0.0870686219586787,0.24283219406606804,2.0,0.0,0.016694044723334377,0.016694044723334377,-7.536668677454497,-14986.569861238704,-14994.106529916158
80,23,0.46303471613267494,-8.237061686667472,7.0,1.0,1.0,-14995.620703799594,14995.637870743274,-0.0029544409590016585,-0.4586298808007996,3.0,0.0,0.016694044723334377,0.016694044723334377,-7.514256469558236,-14986.714672248323,-14994.228928717881
81,23,0.4594488119849521,-8.242927872922246,1.0,1.0,1.0,-14994.755455975177,14995.182996413929,-0.4474221343461977,-0.4474221343461977,1.0,0.0,0.016694044723334377,0.016694044723334377,-7.535579027628942,-14985.826983263321,-14993.36256229095
82,23,0.45047364195180606,-8.149367985820222,31.0,1.0,0.9373057999221538,-14995.627260691856,14997.779487806254,0.033228249098101514,0.14728853519409313,4.0,0.0,0.016694044723334377,0.016694044723334377,-7.199607555372132,-14987.031498885448,-14994.23110644082
83,23,0.4504840818951489,-8.18284003716494,7.0,1.0,0.9246929954352714,-14995.016328899685,14995.988838457235,0.12036676515708677,0.16877237090193375,3.0,0.0,0.016694044723334377,0.016694044723334377,-7.318799315214562,-14986.30137951039,-14993.620178825606
84,23,0.44683848099733087,-8.189932461297568,1.0,1.0,0.324488553745671,-14997.171917937907,14997.399168090928,1.1255050169711467,1.1255050169711467,1.0,0.0,0.016694044723334377,0.016694044723334377,-7.344198818445663,-14988.4300557874,-14995.774254605845
85,23,0.44948287753375793,-8.189716208102386,3.0,1.0,0.9647175393714255,-14995.541261376846,14996.884293315534,-0.8123984007143008,-0.8123984007143008,2.0,0.0,0.016694044723334377,0.016694044723334377,-7.34342362553238,-14986.801283013445,-14994.144706638977
86,23,0.4565160292345401,-8.1770026118149,3.0,1.0,0.9510837222841307,-14995.42529897788,14995.997710143598,-0.06342035572015448,0.10658631843216426,2.0,0.0,0.016694044723334377,0.016694044723334377,-7.29793197229859,-14986.733480473878,-14994.031412446177
87,23,0.4559971140721199,-8.179790492179857,1.0,1.0,1.0,-14995.095634248531,14995.549967684934,-0.15607597838607035,-0.15607597838607035,1.0,0.0,0.016694044723334377,0.016694044723334377,-7.3078936999239295,-14986.393671023205,-14993.70156472313
88,23,0.4473900223353734,-8.14398967070897,3.0,1.0,0.9739135428069905,-14996.206569151289,14996.518972110289,-0.12085241119893908,-0.13962433360575233,2.0,0.0,0.016694044723334377,0.016694044723334377,-7.180560205924749,-14987.628581602947,-14994.809141808872
89,23,0.4422109491912859,-8.139885654588287,1.0,1.0,0.3236500440803061,-14998.940601194421,14999.067559459287,1.1280924577931728,1.1280924577931728,1.0,0.0,0.016694044723334377,0.016694044723334377,-7.166045255185425,-14990.374813255869,-14997.540858511054
90,23,0.45045620896285365,-8.169157959709587,3.0,1.0,0.9747907609101946,-14995.048602933803,14999.557964226564,-1.1999068039549456,-1.1999068039549456,1.0,0.0,0.016694044723334377,0.016694044723334377,-7.269942958822825,-14986.382498747113,-14993.652441705935
91,23,0.45045620896285365,-8.169157959709587,3.0,1.0,0.46116324470712833,-14995.048602933803,14997.143838458507,0.0,1.6244503693615115,1.0,0.0,0.016694044723334377,0.016694044723334377,-7.269942958822825,-14986.382498747113,-14993.652441705935
92,23,0.45625188478339335,-8.196746748157908,7.0,1.0,0.5901130187428361,-14994.536237607628,14996.418006505439,0.010859734316909453,1.1525437131604122,2.0,0.0,0.016694044723334377,0.016694044723334377,-7.368649634168455,-14985.773608567544,-14993.142258201713
93,23,0.45508180259959036,-8.218184223784988,7.0,1.0,0.9994215410691961,-14994.529803288919,14994.654423650005,0.0016515582301508402,-0.07930285754264332,2.0,0.0,0.016694044723334377,0.016694044723334377,-7.445873751863392,-14985.6895318547,-14993.135405606563
94,23,0.45365036863255637,-8.214972064125643,7.0,1.0,0.9148583928574846,-14994.767712122068,14994.906904170635,0.13160251239423815,0.15696208802728506,2.0,0.0,0.016694044723334377,0.016694044723334377,-7.434273332907372,-14985.938514140702,-14993.372787473609
95,23,0.4566860534481889,-8.188857583284577,7.0,1.0,0.9460971755227982,-14994.892797229992,14995.166438797998,0.02851541906420607,0.15438357524726598,2.0,0.0,0.016694044723334377,0.016694044723334377,-7.340346213975503,-14986.158623963414,-14993.49897017739
96,23,0.45525397069274265,-8.21844600805351,7.0,1.0,0.9801184127789673,-14994.507603970662,14994.879345331756,-0.172249864326659,-0.2111869619548088,2.0,0.0,0.016694044723334377,0.016694044723334377,-7.446819616365938,-14985.666448921687,-14993.113268538053
97,23,0.45917808036753516,-8.252672123751825,23.0,1.0,0.9959117979491966,-14995.064895976186,14995.0898734803,0.017176425440993626,-0.06701505875389557,4.0,0.0,0.016694044723334377,0.016694044723334377,-7.571073726199772,-14986.100839857269,-14993.671913583468
98,23,0.46159903452031703,-8.244305456364762,7.0,1.0,0.8946205238709489,-14995.034782066225,14995.37881169606,0.027593945529588382,0.206571759426879,3.0,0.0,0.016694044723334377,0.016694044723334377,-7.540591291254415,-14986.101980412172,-14993.642571703425
99,23,0.4604038146427217,-8.26372461160184,3.0,1.0,0.9618068690569467,-14995.413763889235,14995.576648349761,-0.012493259127950296,0.08490560936479596,2.0,0.0,0.016694044723334377,0.016694044723334377,-7.611448775793645,-14986.409729572706,-14994.0211783485
100,23,0.4615921913876597,-8.265704056102367,7.0,1.0,0.8281293815324731,-14995.42920134202,14996.611571381674,-0.04501394038561557,0.40442348991928156,3.0,0.0,0.016694044723334377,0.016694044723334377,-7.618692640331572,-14986.418296223961,-14994.036988864293
101,23,0.46320985645142704,-8.269075964602257,3.0,1.0,0.9962205216349324,-14995.625695726021,14995.725681991682,0.004961002410709625,-0.00809479741838004,2.0,0.0,0.016694044723334377,0.016694044723334377,-7.631041310485811,-14986.602931286636,-14994.233972597121
102,23,0.46000033602024565,-8.254451532136873,3.0,1.0,0.865414874191555,-14995.066665969644,14995.83266776175,-0.008204369813029189,0.23030363870020665,2.0,0.0,0.016694044723334377,0.016694044723334377,-7.577565704879405,-14986.09638544406,-14993.67395114894
103,23,0.45905064033480414,-8.228981302505588,7.0,1.0,0.9906873144012743,-14994.576957399666,14995.165787605589,-0.010323772423362243,0.024404329766184674,2.0,0.0,0.016694044723334377,0.016694044723334377,-7.484942037302567,-14985.69899100531,-14993.183933042614
104,23,0.46179616282448926,-8.210679253810072,3.0,1.0,0.6094084953952896,-14996.096791342567,14996.454743091434,0.8569835458056332,0.9068726522509678,1.0,0.0,0.016694044723334377,0.016694044723334377,-7.41878635227794,-14987.285855387952,-14994.70464174023
105,23,0.4619158967244915,-8.213167873193656,3.0,1.0,0.9522355029277194,-14996.027804114288,14996.915370879373,-0.04447267117757292,-0.21483193927815591,1.0,0.0,0.016694044723334377,0.016694044723334377,-7.427762188645028,-14987.207929074202,-14994.635691262847
106,23,0.4619158967244915,-8.213167873193656,1.0,1.0,0.4026629695031747,-14996.027804114288,14997.798100241222,0.0,0.9096553708950523,1.0,0.0,0.016694044723334377,0.016694044723334377,-7.427762188645028,-14987.207929074202,-14994.635691262847
107,23,0.4629094939286027,-8.213286849950052,1.0,1.0,0.7274637656120738,-14996.652608646298,14997.50517182736,0.3181910878956842,0.3181910878956842,1.0,0.0,0.016694044723334377,0.016694044723334377,-7.4281914635846675,-14987.832604802728,-14995.260796266313
108,23,0.46185285472034093,-8.21998781298935,1.0,1.0,1.0,-14995.658864237623,14996.807153657148,-0.5394126522423903,-0.5394126522423903,1.0,0.0,0.016694044723334377,0.016694044723334377,-7.452391771444181,-14986.814340279292,-14994.266732050737
109,23,0.4548005818237962,-8.247552748092199,7.0,1.0,0.9433588451657642,-14996.11341406944,14996.823992253945,0.12352604241095833,0.20396077386794786,2.0,0.0,0.016694044723334377,0.016694044723334377,-7.5524138975647155,-14987.166500287729,-14994.718914185294
110,23,0.46735677836996437,-8.272216686432515,3.0,1.0,0.4612586411003637,-14996.93451873338,14999.283762249966,-0.19301874873417546,1.8188378519862454,2.0,0.0,0.016694044723334377,0.016694044723334377,-7.642553551415521,-14987.901399391592,-14995.543952943008
111,23,0.45615618304824396,-8.249477766021016,3.0,1.0,1.0,-14995.646954112772,14997.06597949109,-0.08524285798375786,-0.46108385604929936,2.0,0.0,0.016694044723334377,0.016694044723334377,-7.559427402147391,-14986.69351351466,-14994.252940916807
112,23,0.4575224992673859,-8.24300681871106,3.0,1.0,0.9876878948199651,-14994.909587502461,14995.421411445854,-0.352636230241842,-0.352636230241842,2.0,0.0,0.016694044723334377,0.016694044723334377,-7.535866216395266,-14985.980183401587,-14993.516049617981
113,23,0.45934273134584735,-8.250683828900543,3.0,1.0,0.9919644440136053,-14994.974378706087,14995.16302234945,-0.07203245253913337,-0.07430845163435151,2.0,0.0,0.016694044723334377,0.016694044723334377,-7.563823393535083,-14986.017626940988,-14993.581450334523
114,23,0.45934273134584735,-8.250683828900543,3.0,1.0,0.7923271488790281,-14994.974378706087,14995.395737564137,0.0,0.39014959852283937,1.0,0.0,0.016694044723334377,0.016694044723334377,-7.563823393535083,-14986.017626940988,-14993.581450334523
115,23,0.4614392378157714,-8.25020200538225,3.0,1.0,0.997529435119084,-14995.039401592394,14995.134630383245,-0.00388107883190969,0.0055743935099599184,2.0,0.0,0.016694044723334377,0.016694044723334377,-7.562067015402617,-14986.085074728158,-14993.64714174356
116,23,0.46187648817105503,-8.253385127346615,3.0,1.0,0.9953746984907613,-14995.144193146552,14995.171838376607,0.007266097458341392,0.007266097458341392,2.0,0.0,0.016694044723334377,0.016694044723334377,-7.573674662380462,-14986.17839354963,-14993.75206821201
117,23,0.4571078498575384,-8.211375991779459,7.0,1.0,1.0,-14994.414933321828,14995.120626880327,-0.030143181176754297,-0.055163577088023885,3.0,0.0,0.016694044723334377,0.016694044723334377,-7.421298690066358,-14985.599954113846,-14993.021252803912
118,23,0.4571078498575384,-8.211375991779459,1.0,1.0,0.4484442067738963,-14994.414933321828,14995.206523245883,0.0,0.8019710048338311,1.0,0.0,0.016694044723334377,0.016694044723334377,-7.421298690066358,-14985.599954113846,-14993.021252803912
119,23,0.45377345179372053,-8.223784555506308,7.0,1.0,0.7824727828145479,-14995.077351188165,14995.688322402979,0.3270791433442355,0.44460331877962744,3.0,0.0,0.016694044723334377,0.016694044723334377,-7.4661235108465345,-14986.216349001133,-14993.68247251198
120,23,0.4539759960535155,-8.226518131604548,7.0,1.0,0.9950740862892651,-14995.134159896603,14995.170897887405,0.020440351609067875,-0.3535892523759685,3.0,0.0,0.016694044723334377,0.016694044723334377,-7.47601900481494,-14986.263337596389,-14993.739356601203
121,23,0.4618847722379708,-8.230726149486843,3.0,1.0,1.0,-14995.301749702185,14995.375813943783,-0.0127869420866773,-0.3382290111549082,2.0,0.0,0.016694044723334377,0.016694044723334377,-7.491266555435356,-14986.418360753245,-14993.90962730868
122,23,0.4562293050012148,-8.239225547063766,3.0,1.0,0.5643652282781516,-14995.031065717447,14996.384103566463,-0.1345113296592899,1.1097269874444464,2.0,0.0,0.016694044723334377,0.016694044723334377,-7.522117716886101,-14986.11496062901,-14993.637078345895
123,23,0.45484776619439465,-8.227143594609464,3.0,1.0,1.0,-14994.874959477998,14995.199271733838,-0.0013132115363987396,-0.041260679625338526,2.0,0.0,0.016694044723334377,0.016694044723334377,-7.478284219584836,-14986.002192567365,-14993.48047678695
124,23,0.4546374163718113,-8.224557066981836,3.0,1.0,0.9756745268919632,-14994.83068564347,14995.089892193102,-0.012596133985425695,0.04156858002897934,2.0,0.0,0.016694044723334377,0.016694044723334377,-7.4689192303594885,-14985.967206933836,-14993.436126164195
125,23,0.4565736455954726,-8.188553553658728,5.0,1.0,0.9937379822062604,-14994.87313291307,14995.207759208964,0.006639529610765749,-0.21022088506651926,2.0,0.0,0.016694044723334377,0.016694044723334377,-7.3392567130539526,-14986.140009850584,-14993.479266563638
126,23,0.45273918475529024,-8.20552391731498,7.0,1.0,0.9924776070099098,-14994.753711481533,14995.130873466158,-0.03152807924379886,-0.10176341563237656,2.0,0.0,0.016694044723334377,0.016694044723334377,-7.400212028544402,-14985.958230602711,-14993.358442631255
127,23,0.45456055196686046,-8.209364509272753,7.0,1.0,0.9977212357155096,-14994.444619500508,14994.711378731712,-0.1528271686129301,-0.1528271686129301,2.0,0.0,0.016694044723334377,0.016694044723334377,-7.414046893203364,-14985.635984978157,-14993.05003187136
128,23,0.4587565362905704,-8.229153228208375,15.0,1.0,0.9882610952592056,-14994.544763316073,14994.67341991673,-0.025275231468185666,0.04339732063272095,4.0,0.0,0.016694044723334377,0.016694044723334377,-7.485565078354766,-14985.666076530022,-14993.151641608378
129,23,0.4546117465485597,-8.25137417087271,7.0,1.0,0.658123758066843,-14996.530993816274,14996.727929510811,0.9261401500243664,0.9348485968876048,3.0,0.0,0.016694044723334377,0.016694044723334377,-7.566340282898911,-14987.570084658488,-14995.136424941387
130,23,0.4573634596684108,-8.170092841512172,7.0,1.0,1.0,-14996.288225557038,14998.252357826908,-0.06622898216483009,-0.9014787216001423,2.0,0.0,0.016694044723334377,0.016694044723334377,-7.2732753031391075,-14987.621357828288,-14994.894633131427
131,23,0.46808893014309283,-8.264517189331784,15.0,1.0,0.9860361516977857,-14997.562737106444,14997.865808277893,0.1335802454395889,-0.8214357759243285,3.0,0.0,0.016694044723334377,0.016694044723334377,-7.614348778644906,-14988.558012382819,-14996.172361161463
132,23,0.4534371975745691,-8.225301667264983,7.0,1.0,0.9105869705987499,-14995.28405189272,14997.747950686073,-0.5385641672692145,-0.6311438372722478,2.0,0.0,0.016694044723334377,0.016694044723334377,-7.4716145040706845,-14986.417432825338,-14993.889047329409
133,23,0.44954818340919406,-8.199756089526284,7.0,1.0,0.7820557134631587,-14995.899960291405,14997.780632804166,0.28359365444703144,0.41167007483090856,2.0,0.0,0.016694044723334377,0.016694044723334377,-7.379462442162417,-14987.123969758493,-14994.503432200656
134,23,0.4564106461002663,-8.222442233188334,5.0,1.0,0.9996809560117697,-14994.451495055482,14995.286064775953,-0.7373213384416886,-0.750364060888387,2.0,0.0,0.016694044723334377,0.016694044723334377,-7.46126706493279,-14985.596304474198,-14993.057571539131
135,23,0.453868994622603,-8.186940585003715,7.0,1.0,0.6295043865199191,-14994.518844488073,14995.93127530303,-0.0036067741675651632,1.0433682909606432,2.0,0.0,0.016694044723334377,0.016694044723334377,-7.333478128836943,-14985.790523283125,-14993.124001411963
136,23,0.45584520414479707,-8.212598202749046,7.0,1.0,0.9974472975452195,-14994.36747776815,14994.713675062885,-0.005736877483286662,-0.008642508357297629,2.0,0.0,0.016694044723334377,0.016694044723334377,-7.425706981260611,-14985.547647273796,-14992.973354255057
137,23,0.457628977870767,-8.182325121072864,7.0,1.0,0.7297751125125623,-14995.575544575033,14996.55623810104,0.5748237157367839,0.5978737082259613,2.0,0.0,0.016694044723334377,0.016694044723334377,-7.316957248005347,-14986.865085842812,-14994.182043090817
138,23,0.4558860188907253,-8.261152987164682,7.0,1.0,0.4275633786203418,-14996.698262696924,15001.189657360477,0.24171443423256278,3.2707885350555443,2.0,0.0,0.016694044723334377,0.016694044723334377,-7.602043654454189,-14987.702110053207,-14995.304153707662
139,23,0.4500333096337797,-8.162491744585301,7.0,1.0,1.0,-14995.228310875731,14997.299596460609,-0.8317387245333521,-0.8858191174658714,2.0,0.0,0.016694044723334377,0.016694044723334377,-7.246206868834916,-14986.585772763787,-14993.831979632621
140,23,0.45153348873130095,-8.162746540101056,3.0,1.0,1.0,-14995.106310525802,14995.215258542405,-0.02556586713399156,-0.032826917651618714,2.0,0.0,0.016694044723334377,0.016694044723334377,-7.247113290876521,-14986.463462441965,-14993.71057573284
141,23,0.4629377324242422,-8.25613735832953,7.0,1.0,0.9239801647111181,-14995.37668043893,14996.91255719821,0.10361508234745997,0.15725208613184805,2.0,0.0,0.016694044723334377,0.016694044723334377,-7.583719179962096,-14986.401157301145,-14993.984876481107
142,23,0.45097337422436257,-8.18443879305196,7.0,1.0,0.9042614170390892,-14994.891514548859,14998.032088539105,-0.013589232679805718,0.2529476406525646,2.0,0.0,0.016694044723334377,0.016694044723334377,-7.324520413961139,-14986.171038816512,-14993.495559230472
143,23,0.4569029742088805,-8.199361452399998,7.0,1.0,0.9775033131051262,-14994.592354779426,14995.10616640564,-0.0331860239875823,0.052326913819342735,2.0,0.0,0.016694044723334377,0.016694044723334377,-7.378043962980487,-14985.820559305239,-14993.19860326822
144,23,0.46250095221270426,-8.194383398104119,1.0,1.0,0.18753531869281956,-14997.80859436137,14997.986355141735,1.6737880849486828,1.6737880849486828,1.0,0.0,0.016694044723334377,0.016694044723334377,-7.3601642742188,-14989.056495133416,-14996.416659407636
145,23,0.45798698938353916,-8.182595428956102,7.0,1.0,0.8922956924326461,-14995.726647895679,14997.938826392134,-1.143716237947956,-1.3833850560440624,2.0,0.0,0.016694044723334377,0.016694044723334377,-7.317924217717039,-14987.015343902227,-14994.333268119944
146,23,0.44615322030296906,-8.158038226995322,7.0,1.0,0.7186233963912415,-14996.57091460736,14998.108661250124,-0.07460370318040077,0.7242320464283694,2.0,0.0,0.016694044723334377,0.016694044723334377,-7.230374191609951,-14987.94258037164,-14995.17295456325
147,23,0.4545143007641341,-8.156068637991062,3.0,1.0,0.6130628649348485,-14996.023899297908,14997.785235435034,-0.09602354308663053,0.8980906813285401,2.0,0.0,0.016694044723334377,0.016694044723334377,-7.223378441423222,-14987.405916265518,-14994.629294706941
148,23,0.45549374231547235,-8.164921194758893,3.0,1.0,0.9625983486737247,-14995.784683279424,14996.553653725885,0.01033099820051575,0.07757305048653507,2.0,0.0,0.016694044723334377,0.016694044723334377,-7.254852155427045,-14987.135581979423,-14994.39043413485
149,23,0.45809438215044074,-8.166144845970557,1.0,1.0,0.49005950221390704,-14997.057213839173,14997.667275742357,0.7132284621602594,0.7132284621602594,1.0,0.0,0.016694044723334377,0.016694044723334377,-7.259208797723292,-14988.404661570401,-14995.663870368124
150,23,0.4508529005411918,-8.234025213551611,5.0,1.0,0.31284045285954043,-14997.466572825819,15001.881042313858,0.2583170453508501,2.637134606269683,2.0,0.0,0.016694044723334377,0.016694044723334377,-7.503232938741191,-14988.56733679888,-14996.070569737622
51,24,0.45508368505570745,-8.188507135166654,1.0,1.0,1.0,-14994.571169753799,14994.736832079898,-0.36077551310154377,-0.36077551310154377,1.0,0.0,0.020281489534943777,0.020281489534943777,-7.33909037887884,-14985.837682374507,-14993.176772753386
52,24,0.4530767580716242,-8.19412128749318,3.0,1.0,0.3345505722781306,-14994.518769876559,15000.930927837628,-0.03167256709457433,6.3466402241156175,2.0,0.0,0.016383498300985955,0.016383498300985955,-7.35922353770197,-14985.764405802922,-14993.123629340624
53,24,0.44722134694639637,-8.181164353368239,3.0,1.0,0.6180362076898269,-14996.492082249406,14996.540062071417,0.8256022727528034,0.8256022727528034,2.0,0.0,0.016383498300985955,0.016383498300985955,-7.312805675773091,-14987.781777326714,-14995.094583002487
54,24,0.4465098622253638,-8.181883439267072,1.0,1.0,0.7803523666502608,-14996.998880051782,14997.85285415978,0.248009709192047,0.248009709192047,1.0,0.0,0.016383498300985955,0.016383498300985955,-7.315377381295428,-14988.285697534504,-14995.6010749158
55,24,0.45351465129358426,-8.182073610544299,3.0,1.0,1.0,-14994.603811491883,14995.986726146568,-1.092843652355441,-1.092843652355441,2.0,0.0,0.016383498300985955,0.016383498300985955,-7.316057587505636,-14985.892778420535,-14993.208836008042
56,24,0.45174721123911893,-8.173680831757801,3.0,1.0,0.5589985778864816,-14994.81565095147,14995.894258028795,0.010199144113357761,1.070686778439267,2.0,0.0,0.016383498300985955,0.016383498300985955,-7.286072647690551,-14986.133926975974,-14993.419999623664
57,24,0.4487838547995524,-8.180709911886968,1.0,1.0,0.6536023056992973,-14995.62844751428,14995.67904256257,0.4252562077508628,0.4252562077508628,1.0,0.0,0.016383498300985955,0.016383498300985955,-7.311180698945181,-14986.92042464705,-14994.231605345996
58,24,0.46584582869880253,-8.222796461735742,5.0,1.0,0.5285376954827943,-14998.273813704165,14999.475567120584,1.4175475680731324,1.4180688902488328,2.0,0.0,0.016383498300985955,0.016383498300985955,-7.462548468694583,-14989.420293924783,-14996.882842393477
59,24,0.4608868422947321,-8.240072981957972,1.0,1.0,1.0,-14994.883141826629,14996.750222097777,-1.7769660361573187,-1.7769660361573187,1.0,0.0,0.016383498300985955,0.016383498300985955,-7.525197701279504,-14985.96551160781,-14993.49070930909
60,24,0.45495290760445734,-8.229977679752519,7.0,1.0,0.897938761037021,-14994.966792596435,14995.804543685239,0.1762826509129809,0.20059934054370387,2.0,0.0,0.016383498300985955,0.016383498300985955,-7.48855321663005,-14986.08379493466,-14993.57234815129
61,24,0.4578709558118471,-8.165865762696722,7.0,1.0,0.6623030420570092,-14996.9378700462,14997.521798345244,0.8604952021651116,0.9339869849209208,2.0,0.0,0.016383498300985955,0.016383498300985955,-7.258215028200878,-14988.286235910587,-14995.544450938789
62,24,0.45516587812189657,-8.264925695935148,7.0,1.0,0.9290756118571404,-14997.502299425476,15000.37605448752,0.08222401410966995,-0.9822953053535457,2.0,0.0,0.016383498300985955,0.016383498300985955,-7.615843729498594,-14988.492088442636,-14996.107932172134
63,24,0.45778411373324895,-8.249842054366903,1.0,1.0,1.0,-14995.170245917217,14996.665478882363,-1.075615142191964,-1.075615142191964,1.0,0.0,0.016383498300985955,0.016383498300985955,-7.560755047280624,-14986.216042253842,-14993.776797301123
64,24,0.45798876666572025,-8.206372593869,7.0,1.0,0.671373853810682,-14994.658742811582,14996.516718648154,-0.023880684393589036,0.8406512667406787,2.0,0.0,0.016383498300985955,0.016383498300985955,-7.403267924468302,-14985.862095712966,-14993.265363637434
65,24,0.45798876666572025,-8.206372593869,1.0,1.0,0.21908473642404502,-14994.658742811582,14996.36207487691,0.0,1.5182966996908362,1.0,0.0,0.016383498300985955,0.016383498300985955,-7.403267924468302,-14985.862095712966,-14993.265363637434
66,24,0.4581436729566168,-8.211545931581924,7.0,1.0,0.9971586574902788,-14994.579242374019,14994.76825793941,-0.04539680651760136,-0.05050147332258348,2.0,0.0,0.016383498300985955,0.016383498300985955,-7.4219115424084094,-14985.764003992024,-14993.185915534432
67,24,0.4529128396234214,-8.202601831680125,7.0,1.0,0.9790326511196447,-14994.642788193085,14995.209051174477,0.020844656335611944,0.03035296568668855,2.0,0.0,0.016383498300985955,0.016383498300985955,-7.389695755917923,-14985.857889711442,-14993.24758546736
68,24,0.4578537884774498,-8.255941968993987,7.0,1.0,0.9156532128489445,-14995.491440815766,14995.850450716707,0.15871783126567607,0.16376230118657986,2.0,0.0,0.016383498300985955,0.016383498300985955,-7.583005839000699,-14986.515010040832,-14994.098015879832
69,24,0.4578537884774498,-8.255941968993987,3.0,1.0,0.3938294239157192,-14995.491440815766,14998.976767277945,0.0,2.031592032291883,1.0,0.0,0.016383498300985955,0.016383498300985955,-7.583005839000699,-14986.515010040832,-14994.098015879832
70,24,0.45904787968606764,-8.2562024872903,7.0,1.0,0.999981749574315,-14995.239307616155,14995.704985525881,-0.15550236150011187,-0.18574168785198708,3.0,0.0,0.016383498300985955,0.016383498300985955,-7.583956965780728,-14986.26232538281,-14993.84628234859
71,24,0.46524671175833576,-8.275170853969739,3.0,1.0,0.6867935103254975,-14996.128522118152,14996.829114156531,0.015428476986926398,0.6361610581716377,2.0,0.0,0.016383498300985955,0.016383498300985955,-7.653390984697543,-14987.083993900364,-14994.73738488506
72,24,0.4664534808838061,-8.276551482107156,3.0,1.0,0.9195029183427795,-14996.51431907953,14996.615723598594,0.13130163609821466,0.13130163609821466,2.0,0.0,0.016383498300985955,0.016383498300985955,-7.6584588439511245,-14987.465054236529,-14995.12351308048
73,24,0.4640981116123089,-8.258883841800515,3.0,1.0,1.0,-14995.70448154877,14997.028136360956,-0.0610029307736113,-0.0610029307736113,1.0,0.0,0.016383498300985955,0.016383498300985955,-7.593750272539766,-14986.719267795845,-14994.313018068384
74,24,0.4649787334392479,-8.27199569634383,3.0,1.0,0.9899462724565938,-14996.019833317254,14996.326193313775,-0.0647393629697035,-0.09421566733362852,2.0,0.0,0.016383498300985955,0.016383498300985955,-7.641743194902483,-14986.986877731075,-14994.628620925978
75,24,0.4690116498870527,-8.267395521594768,3.0,1.0,0.5722224812120681,-14998.089123764194,14998.210233173348,0.9996357930649538,1.0065550488434383,2.0,0.0,0.016383498300985955,0.016383498300985955,-7.624885737584392,-14989.074095158105,-14996.69898089569
76,24,0.46566541583040544,-8.259657082561679,3.0,1.0,1.0,-14996.319412752347,14998.066846308659,-0.6643813667233189,-0.7144675214567542,2.0,0.0,0.016383498300985955,0.016383498300985955,-7.596575771818701,-14987.331816011898,-14994.928391783717
77,24,0.4674133584703013,-8.25679272285017,3.0,1.0,0.7030610841411806,-14997.413795472889,14997.888661139497,0.5484987600812019,0.5803942872935295,2.0,0.0,0.016383498300985955,0.016383498300985955,-7.586112109064196,-14988.437132399384,-14996.023244508448
78,24,0.4669220107998244,-8.255769950913791,1.0,1.0,1.0,-14997.13006212726,14998.184781668358,-0.11579572164737328,-0.11579572164737328,1.0,0.0,0.016383498300985955,0.016383498300985955,-7.582377855042462,-14988.157003692211,-14995.739381547253
79,24,0.46255959901745325,-8.26609090925937,3.0,1.0,1.0,-14995.480005154195,14996.339830838902,-0.8682580056556617,-0.8780020294561837,2.0,0.0,0.016383498300985955,0.016383498300985955,-7.620108804243227,-14986.46797907534,-14994.088087879583
80,24,0.46514903209313374,-8.287359413772634,3.0,1.0,0.9603090419168567,-14996.413351362113,14996.99832984787,0.0307745772315684,0.04694184236723231,1.0,0.0,0.016383498300985955,0.016383498300985955,-7.698197287810939,-14987.32398951313,-14995.022186800941
81,24,0.46483977844661994,-8.260470711631339,3.0,1.0,0.8412591199749482,-14995.957024500283,14997.56421086512,0.23754530965015874,0.29243943266737915,1.0,0.0,0.016383498300985955,0.016383498300985955,-7.599549499588575,-14986.966223408062,-14994.56577290765
82,24,0.4600152923093606,-8.27570582785326,3.0,1.0,0.9524949882455495,-14996.204801637474,14996.844657268717,0.03522081503251684,0.07091840297835006,2.0,0.0,0.016383498300985955,0.016383498300985955,-7.655354482305948,-14987.156737150352,-14994.812091632657
83,24,0.4644137848304512,-8.255076707584251,3.0,1.0,1.0,-14995.845326368059,14996.25930032086,-0.005267397920761141,-0.2701997977364954,2.0,0.0,0.016383498300985955,0.016383498300985955,-7.579847341399765,-14986.874106277486,-14994.453953618886
84,24,0.46313000718758957,-8.245053601500466,7.0,1.0,0.9992113415302667,-14995.4884566091,14996.331708899856,-0.03247566976097005,-0.2812266018008813,3.0,0.0,0.016383498300985955,0.016383498300985955,-7.543314172465689,-14986.553395652556,-14994.096709825022
85,24,0.45887490448910695,-8.228107081238477,3.0,1.0,0.9942858592220958,-14994.5544792333,14995.926268973357,-0.2744399814073404,-0.2744399814073404,1.0,0.0,0.016383498300985955,0.016383498300985955,-7.481774406687927,-14985.67962238459,-14993.161396791278
86,24,0.451818950132523,-8.21206865857577,5.0,1.0,0.7678610057547601,-14995.327454270157,14996.589465683976,0.44622024784803216,0.48718613556411583,2.0,0.0,0.016383498300985955,0.016383498300985955,-7.42379682898234,-14986.50803404535,-14993.931830874331
87,24,0.45365424354096684,-8.241094860820972,7.0,1.0,0.8256654252676094,-14996.21655643769,14996.723996044664,0.3540021210883424,0.3921770366105193,2.0,0.0,0.016383498300985955,0.016383498300985955,-7.52891265373397,-14987.292720584694,-14994.821633238427
88,24,0.4607854124234099,-8.202202745407105,7.0,1.0,1.0,-14996.001877000073,14996.365478820004,-0.012934105048771016,-0.8208376817019598,2.0,0.0,0.016383498300985955,0.016383498300985955,-7.388260149964924,-14987.2211523573,-14994.609412507265
89,24,0.45831630776203014,-8.214011518629148,7.0,1.0,0.998099812825557,-14994.571866915805,14995.464978096503,-0.7276501915584959,-0.7276501915584959,2.0,0.0,0.016383498300985955,0.016383498300985955,-7.430806415293913,-14985.747791754015,-14993.178598169308
90,24,0.45348055856878927,-8.189208785532632,5.0,1.0,0.9985001685002981,-14994.496091469968,14994.683684617094,-0.09070433521264931,-0.09611874040456314,2.0,0.0,0.016383498300985955,0.016383498300985955,-7.3416048747172695,-14985.759498317597,-14993.101103192314
91,24,0.4529210729460715,-8.178336519078371,3.0,1.0,0.9888827826538952,-14994.676488333147,14994.80433222704,0.00805373239745677,0.013012205112318043,1.0,0.0,0.016383498300985955,0.016383498300985955,-7.3026973551695935,-14985.978591381197,-14993.281288736367
92,24,0.4482227963266669,-8.137865981169382,7.0,1.0,0.6687635637655652,-14996.258704604024,14997.246800913223,0.07084017010856769,0.8465108505552053,2.0,0.0,0.016383498300985955,0.016383498300985955,-7.15890832385046,-14987.702720492503,-14994.861628816354
93,24,0.45156281070212245,-8.14803528060435,3.0,1.0,0.9378776505708347,-14995.779542110788,14997.006874485112,0.06060291520043393,0.12058886042541417,2.0,0.0,0.016383498300985955,0.016383498300985955,-7.194885072529813,-14987.188933718666,-14994.383818791195
94,24,0.45156281070212245,-8.14803528060435,1.0,1.0,0.6080220017043338,-14995.779542110788,14996.39930177828,0.0,0.49754421065699717,1.0,0.0,0.016383498300985955,0.016383498300985955,-7.194885072529813,-14987.188933718666,-14994.383818791195
95,24,0.45156281070212245,-8.14803528060435,3.0,1.0,0.46321667010290507,-14995.779542110788,14997.683830114842,0.0,1.634817750651564,1.0,0.0,0.016383498300985955,0.016383498300985955,-7.194885072529813,-14987.188933718666,-14994.383818791195
96,24,0.45216580672607376,-8.194073362224051,7.0,1.0,0.5499009223205463,-14994.687823625067,14997.722123766385,-0.046777127658060635,1.625651413534797,2.0,0.0,0.016383498300985955,0.016383498300985955,-7.359051537402955,-14985.933283145452,-14993.292334682856
97,24,0.44815234492672285,-8.152201156569767,7.0,1.0,0.9623547715321441,-14995.820008235174,14997.149575404277,0.034710422305579414,0.09157136837529833,3.0,0.0,0.016383498300985955,0.016383498300985955,-7.209652886337466,-14987.213250042121,-14994.422902928458
98,24,0.45551026452422416,-8.248690587526438,7.0,1.0,0.7912936096064774,-14995.861127675478,14997.826092735624,0.42121017738463706,0.5188359113326442,2.0,0.0,0.016383498300985955,0.016383498300985955,-7.556558991417752,-14986.910325468083,-14994.466884459502
99,24,0.4627227086869845,-8.227173252278783,3.0,1.0,0.6322266809069604,-14995.806431491492,14997.20823450295,0.04912566348502878,0.7708387847324047,2.0,0.0,0.016383498300985955,0.016383498300985955,-7.478391639314262,-14986.936171599958,-14994.414563239272
100,24,0.45722341895659696,-8.20525811807448,7.0,1.0,1.0,-14994.518759056717,14995.388380395221,-0.5347855377422093,-0.5396004911126511,2.0,0.0,0.016383498300985955,0.016383498300985955,-7.3992550925817016,-14985.72586334165,-14993.12511843423
101,24,0.457697012340881,-8.205537028024162,1.0,1.0,0.9553701375012678,-14994.609814211055,14994.693457045945,0.04565643505520711,0.04565643505520711,1.0,0.0,0.016383498300985955,0.016383498300985955,-7.400259231821069,-14985.816076704428,-14993.21633593625
102,24,0.4597598355690594,-8.265630474000105,7.0,1.0,0.863227022814926,-14995.609618493307,14996.824233646164,0.05133232196021709,0.2304692986435839,2.0,0.0,0.016383498300985955,0.016383498300985955,-7.618423293261171,-14986.598402688269,-14994.21682598153
103,24,0.4600561860986723,-8.262384873631142,1.0,1.0,1.0,-14995.390811419904,14995.621975851725,-0.07586736693338025,-0.07586736693338025,1.0,0.0,0.016383498300985955,0.016383498300985955,-7.6065481689607015,-14986.39156640451,-14993.998114573471
104,24,0.4585270163112641,-8.218206547849316,5.0,1.0,0.9974989060028594,-14994.553772112438,14995.746445761624,-0.033256833879931946,-0.11303578967817884,2.0,0.0,0.016383498300985955,0.016383498300985955,-7.4459544092703736,-14985.714619531997,-14993.160573941266
105,24,0.46164300851868245,-8.276210337160268,7.0,1.0,0.9769563452025122,-14995.91376907636,14996.700915115456,0.05348080880503403,0.08843440782584366,2.0,0.0,0.016383498300985955,0.016383498300985955,-7.6572064289637956,-14986.864365866035,-14994.521572294998
106,24,0.45910651934251606,-8.22034822649905,7.0,1.0,0.42961075746180366,-14994.644126861895,14999.457676087346,0.03782203817900154,2.786002875185659,2.0,0.0,0.016383498300985955,0.016383498300985955,-7.453694665501002,-14985.797426255887,-14993.251120921388
107,24,0.45738660762904154,-8.22357459968164,3.0,1.0,1.0,-14994.43432306957,14994.54162340043,-0.10622847043850925,-0.10716526108808466,2.0,0.0,0.016383498300985955,0.016383498300985955,-7.465363783723153,-14985.57537481147,-14993.040738595193
108,24,0.46392513442770655,-8.222160003380754,3.0,1.0,0.5445102107686451,-14996.796033152894,14996.899403313635,1.1362540191294102,1.1466556301311357,1.0,0.0,0.016383498300985955,0.016383498300985955,-7.460246202765778,-14987.94427340905,-14995.404519611815
109,24,0.4527881402029875,-8.18381611996696,7.0,1.0,0.996351844895926,-14994.591138722168,14996.135684564886,-1.12487275584499,-1.13805020142172,2.0,0.0,0.016383498300985955,0.016383498300985955,-7.322291893596416,-14985.8735966447,-14993.195888538297
110,24,0.4468550107562723,-8.168290864179816,7.0,1.0,0.7248952618952552,-14996.33862041655,14997.553507920036,0.5941713526735839,0.6498028775677085,3.0,0.0,0.016383498300985955,0.016383498300985955,-7.266853016883404,-14987.674111176832,-14994.940964193715
111,24,0.4555375149203976,-8.217199278314368,7.0,1.0,1.0,-14994.444634261024,14995.968167923047,-0.592152934128535,-0.592152934128535,2.0,0.0,0.016383498300985955,0.016383498300985955,-7.442315615110368,-14985.608085203203,-14993.050400818312
112,24,0.45960724274713316,-8.231577040358424,7.0,1.0,0.9773050958540525,-14994.65647587713,14995.277614071701,0.018103412150594522,0.039294139878620626,2.0,0.0,0.016383498300985955,0.016383498300985955,-7.4943518699167395,-14985.769281957335,-14993.263633827251
113,24,0.4608611393399571,-8.232630896308072,1.0,1.0,0.8958144701097916,-14994.920541308971,14994.965205737351,0.1100219520576502,0.1100219520576502,1.0,0.0,0.016383498300985955,0.016383498300985955,-7.498174135662243,-14986.02992656097,-14993.528100696632
114,24,0.4608611393399571,-8.232630896308072,1.0,1.0,0.5147575069714025,-14994.920541308971,14995.865062723722,0.0,0.6640593494576024,1.0,0.0,0.016383498300985955,0.016383498300985955,-7.498174135662243,-14986.02992656097,-14993.528100696632
115,24,0.45597614558170735,-8.265278799814778,7.0,1.0,0.679851297878229,-14997.038742059232,14997.74651507333,0.8250869004023116,0.8301428688246233,2.0,0.0,0.016383498300985955,0.016383498300985955,-7.617136065708831,-14988.027529027313,-14995.644665093021
116,24,0.45027971115903104,-8.196506916877459,7.0,1.0,0.9798871627307213,-14995.393785032871,14997.404838285594,-0.5284593179094372,-0.5959100231430057,2.0,0.0,0.016383498300985955,0.016383498300985955,-7.367788290522239,-14986.62976473752,-14993.997553028043
117,24,0.45648212717380865,-8.174262191706203,3.0,1.0,0.8271156934945468,-14995.57714357249,14996.31700113332,0.0224966853238584,0.2910557643772336,2.0,0.0,0.016383498300985955,0.016383498300985955,-7.288147405845143,-14986.895097746788,-14994.183245152633
118,24,0.45181022886018296,-8.167306880003983,3.0,1.0,0.9932647547889596,-14994.962012917507,14995.612142317015,-0.45219158091822464,-0.45219158091822464,1.0,0.0,0.016383498300985955,0.016383498300985955,-7.263347446631906,-14986.30303868163,-14993.566386128261
119,24,0.45597932808765246,-8.20945120961312,7.0,1.0,0.9999526118354566,-14994.356415640299,14995.019450497639,-0.025953895918064518,-0.025953895918064518,2.0,0.0,0.016383498300985955,0.016383498300985955,-7.414359381836414,-14985.547980421816,-14992.962339803653
120,24,0.457477139525892,-8.224664671843454,7.0,1.0,0.9841212141420531,-14994.445674239454,14994.569592059714,0.003466484460659558,0.02727293073803594,3.0,0.0,0.016383498300985955,0.016383498300985955,-7.469308699773364,-14985.582812120583,-14993.052120820357
121,24,0.45577742543042304,-8.208297959214471,7.0,1.0,0.5763028748552348,-14994.355511379395,14995.84261568577,0.0007725771574769169,1.341997383882699,2.0,0.0,0.016383498300985955,0.016383498300985955,-7.410203408302321,-14985.551160308965,-14992.961363717268
122,24,0.45361992872988616,-8.187504016422606,9.0,1.0,0.47398991738002394,-14994.510665048823,14997.313971252728,0.0200515090728004,2.8483889909002755,3.0,0.0,0.016383498300985955,0.016383498300985955,-7.3354963695424855,-14985.78023264216,-14993.115729011703
123,24,0.4568593296871511,-8.23445585969719,7.0,1.0,0.9516561901739148,-14994.70209944308,14995.033784708708,0.08051832430282957,0.09170943685239763,2.0,0.0,0.016383498300985955,0.016383498300985955,-7.504795783899729,-14985.803536979958,-14993.308332763858
124,24,0.4538943833830299,-8.185091862234007,7.0,1.0,0.9974883235192389,-14994.553286732966,14995.011121053873,-0.07058664379474067,-0.07604045562402462,2.0,0.0,0.016383498300985955,0.016383498300985955,-7.326858137232357,-14985.831594967092,-14993.158453104325
125,24,0.44499401027208274,-8.166229381409694,5.0,1.0,0.5712091050103242,-14997.465821381189,14998.745990624324,1.074006649221701,1.121485015961298,2.0,0.0,0.016383498300985955,0.016383498300985955,-7.2595098298530525,-14988.807840721374,-14996.067350551228
126,24,0.4497763025028247,-8.151195508500416,3.0,1.0,0.9999814980164383,-14995.575186296053,14996.663150528973,-1.051297210760822,-1.0863651923209545,2.0,0.0,0.016383498300985955,0.016383498300985955,-7.2060863271539946,-14986.972664682811,-14994.178751009966
127,24,0.45116600005250795,-8.162306501498831,7.0,1.0,0.9903317303722757,-14995.126468084258,14995.638789706267,-0.020650197080612998,-0.051724831901083235,3.0,0.0,0.016383498300985955,0.016383498300985955,-7.245547916767335,-14986.485040980127,-14993.730588896895
128,24,0.44531710565217686,-8.154909462291215,3.0,1.0,0.672056361168967,-14997.004353301743,14997.184559904428,0.6674353958151187,0.6674353958151187,2.0,0.0,0.016383498300985955,0.016383498300985955,-7.219262998069187,-14988.386762959992,-14995.60602595806
129,24,0.45931389825569147,-8.194900447197861,7.0,1.0,0.9988717553185043,-14995.63626830052,14997.944248501753,-0.04530859098304063,-0.43143818938369805,2.0,0.0,0.016383498300985955,0.016383498300985955,-7.362020207327257,-14986.881310277617,-14994.243330484944
130,24,0.45620250849756694,-8.222679853552322,5.0,1.0,0.9979070095149613,-14994.474513121288,14995.15708020303,-0.6041763681714656,-0.6041763681714656,2.0,0.0,0.016383498300985955,0.016383498300985955,-7.462126630665009,-14985.618389660454,-14993.08051629112
131,24,0.45592733362634624,-8.199620856608332,5.0,1.0,0.986188894140447,-14994.43452222046,14994.687506753093,-0.002402102310952614,0.023556648371595656,2.0,0.0,0.016383498300985955,0.016383498300985955,-7.3789763449658246,-14985.661451574091,-14993.040427919057
132,24,0.4578352513648947,-8.238006925274625,7.0,1.0,0.43803482433760615,-14994.691377879686,14998.285866777582,-0.014023321671629674,3.2071761700481147,2.0,0.0,0.016383498300985955,0.016383498300985955,-7.5176899203596825,-14985.78025672711,-14993.29794664747
133,24,0.4516873948029143,-8.159723562033022,7.0,1.0,0.9547444579746427,-14995.221286312588,14997.587020593019,0.0019153139801346697,0.10056582100514788,2.0,0.0,0.016383498300985955,0.016383498300985955,-7.2363633847808835,-14986.589248277733,-14993.825611662514
134,24,0.44988780187152005,-8.158375779176309,3.0,1.0,0.537181928542505,-14995.342768692037,14996.692369675435,-0.0008205526228266535,1.1973956815436395,2.0,0.0,0.016383498300985955,0.016383498300985955,-7.231573526936691,-14986.714805083657,-14993.946378610593
135,24,0.4605639018568979,-8.240772796488008,15.0,1.0,0.9176614307504857,-14994.827471230374,14998.706114566206,0.04198728536175622,0.19718856860345113,4.0,0.0,0.016383498300985955,0.016383498300985955,-7.527741703941578,-14985.907194912023,-14993.434936615964
136,24,0.45207159364304306,-8.183715829427642,39.0,1.0,0.9975788621182031,-14994.667201508117,14995.001144350465,-0.012620504452570458,-0.021581620785582345,5.0,0.0,0.016383498300985955,0.016383498300985955,-7.32193299429477,-14985.949743149242,-14993.271676143537
137,24,0.4517306096164193,-8.178647085653452,47.0,1.0,0.9031843379548568,-14994.749077895072,14995.504124902738,-0.004371557963168016,0.22207191559755302,5.0,0.0,0.016383498300985955,0.016383498300985955,-7.303807109425654,-14986.049612987865,-14993.35342009729
138,24,0.45532038838139555,-8.195341988470954,5.0,1.0,0.4230908034008937,-14994.448677066448,14997.970960376439,-0.020670035994044156,3.1407847368936928,2.0,0.0,0.016383498300985955,0.016383498300985955,-7.363605318876198,-14985.69076026426,-14993.054365583137
139,24,0.45092462960560575,-8.246495597217478,15.0,1.0,0.5229894036424477,-14998.731377860035,14999.066880595246,2.0656929116958054,2.101947334558645,4.0,0.0,0.016383498300985955,0.016383498300985955,-7.5485639084371075,-14989.786839319559,-14997.335403227995
140,24,0.453036354919122,-8.239645440489586,1.0,1.0,1.0,-14996.459124710884,14998.591068219497,-1.1330615648130333,-1.1330615648130333,1.0,0.0,0.016383498300985955,0.016383498300985955,-7.5236437209965255,-14987.540325145708,-14995.063968866705
141,24,0.45628494268161557,-8.238167435524284,1.0,1.0,1.0,-14994.966690778316,14995.942068757868,-0.7817483863054804,-0.7817483863054804,1.0,0.0,0.016383498300985955,0.016383498300985955,-7.518273040773445,-14986.054449986175,-14993.57272302695
142,24,0.45910484976717725,-8.213454368928844,7.0,1.0,0.9883625658608913,-14994.780559314226,14995.23776515737,0.0005737400006182725,0.024409617610217538,2.0,0.0,0.016383498300985955,0.016383498300985955,-7.42879590563488,-14985.958756918197,-14993.387552823831
143,24,0.4569741845756802,-8.24831433234543,7.0,1.0,0.94436950538303,-14995.297287012501,14996.686375759346,0.06256390780254151,0.10856995956055471,2.0,0.0,0.016383498300985955,0.016383498300985955,-7.555188168773546,-14986.34837204719,-14993.903560215964
144,24,0.4523203206604505,-8.236544206352223,3.0,1.0,0.6200932690372106,-14996.64909287124,14997.65813259524,0.8185105540396762,0.8694270300547942,1.0,0.0,0.016383498300985955,0.016383498300985955,-7.512377171092452,-14987.741286334343,-14995.253663505437
145,24,0.45096059110851494,-8.211655720294903,7.0,1.0,0.9976356932050905,-14995.728931464095,14997.93560544861,-0.417264870067811,-0.417264870067811,2.0,0.0,0.016383498300985955,0.016383498300985955,-7.42230748778682,-14986.910663594872,-14994.332971082658
146,24,0.4635587548114398,-8.232973006376353,5.0,1.0,0.577785620086197,-14996.020086272278,14998.350898021858,-0.002371705548284808,1.2133514710512827,2.0,0.0,0.016383498300985955,0.016383498300985955,-7.499415185013188,-14987.129050710668,-14994.628465895681
147,24,0.45109480517183753,-8.211440274045497,7.0,1.0,0.8954067926406059,-14995.646780774949,14997.300199685478,-0.03768466638393875,0.17695794752398797,2.0,0.0,0.016383498300985955,0.016383498300985955,-7.4215305072134585,-14986.829342977788,-14994.250873485002
148,24,0.45576613762289975,-8.21093985994484,23.0,1.0,0.9990962357330175,-14994.361086260864,14995.011488893353,-0.6433912189731927,-0.6436948333157488,4.0,0.0,0.016383498300985955,0.016383498300985955,-7.419726004017755,-14985.547208569304,-14992.966934573322
149,24,0.45523286066377644,-8.200767245472212,7.0,1.0,0.622618845377733,-14994.377828658184,14995.48104265126,0.0034245748538523912,1.0797048594176886,2.0,0.0,0.016383498300985955,0.016383498300985955,-7.383097640290103,-14985.60038796573,-14992.983485606019
150,24,0.4551634349111373,-8.160785392329444,7.0,1.0,0.7293254793168839,-14995.939177866956,14998.014411625356,0.5109465393161372,0.6046228825871367,2.0,0.0,0.016383498300985955,0.016383498300985955,-7.240138280987606,-14987.304671449185,-14994.544809730172
51,25,0.46087587748360653,-8.219585489144809,7.0,1.0,0.8859163532771657,-14995.224327191965,14995.727698302873,0.22656314912637754,0.23927870884472213,2.0,0.0,0.013453775269260684,0.013453775269260684,-7.4509375250514065,-14986.380953696813,-14993.831891221864
52,25,0.45184408664290626,-8.20783965140212,7.0,1.0,1.0,-14995.13739199233,14995.760539095943,-0.008039046770136338,-0.06280209407486836,2.0,0.0,0.016333513149610603,0.016333513149610603,-7.408552171717975,-14986.333226201825,-14993.741778373544
53,25,0.4500521604040844,-8.211363519331698,3.0,1.0,0.7195962601515128,-14996.239437830458,14996.623005313077,0.5506634004541411,0.5506634004541411,2.0,0.0,0.016333513149610603,0.016333513149610603,-7.4212537119306115,-14987.42186048525,-14994.843114197181
54,25,0.45478142853867987,-8.22273701631178,7.0,1.0,0.9889762316422483,-14994.725285294844,14996.21173274594,-0.7632671490810026,-0.777227167660385,2.0,0.0,0.016333513149610603,0.016333513149610603,-7.462333419133767,-14985.868445007258,-14993.330778426392
55,25,0.4560156179332966,-8.187309823844064,7.0,1.0,0.5791392102409338,-14994.777341527793,14996.619092611643,0.009108823169299285,1.3472872887541598,2.0,0.0,0.016333513149610603,0.016333513149610603,-7.3348007257541346,-14986.048477839864,-14993.383278565618
56,25,0.45248236362404215,-8.159645576481983,7.0,1.0,0.43302030728064395,-14995.294554105913,15000.502890018228,-0.024745151898969198,4.804018684000766,3.0,0.0,0.016333513149610603,0.016333513149610603,-7.236086184018028,-14986.663100824624,-14993.899187008643
57,25,0.45591334319230703,-8.163295792044275,3.0,1.0,0.7381500522333339,-14996.078509167017,14996.424208233413,0.49943254939898907,0.49943254939898907,1.0,0.0,0.016333513149610603,0.016333513149610603,-7.249067447441018,-14987.43534244598,-14994.684409893422
58,25,0.4604905872094593,-8.205887478731414,15.0,1.0,0.9640870978172416,-14995.632907550309,14996.777441066666,0.0218097882825532,0.1062132989973179,3.0,0.0,0.016333513149610603,0.016333513149610603,-7.401521044335077,-14986.838828594919,-14994.240349639254
59,25,0.45718656126762475,-8.199431802654454,7.0,1.0,0.9980344128816305,-14994.653495847653,14995.504057343887,-0.49018073344814184,-0.4948741778061958,2.0,0.0,0.016333513149610603,0.016333513149610603,-7.378296817725221,-14985.881545695718,-14993.259842513444
60,25,0.4524934470417168,-8.199916700854953,7.0,1.0,0.9978306060898589,-14994.696567519588,14994.876178437038,0.0011503340192575706,-0.1434945623495878,3.0,0.0,0.016333513149610603,0.016333513149610603,-7.380039786278398,-14985.921164887197,-14993.301204673475
61,25,0.46353776437806593,-8.24657563952998,5.0,1.0,0.8853832180088865,-14995.621504410869,14996.09595759654,0.20073442079228698,0.20109389694152924,2.0,0.0,0.016333513149610603,0.016333513149610603,-7.548855371746976,-14986.681022508714,-14994.229877880462
62,25,0.44909850671385476,-8.177199280608267,15.0,1.0,0.9861758108701516,-14995.432377840278,14995.962762746844,-0.010958368553474429,-0.06420504381458159,3.0,0.0,0.016333513149610603,0.016333513149610603,-7.298634459611192,-14986.73703109283,-14994.035665552443
63,25,0.45740741770253684,-8.191073742781162,7.0,1.0,1.0,-14995.025851173084,14995.663234877175,-0.009303216531407088,-0.18669201817101566,2.0,0.0,0.016333513149610603,0.016333513149610603,-7.348290692515273,-14986.283983150632,-14993.632273843146
64,25,0.4508578191015053,-8.217708913549506,7.0,1.0,0.7453971282863795,-14996.15063852372,14996.824419403374,0.5721292866819567,0.6015978647865268,2.0,0.0,0.016333513149610603,0.016333513149610603,-7.444156562270198,-14987.310480825883,-14994.754637388154
65,25,0.4504822506808868,-8.190763946630097,7.0,1.0,0.9933547218421133,-14995.14453453676,14997.054917404303,-0.5844683039140364,-0.5881445195791457,2.0,0.0,0.016333513149610603,0.016333513149610603,-7.3471798413821165,-14986.401203888705,-14993.748383730088
66,25,0.45930794935452995,-8.209469829530859,7.0,1.0,0.9963038846871723,-14994.965238608593,14995.441840452198,-0.0055141610391729046,-0.30522701940572006,2.0,0.0,0.016333513149610603,0.016333513149610603,-7.4144264934259345,-14986.157872350239,-14993.572298843665
67,25,0.4537917140881462,-8.190636128631274,7.0,1.0,0.9880097228181572,-14994.470532430225,14995.893122156902,-0.3024783132423181,-0.3024783132423181,2.0,0.0,0.016333513149610603,0.016333513149610603,-7.346721546131758,-14985.728939018389,-14993.07566056452
68,25,0.46468873180650405,-8.260360489012701,15.0,1.0,0.856317123076455,-14995.90146448944,14996.550961814863,0.283078855887652,0.3036777911347599,3.0,0.0,0.016333513149610603,0.016333513149610603,-7.599146608867243,-14986.911023497505,-14994.510170106372
69,25,0.46385094031654767,-8.259035532141606,3.0,1.0,1.0,-14995.628040569158,14995.956872540872,-0.0974170042991318,-0.0974170042991318,2.0,0.0,0.016333513149610603,0.016333513149610603,-7.5943045171154475,-14986.642200964208,-14994.236505481324
70,25,0.4595901754583069,-8.264636830917404,7.0,1.0,0.6429901317084787,-14995.585985390975,14996.86124837176,0.009443834474950563,0.9846980852016713,3.0,0.0,0.016333513149610603,0.016333513149610603,-7.614786595879774,-14986.57835119264,-14994.19313778852
71,25,0.45314555983170024,-8.195946188164555,7.0,1.0,0.9967456189133382,-14994.516560681646,14995.938963335962,-0.1502260966663016,-0.1502260966663016,2.0,0.0,0.016333513149610603,0.016333513149610603,-7.365774682107869,-14985.75567150086,-14993.121446182968
72,25,0.45549395796894315,-8.192657796830314,3.0,1.0,0.7179231901901595,-14994.521243994212,14995.132443349148,0.006184309828313417,0.5467675377421983,2.0,0.0,0.016333513149610603,0.016333513149610603,-7.3539722121778945,-14985.773022714855,-14993.126994927034
73,25,0.45512074782122286,-8.190277387417614,15.0,1.0,0.8330970200930164,-14994.531850640184,14995.037490646106,-0.006968001011045999,0.3855867812781071,4.0,0.0,0.016333513149610603,0.016333513149610603,-7.345435356075588,-14985.792031704195,-14993.13746706027
74,25,0.4567218043208839,-8.202444990649571,7.0,1.0,0.981846529415085,-14994.488623475501,14994.899702188635,0.020319976789323846,0.034708002627667156,2.0,0.0,0.016333513149610603,0.016333513149610603,-7.3891315433308185,-14985.7056773561,-14993.09480889943
75,25,0.4685495037408083,-8.248405552130839,7.0,1.0,0.5326044908822712,-14998.769252188156,14999.080320342433,1.6987700990375743,1.7312363255769014,2.0,0.0,0.016333513149610603,0.016333513149610603,-7.555520499761315,-14989.823472944623,-14997.378993444385
76,25,0.4632229698240975,-8.259776853903933,1.0,1.0,1.0,-14995.468675105367,14997.219606786526,-1.681000154796493,-1.681000154796493,1.0,0.0,0.016333513149610603,0.016333513149610603,-7.59701348179214,-14986.479942374528,-14994.07695585632
77,25,0.4620892390599884,-8.257649791461139,3.0,1.0,0.9983065031989399,-14995.239120940458,14995.711848024408,-0.059281547748469166,-0.059281547748469166,2.0,0.0,0.016333513149610603,0.016333513149610603,-7.58924216740295,-14986.257818920203,-14993.847061087607
78,25,0.4535520946078732,-8.196682376503748,7.0,1.0,0.8465211963157129,-14994.465946221851,14997.076577463433,-0.03746998719543626,0.34804264890954073,2.0,0.0,0.016333513149610603,0.016333513149610603,-7.368418440515961,-14985.70256633767,-14993.070984778185
79,25,0.4535520946078732,-8.196682376503748,3.0,1.0,0.40317872612574157,-14994.465946221851,14997.441488459406,0.0,2.126747660753608,1.0,0.0,0.016333513149610603,0.016333513149610603,-7.368418440515961,-14985.70256633767,-14993.070984778185
80,25,0.45389731769188824,-8.180613683040395,3.0,1.0,0.8181396865929331,-14994.659111171424,14995.005802550813,0.013203368014728767,0.30982349238365714,2.0,0.0,0.016333513149610603,0.016333513149610603,-7.310836633511478,-14985.953442000824,-14993.264278634335
81,25,0.4558283261156955,-8.184792709192264,3.0,1.0,0.916247391327075,-14994.82887570941,14994.995147513198,0.13249915021879133,0.13600473962833348,2.0,0.0,0.016333513149610603,0.016333513149610603,-7.325787237519978,-14986.108958948804,-14993.434746186324
82,25,0.4558283261156955,-8.184792709192264,1.0,1.0,0.027037296315679138,-14994.82887570941,14998.704989055663,0.0,3.6105380211320153,1.0,0.0,0.016333513149610603,0.016333513149610603,-7.325787237519978,-14986.108958948804,-14993.434746186324
83,25,0.45312759024045407,-8.208267417776224,7.0,1.0,0.4666580722468095,-14994.716216232664,14997.81016583756,-0.010731267670053057,2.7444987640119507,2.0,0.0,0.016333513149610603,0.016333513149610603,-7.410093364064325,-14985.911001573282,-14993.321094937346
84,25,0.45941564165701554,-8.24910424177286,15.0,1.0,0.9922951733150659,-14994.917095916526,14995.11317291169,-0.13600996693458,-0.15535444661691145,4.0,0.0,0.016333513149610603,0.016333513149610603,-7.558066234658693,-14985.966125161132,-14993.52419139579
85,25,0.4604243710616731,-8.242140607020765,3.0,1.0,0.8731101116478737,-14994.816857761743,14995.177585007437,-0.00047296575576183386,0.21347704293293646,2.0,0.0,0.016333513149610603,0.016333513149610603,-7.532715454937967,-14985.89156331709,-14993.424278772027
86,25,0.4604243710616731,-8.242140607020765,1.0,1.0,0.2513568974316248,-14994.816857761743,14996.230523439523,0.0,1.3808814476778934,1.0,0.0,0.016333513149610603,0.016333513149610603,-7.532715454937967,-14985.89156331709,-14993.424278772027
87,25,0.4604534509567146,-8.272205429672278,5.0,1.0,0.8989846615259044,-14995.865746092975,14996.841887999211,0.1602207381856715,0.19525468566462223,2.0,0.0,0.016333513149610603,0.016333513149610603,-7.642512272415645,-14986.830664092282,-14994.473176364698
88,25,0.4648771724475478,-8.258110835724958,3.0,1.0,0.8924424252327018,-14995.995106546774,14996.671623923572,0.14803941419268085,0.1770912959582347,2.0,0.0,0.016333513149610603,0.016333513149610603,-7.590926228454675,-14987.012939290531,-14994.603865518986
89,25,0.45614245250727026,-8.169718817636477,7.0,1.0,0.8764642284615508,-14995.728307488645,14997.85059205068,0.17233183659664064,0.23411185017357639,2.0,0.0,0.016333513149610603,0.016333513149610603,-7.271942006897865,-14987.0623474317,-14994.334289438597
90,25,0.45614245250727026,-8.169718817636477,1.0,1.0,0.21558711707201636,-14995.728307488645,14997.81353774001,0.0,1.5343901955729962,1.0,0.0,0.016333513149610603,0.016333513149610603,-7.271942006897865,-14987.0623474317,-14994.334289438597
91,25,0.4484514992229057,-8.17798731008886,3.0,1.0,0.55428950967658,-14995.724190630375,14997.441618127777,-0.054110028673676425,1.1294024898706994,2.0,0.0,0.016333513149610603,0.016333513149610603,-7.301449634338516,-14987.025760751965,-14994.327210386304
92,25,0.4564558417199038,-8.197433114383257,7.0,1.0,0.9885197993208329,-14994.554831508987,14996.825942028927,-0.3554815135230456,-0.3554815135230456,2.0,0.0,0.016333513149610603,0.016333513149610603,-7.37111500656578,-14985.789808858792,-14993.160923865358
93,25,0.4548834253234098,-8.217470725968468,7.0,1.0,0.4380888268276034,-14994.547999259328,14998.870621837246,-0.02103555997928197,4.11951888467047,2.0,0.0,0.016333513149610603,0.016333513149610603,-7.443296128775935,-14985.71023342091,-14993.153529549687
94,25,0.46118064924464863,-8.240366721149439,7.0,1.0,0.7871100864302653,-14994.945088288765,14995.69446060912,0.014884659552990342,0.4521263676961098,2.0,0.0,0.016333513149610603,0.016333513149610603,-7.526265457829207,-14986.026482461515,-14993.552747919344
95,25,0.46155563797952665,-8.257831539327908,3.0,1.0,0.9918568841708665,-14995.187741422355,14995.572439524944,-0.07534064681749442,-0.07534064681749442,1.0,0.0,0.016333513149610603,0.016333513149610603,-7.5899060142958055,-14986.205611626734,-14993.79551764103
96,25,0.46088117266353346,-8.257004579541627,3.0,1.0,0.6691804427629514,-14995.135090828131,14995.961632852112,-0.000798740304162493,0.6917009135868284,2.0,0.0,0.016333513149610603,0.016333513149610603,-7.586885752174936,-14986.155770773306,-14993.742656525481
97,25,0.4581548976075356,-8.26373526698129,1.0,1.0,0.6886481703639211,-14995.912821087533,14995.927580280491,0.37302477646699117,0.37302477646699117,1.0,0.0,0.016333513149610603,0.016333513149610603,-7.611487759136057,-14986.908010273404,-14994.51949803254
98,25,0.4561123828714295,-8.175858997981319,15.0,1.0,1.0,-14995.340626800175,14995.905394471676,-0.03009518256294541,-0.40092689987795893,4.0,0.0,0.016333513149610603,0.016333513149610603,-7.293847829251478,-14986.652750285128,-14993.946598114379
99,25,0.45731492277881003,-8.166111529267859,3.0,1.0,0.7273408556808585,-14996.58011809058,14996.961283799334,0.5434620936193824,0.5434620936193824,2.0,0.0,0.016333513149610603,0.016333513149610603,-7.2590901583442315,-14987.927418820167,-14995.186508978511
100,25,0.4515986488132458,-8.152446808486296,3.0,1.0,0.988998925180192,-14995.54507017593,14996.948613050361,-0.8079657201233204,-0.8079657201233204,1.0,0.0,0.016333513149610603,0.016333513149610603,-7.210524251465809,-14986.938836618327,-14994.149360869793
101,25,0.4504831982977627,-8.172182630166088,3.0,1.0,1.0,-14995.011167812496,14995.53632928026,-0.0265645496401703,-0.0588521891295386,2.0,0.0,0.016333513149610603,0.016333513149610603,-7.280727421665016,-14986.334289963266,-14993.615017384931
102,25,0.4484861265129211,-8.185338724233766,3.0,1.0,0.7144421336775045,-14995.90397745547,14996.297392962262,0.5342753254408308,0.5576636918158329,2.0,0.0,0.016333513149610603,0.016333513149610603,-7.327741914326761,-14987.17926972541,-14994.507011639736
103,25,0.4484861265129211,-8.185338724233766,1.0,1.0,0.052923487696335536,-14995.90397745547,14999.678895693018,0.0,2.9389080368364375,1.0,0.0,0.016333513149610603,0.016333513149610603,-7.327741914326761,-14987.17926972541,-14994.507011639736
104,25,0.44841490588193006,-8.174585619044779,3.0,1.0,1.0,-14995.679524448573,14996.365418353922,-0.21802414293597394,-0.2528838843409176,2.0,0.0,0.016333513149610603,0.016333513149610603,-7.289301800076304,-14986.993227146118,-14994.282528946194
105,25,0.4500940775392517,-8.172386047394898,1.0,1.0,1.0,-14995.095503999766,14995.508798146899,-0.28255133386483067,-0.28255133386483067,1.0,0.0,0.016333513149610603,0.016333513149610603,-7.281453034140828,-14986.4177442433,-14993.69919727744
106,25,0.46084167034980733,-8.237937634317362,7.0,1.0,0.6493385039438764,-14994.876447177166,14998.273204871204,-0.0020075597749382723,1.0089820172233885,2.0,0.0,0.016333513149610603,0.016333513149610603,-7.517438200025054,-14985.966562229722,-14993.484000429748
107,25,0.4529042614123652,-8.19889172330491,7.0,1.0,0.7000660939993307,-14994.585895330156,14996.458143044903,-0.012139475211370154,0.7698854190675775,2.0,0.0,0.016333513149610603,0.016333513149610603,-7.376355777092057,-14985.814333566732,-14993.190689343824
108,25,0.45269877924582624,-8.199031020274907,3.0,1.0,0.9826669557135492,-14994.632050056964,14994.749102292186,0.022261293701376417,0.026187903782556532,2.0,0.0,0.016333513149610603,0.016333513149610603,-7.376856381315037,-14985.859909404166,-14993.236765785481
109,25,0.4508063786539465,-8.194365108456497,3.0,1.0,0.8750610481817659,-14995.10945926524,14995.277044523764,0.20263487389456714,0.21126541444391478,1.0,0.0,0.016333513149610603,0.016333513149610603,-7.360098628941166,-14986.353339069412,-14993.713437698354
110,25,0.4573795746822448,-8.201542979012675,7.0,1.0,0.9960954452751258,-14994.639412484115,14995.516363342764,-0.17195962110054097,-0.17195962110054097,2.0,0.0,0.016333513149610603,0.016333513149610603,-7.385887166408398,-14985.859938428002,-14993.245825594411
111,25,0.45318027637657865,-8.188843409116034,5.0,1.0,0.991020157855141,-14994.51759981733,14995.168320546682,-0.12957818707582192,-0.13183790971561393,2.0,0.0,0.016333513149610603,0.016333513149610603,-7.340295418286782,-14985.782203023693,-14993.12249844198
112,25,0.46111548976583033,-8.253019204441713,5.0,1.0,0.5816664485746847,-14995.04730997301,14997.868681035508,0.019792914699792163,1.176227729227321,2.0,0.0,0.016333513149610603,0.016333513149610603,-7.572339763921201,-14986.082609464069,-14993.65494922799
113,25,0.4565191273215467,-8.201913092450468,7.0,1.0,0.9742991570372054,-14994.468141821,14995.322494574471,0.026176344044870348,0.06030806395028776,2.0,0.0,0.016333513149610603,0.016333513149610603,-7.387218300798387,-14985.68703807441,-14993.074256375208
114,25,0.4545992241815116,-8.23766618292013,5.0,1.0,0.7861279099822547,-14995.510852197827,14995.6258920164,0.4407205927200266,0.4407205927200266,2.0,0.0,0.016333513149610603,0.016333513149610603,-7.516452117068316,-14986.599826620502,-14994.11627873757
115,25,0.4541574492186561,-8.202699196485455,7.0,1.0,0.9996492743796231,-14994.425839577192,14995.16005196971,-0.4679475652919791,-0.4679475652919791,2.0,0.0,0.016333513149610603,0.016333513149610603,-7.390046023889743,-14985.64105750333,-14993.031103527219
116,25,0.4541574492186561,-8.202699196485455,1.0,1.0,0.49793175221853214,-14994.425839577192,14995.158919592513,0.0,0.6972922550867224,1.0,0.0,0.016333513149610603,0.016333513149610603,-7.390046023889743,-14985.64105750333,-14993.031103527219
117,25,0.45899990456619616,-8.228981977667328,7.0,1.0,0.9946372246827012,-14994.570646896733,14994.914440120245,0.006745976676029386,-0.020377977220050525,2.0,0.0,0.016333513149610603,0.016333513149610603,-7.484944483961413,-14985.6926613122,-14993.177605796162
118,25,0.4597172046050544,-8.237269280334512,3.0,1.0,0.9972713133178798,-14994.692139108914,14994.79087501683,-0.004293352678359952,0.008219749819545541,1.0,0.0,0.016333513149610603,0.016333513149610603,-7.515010448780721,-14985.78432232766,-14993.29933277644
119,25,0.4589588469833152,-8.244512266937987,3.0,1.0,0.4806210146551199,-14994.800712042324,14996.322293723942,0.0030969379331509117,1.5046806002774247,2.0,0.0,0.016333513149610603,0.016333513149610603,-7.541343924291032,-14985.866313452498,-14993.407657376789
120,25,0.4599382577302328,-8.21691322522823,7.0,1.0,0.8582662413195946,-14994.952780790172,14996.119053853983,0.2465461652045633,0.2847625748599967,2.0,0.0,0.016333513149610603,0.016333513149610603,-7.4412824239544735,-14986.11876353696,-14993.560045960916
121,25,0.4595642064764788,-8.238013800583605,7.0,1.0,0.9976236262853687,-14994.684389835806,14994.95433917068,-0.2541751542066777,-0.2653974196946365,3.0,0.0,0.016333513149610603,0.016333513149610603,-7.517714897258374,-14985.773818882928,-14993.291533780186
122,25,0.4645068773786544,-8.230843489332626,3.0,1.0,0.5803651251343825,-14996.694647300847,14996.703876963584,0.9932112445785606,0.9932112445785606,2.0,0.0,0.016333513149610603,0.016333513149610603,-7.49169198449731,-14987.811609169405,-14995.303301153903
123,25,0.4645068773786544,-8.230843489332626,1.0,1.0,0.16039255888091922,-14996.694647300847,14999.59561246822,0.0,1.8301309756425326,1.0,0.0,0.016333513149610603,0.016333513149610603,-7.49169198449731,-14987.811609169405,-14995.303301153903
124,25,0.4619433180843435,-8.232617312695847,1.0,1.0,1.0,-14995.278051231893,14996.322675290608,-0.6864548235189432,-0.6864548235189432,1.0,0.0,0.016333513149610603,0.016333513149610603,-7.498124861734852,-14986.387821918952,-14993.885946780687
125,25,0.45303734978783117,-8.23230976428087,7.0,1.0,0.8003803053311643,-14995.901176641462,14996.706015306841,0.4058740044129081,0.41732646359014325,2.0,0.0,0.016333513149610603,0.016333513149610603,-7.497009293413634,-14987.009011880973,-14994.506021174388
126,25,0.46310990985960454,-8.226566660544483,3.0,1.0,0.9990833598642928,-14996.043893767588,14996.107056008888,0.0027537083842616994,-0.6692972944074427,2.0,0.0,0.016333513149610603,0.016333513149610603,-7.476194746169407,-14987.17594627538,-14994.65214102155
127,25,0.4509750371509814,-8.21291689940687,7.0,1.0,0.9941588323803368,-14995.790707648634,14996.802375833371,-0.02604543589950481,-0.036829009355642484,2.0,0.0,0.016333513149610603,0.016333513149610603,-7.426856707296676,-14986.967896281492,-14994.394752988788
128,25,0.4666241895455534,-8.25425266101477,7.0,1.0,0.9024672488486505,-14996.998670409843,14997.97431140193,0.16456451702833874,0.16456451702833874,2.0,0.0,0.016333513149610603,0.016333513149610603,-7.576839987978087,-14988.031070325282,-14995.60791031326
129,25,0.45787938536227996,-8.277655580352473,3.0,1.0,0.9939586972016023,-14997.224316357766,14997.330293204135,0.018290158217496355,-0.811146091484261,2.0,0.0,0.016333513149610603,0.016333513149610603,-7.662513019114528,-14988.168387092295,-14995.83090011141
130,25,0.4660542707885881,-8.250147426084546,3.0,1.0,0.9821822704268338,-14996.800313726768,14998.062824978002,-0.04492769731768931,0.054934852312726434,2.0,0.0,0.016333513149610603,0.016333513149610603,-7.561868073615257,-14987.847531386558,-14995.409399460174
131,25,0.4660542707885881,-8.250147426084546,3.0,1.0,0.5481555966550262,-14996.800313726768,14999.906729948612,0.0,1.045458340562618,1.0,0.0,0.016333513149610603,0.016333513149610603,-7.561868073615257,-14987.847531386558,-14995.409399460174
132,25,0.466254093833341,-8.259060001873427,3.0,1.0,0.9880023138180037,-14996.630085711184,14997.461674817521,-0.2120478100641776,-0.21889825092148385,2.0,0.0,0.016333513149610603,0.016333513149610603,-7.594393926519962,-14987.644831872527,-14995.239225799047
133,25,0.4619950455179637,-8.262858085910441,1.0,1.0,1.0,-14995.348153711364,14996.044459466737,-0.5869610559057037,-0.5869610559057037,1.0,0.0,0.016333513149610603,0.016333513149610603,-7.608278919823859,-14986.347786169807,-14993.956065089631
134,25,0.4594004163959147,-8.249769112096333,3.0,1.0,0.9850768887111053,-14994.939400623445,14995.64913004574,0.0071996859569480876,0.03142058077901311,1.0,0.0,0.016333513149610603,0.016333513149610603,-7.560489199299348,-14985.986001926422,-14993.54649112572
135,25,0.4594004163959147,-8.249769112096333,3.0,1.0,0.5554733409290832,-14994.939400623445,14996.37844719819,0.0,1.100576962253399,1.0,0.0,0.016333513149610603,0.016333513149610603,-7.560489199299348,-14985.986001926422,-14993.54649112572
136,25,0.4671296354582389,-8.27487140957767,7.0,1.0,0.8010228484429179,-14996.794702121577,14997.949962998833,0.39740961189636437,0.42762375726306345,3.0,0.0,0.016333513149610603,0.016333513149610603,-7.652292068412102,-14987.751784482423,-14995.404076550836
137,25,0.4616976426240265,-8.29238952959222,3.0,1.0,1.0,-14997.0382163912,14997.265342929077,-0.005532247811061097,-0.2847622269691783,2.0,0.0,0.016333513149610603,0.016333513149610603,-7.716731777128908,-14987.929304684601,-14995.64603646173
138,25,0.4637773160114635,-8.288057470978128,1.0,1.0,1.0,-14996.394040882242,14996.810592412054,-0.3232244544487912,-0.3232244544487912,1.0,0.0,0.016333513149610603,0.016333513149610603,-7.7007679101753155,-14987.301716458736,-14995.002484368912
139,25,0.46101033817901205,-8.287948128176957,3.0,1.0,0.8043490353643579,-14996.871969341311,14997.115013124778,0.3442636732816027,0.3505436658142571,2.0,0.0,0.016333513149610603,0.016333513149610603,-7.700365218941103,-14987.779210423132,-14995.479575642074
140,25,0.4662311994858402,-8.317772446632471,15.0,1.0,0.9938793105508322,-14998.17320273285,14998.657983749854,-0.17726949193638575,-0.3133134974486893,4.0,0.0,0.016333513149610603,0.016333513149610603,-7.810646306075554,-14988.971690303506,-14996.782336609582
141,25,0.47459634347087387,-8.347143223349086,3.0,1.0,0.6615933964928176,-15000.775654819821,15001.48540224259,0.04370241206379433,0.6875813912974991,2.0,0.0,0.016333513149610603,0.016333513149610603,-7.9201196393730084,-14991.466656098753,-14999.386775738127
142,25,0.4622037514172103,-8.249188239329314,7.0,1.0,1.0,-14995.178295626305,15000.808614077014,-0.1587798170185124,-0.180637869902057,3.0,0.0,0.016333513149610603,0.016333513149610603,-7.558372319743051,-14986.227898331164,-14993.786270650908
143,25,0.4622037514172103,-8.249188239329314,1.0,1.0,0.12258388930507494,-14995.178295626305,14997.368872497607,0.0,2.098959672719502,1.0,0.0,0.016333513149610603,0.016333513149610603,-7.558372319743051,-14986.227898331164,-14993.786270650908
144,25,0.4640317437128218,-8.247099357442114,1.0,1.0,0.734997114537548,-14995.819621696775,14995.922658740494,0.3078887055762607,0.3078887055762607,1.0,0.0,0.016333513149610603,0.016333513149610603,-7.550762578148565,-14986.877376459695,-14994.428139037844
145,25,0.45933167400277547,-8.274961741764924,3.0,1.0,0.9933293651163654,-14996.359762135924,14996.360473074807,0.020214854994264897,-0.38969533838462667,2.0,0.0,0.016333513149610603,0.016333513149610603,-7.652623564630149,-14987.3142065788,-14994.96683014343
146,25,0.45963036271171204,-8.209128915431114,5.0,1.0,0.992012147768395,-14995.097903087808,14997.257390268767,-0.06299447846868134,-0.3384035960480105,2.0,0.0,0.016333513149610603,0.016333513149610603,-7.413197794968957,-14986.291870760891,-14993.70506855586
147,25,0.4530731285359573,-8.200218181639123,7.0,1.0,0.9904633327854538,-14994.569151269226,14995.521146170136,-0.28181406925614283,-0.28181406925614283,2.0,0.0,0.016333513149610603,0.016333513149610603,-7.381123578721924,-14985.792885779932,-14993.174009358654
148,25,0.45467949188978996,-8.210642925557183,7.0,1.0,0.9974043206561527,-14994.44678236257,14994.806952156296,-0.04120835656976851,-0.04120835656976851,2.0,0.0,0.016333513149610603,0.016333513149610603,-7.4186553710925995,-14985.6335829009,-14993.052238271994
149,25,0.45535988082588374,-8.2089920346577,1.0,1.0,1.0,-14994.367175130852,14994.413157137802,-0.03969516848155763,-0.03969516848155763,1.0,0.0,0.016333513149610603,0.016333513149610603,-7.412704491678889,-14985.560173379154,-14992.972877870832
150,25,0.45535988082588374,-8.2089920346577,3.0,1.0,0.5374531228122225,-14994.367175130852,14995.611913107268,0.0,1.1809547232642217,1.0,0.0,0.016333513149610603,0.016333513149610603,-7.412704491678889,-14985.560173379154,-14992.972877870832
51,26,0.4590840719551282,-8.238637074426894,5.0,1.0,0.9720726687459866,-14994.665849565448,14995.381082234513,0.012342010859356378,0.04968272776022786,2.0,0.0,0.01822604454986686,0.01822604454986686,-7.519979347895251,-14985.752856881922,-14993.272836229817
52,26,0.4601849637554134,-8.25654781039581,3.0,1.0,0.9730645586966741,-14995.132279594303,14995.161986189823,0.030610310494012083,0.034917422864964465,2.0,0.0,0.014480508053583824,0.014480508053583824,-7.585217811217353,-14986.154406284317,-14993.739624095535
53,26,0.4580882668306697,-8.203166904657182,7.0,1.0,0.7589274495052473,-14994.778359483249,14997.153936663428,0.13352501432927966,0.5520309214116423,2.0,0.0,0.014480508053583824,0.014480508053583824,-7.391728726981448,-14985.993285220433,-14993.385013947414
54,26,0.45124897236281625,-8.172138345731607,7.0,1.0,0.8499804795536221,-14994.890698401925,14996.296987544083,-0.1397797726203862,0.40638040601697867,2.0,0.0,0.014480508053583824,0.014480508053583824,-7.2805694595166965,-14986.214282453851,-14993.494851913369
55,26,0.4531188162712799,-8.171177736878134,3.0,1.0,0.97856546716688,-14994.887803271911,14994.971269686836,0.01611396257430897,0.03364009896176867,2.0,0.0,0.014480508053583824,0.014480508053583824,-7.277143459707074,-14986.215535197343,-14993.49267865705
56,26,0.45086158110967567,-8.180033225665214,7.0,1.0,0.8915317858197327,-14994.900797829154,14995.574975554584,0.043477324512423365,0.23906013066698506,3.0,0.0,0.014480508053583824,0.014480508053583824,-7.308761409429454,-14986.196036777512,-14993.504798186941
57,26,0.45223699977505655,-8.192655686586633,3.0,1.0,0.5175634082505384,-14994.657255804495,14997.159791950291,-0.015600961020027171,1.4369610639441817,2.0,0.0,0.014480508053583824,0.014480508053583824,-7.353964641707059,-14985.907829695087,-14993.261794336793
58,26,0.45520878746937227,-8.202133248018677,7.0,1.0,1.0,-14994.369280023478,14994.724471793743,-0.07325376779772341,-0.07325376779772341,3.0,0.0,0.014480508053583824,0.014480508053583824,-7.3880101680109,-14985.586918109751,-14992.974928277763
59,26,0.45731736038357507,-8.217334439787901,7.0,1.0,0.9924496659272535,-14994.40566300321,14994.469715641695,0.007125528647520696,0.015207668866423774,2.0,0.0,0.014480508053583824,0.014480508053583824,-7.442803831419244,-14985.569250898203,-14993.012054729623
60,26,0.44773975745893646,-8.17097948926218,7.0,1.0,0.7913711938321691,-14995.93325874717,14996.508049848097,0.3625742662097764,0.4602069771481183,2.0,0.0,0.014480508053583824,0.014480508053583824,-7.276436526862696,-14987.259543216498,-14994.535979743361
61,26,0.44891122738238265,-8.124301314368786,3.0,1.0,0.9687726206915622,-14997.020152797848,14997.578579672974,-0.21681538669326983,-0.2987219453734724,2.0,0.0,0.014480508053583824,0.014480508053583824,-7.111080482573666,-14988.512282821666,-14995.62336330424
62,26,0.4482479801765687,-8.143058282843237,3.0,1.0,1.0,-14996.050543921605,14997.02639430909,-0.0659673834725254,-0.0659673834725254,2.0,0.0,0.014480508053583824,0.014480508053583824,-7.177264626139336,-14987.476214049844,-14994.653478675984
63,26,0.45908820383929333,-8.232138298892615,15.0,1.0,1.0,-14994.591840238018,14996.161675087158,-0.04965141974571452,-0.06553229657401971,4.0,0.0,0.014480508053583824,0.014480508053583824,-7.496387379217774,-14985.702440884696,-14993.198828263914
64,26,0.461206007757356,-8.264439062126751,7.0,1.0,0.9867669019951248,-14995.38854687391,14995.647770765978,0.025518915736029157,0.029917258050772944,2.0,0.0,0.014480508053583824,0.014480508053583824,-7.61406288714322,-14986.382151537691,-14993.996214424835
65,26,0.46123699846209343,-8.281204120887235,3.0,1.0,0.8281842843634689,-14996.29363843825,14996.711366324485,0.16066728004625475,0.290958896970551,2.0,0.0,0.014480508053583824,0.014480508053583824,-7.675551278469716,-14987.225764383069,-14994.901315661538
66,26,0.4642844759041027,-8.272089709540818,7.0,1.0,1.0,-14995.861208073962,14996.515679491817,-0.13051585190260084,-0.15393251151544973,3.0,0.0,0.014480508053583824,0.014480508053583824,-7.642087929310754,-14986.827710327221,-14994.469798256532
67,26,0.45591918665736897,-8.242648976978826,15.0,1.0,0.8708262098379687,-14995.306913698048,14996.858057734393,0.19175189709858387,0.3286282736571593,4.0,0.0,0.014480508053583824,0.014480508053583824,-7.534564510658383,-14986.378251990753,-14993.912816501412
68,26,0.45197741199180425,-8.230012633912645,7.0,1.0,0.7898432840215666,-14996.340810006368,14997.356090247455,0.48657493357677595,0.584958548672148,2.0,0.0,0.014480508053583824,0.014480508053583824,-7.488679919342511,-14987.456568239266,-14994.945248158609
69,26,0.45876606025773187,-8.168577005247244,7.0,1.0,0.9307455004337726,-14997.29069247998,14998.321614077195,0.29841107673382794,-0.6988801539118867,2.0,0.0,0.014480508053583824,0.014480508053583824,-7.267872612975989,-14988.629701322878,-14995.897573935854
70,26,0.4552094573018605,-8.188123518938609,3.0,1.0,1.0,-14994.598434768308,14996.57909489354,-0.9777474905622512,-0.9777474905622512,2.0,0.0,0.014480508053583824,0.014480508053583824,-7.337715826255285,-14985.866367438297,-14993.204083264553
71,26,0.467207074308886,-8.269842529873921,11.0,1.0,0.8082964547442253,-14996.89776417115,14997.355453577571,0.3843557421441801,0.44612979162957345,3.0,0.0,0.014480508053583824,0.014480508053583824,-7.633850227225506,-14987.87330880082,-14995.507159028044
72,26,0.460108006189085,-8.25032045721823,3.0,1.0,0.4690281101247624,-14994.938475255683,14999.202212229593,-0.42433531267306535,1.6028643704958085,2.0,0.0,0.014480508053583824,0.014480508053583824,-7.562498783129251,-14985.983296280669,-14993.545795063797
73,26,0.4520718542031993,-8.171123221781917,9.0,1.0,0.9067183093542277,-14994.854379048305,14995.291898676263,0.0009182118828903185,0.1945268783128995,3.0,0.0,0.014480508053583824,0.014480508053583824,-7.276949059948275,-14986.18190472461,-14993.458853784558
74,26,0.45519841640197745,-8.144267483561148,7.0,1.0,0.6251865922323787,-14997.339706156072,14998.01562813423,0.7397130714653031,0.7397130714653031,2.0,0.0,0.014480508053583824,0.014480508053583824,-7.18154337404913,-14988.76380728954,-14995.94535066359
75,26,0.44816854683984103,-8.135196476423857,3.0,1.0,0.8856596954058368,-14996.38593671085,14998.475362892339,-0.6761965348232479,-0.6761965348232479,2.0,0.0,0.014480508053583824,0.014480508053583824,-7.149481338788522,-14987.839356857558,-14994.988838196346
76,26,0.4473997847704917,-8.174493229468679,3.0,1.0,0.6616081970824855,-14996.17817074257,14998.143340583394,0.39797733879458974,0.7634097799455049,2.0,0.0,0.014480508053583824,0.014480508053583824,-7.288972027565436,-14987.491775527003,-14994.780747554569
77,26,0.4499085891650321,-8.14090065374859,3.0,1.0,0.9433282405188753,-14996.034638910207,14997.045416558301,-0.40433343030235847,-0.40433343030235847,2.0,0.0,0.014480508053583824,0.014480508053583824,-7.169633503529611,-14987.468623741588,-14994.638257245118
78,26,0.4499085891650321,-8.14090065374859,1.0,1.0,0.9172695315092797,-14996.034638910207,14996.278421909845,0.0,0.08635392242285889,1.0,0.0,0.014480508053583824,0.014480508053583824,-7.169633503529611,-14987.468623741588,-14994.638257245118
79,26,0.4475991620988293,-8.122373709376093,3.0,1.0,0.9602796021898353,-14997.135362290694,14997.628873078116,0.02771511826722417,0.057865883160047815,1.0,0.0,0.014480508053583824,0.014480508053583824,-7.104298845671163,-14988.633724929878,-14995.73802377555
80,26,0.46377516312802936,-8.280453297143517,19.0,1.0,0.7556497510584241,-14996.041912759269,14998.211082855052,-0.07235743726050714,0.6731166395420587,4.0,0.0,0.014480508053583824,0.014480508053583824,-7.672791506776825,-14986.977564111985,-14994.650355618762
81,26,0.46328364795060156,-8.241717575841896,7.0,1.0,0.5659129627100018,-14995.612945876586,14998.801651257745,0.2969919446586573,1.1846815058033826,3.0,0.0,0.014480508053583824,0.014480508053583824,-7.531176992530936,-14986.690067569643,-14994.221244562174
82,26,0.4559773327804866,-8.16316694063754,7.0,1.0,0.5580710939754499,-14996.117511837947,15000.042484005407,0.22549792187965068,1.6943210542904126,2.0,0.0,0.014480508053583824,0.014480508053583824,-7.248608986252679,-14987.474826306865,-14994.723435293117
83,26,0.4541989189078499,-8.150193764018121,3.0,1.0,0.941525204881248,-14996.34355976837,14997.12988158886,-0.07803900456929114,-0.2825706120402174,1.0,0.0,0.014480508053583824,0.014480508053583824,-7.202534617599093,-14987.746304431283,-14994.948839048882
84,26,0.4473455809969858,-8.162375433057221,3.0,1.0,1.0,-14996.02584355149,14996.370090093491,-0.10973946315425565,-0.33331725467724027,2.0,0.0,0.014480508053583824,0.014480508053583824,-7.245793118092749,-14987.38260416895,-14994.628397287042
85,26,0.45710284301358145,-8.203123509574217,7.0,1.0,0.9399354187565105,-14994.541102333975,14997.129187660248,-0.2191348970427498,-0.27091934850250254,2.0,0.0,0.014480508053583824,0.014480508053583824,-7.3915725925569,-14985.755847492628,-14993.147420085184
86,26,0.4598461782417157,-8.193349041047954,1.0,1.0,0.5644830049488334,-14996.017799994885,14996.073996343428,0.5718450022250181,0.5718450022250181,1.0,0.0,0.014480508053583824,0.014480508053583824,-7.356452281154028,-14987.268583148303,-14994.625035429457
87,26,0.4544240257691836,-8.182915133402277,3.0,1.0,0.8581046974590326,-14994.645181791293,14996.76626925659,-0.5995165112817631,-0.5995165112817631,2.0,0.0,0.014480508053583824,0.014480508053583824,-7.319067987578542,-14985.93147605543,-14993.250544043009
88,26,0.4588250876180658,-8.219187935802971,7.0,1.0,0.553959920726814,-14994.599740104104,14997.12950923249,0.026707083179644542,1.0718662100298388,2.0,0.0,0.014480508053583824,0.014480508053583824,-7.449500681193177,-14985.757140469335,-14993.20664115053
89,26,0.45492820463303146,-8.200354189536123,7.0,1.0,0.8706947630525723,-14994.378329338266,14995.318211361657,-0.07230404660185741,0.3173941081549856,2.0,0.0,0.014480508053583824,0.014480508053583824,-7.3816125428885,-14985.602263372502,-14992.983875915392
90,26,0.4554142299767457,-8.202823805260364,7.0,1.0,0.9992297852561541,-14994.368027072485,14994.387636330617,0.0006973615072638495,0.001834927288655308,3.0,0.0,0.014480508053583824,0.014480508053583824,-7.390494315336115,-14985.583255050202,-14992.973749365538
91,26,0.4500859236096682,-8.171366684271987,7.0,1.0,0.8521656575957323,-14995.102662512227,14995.907779298963,0.08223887765052496,0.2699693449485494,2.0,0.0,0.014480508053583824,0.014480508053583824,-7.277817265390836,-14986.428535236042,-14993.706352501433
92,26,0.44644901858019903,-8.183078768055113,3.0,1.0,0.6595365626137109,-14997.099228053174,14997.245223144775,0.8231807317370112,0.8231807317370112,2.0,0.0,0.014480508053583824,0.014480508053583824,-7.319653444019097,-14988.381743120135,-14995.701396564154
93,26,0.46345024357508335,-8.198627230934658,9.0,1.0,0.8271350803072455,-14998.239485280825,14999.591439659582,0.6182368237477931,-0.9055038854185113,3.0,0.0,0.014480508053583824,0.014480508053583824,-7.375405300142731,-14989.472427753017,-14996.84783305316
94,26,0.45872578685841053,-8.17756645738137,7.0,1.0,0.9220823755788968,-14996.491375818627,14999.79374633541,-0.7558444270271139,-1.4954180821296177,2.0,0.0,0.014480508053583824,0.014480508053583824,-7.299946093136977,-14987.798297798723,-14995.09824389186
95,26,0.4559413389614924,-8.178454579926003,1.0,1.0,1.0,-14995.14474093062,14996.131260209842,-0.5430093020786444,-0.5430093020786444,1.0,0.0,0.014480508053583824,0.014480508053583824,-7.303119213184788,-14986.447532391916,-14993.7506516051
96,26,0.45515001301864655,-8.18189474687976,1.0,1.0,1.0,-14994.791273535684,14995.085757063698,-0.12602556323508907,-0.12602556323508907,1.0,0.0,0.014480508053583824,0.014480508053583824,-7.315417825447523,-14986.081482719355,-14993.396900544803
97,26,0.4561241331915881,-8.187364952283716,3.0,1.0,0.9646317698454814,-14994.801375608418,14995.029187566171,0.03601812303531915,0.0733532590620598,1.0,0.0,0.014480508053583824,0.014480508053583824,-7.334998205042555,-14986.072352874595,-14993.407351079637
98,26,0.4533724637790169,-8.221923814297101,7.0,1.0,0.915692129753631,-14995.140399692065,14995.709143222168,0.15926886443230615,0.2538082667579147,2.0,0.0,0.014480508053583824,0.014480508053583824,-7.459391937147868,-14986.285978849955,-14993.745370787103
99,26,0.45454272039164945,-8.187376551314687,7.0,1.0,0.7896425340657284,-14994.542536747229,14996.466467240374,-0.2679626078443107,0.6802941648511478,2.0,0.0,0.014480508053583824,0.014480508053583824,-7.335039755097863,-14985.812902825643,-14993.147942580741
100,26,0.45182580343644274,-8.166881018577559,7.0,1.0,0.9773841403190676,-14994.974348555752,14995.431949740538,-0.0037419912277982803,0.062005812265852,3.0,0.0,0.014480508053583824,0.014480508053583824,-7.261830560697255,-14986.31689726539,-14993.578727826087
101,26,0.45198032173873354,-8.154982474844045,3.0,1.0,0.961900598995799,-14995.459714591116,14995.579376700201,0.06683352005347842,0.06683352005347842,2.0,0.0,0.014480508053583824,0.014480508053583824,-7.219522176261048,-14986.844631695338,-14994.064153871599
102,26,0.45406512899383994,-8.171397803450215,3.0,1.0,0.8833333614625357,-14995.008577073433,14996.070317837179,0.017484581610915484,0.20800788840278983,2.0,0.0,0.014480508053583824,0.014480508053583824,-7.277928242979464,-14986.335878600934,-14993.613806843914
103,26,0.4499518772953622,-8.163181601981325,3.0,1.0,0.9758952177632442,-14995.228340078453,14995.424257617247,-0.05078784164470562,0.06290882994835556,2.0,0.0,0.014480508053583824,0.014480508053583824,-7.248661151373763,-14986.583314777043,-14993.831975928417
104,26,0.4543829065671429,-8.19071788137864,7.0,1.0,0.9924443770290786,-14994.47007294253,14995.485555344656,-0.04382057012844598,-0.04382057012844598,2.0,0.0,0.014480508053583824,0.014480508053583824,-7.347014671164914,-14985.728405398155,-14993.075420069319
105,26,0.46023368429302963,-8.247901378731287,7.0,1.0,0.9319269261175771,-14994.885060855588,14996.782710257046,0.0149334045672731,0.12536037963946,2.0,0.0,0.014480508053583824,0.014480508053583824,-7.553683804496806,-14985.938737160153,-14993.49242096465
106,26,0.4624060805531283,-8.234619109757869,3.0,1.0,0.8202460663762281,-14995.414088212468,14995.69456177576,0.2777145395921252,0.2811639195151656,1.0,0.0,0.014480508053583824,0.014480508053583824,-7.505388278331473,-14986.51673632202,-14994.022124600353
107,26,0.45052158835120126,-8.178397521707087,15.0,1.0,0.9951867485957869,-14994.981487309895,14995.339250815774,-0.18433224535328918,-0.28652658412283927,4.0,0.0,0.014480508053583824,0.014480508053583824,-7.30291532956941,-14986.282436904938,-14993.585352234508
108,26,0.45342016958829306,-8.20062085510079,15.0,1.0,0.8173277971354965,-14994.510384040028,14997.525193843321,-0.050045609912558575,0.3978773997987446,4.0,0.0,0.014480508053583824,0.014480508053583824,-7.382571290216154,-14985.732801786853,-14993.11537307707
109,26,0.46228046456960764,-8.25640107716435,9.0,1.0,0.9150404691116449,-14995.24807755867,14995.655363649832,0.005277995360302157,0.17736281705037982,3.0,0.0,0.014480508053583824,0.014480508053583824,-7.5846820435445625,-14986.271393844843,-14993.856075888389
110,26,0.45927954047798436,-8.265321180544708,7.0,1.0,0.9325089676183526,-14995.694995131806,14995.915592739846,0.14454852261405904,0.1523514329273894,3.0,0.0,0.014480508053583824,0.014480508053583824,-7.61729118468157,-14986.684754869117,-14994.3020460538
111,26,0.45869761037247847,-8.250746702631444,3.0,1.0,0.9881625051807393,-14995.045733932024,14995.911227404462,-0.11411066756954824,-0.15466616896264895,1.0,0.0,0.014480508053583824,0.014480508053583824,-7.564052602555416,-14986.088540031931,-14993.652592634486
112,26,0.46160954590212183,-8.235535454246774,3.0,1.0,0.9009422360979946,-14995.10408535523,14995.416170210145,0.09436811756495445,0.1535131764030666,2.0,0.0,0.014480508053583824,0.014480508053583824,-7.5087145236941435,-14986.203163716626,-14993.71187824032
113,26,0.45373595948178624,-8.235273653993183,7.0,1.0,0.741086369678876,-14995.74859957991,14996.741602934557,0.3271902238175244,0.64093775955007,2.0,0.0,0.014480508053583824,0.014480508053583824,-7.50776412741597,-14986.845942785885,-14994.353706913302
114,26,0.4659338048918438,-8.252025891100702,5.0,1.0,0.9828618371482886,-14996.66009297142,14997.028696762976,0.08958648711450223,-0.4713763044182997,2.0,0.0,0.014480508053583824,0.014480508053583824,-7.568716800160874,-14987.700428979897,-14995.269145780057
115,26,0.4551925195020747,-8.220818612428218,5.0,1.0,0.6549253623629392,-14994.576604036198,14998.431517962616,-0.519055861974266,0.9689145626380196,2.0,0.0,0.014480508053583824,0.014480508053583824,-7.455395305014156,-14985.72685110793,-14993.182246412944
116,26,0.45307680571522363,-8.206767325365062,7.0,1.0,0.9673162386420256,-14994.691742164401,14995.356221344708,0.05146359953505453,0.11049230793832976,2.0,0.0,0.014480508053583824,0.014480508053583824,-7.404689510388864,-14985.89191213612,-14993.296601646509
117,26,0.4534152026106885,-8.217715928017396,7.0,1.0,0.7425928523428398,-14994.940951160563,14996.004821503882,0.096731037243444,0.7568593189444073,2.0,0.0,0.014480508053583824,0.014480508053583824,-7.444181902331706,-14986.10175642808,-14993.545938330411
118,26,0.4537867690217972,-8.218295099470728,1.0,1.0,1.0,-14994.84300678703,14995.083358992391,-0.03969349545877776,-0.03969349545877776,1.0,0.0,0.014480508053583824,0.014480508053583824,-7.44627435341913,-14986.001858724034,-14993.448133077452
119,26,0.4539880461976964,-8.184096490590415,7.0,1.0,0.8552918445766208,-14994.578614600487,14995.939782782634,-0.16422004019295855,0.4263087272611301,2.0,0.0,0.014480508053583824,0.014480508053583824,-7.323295280091896,-14985.86052049908,-14993.183815779172
120,26,0.46052086993024977,-8.22648154857679,7.0,1.0,0.4564401049132906,-14994.916279461931,14998.122039768488,0.13935004303129972,1.3630123659877427,2.0,0.0,0.014480508053583824,0.014480508053583824,-7.475886525611687,-14986.047844653289,-14993.5237311789
121,26,0.45079553512507053,-8.182271012974518,7.0,1.0,0.989349397658593,-14994.924467395194,14996.605722831098,-0.0658754593678168,-0.1430808461173001,2.0,0.0,0.014480508053583824,0.014480508053583824,-7.316763696418162,-14986.211677822232,-14993.52844151865
122,26,0.4554053308346766,-8.174209864852543,3.0,1.0,0.9499832842755374,-14995.198296436813,14995.31215663801,0.1039141944329458,0.1039141944329458,2.0,0.0,0.014480508053583824,0.014480508053583824,-7.287960647859108,-14986.51605488204,-14993.804015529899
123,26,0.4589842196752985,-8.226458269939968,7.0,1.0,0.5139757110422593,-14994.570100347724,14999.461450637595,-0.20180041530511517,1.9358104812508827,2.0,0.0,0.014480508053583824,0.014480508053583824,-7.475802226690602,-14985.701251839975,-14993.177054066666
124,26,0.4513648088501715,-8.215223389232268,3.0,1.0,0.7172128725603083,-14995.711110319276,14996.063148504212,0.4970676657376316,0.6100443037430523,2.0,0.0,0.014480508053583824,0.014480508053583824,-7.435180598331444,-14986.88012878795,-14994.315309386282
125,26,0.45815457842849006,-8.203207718772465,3.0,1.0,1.0,-14994.796669853193,14995.880854423083,-0.35690496823372087,-0.3603383277040848,2.0,0.0,0.014480508053583824,0.014480508053583824,-7.391875576867204,-14986.011471113728,-14993.403346690595
126,26,0.4514341293291275,-8.18665298289966,7.0,1.0,0.989734361760816,-14994.791320409813,14995.241170061649,-0.08308203671731462,-0.16165614231249492,2.0,0.0,0.014480508053583824,0.014480508053583824,-7.332448045491434,-14986.063098640498,-14993.39554668599
127,26,0.4589874680262693,-8.22804297647044,7.0,1.0,0.9980983478706508,-14994.568418989798,14995.213866044627,-0.05991637400438776,-0.08713519878074294,2.0,0.0,0.014480508053583824,0.014480508053583824,-7.4815421612133575,-14985.693831620574,-14993.175373781787
128,26,0.4495250791651944,-8.168977908131788,7.0,1.0,0.9584176310257698,-14995.256007900978,14996.001196232928,0.07918788645474706,0.0806230683792819,2.0,0.0,0.014480508053583824,0.014480508053583824,-7.269301273410198,-14986.590169113488,-14993.859470386898
129,26,0.45371498175530267,-8.16332834971072,3.0,1.0,0.9009251071807274,-14995.327971105993,14995.6201301871,0.03934525426302571,0.15577044936617312,2.0,0.0,0.014480508053583824,0.014480508053583824,-7.249183292237672,-14986.683887314179,-14993.933070606416
130,26,0.452490696991031,-8.16404170434261,1.0,1.0,1.0,-14995.10174441356,14995.28670625668,-0.09976531032771163,-0.09976531032771163,1.0,0.0,0.014480508053583824,0.014480508053583824,-7.251721775282173,-14986.454658737448,-14993.70638051273
131,26,0.4568192026552773,-8.1433443333599,3.0,1.0,0.5353557029865964,-14998.484787728003,14998.679280760638,1.1590558395582775,1.1590558395582775,2.0,0.0,0.014480508053583824,0.014480508053583824,-7.1782766817697885,-14989.912730407697,-14997.091007089468
132,26,0.4509980877476341,-8.159874773378272,3.0,1.0,0.8266667983178745,-14995.209816757282,14998.914724865997,-1.182449909785646,-1.182449909785646,2.0,0.0,0.014480508053583824,0.014480508053583824,-7.236900885011072,-14986.576970338432,-14993.813871223443
133,26,0.45249738548836704,-8.18079222003778,7.0,1.0,0.9998984493337079,-14994.64841598433,14995.214672042057,-0.01776491657801671,-0.026954972750900197,3.0,0.0,0.014480508053583824,0.014480508053583824,-7.311474998395492,-14985.941579650209,-14993.253054648605
134,26,0.459717063593719,-8.241304355992723,11.0,1.0,0.9784625962775076,-14994.738220464138,14994.82541475574,0.0005969176145299571,0.05222973558738886,3.0,0.0,0.014480508053583824,0.014480508053583824,-7.52967438434231,-14985.81573970158,-14993.345414085923
135,26,0.45244604952166095,-8.161571298377751,15.0,1.0,0.9377828307812064,-14995.201963602245,14998.168565631308,0.04462188158322533,0.13287275320544722,4.0,0.0,0.014480508053583824,0.014480508053583824,-7.24293296930788,-14986.563649599952,-14993.80658256926
136,26,0.44891620312166525,-8.151577859549317,3.0,1.0,0.9976684835554942,-14995.670212058694,14995.720657771344,-0.0031018184545246186,-0.012628769345610635,2.0,0.0,0.014480508053583824,0.014480508053583824,-7.207442226751646,-14987.065982393322,-14994.273424620074
137,26,0.4440439362855883,-8.16268697390913,3.0,1.0,0.589638420260233,-14998.063704308774,14998.193588442653,0.9686345800400886,0.9686345800400886,2.0,0.0,0.014480508053583824,0.014480508053583824,-7.246901381374688,-14989.4179051516,-14996.664806532975
138,26,0.44637476546916416,-8.147826504518422,3.0,1.0,1.0,-14996.477889137564,14997.88327544533,-0.7662872895998589,-1.0138872099705623,2.0,0.0,0.014480508053583824,0.014480508053583824,-7.194145428816112,-14987.885880017158,-14995.080025445974
139,26,0.44637476546916416,-8.147826504518422,1.0,1.0,0.40653969170008697,-14996.477889137564,14998.26244317531,0.0,0.9000737122023565,1.0,0.0,0.014480508053583824,0.014480508053583824,-7.194145428816112,-14987.885880017158,-14995.080025445974
140,26,0.46504962886381257,-8.300096269121948,15.0,1.0,0.9097750687272829,-14997.029062101763,14999.844823401028,-0.12890513682395977,0.3381976174750889,4.0,0.0,0.014480508053583824,0.014480508053583824,-7.745177913116126,-14987.892691737676,-14995.637869650793
141,26,0.4637960196940347,-8.30241406385677,1.0,1.0,0.8780045703434094,-14997.345642218093,14997.432845154479,0.13010347995805205,0.13010347995805205,1.0,0.0,0.014480508053583824,0.014480508053583824,-7.753744679423384,-14988.200346472495,-14995.954091151918
142,26,0.45990450277676026,-8.28280644589344,3.0,1.0,0.6562737002122684,-14996.808889381604,14999.263929195342,0.18534571131021949,0.706143723702553,2.0,0.0,0.014480508053583824,0.014480508053583824,-7.681442763289977,-14987.734700896253,-14995.416143659544
143,26,0.4664511760650563,-8.272898705936129,3.0,1.0,1.0,-14996.516711170274,14996.961406349395,-0.15179878065828234,-0.37680668454231636,2.0,0.0,0.014480508053583824,0.014480508053583824,-7.645054781224785,-14987.480849768632,-14995.125904549857
144,26,0.45957697398458486,-8.277541179458128,3.0,1.0,0.9694463146214981,-14996.482480304945,14996.845675342249,0.09613768384042487,-0.16435661041396088,2.0,0.0,0.014480508053583824,0.014480508053583824,-7.662092890044725,-14987.42753551592,-14995.089628405965
145,26,0.4585604984808709,-8.281723132522274,1.0,1.0,0.7452464132559916,-14997.287335125113,14997.565951451745,0.2940403592419898,0.2940403592419898,1.0,0.0,0.014480508053583824,0.014480508053583824,-7.677459317539263,-14988.216688817625,-14995.894148135165
146,26,0.4607644361974481,-8.253804251235636,3.0,1.0,0.919403869892128,-14995.043946676897,14997.19788374298,-0.6375717480241292,-0.6375717480241292,2.0,0.0,0.014480508053583824,0.014480508053583824,-7.575203804247085,-14986.076271756729,-14993.651475560975
147,26,0.4607644361974481,-8.253804251235636,3.0,1.0,0.5492533539369812,-14995.043946676897,14996.509898705659,0.0,0.9226886290998664,1.0,0.0,0.014480508053583824,0.014480508053583824,-7.575203804247085,-14986.076271756729,-14993.651475560975
148,26,0.4547526219104703,-8.258799711856058,3.0,1.0,0.560594488558138,-14997.138991113472,14997.353228341779,0.8835985880159569,0.8835985880159569,1.0,0.0,0.014480508053583824,0.014480508053583824,-7.593442889351767,-14988.151030845576,-14995.744473734929
149,26,0.4615422694101408,-8.26659081839506,3.0,1.0,1.0,-14995.463953325021,14997.356263739672,-0.8567403428878606,-0.8567403428878606,1.0,0.0,0.014480508053583824,0.014480508053583824,-7.621939056912395,-14986.449786350036,-14994.07172540695
150,26,0.45919569345411865,-8.25891234747426,3.0,1.0,0.9420363263928574,-14995.349040578858,14995.811712220322,0.0780383962628548,0.0780383962628548,1.0,0.0,0.014480508053583824,0.014480508053583824,-7.5938544245154835,-14986.362209550958,-14993.956063975473
