,order_20,order_22,order_23,order_24,order_25,order_26,order_27,order_28,order_29,order_30,order_31,order_32,order_33,order_36,order_37,order_38,order_39,order_41,order_42,order_43,order_44,order_45,order_46,order_48,order_49,order_50,order_54,order_55,order_56,order_57,order_58,order_59,order_62,order_63,order_64,order_72,order_73,order_74,order_91,order_94
0,18.112456930566033,16.894755340430837,16.346069459718098,15.203723148420304,15.93360698546523,13.881582402001126,13.482313152548212,12.865611250915077,12.230862437619619,10.571293938541293,12.220224453177357,13.071382453315493,11.761398681255875,10.383251828903845,11.378663156405237,8.824807740956027,10.179613156141523,10.574182359428162,10.7958362482094,10.754837873491352,9.8848138742677,10.396457102952848,11.4862866444407,8.409518722669256,8.564202213612864,7.19241747369126,7.04856738222696,6.719081191010466,7.253062303794681,7.688181192158566,8.050265476305745,8.335362352530511,10.134779646385056,7.823225505304581,9.358368460779461,13.437831368093926,8.771379991108484,9.349924475565928,16.03124154743888,14.205413153488534
1,42.52857633666614,38.68279515273395,37.14344809320794,34.68926956326142,35.70847701646691,30.884337879736467,30.374856259683433,28.13621876021703,27.06643027206006,21.938182731630153,26.415247099890294,27.767625178941707,24.60088226824836,21.935860837109967,24.025415993920934,18.541319573417983,21.185264845137304,21.310573996412128,21.981370667616805,21.402324846963126,19.846368123395493,21.070432591106925,22.279922016715876,17.082731019073876,17.423788724124957,14.210785303315655,13.78229238604854,13.49970746085046,13.835339302962877,14.9140350313002,15.405364302211707,16.724041733248516,19.443119700195805,14.895565879967348,18.610213684457843,26.02436562180517,16.573428134780805,18.06462417200026,29.502573462508426,27.453163251644984
2,10.76472136593945,10.17082400345596,10.177483459606298,9.523565593129348,9.688328388459595,8.417575405743348,8.422051081517791,7.847620465001249,7.749152101976469,6.476083478283012,7.540925315919151,8.5169153766689,7.2605383644159955,6.615866739000074,7.150397266638252,5.8664616501342985,6.562336232314895,6.836827697072479,7.126208864269382,7.01526975345746,6.416005643342252,6.866032790177025,7.446192900352736,5.415189732446,5.644539067181121,4.849790431231261,4.675349035903254,4.52415754916848,4.733794898686118,5.138127368318085,5.216802854199729,5.612898410231951,6.731750712295544,5.284027293182318,6.324467870749036,8.844982514760417,5.870065247686359,6.193065098085623,10.569531789728362,9.540094847604138
3,14.174157324360086,12.94165563688549,12.9962733249945,11.942743192695984,12.506547197559385,10.829850463402662,10.5215427538049,10.137166575611484,9.869243277115313,8.243667783948176,9.72608185571182,10.439154477874444,9.06405676035003,8.468400642466348,8.858797310483693,7.269477461130043,8.325222944416206,8.642577231123397,8.992382154591562,8.730400824517899,7.9363894031243465,8.686315099818211,9.147542946488636,6.7057646337693235,7.006511260056027,5.9666754962550606,5.923983931878574,5.520235416096876,5.909728654644432,6.399494627272499,6.503281281964816,7.025782370430419,8.41275314847504,6.534834951362897,7.881279175919263,11.144281739904415,7.235687670270329,7.709544554196016,13.499686096242131,12.059987013872774
4,6.515857831967988,6.130013945854486,6.1215452579550815,5.758908217713376,5.839098923927554,5.203215631286042,5.117752245967175,4.895750734976442,4.759160558323404,4.03260639720543,4.739390752027406,5.283120161407952,4.650580741756368,4.225278531643777,4.468264363928308,3.629915930166205,4.138054036244719,4.446727226031473,4.582470209321171,4.53400116923737,4.1378895248297916,4.481542028981559,4.761746128743866,3.551245694911657,3.653505457291329,3.15584748171611,3.031899035936426,2.9247463060256766,3.0620992651386523,3.365013854500856,3.4414265003265534,3.61306131911154,4.434756793135494,3.4091871468168535,4.155188184237973,5.9905601214962925,3.9069231525599393,4.158491993281823,7.195318484942825,6.575687946073464
5,5.281808663916088,5.075882479517373,5.1068506824676705,4.9423046657607514,4.968603976441441,4.36695197969096,4.300040594343526,4.125384054436786,4.055138039511635,3.3673198044302475,3.9549373610711864,4.264601132128464,3.868570972974105,3.5635936745744017,3.8783113283648976,3.096887244117524,3.5554309665225414,3.7107953343446596,3.9180390392254623,3.8244962658962147,3.521278886667082,3.7825352661275535,4.145151007945661,3.0026150229578406,3.0775344873599004,2.657883393786962,2.573394082049019,2.459763308039399,2.66083661060817,2.8312841336404384,2.9631830066743476,3.1139715330159796,3.745828847326772,2.907989750850295,3.4356569434611064,5.177273318619426,3.28172612918778,3.6076625277460277,6.049746475521396,5.60923824557246
6,10.16524132379067,9.533824366696553,9.644134543086777,8.985752480149255,9.302150160215541,8.200197068290299,7.9734499500464135,7.510702493608222,7.466700223397334,6.193711918310237,7.2698276591086275,7.998226163739218,7.1363309625372855,6.406702341107748,6.907244091227952,5.465012710527651,6.390370608294843,6.578118237445218,6.953011546637401,6.760918096552711,6.13121570916784,6.6675674321391245,7.162352607111171,5.301664352518301,5.3734483191162905,4.644049684155164,4.5821675775404955,4.421771483343172,4.562899102137323,4.912548495094619,5.095226097947035,5.461578614437669,6.550322883566395,5.1092940166161185,6.101298265853546,8.7274835279921,5.785390246180047,6.150785504399531,10.431267860620649,9.568024568716744
7,4.976762034385938,4.642512112020021,4.6017465183324475,4.382759962992656,4.487191232513591,4.031518283677881,3.893688081642745,3.7418323748993445,3.699404043695256,3.148490434246304,3.728639093713255,4.043075138197873,3.561129864578069,3.2377661478350537,3.5960633920583573,2.9193545122653917,3.2597123687313325,3.415306874748773,3.5068349977963287,3.515927788875003,3.286049831558537,3.4913844359377633,3.8589030385873384,2.800248572592141,2.868570166866347,2.481181116637796,2.4535948550213464,2.3341431234961556,2.4651538649846216,2.6310447729129365,2.7294256649879345,2.8598844761914637,3.49911157823468,2.7552872291087263,3.2896411010382867,4.8387627159408515,3.1335745440666054,3.3350295954013114,5.745520288302896,5.227929914879466
8,3.653025718319075,3.4862955768043284,3.532050033842091,3.3640559058487476,3.4429239415447412,3.08029004655805,3.0581881938273003,2.8960070263831783,2.7941866130194275,2.3843883750618,2.787560034318352,3.0938818494818268,2.779478046959566,2.4715130227658046,2.712391101640859,2.2503838001763294,2.5054814265428726,2.662909651084575,2.740459577693781,2.735949042021675,2.535527666024114,2.7256753864483145,2.909429880226181,2.174915332276047,2.2083142683074883,1.9342135080871368,1.8875267312208184,1.7930091941161084,1.9003450369390567,2.068929634948458,2.1126359572621487,2.230557411254994,2.723121435687884,2.148353709303886,2.522658727652687,3.8351752520214055,2.4473185261760237,2.5900212651784953,4.502941688855975,4.095491837053856
9,3.5844846331676923,3.4207055118515584,3.438699738806939,3.2583165157071003,3.344225136509769,2.9677659369353306,2.9153910675472856,2.773279887058631,2.734319982153772,2.3124236880599516,2.6914443797368053,2.953529277300584,2.654594051624981,2.4676792085063144,2.6166285097658566,2.152533160846803,2.4524020938211133,2.6109347778343484,2.6612788607441984,2.61966683700938,2.423659754564395,2.677176288366066,2.8774409052489403,2.108975184062998,2.1606480776259605,1.86802674506388,1.8073730232959397,1.7294107218813184,1.8568387996896623,1.9699284610535266,2.040259029955505,2.1896845070441358,2.5962236137290713,2.087946713846631,2.470081587262137,3.709064948971931,2.3662333963138145,2.595332585715344,4.313315950404256,4.018167183244849
10,3.6107362975270925,3.4127368977009844,3.436777419917912,3.221664035320695,3.2956983079757003,2.9933960604321164,2.8917075829491394,2.7707253331803856,2.779470389019782,2.332373392257297,2.728202739729168,2.9606984124620475,2.6566027328119546,2.402342842655383,2.6494781584174767,2.1662368168457764,2.477267222552017,2.6343747407101903,2.6931060087707714,2.6237691897639683,2.441941962946784,2.6283513707012744,2.884150070893411,2.143436093820066,2.1789039559798598,1.8901414198195743,1.8455313214152418,1.7725425651677529,1.8499117420147233,2.0102073436640904,2.0357454451001704,2.197219385091542,2.599474683831923,2.0960940322193404,2.45569213255019,3.7119229134413523,2.4004196197152083,2.590825914022157,4.351156487582912,4.000991558882165
11,3.5102527531255476,3.358667146648035,3.3483898368073075,3.2634576879646966,3.2520503330598265,2.9297828736284224,2.8955326973293896,2.7393769209047565,2.721772132509932,2.2612261697203246,2.6775215936223162,2.9301503552031614,2.642498194493871,2.412177559064826,2.563273806971576,2.173117893019918,2.4348384877526597,2.5877410737391306,2.7064568959901516,2.635433815975502,2.4646756873478433,2.630032132010538,2.8294607664262497,2.103344382620966,2.1909274370556022,1.8819724333287984,1.8121539802636921,1.7668968500660167,1.8402078165910611,2.0021373761352543,2.0791487436840415,2.214662504475316,2.6116580387870973,2.032473007929297,2.411955704723786,3.6861364057578614,2.3996282165150524,2.524513112783319,4.360870598509878,3.97890476159717
12,3.7884155490573073,3.6321210629955805,3.5266901795460126,3.381270444757097,3.4459690176841167,3.0823064775542766,2.966451243073395,2.7997035708695246,2.8490416889482453,2.354351540415435,2.7538041675659315,3.0913276890658956,2.7589937643440017,2.4432016642196293,2.728704001982796,2.2125958406321344,2.506376333561263,2.6904487040028755,2.8130314541203507,2.679651740146309,2.486748444516513,2.6719887503089934,2.98457048729439,2.1705771998329544,2.260146723036226,1.8954743519066595,1.907681420247884,1.8322574424845077,1.869429159955459,2.0785508179848056,2.1227845157640255,2.2905843067223044,2.693393548018878,2.1849128829805404,2.5042687222348547,3.6683768741781844,2.381408048489627,2.506325974622328,4.391532051025243,4.0746147646514155
13,5.242366242551842,4.931290379435938,4.818686303987422,4.611715636980793,4.729754285577869,4.144173544154698,4.157347026247244,3.9372726348025457,3.935702175267148,3.2557146185002077,3.7327776516655042,4.239217863817557,3.7841567454210354,3.314676175674695,3.747972210509319,3.0260655399852285,3.4788606685570302,3.6245137773831,3.7913823259086143,3.6827456162501173,3.4219660946684103,3.7096984161785147,4.1630677356468695,3.041478747450199,3.0528493009400135,2.580170647757421,2.5979861142957517,2.5389701214571807,2.5355384321688508,2.8524500872531595,2.9381915332904818,3.123546231401167,3.7303503476902424,2.9514483263161795,3.407022256797807,5.025634907053361,3.3061309408901685,3.443631514534978,5.998769102941929,5.447268393604349
14,3.513790693842485,3.3206483241807265,3.3428167627748593,3.1820225703702607,3.238241572802201,2.866082666558883,2.8381305373374928,2.6805691810959944,2.64521645912718,2.2223585296871557,2.627415889823832,2.9143542665986972,2.623868053030078,2.291917317031415,2.588628550734273,2.0909975365979356,2.3505361181432463,2.5250072626521782,2.6192282167634415,2.553401417319307,2.381147831427072,2.5942664365007593,2.7959855327564935,2.1071097850373417,2.1564631059911408,1.8214719194765994,1.8117887352821382,1.7213600806400604,1.759193962882628,1.9793717630354253,2.013258584508769,2.135127671841467,2.5843242735804197,2.0793169813689176,2.4312756578002803,3.4980079309522187,2.3016605035798983,2.4480830014891604,4.209513908608149,3.848628094160807
15,3.649579392506367,3.415883891836397,3.3842444415882147,3.2884586526666926,3.365367328739938,2.971732088519062,2.891155414649919,2.809568432949769,2.7896631217764494,2.3118841280864326,2.727830785712224,3.0408714809127084,2.7316432453336175,2.3479601613573933,2.674068516609772,2.152988047598264,2.5165464402535065,2.6026937071854714,2.728178573313535,2.7137820735886318,2.451963170070745,2.6357121579722183,2.934413472725352,2.1354896110840826,2.2506606145401444,1.8983495004387554,1.8265105445753091,1.7744568224617405,1.8385687635423293,2.1119818348693107,2.103474436928349,2.267387736333265,2.663583333018338,2.0893450744794633,2.4934848008515735,3.5672670270611624,2.370043408218957,2.5304910329363786,4.366463374711582,4.002581698706878
16,3.6148536437951577,3.4066799519349087,3.454453873741,3.2760772415339416,3.3553196061626065,2.9682368864538855,2.9359279833290435,2.7159387062646245,2.730534149022665,2.3115702153506397,2.7128381300097915,2.979543447131629,2.678576694517298,2.329429208046486,2.741619483926915,2.219685487450512,2.4902189005880464,2.6148867845835735,2.6737782815678255,2.6625116988453583,2.467456828763728,2.6607605294680825,2.874709567357331,2.1454219084199333,2.1738878837842304,1.873176605770361,1.877852704213816,1.8054747308548196,1.8043259765287987,2.018553373469832,2.1616170384292146,2.2762695119262273,2.6782033349520615,2.1337065416075074,2.532754380148211,3.679240878725485,2.3837512566766312,2.500071122583378,4.504109692239959,4.058897625052547
17,3.7290347742055836,3.5326925453651645,3.4191840573377914,3.268402236521876,3.379004362462671,3.021884369817821,2.8930086101771293,2.7623043118381756,2.7554763476544077,2.354614071269898,2.679811866535829,3.038755595009737,2.6949275469107135,2.4097406839714126,2.7076911824211827,2.1424096279091245,2.4804931378607784,2.64061942015447,2.6861460900999883,2.6760949140773818,2.4449028838323628,2.682132422806655,2.930290958523716,2.154497020400583,2.215980898851611,1.9187267234740786,1.8947378397562276,1.844868447017644,1.85421293573595,2.0818524865056083,2.184315974645279,2.3065912396532027,2.7194718183382616,2.1375665763483407,2.5425086025570307,3.6386015155655853,2.428806464840334,2.538459258567926,4.460331417983083,4.031732804238289
18,3.82438673940799,3.572356468720709,3.5431687208665577,3.410782102043835,3.5261850279150595,3.1157672887471834,3.0572904628179036,2.9071174211866193,2.8959397088240513,2.4615386074759886,2.79880125538795,3.201252104947389,2.8315244022560004,2.513606002011116,2.750839747212452,2.257657452125957,2.5873336406571026,2.7304792122601347,2.8337021927095245,2.7790282874783543,2.5810187419135486,2.761044128915665,3.0942513222300465,2.2663544974291145,2.313586728467227,1.9866704555071626,1.978535211116953,1.9019808572299932,1.970689516578434,2.2164644443497097,2.224779320578731,2.416127476145922,2.814425957221424,2.244214521947276,2.634151432385288,3.8506586051065326,2.562063296579508,2.6698280427123935,4.664884590803482,4.306188169337216
19,4.314213407091026,3.9923801933812295,3.985459080578983,3.972294929890195,3.956640360650369,3.5775666587853205,3.479425093430997,3.355094812411318,3.296879008318392,2.735199178329764,3.2567443401502962,3.567742459313813,3.2076008153038504,2.8298318908944995,3.1286717501827925,2.6023779914285106,2.8687594756579453,3.136334157222735,3.155423595840162,3.107435467543939,2.950580255205513,3.1121938422894524,3.4704033037338027,2.5693857716217368,2.6586213377508443,2.2478256874898532,2.2005263793571883,2.151107130376133,2.2047272260055175,2.3975363870701623,2.507810477902346,2.6933520176860553,3.2263690662330378,2.562307507265523,3.0183187606747044,4.422402367138445,2.8448176348834573,3.094851894470681,5.208580168809523,4.85917143198776
20,4.65585931943132,4.417614720734549,4.540481904223137,4.260501205843897,4.382959452804248,3.8611997076635647,3.8337974033379987,3.664046979537423,3.6166730488356182,3.012571098220474,3.531234348975602,3.9412132635212065,3.492721895886935,3.2095157726295613,3.4406377301795583,2.8888180358801203,3.2214344787470695,3.4601230159704426,3.539817813739208,3.4467792706587157,3.2232260385681974,3.4473701767205873,3.8167586796943134,2.817012670136134,2.8800695906137603,2.52318693783008,2.4805920255869705,2.4521274567214233,2.4752081017650753,2.731303117674963,2.769534512799316,2.964044945567962,3.445809109282562,2.866502318610357,3.296304131293375,4.807454673950021,3.2127419785093747,3.300121928048968,5.7898803247522626,5.204384271466628
21,5.041550832642811,4.675700245723274,4.668256617980996,4.539791022666598,4.611440521838197,4.107042222246266,3.959638845690631,3.8896986744079287,3.8454517944274453,3.2060553181600984,3.7269934499900574,4.072929382510967,3.6145314152094365,3.3855649955259786,3.643721218122548,3.0059189408982454,3.3907945260782792,3.5808890885545046,3.684798889455138,3.6213793557374294,3.3806250985672186,3.6448078098217285,3.971036646353113,2.9806868230017134,3.0512571480539696,2.6244599898241243,2.634650482619929,2.4983044582239438,2.578888619190923,2.8636407591312083,2.900175364890384,3.1447002729029325,3.712474368111262,2.960136630157559,3.471450798879963,4.9664241458259335,3.3203239226868915,3.432558667004824,6.0278328617804,5.437383417740212
22,4.451337481476906,4.2210027014948945,4.216087908223207,4.049122554452346,4.02379332213032,3.6478163618767465,3.612531241830836,3.4626300216220853,3.3878805854368936,2.8636832400400616,3.377897914785898,3.7447860311922314,3.3274244529427994,2.9739428714353116,3.348035921042734,2.725178109877068,3.051870035611387,3.228751987981644,3.322752201609205,3.293157364584294,3.058467178029136,3.316193888306464,3.5472492990358115,2.730599643157527,2.740136146409724,2.336372434324614,2.3314360929379174,2.2486438781877736,2.287386121456735,2.578153478196089,2.6214752382507283,2.806348618248223,3.3972412803785237,2.655756055797736,3.09119249837984,4.5735429776266905,2.978848634177367,3.1863189685483726,5.4458884865828265,4.984309983847074
23,4.6509076193266585,4.504340269839125,4.529673778310143,4.342713371463332,4.393745957237117,3.927466964077468,3.8611553308220725,3.639698600877532,3.5785501797381407,3.0213704919575295,3.5508254684778597,3.954519818343054,3.484485757005926,3.1318340313348836,3.4960961463961593,2.833828965801614,3.2063853232753092,3.4037719184308153,3.489467453913695,3.4153135681905438,3.223965974495962,3.3818931851615313,3.7474569410683576,2.7256611330348024,2.7862463909528894,2.431530229901144,2.334451775331408,2.2399592236763226,2.406676706158285,2.550247331791861,2.67630717950035,2.756736265128191,3.3755118131976243,2.6681709795220687,3.1110634629456526,4.5182737802259885,2.8935746427037086,3.096711736762271,5.265770284370012,4.673670845355958
24,5.173357304669477,4.814065097724668,4.871408640574502,4.662430831042145,4.746459108274191,4.254048791837367,4.197911261355771,4.006462469213479,3.9297675948891975,3.3172019399964534,3.8700799738796694,4.2881115714909495,3.7290867244502572,3.298211383772148,3.6502874471168054,3.0465828271773314,3.444901167216761,3.7102252012855126,3.798476405401317,3.7734880257255163,3.405654749181706,3.6982638858888395,3.951207397257686,2.9900965600015925,3.064976459183047,2.5792829843325626,2.5526585067622536,2.4166218350441695,2.516817898768888,2.742634972052381,2.8862303856401126,2.975855215928707,3.6348671653332203,2.811800014407177,3.350167949741357,4.824002699524204,3.090212973128235,3.2594259947312207,5.584925625045344,5.018686582862183
25,5.176759981774372,4.970856919917341,4.929252870065765,4.751673585417242,4.8581041556424225,4.3416428690631435,4.210181574796607,3.9534751333091185,3.9206701904028587,3.3279350058300436,3.9238000309356447,4.2794501662373525,3.8105999815433846,3.4208399832864287,3.785761617950297,3.0853633148034865,3.5220033105524173,3.688760108402926,3.8753111829978786,3.7386525095517893,3.44674384828676,3.7316077830727807,4.0255799395008784,3.020457735163141,3.0760997727235084,2.6165144569608074,2.555680391566248,2.4600726397191623,2.582588490896274,2.792741926080673,2.892183594614479,3.028623899678431,3.741673363307959,2.927022247169258,3.3609540935681403,4.95816642068044,3.141284278282486,3.3804289863167525,5.572259656500905,5.073447267684672
26,5.4562935880542875,5.094336565311229,5.2376849998095025,4.900067951058132,5.003193697395716,4.433918107591279,4.4449757808577,4.252690113485748,4.161643399456666,3.4401054289578625,4.0797549605739905,4.509322609643166,3.975150122226536,3.539901722771231,3.95381095149195,3.22123140713389,3.619035412034137,3.7517924561692344,4.051988269019829,3.934535804095966,3.5874174989704115,3.803559662737175,4.2823903654641535,3.1550591511983006,3.2176386265484256,2.6966571187769888,2.7013344381264983,2.587195516052848,2.641304780450713,2.850173607960073,3.028279196450939,3.1600755002662275,3.857385412929781,2.9794488496022624,3.579091823654022,5.1529966901207445,3.306870313443568,3.531568613214359,5.847518088862049,5.171526129279508
27,5.270057325112902,5.110155135068648,5.094451650245089,4.791510794702407,4.8776792591788425,4.3714515119504975,4.274261872818084,4.11707116644842,3.9695620225912536,3.40109673227075,3.9574091366807513,4.411463976623992,3.9021548320008534,3.485390020274648,3.850799072488381,3.151156632340957,3.5067644761944603,3.863763410864579,3.959935196650592,3.8356864886925908,3.4988699535678864,3.8156763823795528,4.1069439142601665,3.063140329504688,3.0936035229468164,2.7216312166005014,2.6466332322633948,2.4697522296352266,2.593526048226967,2.8338458698892266,2.9196626754481505,3.1240322850402467,3.7458013153458563,2.944662484721126,3.4774275519978595,4.995099441546247,3.194121108642107,3.3969118446320197,5.831514877608745,5.170232477880801
28,4.963117298369435,4.661576717457233,4.7676764792956305,4.445047081563023,4.535652805036899,4.073852939587528,4.036759383514443,3.7677195398021355,3.754573028003037,3.1998130346785594,3.7511623937214535,4.073762942350307,3.6110666082504554,3.2237566835938702,3.5899199955135757,2.9492634605090857,3.3105048699201403,3.5253274543266517,3.6793259410861388,3.6490894951479618,3.3061951642003806,3.5885996922740233,3.924385473059581,2.9194242008415867,2.8848592681026153,2.5152989737100095,2.433762301421753,2.3932642258307717,2.4349036774189408,2.652859182427462,2.7591808348784244,2.850556731857338,3.5122497212831836,2.7820939608408084,3.220949755161111,4.648366640204673,3.008067117037366,3.2019377750138847,5.399836622912235,4.821479109412411
29,6.187764674415055,5.777351899370396,5.726390059345555,5.450349985292626,5.590217168592611,5.103163108993135,4.856302301460103,4.732353392312371,4.619172438978064,3.873126826926493,4.565995955355757,5.038143600760122,4.48623286048319,3.8882087464011668,4.391224798286052,3.5723647594197603,3.988024013939609,4.261328485037625,4.418961076275658,4.3330914090081425,4.003745824175443,4.279991233852875,4.637525865989544,3.4401672844234654,3.562031488917419,2.9801105490040247,2.9879161530681313,2.8099264169241223,2.929999146262089,3.1868831381368294,3.306910031198347,3.491363240819057,4.197558076074837,3.3814622920479156,3.9061352192698506,5.528325345631781,3.65837662236381,3.815201845075552,6.371786562620647,5.6538290148239
30,5.439916983993912,5.171671884133505,5.137939686253037,4.9113383479270984,5.023772393291796,4.52828883968056,4.370505742274726,4.1614248256941995,4.1435512061721225,3.4836976314194916,4.035364783703341,4.501387406999251,4.056510416537844,3.538354674453289,3.9035466396703526,3.184115547841813,3.6420916924811846,3.8598723929807566,4.04761868746597,3.998529222859701,3.5925303680044203,3.813522011155095,4.181610324176849,3.1195884050654006,3.2363152166177174,2.7409583193048084,2.661357329506822,2.566257170713551,2.6609200915259628,2.847603536767117,3.0356252755839375,3.148748891496697,3.802152604447438,3.0514744997183123,3.4650818851878413,5.134490254552621,3.2974170128884728,3.47908280417171,5.974287777422254,5.21079412088049
31,5.772678570346754,5.387278713193198,5.371396003912014,5.159758851980626,5.30759495782061,4.8321045088502865,4.641236710004562,4.3878370796335835,4.3324483204965345,3.7469885205785203,4.304470009100224,4.734984180210658,4.194942560724415,3.7459219097844625,4.155810510901743,3.3812633466927378,3.8940551438940343,3.975826727260192,4.296047890871737,4.135220836555548,3.8179850445538634,4.149635837393588,4.460234790851766,3.303053624031278,3.343165720522567,2.890993662915007,2.8428323269844826,2.667425940265237,2.779670764643778,3.0232006685516843,3.135639264672205,3.2771675320825056,4.013797019484495,3.1526270246767454,3.71728648613571,5.326697027181586,3.472117841717062,3.666396867155573,6.26770110470916,5.613391790893759
32,4.919386447153809,4.617617635473507,4.619467947896319,4.354920345910021,4.627630750677236,4.103277243672201,4.011519245564868,3.8294315300724815,3.7135747936903702,3.131000025710512,3.638782029399161,4.055907134478284,3.6065910454954304,3.145787631864087,3.5946126830269454,2.924448509760462,3.2811686140760323,3.4786336412178938,3.6994316131982456,3.630574972492056,3.282284218799486,3.5223064614891046,3.8366265105643915,2.8448619240756723,2.9315951204799777,2.5426605015245585,2.455290880076737,2.2890092396308055,2.401952465812396,2.647890931479637,2.752681645573025,2.836115500447387,3.502191241664123,2.738119056543242,3.203768162731076,4.650832137027103,3.00543023409766,3.1741229740041996,5.478108685746728,4.892643577576769
33,4.704531791220395,4.380393466109918,4.442866120946529,4.228926166980456,4.277595796293921,3.856310364683417,3.800371051636098,3.6211862606968337,3.559906580296677,3.066217641564437,3.513775932268854,3.933203481769321,3.4944068754175737,3.080449105273561,3.4695083923128576,2.850069789149856,3.1398597667121675,3.4144420530448736,3.602165267970896,3.4976214703519672,3.197290486599008,3.386802718576652,3.6685507634883523,2.742978624993628,2.8135745276687074,2.390057203444932,2.376844611904903,2.250751892484688,2.3381706130459112,2.524759466542683,2.6922754258397266,2.812488144809549,3.396403798257569,2.6858974688948543,3.134254189880277,4.452727091261367,2.9369191679098097,3.069149857753499,5.319585723846751,4.7596610602038405
34,4.782258357724582,4.514007329400389,4.504275133069033,4.3304018994729505,4.359904449519683,3.980745315591885,3.9155373796711177,3.666659228403688,3.6381608542254544,3.0523325741668232,3.580746307929741,3.9633667309835663,3.5002584782314234,3.2018021175945615,3.476518185630301,2.838782401388876,3.2532743285026395,3.4132141364066193,3.6307825501538153,3.564388887726702,3.219227757510083,3.417041572267043,3.7852513515315014,2.797499282998257,2.8129755475452276,2.475584045389336,2.4055360196389133,2.288749898446791,2.3892944509987277,2.5851646511372044,2.657106098884234,2.8271747867180568,3.455445995156153,2.691386109184708,3.1897296172004883,4.623811667318601,3.0161779901893775,3.1637529578694843,5.413026350038314,4.7588816077060825
35,4.602395787329489,4.39344643530599,4.444736722735322,4.146010260415815,4.194813464465965,3.87190165519055,3.698469081818706,3.517570182993874,3.4356069461584906,2.936992092829204,3.4401527183177536,3.81281696480309,3.4274732549657356,2.9818557087778688,3.4226029699826355,2.739904478532865,3.1634874314393393,3.3077378940426985,3.4525411731573503,3.3878628345627733,3.042648063876815,3.3405672044221415,3.6781718743543093,2.7301773140316854,2.7894105927441464,2.372528997877507,2.3327309977906885,2.201551952541138,2.2902769089151076,2.509230372451781,2.573733206713229,2.7227915079350757,3.3096315146429283,2.6124718985341735,3.0771802836051645,4.5194442063670035,2.905890330748565,3.073183461321088,5.35300689190633,4.789415254023304
36,4.352683084463713,4.051510232854734,4.077551058053652,3.8766489150473147,3.9346657624166608,3.490338689003559,3.5123437781202282,3.3090105937027654,3.26404488263615,2.7649472063505556,3.219512130281068,3.605315532192516,3.2090793842794505,2.8539043264311976,3.1719929887639196,2.6337691944141564,2.931300922903816,3.1286986811267274,3.3098210180960614,3.2477161728436093,2.886235304790074,3.1376083265491816,3.4488489480093323,2.571773190552943,2.6119857148987835,2.218214504829882,2.197682399281621,2.0797112813194847,2.1860830460521177,2.3490091018019914,2.462009054461696,2.6115056760204705,3.138977542638675,2.5418229235912206,2.9255760000425535,4.282694733199598,2.7899843560145094,2.8706674830058634,5.084298538772685,4.58656984765748
37,4.0346919801344345,3.828781701931991,3.809660040145233,3.642320931391991,3.696459000278741,3.281367749759158,3.277966357007298,3.1111029116750055,3.1630889258561914,2.654461965202141,3.0729104705808448,3.381685368377357,3.0580046683256987,2.596139895831152,2.9644529552369643,2.454233893920505,2.8053695941277694,2.934617068671409,3.1539853742895203,3.073195987630341,2.7967612016248817,2.9891988605607405,3.1776990364840625,2.422088765773642,2.480209044549771,2.120760640499589,2.077260660621797,2.0107263560125275,2.0682560607495533,2.20439599376248,2.356100094511574,2.446767768467511,3.0297315952738195,2.333739448806396,2.7332604967094203,4.041692439313382,2.598512166854118,2.7786529422198316,4.843481605276645,4.30596871778315
38,3.6992825356566734,3.479754326630306,3.506922041252621,3.3713573741342633,3.4153212529678063,3.0872874125804177,3.033888137219229,2.843387060963397,2.878719954980258,2.4245927653082577,2.8439090640470894,3.1083100666642838,2.801616295030712,2.4736973263631867,2.763870367078559,2.2850193948932214,2.5860842106757262,2.720001266519497,2.8611078743591065,2.829232969358593,2.5540362352556265,2.7584678442858657,3.0082612596949825,2.2393061821275246,2.3236152049261696,1.9664693634558321,1.887270899404339,1.8168018186349297,1.9191767165364444,2.102980833794743,2.1313995737705436,2.3229598269024434,2.778793181370953,2.168566482797035,2.5944271274395736,3.7787938915695287,2.461057028147439,2.592715633841594,4.55872993970085,4.08741058352765
39,7.039861111205691,6.659725293419169,6.70169638451344,6.31126848084125,6.497943378946016,5.854698135696526,5.741719684626041,5.382772450450353,5.378689650085517,4.5127351942133895,5.253921206679099,5.887821449734278,5.228805924576657,4.632514697104628,5.083485294703267,4.137840069743914,4.742578845162489,4.979160308659894,5.264458007994399,5.262081262700967,4.642710574177333,5.051938222631153,5.387748240179691,4.0301412452823735,4.0929067746797845,3.5863991846184966,3.4699779371721458,3.2636003528620785,3.4130458154799523,3.8048547185350037,3.8398265943726995,4.158776506490094,5.010232723376182,3.944610706069907,4.646922037319048,6.643377344866979,4.374290921350178,4.6319536813115425,7.5136097069216,7.2142076509823285
40,7.691469640425632,7.274700294975281,7.354443373073653,6.982251158601665,7.110982957819104,6.465982506042247,6.22781524609997,6.029016432259552,5.763959497655781,4.863869413750333,5.740985391854891,6.355814606924792,5.728515820352737,5.025598778770221,5.669667810416558,4.493543878903027,5.11721468869497,5.4965028880975115,5.706916996247017,5.641862938585488,4.990196310599515,5.462855813409671,5.900412009751894,4.287984418559663,4.479235962782879,3.87060870507569,3.7843487654885246,3.5959305895492393,3.7620420170050273,4.012068006821235,4.246765051699732,4.490515496121837,5.259476696748066,4.260158038138858,4.949847535905142,7.141288320115043,4.643050601959838,4.917751872010479,8.06188809624632,7.770345708832371
41,9.707193620531873,9.246441323706604,9.256898136300197,8.746124181572236,8.811538547336955,7.967742135583449,7.932547916911353,7.46849415931656,7.195116704266766,6.167970967882598,7.26562168381781,7.949553884060561,6.901942782961282,6.028653348272892,6.9250485351436595,5.565800922250996,6.2928117962347185,6.619214116796538,7.085058671437235,7.001584641855161,6.271050670112491,6.700547578931045,7.187793800069428,5.385486705464413,5.4618083934680985,4.665431005259886,4.6002664199438,4.357594366205905,4.516929465465297,4.897427910759173,5.238938010849065,5.477752361042179,6.520183748184414,5.159963770388503,6.052352525023569,8.68067023172886,5.624224123131616,5.921686078252477,9.734938888139462,9.171815912480465
42,9.796539239984542,9.335184603271882,9.232323241747515,8.794180418192273,9.132697635608352,8.010937332816527,8.06564293038217,7.476284025439554,7.347977097271289,6.272932001443293,7.380008993977488,8.171502529895664,7.185404200907818,6.374768073368885,7.010071322417811,5.674334149086905,6.501347679227761,6.763086255470955,6.968686303410379,7.121163384238439,6.298772112810503,6.687722379498695,7.250125409335249,5.349121831359837,5.56575971101543,4.819227099922239,4.577843887049592,4.380388550608703,4.575729956352541,4.902591511673142,5.158779428963078,5.453298886941259,6.5857654546752045,5.237792300590217,6.251781513143124,8.795624010406266,5.748386058532074,6.125531246249435,9.957377916673083,9.290223362809884
43,9.066453800270038,8.89805974479936,8.939769965919535,8.398413771847014,8.64493967730199,7.618500719326919,7.475504689532427,7.220953656355225,6.894722524291791,5.839066310380074,6.826041496374036,7.699424427449143,6.687085023922445,5.860626748066106,6.595672587212629,5.492419220288568,6.191029228119909,6.468819515776826,6.830589399354929,6.901911823845584,6.008972846243014,6.445821422465469,6.98066551591569,5.221056169948366,5.300443834432375,4.420065887570767,4.454053592535007,4.169395804997486,4.394598407062548,4.729382668884004,5.0877600960620954,5.238388175468729,6.344830439685471,5.085966994826375,6.004696936783373,8.472710529412264,5.501816337211379,5.7937394318795885,9.388764768243,9.007847113313252
44,7.797068396372084,7.3803973748109835,7.4408314529953135,7.11292188518124,7.200929122727447,6.506780532319179,6.345799722220604,6.028002107652075,5.798525935536053,4.933170612603017,5.923704841893692,6.418617998162926,5.742862480632552,5.072725318235536,5.683936341684115,4.684253740093425,5.1202963849508905,5.452910968356086,5.711037180969397,5.795271400428702,5.094889863827436,5.434566657149155,5.812812700122935,4.411299972793284,4.589773877261078,3.87057057846832,3.8418161222331095,3.6155754758783067,3.783525229499678,4.102317681215348,4.270556425313229,4.547952273897606,5.424190483530375,4.376580945900456,4.996514180990911,7.373456454099712,4.73453802455998,5.0599223380998595,8.159255880906043,7.774524569790522
45,6.953327468525397,6.651283588808625,6.6626421219361385,6.285471612967221,6.433249358889213,5.894876675857672,5.699711745222068,5.491506164453877,5.2278842415193205,4.415204812588829,5.22385518895944,5.751956945400951,5.238769656478755,4.522659822059611,5.025836734249929,4.1277941256208415,4.68382471868292,4.983300370911844,5.226586586388774,5.165804520800183,4.665332086914735,5.007368058760393,5.475289043230731,4.022999462039366,4.174995321977222,3.513993217123267,3.4510908606103494,3.2806603823450646,3.4322591724192635,3.685570334622704,3.9146762758622606,4.175211713073861,5.034896109770713,3.952815970132905,4.637893760226766,6.702284502269713,4.284453283200706,4.610859657880299,7.475588116205794,7.152515705838539
46,8.420442019715164,8.115768395940266,8.052417131177137,7.671242542834012,7.86216407385661,7.103747598778611,6.9055038630478585,6.39398957910405,6.477372951251277,5.301628531649897,6.291269977769722,6.850286836434854,6.167689067680405,5.4361881577327615,6.131251177415907,4.967547412340244,5.64138656563931,5.946285164458409,6.200409309173275,6.188415129245741,5.588298309988517,5.902536127616696,6.448114801238752,4.696433111076851,4.886346087783341,4.138555895753634,4.16075590866885,3.9580685916182468,4.11124966039249,4.440194981788044,4.558459097224953,4.83541233504005,5.785913269427703,4.592494987154942,5.485663015903553,7.803907318439201,5.050568877948763,5.354883675176821,8.849619307806389,8.250438568944764
47,10.461435166290322,9.92135661610475,9.721633444012763,9.207633716152966,9.440755594719096,8.389306320574995,8.081919080178203,7.869273439693434,7.715960837762579,6.4844539264708,7.817588977392212,8.390630789351508,7.458081507955784,6.540281135779111,7.208661215815916,5.891298292730899,6.666377108122747,6.981569031587016,7.392013302776422,7.550093371073135,6.632228748320869,6.961501042911729,7.6169373786897365,5.627752933182429,5.856486296919867,4.87457828590842,4.913266764523857,4.600522928061725,4.798834712978794,5.260283692326509,5.417716376754386,5.725987595623679,7.0773500382109775,5.450843731775757,6.468758946703977,9.412727428931394,6.050884522150076,6.298541865907937,10.082051048849134,9.764860684709593
48,8.185744658555384,7.7269404196285185,7.723377459343224,7.25334620984768,7.559145414597662,6.890344266530417,6.597970296374391,6.277679971158639,6.152740680239718,5.145277399523133,6.104337234008434,6.765693750942489,5.961874027255049,5.223608868929629,5.867278300218634,4.792611747980056,5.456644624852865,5.810733659110471,5.975195138105214,6.020634314920046,5.297473721488393,5.6864428510789615,6.165659707863508,4.562550521829965,4.751116767777996,3.9975508346088766,3.9855826376445393,3.749349722723543,3.932141261903053,4.308699271493898,4.412038609191864,4.689756109746858,5.751634114653628,4.493268109451664,5.237008860345215,7.736059365185462,4.928872433869297,5.2465571779758475,8.547708273740405,8.071492355206528
49,9.108523661084089,8.729180929339845,8.712206172617478,8.333606374027395,8.459116519781379,7.577307161187036,7.449712352284557,6.9249364610215105,6.868666763359513,5.876462513376004,6.912887535262229,7.3853006630296365,6.675648217447695,5.850656993566793,6.603453351548296,5.348960475915014,6.132466567512442,6.429940452534328,6.528748911530736,6.661892480573491,5.9471337089044995,6.441216249150007,6.938448985626803,5.144361978169116,5.280834908383141,4.482075036580519,4.3835953568640065,4.160278256557611,4.304484393230609,4.598789366319953,4.886125362066574,5.272941136699316,6.257093016346707,4.905834389040051,5.866088966826858,8.232188762296289,5.40579681085714,5.708360944462783,9.332382459174353,8.948248531814903
50,8.086654717192374,7.578830267326766,7.782591041395193,7.165028054190914,7.470674506762012,6.734017660357141,6.521509821414959,6.103545925134807,6.058725439165333,5.102508577965638,6.04838066276899,6.658828476374083,5.878065412925021,5.180115739770878,5.785954265524503,4.728414811923563,5.298054344732206,5.578541258962805,5.766841059520427,5.962474489944926,5.286193024166909,5.575056819896865,6.169122844019677,4.548062016915633,4.688162559208377,4.000316172774192,3.8844722193719687,3.724968544257799,3.895533827808011,4.250020898303362,4.38568526021076,4.7779167410410945,5.648600272792468,4.378487863686013,5.155467551200912,7.491487474054254,4.855271536006784,5.108054316844743,8.662412061031272,8.049492769677313
51,7.924337009922286,7.41330977186478,7.4285823208697455,7.112102512053836,7.289287519265645,6.48308720465064,6.384877918840821,6.0346079914710655,5.886864753224161,4.93184460230367,5.868056301242458,6.5341127053581545,5.699820003043115,5.034183280260257,5.583190570835005,4.561456645248889,5.1194072147558245,5.523535720084517,5.5682154162111255,5.873354041314468,5.079896388203826,5.448413985203193,5.977080010058374,4.436299330712265,4.484869378532659,3.892050347426518,3.8002900002781557,3.5858065049441814,3.719057226765665,4.071098728331871,4.291311239073128,4.63224601237892,5.5098154196639895,4.325802767823283,5.098466223916112,7.382870776989577,4.736191426488116,4.9177993358262535,8.211968762759927,7.780069952026098
52,7.846273743677501,7.467313880480094,7.2789697127032795,7.056459220118019,7.298956258360172,6.480651292829761,6.329721819520273,5.963703705607739,5.788944037817249,4.885435098397779,5.864531240550534,6.450712778779313,5.700290200166618,4.94572375207546,5.556980949548036,4.634228737982551,5.128815532766318,5.380867726020853,5.720316459762428,5.726027478137879,5.162487530447874,5.568693717784992,5.894138688837705,4.354550700568689,4.472135934799676,3.804952311113058,3.7654487865744137,3.639333938908738,3.7413687559556967,4.098543307791195,4.267984887799685,4.446597459596883,5.363527844522226,4.246828881806441,5.029687063917371,7.3042659390941305,4.634156214840104,5.011931840360223,8.237327898894167,7.790827429821457
53,7.633640401021993,7.20977064552623,7.224940318077027,6.906906167271088,7.003498511864497,6.199464384425148,6.025861638441971,5.841406374926468,5.73958341880432,4.731617699120699,5.6734757842385815,6.248029163766603,5.556972799479624,4.783595991562987,5.453141768117854,4.443266829747697,5.03720000982838,5.2083939290813905,5.507220500398998,5.560575920590862,4.963430753856424,5.265457992612601,5.735187119438638,4.264868822740531,4.358890185024929,3.7356914705593356,3.6982293176634453,3.4970353276653796,3.662706776292185,3.9688467268160483,4.118972672743657,4.413526525924318,5.273171539832701,4.265675660426389,4.936061668689323,6.968907000443662,4.530274679570242,4.857557665967271,7.9662036080725604,7.64077062626644
54,6.662857166755375,6.2850206947644285,6.348990698232926,6.034222402907721,6.199583267189618,5.505245352691278,5.499235161660161,5.263155911039748,5.1148790214981155,4.335533068041184,5.037487191594446,5.5274415911532655,4.94373276116197,4.322998032816743,4.884268952010967,3.9782347764388732,4.5064297984757795,4.743312156155929,4.975566602425618,5.078076141344794,4.4932087144577775,4.796609143870682,5.227577206131247,3.823795497780842,3.8961551369476752,3.389417346467345,3.34477680086465,3.14495706345506,3.3128628332767915,3.5758624446901335,3.717702965864759,4.022006565021215,4.770312801303542,3.7797540281715998,4.390225689042038,6.428951413217701,4.12146066628237,4.399633738323442,7.365162261761225,6.91658864849938
55,8.189132647749519,7.855069722044917,7.807557800444346,7.49566481241933,7.486583220581338,6.731373614450614,6.601004212252688,6.344789098939938,6.154133242942965,5.195710285830825,6.089054095105011,6.646012945086511,5.895714071559654,5.167611679071445,5.798835239642343,4.670457780676404,5.415669182821134,5.712101580646884,5.8278620536462675,5.992741326560657,5.332399919806138,5.807059597202945,6.184869923609092,4.543365321725711,4.652962261313483,4.03293423139989,3.8958412172815233,3.7442917248998233,3.8210019842126597,4.123034133013426,4.359011952883919,4.65575508887221,5.524924355046069,4.390127306647953,5.082705924570323,7.417912409755295,4.767358670437377,5.050529407566263,8.476356158838977,7.94220251999256
56,9.202395909269454,8.475022838239331,8.583319166477885,7.948243800841206,8.391877008116374,7.322527880079064,7.317458362834243,6.7914761606880605,6.744706603170763,5.665321107571496,6.678798660102406,7.297008452702243,6.461622256623379,5.639182481534993,6.26863647342743,5.186959175541502,5.762813724980817,6.126431589848946,6.402388112549325,6.4756047430716395,5.840811205839168,5.938360606101967,6.655121046192223,4.916318915641377,5.057043780986935,4.3841311211615945,4.253534975582014,4.151543465238377,4.185689535100976,4.607742328161266,4.746990280401851,5.102869162657294,5.99229092193019,4.774736953646718,5.572895498484324,7.939428280551502,5.1996072651478595,5.532808100977654,8.986983647045557,8.516793723000298
57,7.004806496449246,6.592712655212192,6.642749263158124,6.296298319960128,6.435711858920552,5.605615038827591,5.62547549197131,5.3929460046734725,5.248013527858842,4.3934337180237995,5.13071347061845,5.702911704287297,5.003386588269884,4.495198592705521,5.040163806966881,4.063411550752697,4.670301136039412,4.7493269059779015,5.022052169036647,5.2341012552339965,4.6096294409522764,4.845928497987199,5.198370215259198,3.9632549544639004,3.9792812764775096,3.4601953744966663,3.419547233902212,3.189953568634588,3.2998171328713797,3.645261866535758,3.746741871950811,4.0007957890710015,4.8413149838965195,3.714339052905762,4.426680674580598,6.452522206676897,4.190911798621545,4.408921687502344,7.116319900175825,6.831688165083813
58,7.82726127088826,7.35778045591959,7.3324679750027775,7.014985053754997,7.248249658542019,6.313131607686113,6.129155030145933,5.852138837950893,5.773900459750917,4.791647745128253,5.6722858111355565,6.323988504271905,5.707626413794523,4.941146109236429,5.47574345113455,4.49444795574053,5.01390059318292,5.377144781222562,5.530388007366658,5.659647468003722,4.934929187047704,5.343671688240978,5.867935438882951,4.303117464809047,4.430253414842215,3.7611116464055314,3.640645154236634,3.496091784794476,3.648492882736415,3.936308365522213,4.0748737151380725,4.418314840604299,5.186537673576835,4.085832197041674,4.896215016484919,7.023854753273953,4.553787830998707,4.821497846287281,7.870085182523743,7.34375450539896
59,7.329036365723019,6.888321331705862,6.879425219658472,6.3825891107584205,6.6829569470195915,5.963978338583795,5.900331892575136,5.624150919672039,5.470931476725684,4.67364730363842,5.514043845650956,5.981200943943824,5.389720406573258,4.691203131931448,5.188927535166189,4.303608628637092,4.869831246451518,5.044630317753261,5.2648803223613205,5.429965919934011,4.718247224712024,5.065032917415983,5.509260689550579,4.06710323383969,4.258768966418135,3.584263830671056,3.5128136493101714,3.2681653537215207,3.4538106826920036,3.765452759280598,3.961237005890024,4.17706654305287,5.036832234925473,3.9379934863522847,4.625611631648578,6.721355306597132,4.371707064871801,4.642151457508966,7.590537745780149,7.168275075702134
60,6.607825644715853,6.291645672024509,6.1940803418615245,5.9082758737274,6.0176020908204935,5.3895889336353235,5.288847915539145,5.020920133488353,4.923232804452531,4.157793579899879,4.890502078810566,5.448301736240189,4.772038570021515,4.246017880664282,4.670152111304284,3.847332883925248,4.368216431256501,4.615486249206027,4.8188952397763645,4.9319879688025665,4.4453257276223965,4.5435894661303795,5.08924590952115,3.820866907370458,3.8037147407505927,3.2874794887070617,3.197507431777021,3.0915896573307675,3.1841419618861426,3.5149513378884865,3.618056002217148,3.767024220955442,4.578491145275193,3.6238378314292907,4.294524042180152,6.195020875622162,4.04598783131936,4.304831652225832,6.975686508163696,6.7325832869996285
61,7.220971840496107,6.663027249391807,6.760977602993188,6.2740133993703715,6.375608888649268,5.765929976686907,5.589474848129993,5.449254422563301,5.370425653884198,4.5384260325432155,5.2718947215425365,5.741727780838531,5.236381195058639,4.516941769838869,5.1005831098634316,4.124608257088831,4.745599075504049,4.911219361628834,5.089873537815068,5.140570066378648,4.60330667985182,4.904051493582819,5.441694425721765,3.982992131822038,4.034813326041318,3.517704877664208,3.3794538739685724,3.251658808555998,3.3625809170615275,3.6814312256806225,3.8194694685782746,4.078781358658907,4.987376284102755,3.797637414503742,4.46706728005049,6.619192886881445,4.272209716403561,4.481054025011675,7.440227617869603,6.982867890791612
62,7.905943897156678,7.395866548934737,7.5133494739319735,7.070268808558657,7.280907047135037,6.28463038158832,6.299881703178198,5.924025743544417,5.83500129748595,4.995422090830172,5.847607682085918,6.3561291130789135,5.76647558870747,5.002783902464307,5.524003353035187,4.449214820433388,5.21513867386284,5.393793756913349,5.639433426912777,5.769195558515014,5.064424222376122,5.436150599423803,5.85579888669678,4.362177457080882,4.499181165351286,3.8793672367369525,3.7592555660444136,3.586691005571255,3.7767229289546296,4.002373491002312,4.207119696377888,4.462073244325966,5.187193549647695,4.2400901209611,4.990619675214928,7.1896149613875,4.656016612773325,4.874995699528261,8.131185166592685,7.5769622195228585
63,8.155392195206447,7.634931146137197,7.487617633937827,7.249331141439547,7.375814070552124,6.404386633122729,6.485650668743517,6.131123027008805,6.064183636075038,5.046735173401394,5.972518645984317,6.50473143386135,5.853191873355575,5.122846111688012,5.748726097324758,4.645303446465207,5.254862705088414,5.54359852511093,5.815391702564467,5.919791652506938,5.121694859052012,5.626807492685444,6.009376289905231,4.491912586203439,4.6026349696245905,3.9433605840721015,3.8609864579207454,3.5989905114286764,3.8012378837035907,4.127913181488734,4.336958276877319,4.581110610525558,5.522552398844907,4.361236545387143,5.057465424639048,7.402045966040369,4.755234340331725,5.0726671988406595,8.275797757495686,7.629964096633538
64,8.059085669665059,7.736441354114558,7.5890543016886065,7.223080602660873,7.420569505345275,6.547961817139688,6.4478455873223535,6.163825058863044,5.949811149639613,5.064473927581024,5.958479212026652,6.5480008722610785,5.847201892766167,5.083737692440664,5.780010355764131,4.6668782878465676,5.343500280087271,5.58749187677217,5.867197978092816,5.98926219219644,5.223400546543403,5.593171549760257,6.062395017553434,4.475956481036642,4.571518497195657,4.019340758614872,3.8581128766561212,3.681768780809956,3.8336506794413183,4.157717128996003,4.316075804697769,4.696882888784281,5.490178367228629,4.351789172659602,5.138907412943698,7.504708937064082,4.799942771799214,5.084769296966036,8.569089582324429,7.931777220126414
65,7.752404310633526,7.373229060801222,7.330594748630692,7.021969825218832,7.179368662017709,6.26989175825496,6.262862490738703,5.886740553786541,5.860454282529714,4.877319231448965,5.803419424684173,6.34754885023037,5.706724887571325,5.013607188613425,5.4983824802506716,4.482344685770394,5.126947186232644,5.389204195671972,5.727698885990755,5.702167306806448,5.0039422951178345,5.344309324908139,5.866112448640277,4.302594924182285,4.3535123599692085,3.743308056636123,3.7624969415861136,3.536030758539137,3.6982758365552777,4.036484887389295,4.131511571183129,4.469961034849811,5.446242330773922,4.215509405990211,4.866685158455738,7.183037699172624,4.595421191423063,4.996266267466585,8.32983595863741,7.543355936025367
66,7.577024532471329,7.272515712873628,7.282180778861134,6.847456738942835,6.88404900659123,6.106466599086389,5.988388070279045,5.636908647613833,5.608475638575819,4.73962997856427,5.567919090820622,6.146544687046264,5.425725035576367,4.729608623319359,5.3023216673302,4.450269957824861,4.953247823137272,5.146158002876829,5.431682235018746,5.473189906880372,4.902223580987294,5.12194636292398,5.691038504095331,4.174758190584657,4.367053508117128,3.722273700163193,3.636937382494777,3.4137514045431474,3.6011307548712574,3.9689237600109797,4.06767369571709,4.319974495168096,5.035194652581603,4.113943053536675,4.800356123632199,6.877012631464449,4.553465678042512,4.773694720744477,7.978045499379773,7.46740790923103
67,6.328194949522739,5.868906273170612,5.920846706849477,5.595393474086869,5.738659016584858,5.123962325889826,5.062589482830373,4.757155654399492,4.806152788073564,3.9649437688282783,4.742054771743172,5.167772639089143,4.602426006837516,4.133978398000746,4.469788358910455,3.702651550355046,4.169306217864624,4.355629483374087,4.597205724071534,4.7178025971939,4.064277530831933,4.348519837236019,4.8098025091512415,3.4695705666754404,3.559311381851783,3.1331619049912716,3.0475512406080387,2.9124105190469676,3.036288137561046,3.326093532604311,3.453345752368315,3.6852495900214155,4.399092436699088,3.4846038531724375,4.08435399972346,5.905600399061205,3.857432510713579,4.04237416194136,6.775755235223837,6.3072770923122485
68,6.065194041757339,5.796948789393478,5.725867907739225,5.422802287981081,5.503553669295991,4.944662768548175,4.826599484475155,4.564341964409624,4.54423496030299,3.7405951306021685,4.498209620554849,4.969557726562453,4.421136318374455,3.7632200762256987,4.331594049449426,3.5400005238729744,3.9788579101094346,4.23405158033074,4.3384111229500695,4.32699668639909,3.900259415588561,4.229256307381598,4.617553646784878,3.3786040691985813,3.562922145423294,3.0190050196609186,2.8738502652754683,2.7501166673637316,2.8926856020772482,3.0991305191607865,3.258322961212765,3.433007837284301,4.169652913250543,3.2607190736925684,3.8724322696154703,5.633755366855949,3.561570153992886,3.842331120318468,6.272899451169364,5.888831059133666
69,7.962225006169039,7.373940080869428,7.30725587288865,7.054197804778511,7.096902134879999,6.2588473422631,6.2640018388501435,5.892797956298946,5.672796753724982,4.822293983070084,5.62446517462301,6.230403659070335,5.5851901829362545,4.8361126200414235,5.4142402854577565,4.388289975113547,5.000616123947852,5.36415948496638,5.481506788272991,5.508298730863402,4.947661457736186,5.24845810381228,5.797756623930361,4.193322287974827,4.330000253342766,3.73906785401117,3.564975658483766,3.466426936309977,3.5974914871789294,3.916344807400716,4.070555468492525,4.237920485409261,5.211755802722569,4.070721700281478,4.858891697773921,6.808261000629734,4.441678264173601,4.735374858689855,7.8594479224811336,7.357669988853521
70,10.698149429637011,9.86941277302102,9.872445485323881,9.205414047084927,9.495432138468711,8.475473783205919,8.320094684063012,7.807949403470957,7.6522267324305675,6.431613970476418,7.546536769204735,8.122322341624542,7.399304070637252,6.389628253230391,7.022820851794358,5.634432311011664,6.515237779679144,6.64111170792088,7.189594605842497,7.116185623601601,6.306868654198153,6.771797032944902,7.271430956358862,5.529085854315484,5.541291005131226,4.77622293099419,4.589539379538666,4.366565543438536,4.528125587914178,4.975497332182061,5.1893808137306765,5.489045345069472,6.645882662885673,5.22911006662001,6.025782188227376,8.603663952702316,5.706310874298578,5.776710169255605,9.810369526836071,9.101265034885712
71,10.507261073786006,9.826796977871458,9.765616156113333,9.397858586119238,9.597438520062822,8.289141695999556,8.167842855227079,7.88863585101995,7.582836946519233,6.417525901348332,7.656617717782331,8.451119149019316,7.266058087474663,6.292162424088282,7.129992000623389,5.748835113943886,6.483899686542992,6.825141271383642,7.093320020187872,7.243599880457291,6.413714120980746,6.877620293183757,7.45613746449248,5.522079493822246,5.58248698809235,4.761706268678287,4.607106515668111,4.480043155535253,4.5261632954277795,4.922639045062745,5.222646004191653,5.50863570325656,6.588253738734784,5.229243790877923,6.225698533718917,8.8279789169365,5.546617524985599,5.988573525765592,9.913412197125353,8.96336343629711
72,15.173493541693821,13.95466569382413,13.741058536319862,12.935440579588516,13.4087047845748,11.682474548103368,11.316966536648035,10.718703144341124,10.421283988671373,8.587751414211535,10.328330983896878,11.250656656794206,9.692373285056828,8.605790037641508,9.707102381981262,7.859681053024781,8.669572519052743,9.19364606069853,9.462543407916325,9.429960330124796,8.373505709495348,8.948085573127665,9.937974171731707,7.278250220312343,7.516206908125739,6.359978177154642,6.090514265998141,5.885844765259241,6.0320799966442,6.520780034248953,6.740576697632521,7.278395413534219,8.563231671087232,6.798071147635028,8.062142897481367,11.640623177198385,7.467534921479425,7.763377962111071,12.666378954454526,11.764971342819596
73,20.87735943392699,18.73760851617707,18.52229950514825,17.44312102234696,18.349959876740705,15.50439569129166,15.206400647391083,14.298123300953346,13.91019140764821,11.485704904543459,13.865740284985279,14.877712443211474,13.127693300458267,11.30337931901816,12.519683417020346,10.148360007914187,11.483036522884865,11.803224636671679,12.35504915920372,12.193122241636846,10.884271968927855,11.40676165566915,12.347683824485843,9.2664413477657,9.336519597823797,8.277977653083944,7.6781393279369174,7.398788715114273,7.670326356771328,8.202160005106302,8.77309094067215,9.002521149630057,11.11286059546871,8.682573426781586,10.336354102996518,14.504492096528423,9.489281747510006,9.771718023398137,16.543984218898917,14.484878084487121
74,24.051967744719573,21.30982132380356,20.81284526081887,19.955460942595575,20.53403466048914,17.461718124598406,17.18868404656734,16.182041089596673,15.549124325218122,13.16966927115891,15.237146293966685,16.509862851130173,14.802789193191968,12.503254845433531,13.917537872149971,11.339428357446826,12.698651662187418,13.085171918052337,13.579401257467767,13.499126704099623,12.031666870764573,12.920303553363327,13.533798349760508,10.491294215319254,10.314956906495192,8.87623198841121,8.605212845478174,8.349327673556147,8.534460058527893,9.128763799121272,9.664999107293209,10.096009861081384,12.263667962660161,9.651824594069915,11.137784960899996,15.938492709384658,10.505513188605994,10.934075370266255,18.267877213796947,16.018625743058934
75,21.52058689421867,20.073901236860316,19.70769711600704,18.20637939550048,18.583474506148146,16.257926191260385,15.864486869215353,14.925570275350951,14.540610664962129,12.008214261739727,14.534901484303216,15.308980819236272,13.498462032261727,11.477577440419916,13.109327925770124,10.39093682978339,11.650144331787567,12.284911596600043,12.704417945383819,12.313190993406943,11.178118342240971,11.991637701143011,12.705302611217277,9.723591266137001,9.755804065487002,8.422290845387508,8.138764813291402,7.675591910961882,7.969469321562278,8.611420579741186,8.982731034707896,9.53313696955512,11.219459201311022,8.97783343116262,10.608396323622141,14.892799858565297,9.589842562978006,10.165012481648603,16.710068147099392,15.057062639472113
76,19.687222590573313,17.618126105359433,17.951086920822867,16.590559277862035,17.108234854282315,14.826029805139713,14.360545231094093,13.748706332968885,13.413660248398404,11.14214005249658,13.182049271659546,14.262155271431,12.442121763155107,10.824165430176453,12.111533437515469,9.730333720845579,10.926989898056446,11.394579727502338,11.567999872345283,11.49036742052905,10.143145347419276,11.226765509848923,11.7766393106953,8.85698286528534,8.885099995210586,7.786901118920685,7.404739466903097,7.1980136912753645,7.43959662379599,7.7891419254611,8.242708522126835,8.613349262359137,10.477660216899237,8.190817082336977,9.679950468576008,13.811361092072822,8.98492515354309,9.281922218312552,15.476113954212046,13.994850312296753
77,20.44600024424397,18.665005417690995,18.16027384566692,17.42380165497622,17.47008264573187,15.59491068016049,14.900806219063242,14.064191562672924,13.320777067733456,11.405140216303668,13.430864951721079,14.381418768460414,12.594254285333912,10.94248873273799,12.305209033210833,9.618362080674947,10.902772573238758,11.37477149805739,11.98274657181039,11.49682925030684,10.519497811098011,11.134540024018676,11.769684121497304,8.929021358349733,9.098804875563985,7.76418971726771,7.301242470360256,7.034396804104193,7.474050446152193,8.054761740207173,8.236306242736998,8.710953990531783,10.51642530552322,8.22541600052213,9.761258834137944,13.695516714203462,8.908622587302416,9.335108213795904,15.213435143435904,13.49335881553223
78,3.7929189892407713,3.5873059600316255,3.5260319905276614,3.3641970283239826,3.383927259345457,3.0119460181483126,2.9334442224635877,2.8216336800916455,2.78256824027252,2.377621822723898,2.8083836501452764,3.055072026419796,2.715063477837972,2.4259687455985772,2.6370308534288247,2.1699139284481492,2.44708737987807,2.595616365411196,2.770029576693956,2.673239601984532,2.4105137224756588,2.6384727121374847,2.8515312895904903,2.180890137289064,2.2041194117868654,1.9100416464926941,1.8549168210332103,1.7851729313984535,1.834922537000012,1.9594024095684692,2.1238742635050754,2.203259014801376,2.6648195306940656,2.113442812544445,2.4725290751889686,3.5567346402069284,2.319401392513918,2.443994383702545,4.230304608463597,3.8960710538359655
79,3.432441932198656,3.2474870190832092,3.2249356312574387,2.9952252747521424,3.139711147256763,2.812405526787831,2.728261829091583,2.574660490970382,2.569534831065061,2.1644851404400516,2.509514661770837,2.769004588247716,2.51097324224106,2.2550148719854812,2.4936676931490895,2.0326509258683494,2.331651064531869,2.431635115049743,2.50740613452661,2.546920699304461,2.230426561881155,2.4478275722609624,2.680084968147623,2.035199648419736,2.053092319571391,1.7589646853245806,1.6938281167971294,1.6491250954280101,1.6926514155952874,1.8303812142041993,1.9547217501353331,2.0801604722041236,2.544972220272932,1.9993166084593272,2.3276715300218616,3.293514853852144,2.1589389901707148,2.243537561604695,3.9742390555925886,3.667033342432214
80,3.3632220394144507,3.1287279046870626,3.123134035646742,2.997057615728057,3.0644638200616274,2.7526220468512475,2.6627683471639503,2.55824703669768,2.4798758469099553,2.1254794806405433,2.422742928994464,2.680159058915959,2.499132809483492,2.178302205572764,2.405800788606946,1.9614222030602653,2.195869087767221,2.3821299156131692,2.4659222490813737,2.3934023214476725,2.200945198055858,2.3523947759133956,2.554750953785055,1.9700637315401615,1.9836490741156734,1.7244956671533314,1.660520947763473,1.5949835668132608,1.6531450396050553,1.7964495391559623,1.8996714138499669,2.0143047880247864,2.459481140168883,1.8991724158051508,2.237297699124105,3.247791971704497,2.120956798678139,2.2262607634564815,3.9723695310852087,3.5640123103851837
81,3.219631284517519,3.027771334818001,2.9922899671368635,2.8713404083391443,2.8821762914609965,2.590006484693908,2.5774330752072165,2.4091331186777625,2.4288864870984077,2.0567271042686768,2.312848409615325,2.61767517644862,2.302386849052436,2.0663611932603936,2.2786293920110947,1.8551625039744732,2.114733881129842,2.325093406203976,2.345825392875148,2.360405028965218,2.0793293804051824,2.2310633781788956,2.525067920190153,1.8673095251320178,1.9015114801399553,1.6449046553536792,1.6039601248393687,1.532564086191891,1.556685027057592,1.7275866064033183,1.8213230778354252,1.92639615776062,2.35966745037726,1.8664974902835147,2.142833347755021,3.1428555366283373,2.049679341670608,2.1201619854432265,3.807533112113682,3.5033597640788403
82,3.1072358208172615,2.923299042041929,2.937978889276243,2.796894885598679,2.8258558453890186,2.5822797843433283,2.4842051404722816,2.3848080589417626,2.358438444569433,1.9692878137694205,2.2986817443055676,2.5660678864903774,2.2967990843381147,2.0428669938397976,2.229002963677979,1.85552438248104,2.080095104887504,2.1911547603948303,2.2958760307924164,2.287529885281892,2.075060918370469,2.220693805189468,2.4401758087309817,1.7839108813735713,1.844150508903322,1.6272997051242675,1.5723487077517544,1.523217336773608,1.543526147243655,1.7106514604317677,1.7894377837821296,1.8839981342470824,2.2926509368259778,1.760828676070325,2.1312499986044346,3.0502731455189696,1.9894975632062812,2.096323935541158,3.714455126054471,3.3129172885006106
83,3.106338931849369,2.885857127256888,2.870745099644509,2.783018342360203,2.8422668848726707,2.513026324230317,2.465749006351424,2.3508135276077553,2.3372874995520614,1.9449580731157585,2.267207844096895,2.5284770206346106,2.27199335444106,2.0657471738574227,2.2455831622754987,1.8909005333210425,2.0911387060731124,2.237491029522036,2.3205643567961864,2.295309391175209,2.0924035127997564,2.1926894848470386,2.422132409767109,1.805436895066805,1.8433421611921026,1.639546212931392,1.5807085300399761,1.5344442839591137,1.553062570687182,1.6577912236063677,1.773912496425673,1.85709396107073,2.317157272828599,1.7865589346533584,2.0773481584981166,3.058798026895424,1.9648502267206944,2.0861751680135066,3.6763040393367605,3.3387808504130065
84,3.0071004637781122,2.8669295883425336,2.828442499465465,2.687655032735402,2.768851571401989,2.4585374280241674,2.3685016593980985,2.2665269643459323,2.212499591269131,1.8813803211727187,2.199478529281401,2.478468579700286,2.178670707458113,1.9324022076131346,2.1863029206473876,1.7508076173946743,1.9904685231907064,2.1281684433580024,2.254489065555999,2.240054431801087,1.9948094313209916,2.1674650605885613,2.317174704796596,1.7646396656416785,1.82163276547304,1.5614332098422317,1.5402232471003827,1.4823269336598281,1.490909627822223,1.6162336633365468,1.7361244517434107,1.8066034504517654,2.256143447880237,1.7196135539053734,2.024363435963892,2.9839497535321,1.9555304205828554,2.033545743362562,3.6350995371358326,3.3394500969354115
85,2.9515512391808607,2.795354507961058,2.839220443994798,2.7194463698529563,2.6953262631921198,2.4642837705118126,2.432761876610615,2.278315197716212,2.2559241724861696,1.9152973578586203,2.2241824396619014,2.4631094372757354,2.2238293342416124,1.9535299277310472,2.193398682394295,1.8094224273959374,2.0005643992914677,2.1585745350851293,2.26673558644102,2.2179008258733264,1.987426774104092,2.1564163626881796,2.356219952615454,1.7796024467982337,1.7640467866714307,1.5855210194098754,1.5207774876948073,1.4900043664767577,1.531687247284496,1.6375526209325704,1.7337950982595718,1.782035126190149,2.2538027830472673,1.7400603902154563,2.023438226817601,2.994957225592803,1.937559220801525,2.069277603427442,3.634325237648442,3.298925539454557
86,3.2335202611832803,3.0833564792851953,3.0105038647840483,2.910728947221385,2.963174221674312,2.638472162592883,2.5730591210122196,2.4952735962870447,2.4410125596819983,2.0270728593758407,2.3827576634351626,2.6383195747050046,2.352802596538919,2.1100741900152986,2.32865802890055,1.9130646602243824,2.162725273170483,2.32870116563569,2.417458480064866,2.366309661179609,2.130199393723592,2.2756172859399255,2.562375964939189,1.8680592352555163,1.8987810681968524,1.7042011408007725,1.6374719985462005,1.5831965932807397,1.6045982325098744,1.74981896750038,1.8617899614650817,1.9437015147850292,2.40712650359096,1.837947456183447,2.1759527596506176,3.186337442500282,2.073399570179168,2.138158006050295,3.8064112448865126,3.4945746900463286
87,3.0569294791122177,2.8863884493003322,2.835000052130446,2.7788241404051406,2.7658947050730855,2.504795825969229,2.4496313065945072,2.3267200752135033,2.277635362587299,1.9079340245884318,2.2428259115695957,2.4352811401486147,2.23826004689162,2.00422037813124,2.2626903851909788,1.8075537215711615,2.0736012307149005,2.1820641075726717,2.2855214602047496,2.2366656611814473,2.0508467064075857,2.1757734521945684,2.3803618630817804,1.7883092420891935,1.8098053257188969,1.5926900369396895,1.5639674384266682,1.4956996882097602,1.4905408235734903,1.664442645610421,1.7592396317272494,1.8297820155525797,2.3019890603363455,1.7727553910576035,2.043460350366558,2.9969905797639007,1.9308640540706818,2.066804580328162,3.6359511058707956,3.3167861342339107
88,2.9793189694880473,2.8103681072940567,2.7828812992935665,2.675194941202978,2.6996879394528146,2.4097772918897804,2.385834486186804,2.3143434918033896,2.2435201668221225,1.8881432485506777,2.1883147428409546,2.4830805823827173,2.1885384928172,1.9530540879716527,2.1309992537077234,1.7846716946397905,1.9944732694108362,2.126618734217816,2.2441379463225823,2.1812630647002655,1.9631289838138288,2.0986768652653742,2.343971329077303,1.7462634589657815,1.8100825018994078,1.5600202958378386,1.5072054301695959,1.485252723832982,1.4927541818517294,1.6733306437475917,1.7028042174644418,1.7944327650974525,2.216186251903224,1.7363545090828147,2.0439119583276026,2.9691101238083264,1.9038540593045532,2.0572345744974245,3.6057355184356816,3.3363018926424077
89,2.943032538760565,2.807190743007391,2.788973230578026,2.6139535402273384,2.690464550221165,2.4161451424094036,2.361951879768485,2.2385328875237116,2.2187631854156105,1.882417202133994,2.20742750981242,2.4215964661937783,2.152071690330133,1.923511610698905,2.1635725584134677,1.7557339684244309,1.9488972493078478,2.115082597502857,2.1914368048658095,2.1556566989765344,1.9687187484319102,2.1140967597923455,2.380439008269172,1.751700357930824,1.74881816223735,1.5491017183763405,1.5137185822325987,1.4674720056480264,1.5024596448297085,1.604192254985897,1.737224772625755,1.7883248245892716,2.2269683300690226,1.747182015737572,2.0336318262827,2.967997533158809,1.9508011331517447,2.0384995990992665,3.644659827505853,3.3290307693135133
90,3.034640128661499,2.9358297633448673,2.9421447803030523,2.793062357231132,2.798187223503357,2.57940812578977,2.4819772585742217,2.3626682324375823,2.2909980114744064,1.9173700279244459,2.2982195622821364,2.582062583276488,2.266242175584731,2.0176017256522405,2.2645626515462425,1.8622851618914098,2.102096906812784,2.2050476535564503,2.246339919008493,2.2429527379207403,2.075148750843904,2.2277881079917257,2.4878587602235287,1.8246154685520717,1.8566011211661397,1.5961099956952036,1.5876279756656329,1.5388614806359378,1.5686244757747096,1.694841404102307,1.803640375043564,1.896858386725609,2.3719451921390524,1.8066430713940864,2.124565400007061,3.138557545858352,2.014320918859667,2.1280912029883474,3.7191059169007317,3.441047726259796
91,3.159442915526882,2.9885936656928354,2.931558781026897,2.778520920144387,2.818942956650995,2.52767518069442,2.4936905773699696,2.402312828582459,2.3449486410874694,1.989101771569789,2.2854720001592006,2.6002094378829907,2.3152591730151735,2.065302593360118,2.2857890171034954,1.866401808886566,2.056449133208878,2.235930086885381,2.361439135523463,2.281458648064118,2.1230324132366936,2.2466522585629187,2.4591040080134166,1.834701052915624,1.8899895660388715,1.6358786522002193,1.5846361715143338,1.5781997867768094,1.5600485468851852,1.7283263259329402,1.769770973702781,1.9159887247330265,2.359422055257258,1.8355630005621406,2.16106933356802,3.0668652249893467,2.0313184851799604,2.1061501329390167,3.7144183529031713,3.499856929204809
92,2.98180461143289,2.8246966347186606,2.83156343758868,2.6955726991685194,2.7330278449325793,2.460733325714647,2.450402714129677,2.250587990194334,2.245780147521382,1.889762734874511,2.225198070480694,2.4708237161135345,2.2121163631676213,1.9931004960303487,2.1641669193639115,1.7933156567471613,2.0423408656017226,2.1357198350511863,2.2830775476817045,2.2397073699282917,2.0162435328702224,2.1436589197281934,2.394398185508816,1.786793862039764,1.841773494416971,1.527947810536566,1.5299223781180191,1.479309919990524,1.5296037788053676,1.647781522540402,1.736090894742942,1.7890446378892297,2.239922077245227,1.785517914467634,2.021398804684868,3.0192768000072987,1.9626340136627598,2.0599345876822444,3.634175258650363,3.332436292743223
93,2.9931126608191714,2.804463826529993,2.801543031088713,2.71725893447128,2.718661131529202,2.4408218096905916,2.392043008310044,2.2793370147583403,2.2383112343611704,1.8744621030163326,2.2028221840842592,2.4811919647507414,2.1754649576000817,1.9410505038226238,2.171492289647602,1.8001239167367742,1.982244910559869,2.131815642566311,2.200175513866867,2.2164757137805937,1.9731738913937804,2.177446482945399,2.338719544734118,1.7896191172664524,1.764657638751232,1.5578512117306698,1.5067490166972006,1.4475053944182232,1.5047917183458555,1.6633068589144335,1.715814768705068,1.803937432178001,2.231744686673111,1.7420066777003549,2.0506991230773086,2.9679668479563697,1.9218316906179032,2.042112658822079,3.595786354980236,3.26593916988115
94,3.1707259559784373,3.0181537825982097,2.961902944753333,2.8645310759656657,2.901126230890138,2.6173664627654527,2.577011704313765,2.393150331133203,2.355156920043562,1.9636133393271205,2.33094721713826,2.611297286371725,2.322536370774869,2.07759372143053,2.28095484534742,1.8785407354620625,2.126472603503559,2.286789380186382,2.3869892424874384,2.347007867477959,2.1215791295793562,2.2610519171517622,2.5200126482613014,1.8637257306859698,1.8995702146644713,1.6463989393308027,1.6138666476916657,1.5590632670656905,1.5917282053130521,1.736240088656009,1.8395995373699916,1.9471143928672432,2.3987290591159507,1.8618399144768103,2.138785013288307,3.1581076958659557,2.0429009086417924,2.171266626427167,3.708426279822727,3.516054330195904
95,3.1781603353042622,3.066564067434233,3.0425603981578453,2.876264153005074,2.9086098932336544,2.6624844206451006,2.62147862079558,2.4630963440826674,2.382938992986416,2.0532146988735103,2.3815564493405406,2.6376382979836634,2.4076367917317807,2.1202724513999724,2.357887350772387,1.9368101072684605,2.195930945206622,2.3064903824638705,2.4505341345927114,2.3709683833553212,2.158534573822265,2.3346397102692706,2.542076157516298,1.9080630171699153,1.9221868639089597,1.655336893649326,1.6603822250682687,1.5795936141036218,1.6162385442563838,1.7968869581454612,1.8878016963782178,1.9858383177607342,2.417721737923439,1.8834859198793523,2.1917556490696,3.1881876367517132,2.070329559238499,2.1722681717128736,3.774288907986182,3.5064264785703956
96,3.0885830308187443,2.8790761633358017,2.8898536490917173,2.7679902399278213,2.8435513823236813,2.4997712246167403,2.448146281811093,2.333222584938642,2.27735133603037,1.9358028004843368,2.2351814222613378,2.5633198136579627,2.2492158407012353,2.0407118777977002,2.223306168842598,1.8428451235919965,2.085103557854035,2.1891444486547007,2.309281286091574,2.28749003897206,2.0601329465760276,2.220624785237753,2.4097229601789283,1.8494196813335815,1.8439032938055164,1.5957497772506624,1.581367879466599,1.5238313994042305,1.5429902818198573,1.6941418391596115,1.8100447180612889,1.857232121545932,2.3044243689599115,1.8256373963048467,2.089114679664688,3.0127375027976973,2.008354135591092,2.061369513964612,3.6111509499472962,3.4091777186497954
97,3.0554409728289946,2.931620972540215,2.8868493675201212,2.763897587346152,2.7888187379896494,2.5259479242300853,2.433317031481571,2.326646654522024,2.3051680597467756,1.9650171546379225,2.277112092644015,2.5016189709504038,2.2474541334489,2.015987754229688,2.2189168188030792,1.821295389809356,2.083451471678232,2.252225662852979,2.3083327470397546,2.2529240493111993,2.060287452197626,2.2416715927874304,2.457563539492513,1.8071501317125762,1.8550254996843907,1.5888029218862223,1.5807698068699123,1.5139149297515984,1.5453504783538647,1.6807275554563956,1.7757486380557894,1.8802020915299136,2.273201736208918,1.7816618358296614,2.098264844242082,3.1065052575968943,1.9386609413462528,2.1124417442523686,3.645290908138981,3.4297457170621204
98,2.9712847957309068,2.8059064594633374,2.696154306190605,2.652524360035061,2.688632537036657,2.4125898219217463,2.3907301890548913,2.243557105242393,2.2433337632417847,1.8573213759953657,2.1583988579049285,2.415620180859971,2.12814729243762,1.9289664076700976,2.1423119047627432,1.7583090132110124,1.958026371791682,2.10147487836379,2.199738760638267,2.1903171121972966,1.9836489212300625,2.1302497354109096,2.334534052123062,1.7286032815792627,1.7631706489333119,1.5404596352770634,1.487702965307297,1.4443319175051639,1.4866805220698425,1.6152930723797545,1.70713653387076,1.7990809032765902,2.212223184145574,1.738347105701941,1.9919205542242657,2.925766699825732,1.9168389289203587,2.0236884952936554,3.379517982103183,3.277071823471928
99,3.1554097832152066,3.005392545525671,3.004297669818348,2.813407203424986,2.813942491049365,2.6138676023630794,2.562839742939717,2.423890929505716,2.3935673901747716,2.0165416408640664,2.334979977324894,2.5898169876901744,2.3661415491154467,2.069348048157366,2.2755961299528598,1.8578402632878512,2.0978307626461294,2.2391132917221617,2.378491274710459,2.317958725026042,2.107746129991294,2.2861580439562927,2.508526150247609,1.8607890506642095,1.8875679229748765,1.6420680793289808,1.6233128124119083,1.5701939258736166,1.562480259461033,1.7406718169047686,1.7992104913161164,1.9544778172727821,2.344992879302872,1.8526807083863925,2.12732709426449,3.07085248328772,2.0085469049251996,2.1514424665162406,3.673704614393135,3.4526994086981637
100,2.990268483098103,2.854707002500087,2.7879988011595103,2.702460995467254,2.694438658214009,2.396300298941497,2.35164888714588,2.258369399338565,2.2498158860670348,1.9005968197509049,2.2042108201174155,2.44042772384037,2.223710381184247,1.9501346543445157,2.174217005760707,1.7624839633572775,2.0072311353100045,2.162311040685009,2.2073386231177254,2.1732112313479415,1.9757111717221576,2.1331755897977174,2.42256063916955,1.7477871797662001,1.793903884349591,1.551501197735708,1.5426476215043323,1.4590875431489736,1.4965566012063927,1.6556239957519971,1.7308837477076577,1.8110443593670544,2.245705605679596,1.7610072231543437,2.0370003942632007,3.0115651619646915,1.949853843316247,2.0176502511964918,3.547015532656255,3.3038548134318266
101,2.9971478549935187,2.857911769938006,2.8292260222439976,2.719169712491309,2.7199774936911507,2.437987150205419,2.4398369129959083,2.287366177428267,2.2228112643189806,1.9215580045445573,2.234884738794267,2.5409315851003718,2.2412048545547343,1.9785763914654426,2.217137513078832,1.7939300821479778,1.9696360334223542,2.1770242256214623,2.208492667106925,2.2458835111765576,2.0032072223793973,2.165324677845654,2.3853369375600084,1.773799346364693,1.823615053670638,1.583539758091306,1.524175641032139,1.5044223057483714,1.532932941468081,1.6611151028398816,1.730603610244513,1.8401378917675053,2.231619783584759,1.7449513155493503,2.060556511650973,3.0401553772676846,1.9354549410581998,2.0648340066579425,3.48773697633504,3.332492028186223
102,3.0810634541674617,2.968914125866733,2.9243225010437244,2.8194162842914747,2.806137823413934,2.5465348242958608,2.4930583667048607,2.4211912141730814,2.3034205172042563,1.9952666122372538,2.2815588273770655,2.5451063302534256,2.301421544840185,2.0430507024849964,2.2549800979788728,1.8254122828624013,2.09732441201912,2.2185251133451493,2.342936193797873,2.301511413251461,2.057650335024807,2.292634598341855,2.3997509960327044,1.8407538398706134,1.8750929501698805,1.6291756566676325,1.5940695751882,1.5164755682957456,1.5677315572249335,1.7270894293494428,1.7950903271342213,1.9052845434071866,2.2953103330228304,1.802253033994786,2.1198453450996553,3.025196315332236,1.989326704955911,2.1256395022785894,3.611691402461924,3.362430794801442
103,2.7183425264926786,2.540034005117866,2.588798399226269,2.407984326086342,2.4595133026676463,2.2219307789734812,2.1696252082007565,2.077163129364281,2.035058224703981,1.7204569372146747,2.0073597235293534,2.2124827451106723,1.9991599207958128,1.7701490466358032,1.9591690657259604,1.6314450063496988,1.7873578779565515,1.9709725929781945,2.055648352174886,2.030113430529286,1.8410583983222624,1.962416635807218,2.1640061561095587,1.6102354886098953,1.6365199324629647,1.4022417627456614,1.3942033283805844,1.3584342878371176,1.3636788974646745,1.4532796275828193,1.5717145936611099,1.6706211628974854,2.042924038296306,1.6233215281916598,1.8391299058442214,2.6847824851030118,1.7897142130124357,1.865228902421239,3.2213518173664593,3.005296782456859
104,2.9620306394761,2.810067431075054,2.765302611367363,2.6663194104743884,2.671529419639101,2.4434715217866416,2.363815947666908,2.2539172715410554,2.2551248281897616,1.8603053409239532,2.1696355056795156,2.4534571386573765,2.1928311024476743,1.9606893079837018,2.152590221148034,1.7501447730595006,1.9483843573947064,2.1114709872546906,2.211444106456969,2.212904412104616,1.9717177538543804,2.130961689153604,2.3868495343077702,1.7401504707480582,1.8007400905531996,1.5228925596254965,1.4976583054979458,1.467682041665443,1.5034891931076115,1.6052963431523404,1.7255078800571568,1.8043513216983096,2.137578579677394,1.7541362289422395,1.9751875134158292,2.954878983742525,1.8767698219733624,1.9788286145304215,3.415856207737165,3.2280843035954745
105,2.857281300191071,2.747295990974204,2.744039260072271,2.6433449904758413,2.640047492306779,2.3604949833326048,2.353564673400132,2.2598384812720878,2.1772248152879463,1.8597676717457343,2.149858802675891,2.423078977599493,2.0927899217375914,1.9172731603327844,2.112841392911499,1.754226655461937,1.9314809151456085,2.0746045269567155,2.192877792750032,2.2252339354117305,1.9509981285646676,2.0969802434679314,2.3132276188939063,1.7220004469317356,1.7326466614454659,1.5476113889676506,1.5184455324693324,1.4556723817349244,1.4771960745037371,1.5845932934620834,1.7018308213432782,1.805266837313915,2.154481687599336,1.6911954755975938,1.9683621225537307,2.810415604255976,1.8910351633835156,1.9753694142543439,3.4511433441334,3.1989256806628137
106,3.029016428757043,2.9457527692744714,2.844164867687861,2.7635663412999176,2.7950725752684398,2.5285258034003704,2.39915988218071,2.3661461331730695,2.335230409444797,1.96635640754399,2.253533530616028,2.5158605810542314,2.2488190308645466,1.9788624739244487,2.240941045370844,1.7998336789799378,2.0451400594367413,2.2193748780580522,2.2672693480112316,2.2928443513592716,2.031989106886314,2.1523043633356513,2.382271398730391,1.8274642261910525,1.8276456595643078,1.5994378901712452,1.5483889347980255,1.5416815940400375,1.531869409982052,1.687225709441422,1.7630080900543832,1.8433604339981413,2.274293038339954,1.7989865918901735,2.0396412038078835,3.0019063203086054,1.9493264604854612,2.040128379700692,3.5651572341620428,3.3074767992202916
107,3.643502633720347,3.5001178084900286,3.461581094368289,3.3401328117092755,3.3425436891484552,2.9306074214380926,2.9362961670417986,2.839899691450941,2.6997842416866282,2.2937747286934234,2.6602543106772907,3.0090129470469376,2.677398013811331,2.3619343385309928,2.608181499054982,2.1840341393732325,2.4204727501137318,2.6078131454607223,2.702396797948143,2.7510940268985653,2.385803581824908,2.5900721808230642,2.8251990766455397,2.0979561551285815,2.1647430471819376,1.8812180717668852,1.8134008850377332,1.7438392942758378,1.8092299682124688,1.9381225891328635,2.0982875852256933,2.1988635114653685,2.6530883074173532,2.075694759439983,2.4352757283612423,3.4527045281631805,2.297093316576571,2.3919014377105077,3.971063362112044,3.76178811766333
108,2.969011345100822,2.7750908226322544,2.782197649274589,2.7039810039029386,2.6589182028155394,2.395958312060639,2.4040564126491835,2.2246360599135233,2.252152033041524,1.8683684057603467,2.168429847299549,2.42840414154906,2.182049612302819,1.9416698229735478,2.1609357447023014,1.7692940888806796,2.001695810376846,2.1478664448337983,2.2372319190408034,2.2243078849909756,1.9570371764047285,2.1417271731115504,2.3389872396100904,1.7396190289367666,1.7920299236511172,1.552094949175065,1.5259163970466203,1.4421638135302248,1.4859830950504942,1.6384580829012731,1.6913624566041257,1.8146918128646201,2.1981466627462125,1.7634176418033114,2.020099851190638,2.972432875645836,1.9047349644096538,2.0003329625543587,3.472536672021684,3.181422242978396
109,3.034753851128385,2.93947912161938,2.8612349220793143,2.8095776400041625,2.7819320842230226,2.5256657664068327,2.4661974078523303,2.3085627279731566,2.265352656809234,1.9168891448942404,2.2291035088675306,2.4917419376599463,2.2991599832102065,2.0332040258583413,2.2522850407161985,1.8475863512853559,2.0360050183903398,2.2238525116793784,2.3038472571085515,2.2891853440903476,2.0575733261425575,2.2054753735625274,2.4283375187186937,1.8093189562422873,1.8717374398852158,1.612626301654561,1.566111263105758,1.4869869935388365,1.52616576850758,1.6843977587620305,1.7715985618529186,1.8597678518830716,2.2674308286023726,1.7923002584002874,2.0861501144919647,2.983243936924056,1.9068569354729548,2.0556259370468837,3.4733986900936826,3.304622101260516
110,2.693678944691044,2.574274647122996,2.5267322673397756,2.5020110077599322,2.4797963113288244,2.2523981564650843,2.194901697289444,2.1182150168295957,2.047004401111603,1.756957994891785,2.0632870374141286,2.269731323249576,2.014398258301872,1.807680539793103,1.9679116553889482,1.609018322625222,1.8658211328554564,1.991529332994981,2.058659398672688,2.05125592815821,1.8251840872552494,1.98174228960567,2.1827616768340574,1.6104496197974463,1.6763117414149151,1.4200815744936404,1.4215136399668495,1.3771277055288833,1.3566310404880118,1.5251152194715933,1.6000307373131821,1.6625113083358294,2.0377986559341563,1.6118461082905768,1.8758414357549438,2.7208935046668223,1.7931482805843366,1.814040018110021,3.1982282303783744,2.9938380439918784
111,3.2322493727955632,3.0512461966540503,3.084009186203539,2.9232421377272546,2.9272362916255843,2.6581239422109766,2.6094352234882012,2.5215132382437098,2.444411730343083,2.0405246917045567,2.424681793839258,2.634474476973165,2.4185032330181544,2.1551498970266585,2.355969274980065,1.886489936745168,2.13973620937454,2.334211641636577,2.399496709648345,2.4510262597220307,2.1959414686846683,2.3616951626137204,2.5685203068325886,1.89809356567512,1.9710456865478987,1.67626661099622,1.626591178245679,1.599516262603006,1.6087817033898866,1.7748735871686745,1.8854056457443806,2.0224683006577657,2.4019784147205843,1.8822578155029166,2.1765295149797033,3.1667814265494423,2.047768060561219,2.1896373767091406,3.678431901711718,3.401537696739423
112,2.995770227097363,2.817217392499066,2.8511688979400516,2.69834557249976,2.7698124766983816,2.459404092800031,2.420646554866026,2.329327382779716,2.26399667122579,1.9508258812813686,2.2366151746043728,2.4964275520330177,2.220808613974448,1.966795753432745,2.195020800458292,1.7976983761427328,2.0007296999658437,2.1462609810040147,2.291874976293532,2.2453789734475373,2.0049274707272944,2.1769328857482733,2.405751279470009,1.772738527421327,1.8087869433338402,1.5600716885136026,1.5227569630396907,1.5152959067155802,1.506984769290468,1.6529023790236066,1.7598936071338382,1.8259177026608528,2.2495916905771085,1.7563407710316654,2.0194667142341305,2.970332221998056,1.9344315932738365,2.00404636269444,3.4698191337091115,3.2475284629335786
113,19.541693210444798,18.115857872556795,17.57354646570671,16.615235315435168,16.90554473306834,14.779962929412308,14.795016419192608,13.731042035088043,13.57702594147789,11.163745756892988,13.071497234520757,14.333611165699542,12.639383457321244,11.180617214063416,12.275258475778877,9.702303761876557,10.863315427133845,11.470449564992572,12.179032859076075,12.051857480849575,10.589366623244908,11.302262852963352,12.469399721220148,9.352719498978937,9.15400082718762,7.961059838522393,7.949642423500528,7.671978320982663,7.87194540901758,8.379036490132803,8.819514281370584,9.499361847094073,11.397125225365656,8.996473225977182,10.280863395669257,14.827659983765592,9.808006986980875,10.152909825383622,16.897613595282728,15.72846702110138
114,2.7080610982090225,2.622803950574102,2.5765120454808854,2.4847437949431597,2.500319173468321,2.274620744592204,2.158837234894306,2.09454003686776,2.0883031373394125,1.7460870132741992,2.050889430910023,2.254491176645024,1.9976100884769028,1.829730710749186,1.93247455532796,1.6339459543535568,1.8258729370923623,1.9894685281444846,2.1112689843078343,2.0934732738789954,1.870024343670333,1.9996822307112305,2.19246044521283,1.634349930043225,1.6818735650345058,1.432898820202958,1.401998226546777,1.3509575696433884,1.3987722214235818,1.5404323875476553,1.578743639482362,1.7094182079375604,2.021093653469317,1.599342374228131,1.8684917045892235,2.7361453248689642,1.7614205228707278,1.863365541061373,3.162723211944143,3.0220326057594993
115,2.9285191050674357,2.7667943498522467,2.706700332226362,2.6578024713367774,2.6615374043907494,2.4378616390880814,2.351850378343008,2.2689417241007908,2.2033704012908775,1.8628717177600915,2.1502913449422842,2.4494870939257156,2.1347229673374386,1.9289495273772554,2.1190349944283233,1.716607659891366,1.9825930684621,2.1234550193016846,2.228088259277493,2.2011399484723864,1.9822675895677486,2.125386022193904,2.32012534852207,1.7398930665001628,1.7613775922149062,1.4982288942630375,1.5204438296302119,1.440743445989402,1.4588883892656117,1.5976085627703764,1.721105867827188,1.7709407767433967,2.1761088924481067,1.6899366132363813,2.0121181196975257,2.8368450446893365,1.89651494358456,1.9413048162712936,3.3430346985490207,3.1580922772595637
116,3.149343633811865,2.9850350505953163,2.9892493598501426,2.837848555634639,2.8938016268160087,2.599198235009705,2.5135973336600506,2.388597452074086,2.3526713803684425,2.008643679935993,2.315585313925037,2.598842231609663,2.33673834425327,2.0553822826619412,2.3401052032089127,1.8809557118906015,2.0900730890455637,2.2637521173655193,2.3261980744149287,2.378968399384035,2.084889868700047,2.257431954155154,2.4681573511978527,1.819763097797514,1.8525775705832976,1.6024406247461227,1.6023336073712122,1.4998904370586386,1.5758042288310852,1.6951718618171518,1.8186535790497917,1.9311070056771522,2.2500521512554097,1.8302936127289766,2.1248778280659693,3.0882582628306747,1.9899399627131407,2.0637430545470092,3.614020485033243,3.2582232624864242
117,3.5168121602676057,3.38690164175937,3.2908077705146668,3.179982349723851,3.232713697341255,2.893732260816628,2.845714658477712,2.7490884276527665,2.653002205195289,2.211581564217541,2.580387221321525,2.8932363939764802,2.5801598793806244,2.314026951333925,2.566208276621985,2.0440923192690468,2.3664690475305257,2.524831963330421,2.651049919468599,2.6475144799890913,2.353146646644005,2.488797426078251,2.776912898257094,2.0677915652971683,2.06097177976737,1.8450130903821675,1.7885731611204758,1.7265489493260175,1.7265169441923025,1.912763402831223,2.005937334189716,2.1032114340487715,2.5520186098934157,2.007938466889717,2.3265346250173526,3.3974985426874653,2.21413931155921,2.277802971682814,3.816436543947406,3.602826909914332
118,3.5425490163604194,3.306803961816028,3.334739632390819,3.1196810226623937,3.163572119370549,2.8402430509005896,2.8124672407969697,2.6545744957850963,2.6415882786047726,2.2168821998140125,2.6374674267899247,2.8696105919860146,2.5621260738643525,2.2689474793823683,2.534874034400673,2.078856391828076,2.3346707982460413,2.50100758661373,2.649170959685952,2.610725801563346,2.315323638419068,2.508533901057206,2.6905345678056194,2.0143528435656006,2.0501552570989148,1.800611280056166,1.733489714011575,1.7218572862171173,1.7536988805412224,1.884107547063451,1.9892569167026157,2.073399293376773,2.5272372353996593,2.017608190517697,2.3043618419345275,3.3540741714865705,2.1599531013248234,2.30300048723052,3.7739801765325356,3.5201317622684596
119,3.431246376037654,3.2570731751453734,3.283300417665171,3.1145517697939153,3.1126713584569337,2.839670701708001,2.763503664561778,2.5943116864953564,2.594932400978368,2.1788441220322934,2.5134871521690925,2.8019860283258287,2.5399023186364467,2.2651455990102938,2.463641215955939,2.0345323025298945,2.2793626696982243,2.4448703429983896,2.5759391600207135,2.598401029995454,2.279460621883454,2.438548237278265,2.7076301086233747,1.9939763400959984,1.9840170047765426,1.7984548864456331,1.7521658763095564,1.6483831172096137,1.701908685133108,1.8485893802066182,1.9630416478826915,2.0420361741145303,2.4821574846912093,2.002995629456669,2.2724048154875556,3.3160057465613964,2.137958761511328,2.247719878951597,3.767680688340923,3.478712798919427
120,3.7536715318420226,3.560498484113771,3.5214135467112646,3.4418948908273377,3.473018332477361,3.0615755025060856,3.0150821107989234,2.885624808269665,2.8541798813402033,2.3596960676959093,2.7862551481440847,3.102892600508628,2.802048712860835,2.4367176934707695,2.7113101717555947,2.253909009031343,2.4933335439365556,2.6872013594902358,2.7538038683980037,2.826559276073859,2.4816859599147305,2.6960830637094664,2.986214366613849,2.186989765447835,2.234695328717627,1.9033664209432275,1.8848108262006957,1.8215133144546696,1.8073045729437809,1.9829459670839034,2.132525240188455,2.2304876487558785,2.713763277015189,2.1174089817861295,2.4719606585227414,3.586459505766772,2.293269958953373,2.4195913053692393,4.041693902119642,3.821588516366392
121,2.838620903575117,2.554973152048071,2.5886374221365953,2.5121509035351544,2.52398059875143,2.2318047998524047,2.1934680346323003,2.099428288949256,2.066176287447206,1.732850978711634,1.9997562717241815,2.2578403658876325,1.9742880814897643,1.7971767909581957,1.9318252831432097,1.5889930696235095,1.7800028451626633,1.9313703014745498,2.048572749491447,1.9988719738966454,1.7778795998471968,1.9187379668287659,2.084947222870345,1.5774318648320698,1.5993692234951518,1.3534293451832702,1.319804125445303,1.3032519966791103,1.3458752925892805,1.4643694137004521,1.5432676792275888,1.5929365449598476,1.9272331759484223,1.5425017940143608,1.8061866149793784,2.684881238597865,1.7081570144638953,1.8133750139771476,3.050093939307133,2.841555699769672
122,3.0502658672715794,2.832609885235993,2.8041430459511147,2.6831798991314164,2.650766541588348,2.441754090348642,2.349765117255569,2.2364885595443456,2.1851496688418233,1.8326130888657022,2.1336518106501594,2.3727946838608247,2.1103692731443076,1.9321519482438079,2.103362481303464,1.7168866463611345,1.8958005090998995,2.0190987573630097,2.1407228810123926,2.1445216506267464,1.8775319133740747,2.016737184968131,2.2420928057764558,1.6907108568597005,1.7114947616146052,1.4358322913858226,1.4438615244634991,1.4016099407338598,1.4403600935780907,1.5752310686896918,1.6297131814118135,1.7223590340067199,2.0794219937412426,1.6556725276973443,1.9104699147348931,2.8731073186527096,1.7979067183972246,1.9235766777350225,3.3144284853601556,3.069989223675258
123,3.51862645999473,3.2931654204367375,3.280826994782706,3.1581635553431795,3.1290732973269813,2.8076677766067277,2.768542062656235,2.6620258014260614,2.5605117362449845,2.207358362536034,2.5132576690164607,2.839698784874062,2.475399216620767,2.201063649358762,2.4030227222652245,1.9927460917474982,2.219623179643589,2.3883189983737743,2.4542104735697396,2.511155211957576,2.1977806314107884,2.3986596464811383,2.5757396151058023,1.9341447445669542,1.9461388612665715,1.6938463982092442,1.681973006149783,1.5802504675397184,1.6569475704481338,1.7770203343758588,1.8641373107042818,1.955909532677698,2.399717558333272,1.907996665771563,2.1491220456993565,3.2199164316669244,2.0972281642868116,2.146278421853479,3.65302287992071,3.322294197100769
124,3.9128360695013042,3.6403762372977604,3.605153883859485,3.508726739725634,3.4807852124720373,3.1036304112477273,3.033094474174376,2.852152458588801,2.8073464590861925,2.366099832309514,2.760612138751147,3.0917505106724836,2.7497274552722772,2.4585907110013183,2.6904243647413466,2.1744936774024612,2.4365553434331932,2.5690592562618413,2.723275398594277,2.724798654943974,2.431480841599384,2.5627380274853784,2.8770025326836213,2.096387739526802,2.1735326918985867,1.8557409411084853,1.8001486974448522,1.7597093591683846,1.818561400627659,1.910476050224771,2.041503863467967,2.1473479214344784,2.5920960656549634,2.032425974748493,2.391856319703576,3.45645049060604,2.196226703452912,2.394378285125193,3.9518123618043797,3.5949320504782154
125,3.928653152211738,3.6444087664837626,3.633244571279293,3.474959948462146,3.457998195081897,3.115876083330734,2.995085828604516,2.8624568794287306,2.8036354162140427,2.3564289447456868,2.7023837282180896,3.0073306380380203,2.77448696133411,2.4510476738450806,2.597738625944202,2.1407772257286832,2.4791931915587777,2.630947701072079,2.6643364957910993,2.698411424379443,2.4348853721707977,2.565304462322604,2.83636477564156,2.0910409999966504,2.1882605881754094,1.83127552150648,1.8079488685404006,1.7519193345464033,1.7451052530607452,1.9504250309429785,2.035494176442043,2.1189503490728705,2.6177956487575766,2.0526319313698713,2.3974595032336103,3.409913504169028,2.2172933738708567,2.3445649253913854,3.792979695471259,3.6197538382806282
126,3.48020874243066,3.2944949980476506,3.262652387679538,3.1575432515271573,3.1076137764421636,2.840742273288782,2.737157980274939,2.5776001235686876,2.5664538686888445,2.1591041005284572,2.4364916432843255,2.79603801127827,2.452685541356031,2.2241775690467116,2.382970858123049,1.9945747002390142,2.1970782300007876,2.336634609540273,2.5320424267234496,2.4486368789815387,2.1541770698861797,2.329607530815209,2.576412149601963,1.927899902276295,1.9666683236947298,1.6715867087258915,1.6046032097258585,1.5968518730864918,1.5783454338283311,1.784118281256792,1.8639374299559894,1.949254263911799,2.367218919849385,1.8584086403354276,2.1793837439775445,3.1349805799445005,2.0322304551547994,2.1492650805845797,3.601746110231837,3.3116198993879626
127,4.10336717237212,3.7829153201040566,3.7407371323577463,3.618314625557145,3.638844665679374,3.2446282281358134,3.13958765016437,2.9673488071373915,2.9580351160255978,2.485179579149732,2.8756234145610575,3.2114606258465868,2.833471546025747,2.4712457091405065,2.733047138939319,2.2149645961047715,2.4972495800801386,2.726985877742069,2.841605555205371,2.819468368909283,2.48452409949915,2.6633149848558872,2.9253714564727407,2.1662065131075985,2.211602033227798,1.9161511180341895,1.9097790750593884,1.8089636412677759,1.820490690411258,2.007187945439475,2.1269418544431615,2.1619951216217945,2.6720392524159338,2.1164335568997856,2.4585208817954403,3.5586212333937404,2.3170732057070342,2.444096940259406,4.012878272463236,3.75470172454125
128,3.542173422217297,3.289382617162768,3.2824589157491237,3.1186882050199722,3.1534641572409527,2.8398841649111333,2.7636598882086147,2.6030115946922687,2.5889897516259577,2.1621679737803006,2.4839735802155203,2.7253783137394993,2.4497350461162504,2.2348264801032305,2.397969871651856,1.9816346045192752,2.237083755585473,2.380637134768902,2.469679364793376,2.487676975754775,2.182993394275857,2.406295172594347,2.586924153262958,1.9096947841582421,1.9827777504904773,1.675067144706016,1.6382891571504021,1.6260809762177204,1.6305512882289306,1.7758262361071468,1.9075792858826965,1.9509516964304734,2.404532946416933,1.9017796544804186,2.1841012214525315,3.179785800001169,2.018017846438652,2.1641453235537575,3.636086098817766,3.269636122233714
129,3.6138005457920266,3.3375296842117135,3.3273760946707496,3.188795395250006,3.1504723570085984,2.833286682520167,2.73084664151437,2.5965633470776046,2.608739508784367,2.136745017191882,2.5144170857378247,2.8257562065996367,2.5493372074967633,2.227708820580441,2.48511157375561,1.987054436351539,2.2616962400533542,2.3705737356616234,2.486270711701917,2.442212041896092,2.2473080824196505,2.386014018636193,2.6166183377088026,1.9148146347836525,1.966811062196649,1.708167705189738,1.6553524623718494,1.5986413882912156,1.6395863762097111,1.7957119766891383,1.9029281752195746,1.9547610466778553,2.4078510041988093,1.8833021699501749,2.1894696962403253,3.199330590708782,2.047189237084023,2.1482564304718577,3.6011552627006265,3.360343225126607
130,3.342621483782856,3.1620693076687507,3.1214487958464927,2.9454299714496535,3.005474034189697,2.6171639875051755,2.5599533086760355,2.4638919226782265,2.4112760487307763,2.0169996811595685,2.365035264873082,2.6264183474761538,2.3609095658893406,2.058111901878124,2.312640052814639,1.8659204796952622,2.1070425808349924,2.1877751656790396,2.2872053631640643,2.339653894057974,2.081747385066638,2.209763171316619,2.433051437054161,1.8458755466506973,1.8710675245564916,1.6084850034481304,1.546623385785644,1.4764717179089673,1.5036216658410577,1.6855278980620956,1.7607277980145732,1.815372575575923,2.23210509167444,1.7815076043223332,2.0467986274220342,3.094334316290872,1.9282210488036826,2.051901406389121,3.438834497987209,3.2828693987382724
131,3.4941459658550658,3.2117534521449103,3.1388279076280092,3.0298612014958874,3.0197644104298647,2.6954913118118116,2.6492408483273,2.5323015468598027,2.48733512614943,2.0650060502055476,2.3808057230608863,2.686062587307892,2.3805824781544356,2.153299141924876,2.333147614625546,1.9240030424159484,2.1358024235831325,2.268764079260945,2.343233578315959,2.37507851311298,2.081921311524038,2.2865114660688133,2.4620318344176852,1.836646006317173,1.8961794174364348,1.6142997937292292,1.5765959734553918,1.5160656966683415,1.5644508756235895,1.6747679496094459,1.7846384261087387,1.8573323742645884,2.3022137655181845,1.784674305493777,2.0492209260840513,3.107828189815646,1.9886161496729449,2.0852857597249095,3.5296504346435955,3.333249983095032
132,2.861675558202207,2.641338257573892,2.6656010242556967,2.5466847279620604,2.5659048403921965,2.339519126033412,2.2626220089779956,2.182561610545589,2.1366245046811594,1.8195334093040156,2.1195035174350596,2.3352574016320937,2.073047804091417,1.8939661203849858,2.0990844837412435,1.713179655609687,1.9200119833330014,2.125429491324764,2.189895886902889,2.142904851664746,1.9729348125759787,2.105339588064336,2.2843110738700205,1.7060451502486798,1.7394907713271124,1.4534252812978719,1.4355551503088635,1.4051092243723913,1.4439785806609715,1.5746495695155327,1.6263400231091842,1.7379256607818814,2.1183049269360135,1.653441106994876,1.8833140100808616,2.7703040655204143,1.8221766511559656,1.9246599869659258,3.3769874593719162,3.0332086158575344
133,3.1345343805307224,2.9654731398319445,2.96308881210933,2.8348647014857478,2.954813082522931,2.639531253588061,2.6278610028035607,2.4429558273923515,2.4580350427972766,2.0452644267264235,2.36903136065404,2.621727493808748,2.383577068505283,2.1537332680621097,2.396729008656413,1.9141979178565247,2.1673749733590766,2.3469660740904343,2.4715988081580935,2.4325467265313105,2.1958345345885797,2.349850801179059,2.506032080227022,1.9227673383422184,1.9227501631177484,1.6468850971476998,1.5884224592172986,1.5665590263687175,1.6572939039375651,1.7714603854864914,1.8474879624062188,1.954222157836109,2.3702386618471976,1.8804300969697272,2.1558004526777554,3.1152324703897385,2.0576748743634066,2.148132742663563,3.799172247203881,3.3831909749752813
134,3.0192458541474636,2.8720403202579865,2.878410859973324,2.7538660020034462,2.8440610960606234,2.552666911270462,2.4659958205638723,2.3635169322096665,2.3254371898408417,1.9852336892957783,2.2864744165400555,2.5069611864308357,2.3229456510969113,2.074585690167214,2.2929963504355833,1.889490013826479,2.0894125607731198,2.259990750208186,2.3506638841203826,2.3011803875828014,2.05165357770226,2.2617746653223616,2.4636011011238286,1.8552102830302468,1.8967315967668006,1.6083949661561288,1.5875050256607155,1.5280225398700613,1.5855612511864405,1.7026678284159575,1.7573820226952277,1.8972397452059042,2.291796645250713,1.8042884531036032,2.1002454998749407,3.062611964668265,2.02283187642102,2.119984252784585,3.6573016204697657,3.340217138837336
135,3.507079489614775,3.2574629901426864,3.3563272437278555,3.164258445560554,3.258162143038095,2.9024222878687063,2.8363855835764764,2.720854343303932,2.712328263675438,2.253448791122782,2.672075028611823,2.9697481202595335,2.612590387669894,2.364357271025559,2.6141952916476052,2.1516491118291974,2.379129371729015,2.5775765618756603,2.704870163532307,2.5868675408747794,2.3913383655980835,2.58234256649206,2.8067113330012456,2.1040833113431012,2.159382720823444,1.7971374562114966,1.8074596132189684,1.733444942936264,1.8209644923813395,2.006357833659719,2.009114798471038,2.1382875955045724,2.6081573682652377,2.0665601708363104,2.3564153642365175,3.3998257442848088,2.2342612578091967,2.378754593877321,4.231422443101727,3.7512592597409258
136,3.604019138078673,3.3600954635877804,3.3908490891456124,3.2696953490060716,3.327646294096077,2.9461097202045226,2.9447710905882656,2.7814003865532757,2.725746530547164,2.3028247050291477,2.6796391324247124,3.0010434343747416,2.6943749241701718,2.4200945889710064,2.6286124083541345,2.183937585083738,2.4770097191887332,2.6580476101890853,2.747613503432322,2.6965919363864668,2.458796333421671,2.6609505169781924,2.9074351231087516,2.1832044773672554,2.221705237210759,1.8642697967842243,1.8715568727847844,1.7746460123194756,1.8689997654498611,2.0036244760154105,2.105955950028087,2.2537962129525377,2.6950223357432286,2.1005793825946633,2.4478835780640007,3.538653073913826,2.2645272578185875,2.4205459958835918,4.3437462825378415,3.8083679093290903
137,3.8067316549703842,3.565692537082221,3.568737366193671,3.4710886457798273,3.4889390453533147,3.151322387933244,3.0856233455074373,2.9973003162437992,2.8932597323246854,2.4334677452892484,2.8697288387049618,3.2065627811086164,2.8362029776413977,2.5225354925825507,2.868559082190998,2.2916324981824783,2.5617018136734164,2.8096187695670687,2.9025708454674946,2.8510896192495374,2.5760910354948097,2.7922874039344725,3.0428200268724175,2.276786650844533,2.2907340545962267,1.9551566854247109,1.957361615577329,1.8827363022872305,1.949982534215019,2.1439763592423837,2.1829680864935512,2.3303132506496533,2.8579381863708044,2.22565855361733,2.551575511624012,3.70422778879315,2.440863749387865,2.5731777161113727,4.547521495600142,4.007016593417613
138,3.672235025956359,3.4621120972397863,3.415014208126988,3.2459354593459686,3.3123618012044944,2.99657281962449,2.959216711251121,2.8138504264967015,2.746492635925076,2.3445627919541834,2.686604003826255,2.956200216293779,2.7002655712115726,2.459179738762093,2.6624944491600737,2.187722585537496,2.4738069587180207,2.6454866469110305,2.763818934804718,2.6831783819297845,2.4481516707316366,2.6620966809919757,2.8089816301043795,2.1743423561778688,2.2234527374374133,1.878880844680685,1.8714171553559045,1.758460538279587,1.8762013940626603,2.06534253764107,2.0672668739460764,2.2356906658305618,2.7213574036138954,2.105696465427672,2.45713997584604,3.555894313039749,2.2751931586543215,2.447157258271111,4.27636896440948,3.8738454496035293
139,3.2818902293950565,3.0696282203529606,3.0440343329884216,2.9935994421053302,3.086245312401561,2.7365388740503778,2.676989785182575,2.5330715328395685,2.5275847444707176,2.0738870364281357,2.4747022520829915,2.7506393979973978,2.4896620913967418,2.2224528385122126,2.4232660756142486,1.985838614724259,2.241316952719582,2.4586712547114744,2.513610944264642,2.445258325809169,2.235730152308802,2.396629341153038,2.6832224657466344,1.9982699005088467,2.0338190796138207,1.7003191205296768,1.724748287056744,1.5835607962398808,1.7210749784698762,1.8452018288913785,1.895237920363874,2.05385935319298,2.4723715675916864,1.9437786323295103,2.239125395846512,3.289902002535043,2.1041330582953113,2.266152485209554,4.070336572507862,3.544940968864921
140,3.5667251296508002,3.365453588248947,3.38653362990193,3.1956529763322887,3.309778734657863,2.9613689473723124,2.9090181482412474,2.7426178056597177,2.7150814220497046,2.3126964536863825,2.711780164395531,2.95777426278968,2.6509102614471454,2.4236671149404554,2.7073770055719932,2.1227250319257838,2.4474863463238683,2.6167100765364024,2.7126682815390644,2.672953883262413,2.478824817954845,2.6484781524382734,2.8677864853522577,2.1335765062213583,2.15131703344424,1.8507546504477428,1.8437452523304365,1.7894558389091961,1.8363491835292425,1.974428264570137,2.0394164474942267,2.2456080934922,2.626491142577292,2.09648204231999,2.445253613948736,3.4878268738520255,2.3056582754385544,2.4398727003840732,4.336435406737117,3.7356299088611244
141,3.4410690219924467,3.2835437698283956,3.239865358890304,3.075463731260179,3.2048449889985586,2.768710785643712,2.7720286707317223,2.6399257816644246,2.601814997408103,2.2229365930490803,2.5972069567243627,2.8568959782940815,2.5702770333147766,2.2850863734640643,2.5007873667236935,2.0743030432141447,2.337748527621557,2.5472304020062055,2.577926629070658,2.5533193155356093,2.342126071716237,2.5054254058000125,2.7457211864010524,2.083220010728799,2.0715232659759777,1.793835125974435,1.759201314958452,1.707424085142115,1.7674519499709986,1.9225469781678408,1.977896272984175,2.11756320555165,2.593256377912822,2.034769034150004,2.331811869596959,3.3747095841320616,2.2176086527479795,2.3317381804893724,4.017247219504184,3.6698838209968754
142,3.3390634558136414,3.184863781929376,3.182111037987262,3.014975296138963,3.105625875082588,2.7748426291978276,2.7237611284293046,2.6143941322938216,2.5854499495395293,2.2034501081743683,2.5433215965466642,2.7986553150902442,2.5377457316546286,2.2676524389022235,2.511903520480594,2.0474427350369493,2.260102088418378,2.480977427071463,2.6105597830868477,2.5171298653173113,2.3303917893269244,2.463859824903619,2.738194080425705,2.0214085605223637,2.065391961805732,1.7687541098999373,1.7225533791044312,1.6513508939880195,1.7514920576678916,1.905678750918347,1.952092836964502,2.142284823748381,2.5072439351197855,1.9805218644697213,2.2675769796851384,3.313197018697975,2.1957092453700344,2.28573986545998,4.079101812037234,3.5718567713387364
143,2.8408687317738757,2.7343627490852542,2.6998283866991923,2.5564959008003907,2.6153788038876447,2.339659943281157,2.372920743781121,2.1967093817338994,2.1699963622013634,1.8505792832739403,2.153095168780011,2.3989620923900574,2.1778217992568103,1.9258264192571248,2.114183191381759,1.767962668891696,1.9807444025610952,2.0792880592199126,2.220465903845001,2.2194929708166318,1.9457552659157418,2.114182468363947,2.3549258365927845,1.7617183075771883,1.816074721394594,1.5159197398662045,1.509850813624594,1.4639019113684875,1.4932265366126485,1.5811293965978308,1.7098981037544376,1.817824408229265,2.163820893324416,1.7181956495944297,2.019061174233336,2.975275063931118,1.929651532188383,2.0271091121889793,3.558539157333586,3.337254372094733
144,3.0283428130587997,2.856846768241401,2.8252168641120154,2.6983049711408102,2.7728527496440982,2.4941238315463936,2.4117670576556307,2.3253816321349907,2.297658301687177,1.9170971257872247,2.2189802678865185,2.4793115311627467,2.246413937832695,1.9862579725256042,2.210924250416874,1.8185001870757802,2.0661345169742997,2.1977411533051923,2.3147664665000756,2.3130194276017693,2.0079821243367566,2.228579394713732,2.424366339456964,1.821455228638191,1.8812149719014393,1.583671864768363,1.575784599828179,1.5306435935431313,1.5445928545656047,1.7000740236248544,1.7988262684394043,1.8878970026909985,2.2740318496944987,1.8284735774848833,2.116727984322421,3.1510266852389464,1.9968554982953477,2.1046336619739354,3.706872647333486,3.435316422492484
145,3.108556313851195,2.886739965900896,2.8415633176040695,2.7794322346778673,2.826350732800124,2.550671318699896,2.4570467961260896,2.3513374284918194,2.3491434121994406,1.9388501448318463,2.2690218501214394,2.4566550455420764,2.2703844233830868,2.0351013919743477,2.2180782991945933,1.8272810737524883,2.0995328526965107,2.2150636667330224,2.341347868007287,2.4021512750227516,2.0976625156601054,2.251741625173796,2.4582232656000516,1.8542118528858207,1.9321830816701795,1.5976867565313901,1.573791290365867,1.5256795255175108,1.566772568162055,1.704561860549587,1.8137244624281956,1.9132741326336453,2.2649537056298934,1.8006951988842972,2.1111154547149376,3.092564688013631,2.031889268072493,2.133789790776755,3.736494368586862,3.482592446909059
146,3.1347400983368,3.0007920799060805,2.9694778588219766,2.8274809429236334,2.871477001541924,2.614445277254774,2.5660770322317896,2.3949698198797136,2.335209294851151,1.982923025537378,2.340117371135918,2.616269849633484,2.3327639708899297,2.116157817109925,2.312554843707802,1.8774490538993045,2.124591502782051,2.2368896413755786,2.367957041087299,2.4026325470014913,2.1200879761529996,2.351526200762578,2.5122610412126396,1.937582952906188,1.919459888308413,1.6644311699356318,1.6407672573378096,1.5769497456285484,1.5918890440898836,1.7225495205380887,1.8306255590376848,1.9541820245887906,2.3976316039608907,1.859477741650698,2.168823739563384,3.283731621632668,2.1327401815579345,2.175191739416034,3.7278058840966137,3.6534524598999343
147,2.808365170890409,2.6183001758593147,2.5817945122495765,2.4994036221775935,2.5563338547658003,2.2645009201190454,2.2435446768398744,2.1368725660410615,2.102521095121163,1.7688600212630143,2.0496390824167734,2.276322638599321,2.0543283452209717,1.87297142065856,2.0465112316209453,1.6706608997052435,1.8910287847688465,2.0079282445510023,2.078584024803182,2.1238273818342197,1.8547572981792977,2.027138436028054,2.208106431737349,1.6921427715851556,1.7358446293946432,1.4555938106763875,1.4481330805257047,1.3845846831370117,1.4166319272477157,1.531952779142965,1.6352515814669732,1.716576050955213,2.099840795699049,1.6564920774538636,1.913862335189855,2.8459162814113026,1.7946243396205641,1.9594962810239422,3.3254788690106065,3.2015668108185107
148,2.625592078880651,2.4996092501960487,2.453503410541736,2.354383224501812,2.3909905263587383,2.127800530027584,2.082332292971251,1.9919835866054674,1.9573583736175078,1.631185308978023,1.9167802753210483,2.152230238097372,1.876774607021253,1.7209593369143712,1.8986581577544153,1.5580657012514725,1.7323867202315135,1.872950178651963,1.9863076251751062,1.9859986431045051,1.7591026392757125,1.920459039934262,2.057789709289104,1.5789309399782165,1.6221425145287387,1.3659571083651896,1.303294341471054,1.3167577239032333,1.2835084848267544,1.4447501945680805,1.5182565346231585,1.6026555563812392,1.9562765653890162,1.5476228102828458,1.7518360226744953,2.685551065050786,1.6890343446984166,1.7920204454447781,3.197060458635424,3.0051900103133775
149,2.533975509771112,2.423229809683093,2.386329202330793,2.297587601909498,2.310284152079837,2.1293056182351022,2.034205533553127,1.9268753243864802,1.9731735327075326,1.6577243810644835,1.8702060158825473,2.1253379882475407,1.8721236619569148,1.7349767623825365,1.8630085308966333,1.5386475718550856,1.739701862744073,1.8286539423553352,1.935506115898372,1.946703131642095,1.714152564924108,1.899259114697068,2.0254859742300106,1.590983107730956,1.6181925868641849,1.3359853808385778,1.3339357466674058,1.2620156423617144,1.304785681129841,1.4334500199158002,1.493408831125202,1.5729586956358081,1.9029483792963728,1.5363867908538806,1.743099699829178,2.644409897203374,1.6984112796707134,1.735382116330749,3.076128707254672,2.9060290091418075
150,2.584988894170991,2.4766360154834666,2.437908330239498,2.3641872277812963,2.376467935624964,2.1512053644539284,2.132535937010282,2.00103051095956,1.9866432757868697,1.6902912623296045,1.9266417428621194,2.1369802979242,1.9269066336434437,1.7717943310515796,1.9279407136780995,1.5794077416382162,1.8251762468819233,1.8895233298466032,1.9630635125571145,1.9851359793086132,1.774847018428979,1.8856212683734677,2.0739014639340287,1.5625206796786981,1.6198108956935537,1.3315121486173678,1.3135265923424837,1.2986259494410197,1.3143613379319972,1.4300624809313196,1.5211182181164797,1.591231041948115,1.927679394507246,1.5551134043725992,1.7829055886934462,2.6167883682875672,1.718805150820138,1.780312551516413,3.0694416422553013,2.972440249665856
151,2.780616146913856,2.6772136818326513,2.613858244592309,2.5714202073451204,2.519767096933621,2.329883529408341,2.26208955122995,2.1189740799143553,2.125233147347735,1.7881558117373477,2.0794892973717825,2.2987573615747188,2.0516991510553666,1.8591233250952623,2.0575960879355257,1.6470824053752373,1.9019774157917901,1.9782493658555806,2.112017242463983,2.1059741275861454,1.873917985591024,2.042280464318611,2.2185438592128173,1.693714966766571,1.7172944373730838,1.4560115618524394,1.4193351492621216,1.3842745759295016,1.404864901353416,1.5269456606654637,1.6278075958264548,1.6982063892985115,2.04189429763757,1.6262384169437831,1.8807236988666385,2.8297261999700303,1.7957685930930967,1.8936329462867756,3.328051817169736,3.11648056735641
152,3.194962220407359,2.9803087102424244,2.976897848539192,2.8311239193052797,2.8739147949575847,2.5692658471946457,2.5061017210901433,2.3653669147870175,2.3786560540943187,2.0009099588858317,2.360548496956523,2.57388503227123,2.2944667511764703,2.1014984807608506,2.2686752675891775,1.8946476670391277,2.0933785988275924,2.270131368623365,2.3510269874436203,2.3639771990610132,2.074525530943313,2.2458199804478225,2.4733935181675055,1.8693475065517353,1.9236013045608276,1.5901730693109608,1.5724565532763344,1.512172529326744,1.5418103756176635,1.7277758252127862,1.8340140630791082,1.861234744847003,2.305459084810917,1.803993952120537,2.06795106752808,3.09953392686503,1.9908073802599306,2.0825061746300566,3.6180840812592336,3.455818948585659
153,2.746715063046281,2.552413503560571,2.625370570973835,2.4836789111903506,2.4649855510813845,2.2567187617689295,2.181932961476488,2.1062354742005702,2.0356071594415597,1.7294482518069263,2.014990447329929,2.2559478002586317,2.0241330976196927,1.832201058074486,1.966951964243055,1.6098776849700427,1.8553653090532152,1.9452297381467556,2.0370477094870396,2.0617978605628826,1.8199359937752266,2.005135853462357,2.1522355114128544,1.6691841708155462,1.6963818712743166,1.3962464066179197,1.3821818097584464,1.317655072872787,1.342848156447808,1.5044779002622262,1.5749657868709734,1.6610528459883198,2.0063587677034667,1.599388866728707,1.8390575232346746,2.789213944208936,1.771193289068402,1.8248446936260962,3.227232568901925,3.0720927455867812
154,3.3331410965282893,3.1342366328339333,3.1363287518945375,3.0375402411579633,3.022667033277689,2.713977149124087,2.5705534614920014,2.5541714300384157,2.4715882264605655,2.0803844355984835,2.4538656125637006,2.6917461259014,2.4312341794228254,2.120554008712144,2.329479313354207,1.937958230989179,2.1812966311318407,2.2609385266488986,2.461408399864464,2.3810163222880223,2.2215762060015054,2.3298659073488293,2.5764407557931457,1.9698009973887163,1.9002756017277278,1.662983746803675,1.5952432133466623,1.5332378428007896,1.5987058339834812,1.7310457043835803,1.8529035865071266,1.9227590050457557,2.327467175427621,1.819269412555675,2.145037955153688,3.0949257286251166,2.0242251382241854,2.1592124732677984,3.6863339011412584,3.360997044794355
155,4.061005066667741,3.7957916061917127,3.700711413016432,3.6216673644575432,3.6773799782122296,3.2486603285386506,3.159398470837515,3.0404337603745883,2.9733070155276913,2.51509575343123,2.971131851524533,3.23991319489687,2.8321989600525517,2.5201133661601482,2.818077787374162,2.3121872234385146,2.5909106824438193,2.6931178467921,2.9001081054639335,2.7977674955430882,2.5867898874339894,2.7328473120765224,3.0236468813595954,2.355769813167073,2.269971468706062,1.9473672711779764,1.9115643525483716,1.8569305760459358,1.8769350343339983,2.0951839881430008,2.1888461460205133,2.315213706696146,2.8060484934062586,2.21087418872466,2.553762612706177,3.684983608596728,2.367185395919207,2.547986247786744,4.368897556075388,3.983442888035594
156,3.385044684054035,3.128254052948778,3.06798228173558,2.980314202354917,3.0120621213329195,2.655783793607099,2.6398470478007234,2.469423642787416,2.4582200576615647,2.0520373538972168,2.394224666220423,2.6931981845161537,2.379762334724837,2.0827663709070543,2.3449950410411837,1.9106136005869456,2.1350808274059707,2.257862473178968,2.3736773044349495,2.35674937393487,2.2012111623753468,2.3072862593574666,2.467999737791639,1.9527364036406454,1.8954828202941651,1.6197820122834632,1.5748298087482735,1.5447349062870719,1.5642152008490684,1.6983608096677196,1.7947415538029101,1.8888164483069387,2.3074158087554157,1.8150269167273647,2.092280238820547,3.058901457065292,1.968428777762691,2.1333483931185797,3.7010629399903396,3.368137015067006
157,3.0556394289233575,2.8690746213764347,2.8400298969237463,2.761964261765081,2.772763431780976,2.455542482338774,2.398874158447934,2.2735113449180155,2.282806831899962,1.9243735798677626,2.2363531104148944,2.432882712728552,2.210815797179536,1.9198598043125057,2.1510109749471904,1.7799259341532343,1.9970362134908537,2.1154696999263276,2.2218860910273825,2.153613584814206,1.9751758857738995,2.104337832488095,2.293539083535079,1.8326174771108237,1.74109211981942,1.5171023528574064,1.4811094232451392,1.418209858279702,1.4706646750917294,1.5820965998066738,1.6566539626132386,1.7386524917658122,2.1506540867182946,1.6666872823823367,1.957921900458891,2.867274749787572,1.8380826005580537,1.929331750541514,3.381397486448992,3.1644651458493667
158,3.576472607665611,3.317393584266075,3.265419261695116,3.1443957012688717,3.1921605897396277,2.836735832130906,2.800486025765868,2.639508364367753,2.640679691089042,2.1854332241674537,2.511365611321389,2.792588020068371,2.5266899410880432,2.1609027442952233,2.486152615619071,1.996289645194685,2.2410053574264137,2.382422564530423,2.476440474683324,2.436535541747757,2.2861551252386487,2.4647102988142486,2.6128046417802966,2.0385867830876623,1.9570801609541857,1.6957602026926086,1.6699016610944564,1.6020182084429373,1.6294428337105928,1.7869595262041904,1.888107971518207,2.01337205345198,2.4100773175326524,1.8936273645293111,2.257972890230689,3.231192605605523,2.111598471714838,2.171542280705783,3.8339836448030975,3.449717595904148
159,4.1355611112457975,3.87421317501524,3.8712178114594096,3.642714541103326,3.6837263204905066,3.2234401679248754,3.242164152855406,3.0258077252208064,3.0640332592255946,2.502781878871754,2.914581939323565,3.248380611159452,2.901242262603823,2.533387122258246,2.814016132948374,2.3402257611032113,2.616508045235053,2.729770765811993,2.83397923731601,2.8275165573267276,2.6357360527760916,2.7415023087981822,3.0826195432793235,2.3296181638872158,2.275617099449292,1.9337101201540943,1.8895816661643856,1.8558134046682495,1.8466836664670274,2.0365906395212843,2.1394718392077787,2.2566991728447565,2.7371643929961316,2.1905314246018843,2.4968870038899444,3.6735557955169287,2.3524583168277817,2.5061092589223817,4.293248721688588,3.9512705300852446
160,3.4690841867585074,3.220704646425645,3.177548183162389,3.053136770754604,3.0576720201343717,2.7945444129871593,2.6855522954247397,2.568225276053742,2.5063036271780468,2.104254893528352,2.4819955523122843,2.7098799331340984,2.462615042941577,2.1407688385969514,2.411556962952469,1.9330725588981148,2.190478154686288,2.2800071571860503,2.3961264283484063,2.322941383665591,2.159496972547455,2.3366852254793367,2.5540872075945473,1.9941145335488721,1.9253816217348947,1.661878526372513,1.6469297461469128,1.5398994065776392,1.5810983759183597,1.7099497306215141,1.8051415493723095,1.9149620987869063,2.308640887182988,1.820699733531363,2.164973482775805,3.1170053380849656,2.048288162921174,2.10809139177483,3.6905220280473343,3.3660175116939235
161,3.829763359054078,3.555425200268243,3.5170712224147067,3.3600762835599065,3.3491932944099,2.9944862034139947,2.9789639442116793,2.8028101475830454,2.764852870646272,2.2659561776257733,2.6316049094437157,2.932390408639148,2.6565882127781166,2.316696323757224,2.603548694474841,2.127589215649595,2.3541491673185226,2.511074129697363,2.657373665290289,2.574274491076973,2.3714294446817625,2.501323021765836,2.787401785496815,2.1754944827610623,2.048780960327669,1.7718297100306193,1.7543496475191536,1.6795607464933777,1.7169030512586578,1.8586097853284773,1.9752302383018432,2.0331859162238164,2.4870464326816566,2.0015521942083834,2.336252308451663,3.3379339974003392,2.1834231922477816,2.2913734410725866,3.94696740975929,3.587338965510589
162,3.9084620002475803,3.666799338781481,3.6072520063193925,3.453557419984384,3.4991552694488,3.1421324703989866,2.9876464239645757,2.8407333244839417,2.82723974875744,2.3021463791099506,2.7487928382786997,3.0138114075359788,2.698237195401835,2.384585910787529,2.6383083993276637,2.1814161518012836,2.4273559379582887,2.5509196313544344,2.6626240408037494,2.5631413680393145,2.384525416206142,2.6292164936448885,2.7887003664744086,2.194868516367818,2.108696330661378,1.8413189950673263,1.758655224181203,1.6952331348027612,1.727473415520866,1.9300795532216029,1.9974836932136726,2.1277294374597164,2.5439726408725485,2.033610250873514,2.365121925633288,3.413329584851509,2.183251582741897,2.3210615451832717,3.9696450094476528,3.7021947875231125
163,3.5633037797082334,3.336616138355306,3.3359713146942953,3.1251151797437706,3.1421398207715177,2.8062447149992042,2.685247878876295,2.589098077045827,2.538764705902831,2.10778904562284,2.5266603287849527,2.736555318804986,2.4336798414322556,2.156043339200618,2.3817095862269557,1.9606792745134258,2.214738701413316,2.314652072332517,2.442522762135555,2.3787261839232237,2.1942319709392097,2.3357147847465187,2.5786168197064576,1.973342967728471,1.9399978807589964,1.676059678172979,1.6135738459069913,1.548142271703908,1.5763520422758897,1.7409990197469603,1.79112007123326,1.935432911073392,2.323701637331011,1.8554165835038876,2.1401364997895236,3.0695200367948368,2.0017855946372096,2.135077965820642,3.643631612951586,3.3628421770349783
164,3.2356596359228806,3.0548525606048633,3.0370479803360095,2.9234324976388644,2.9175090917516444,2.613529466891832,2.496559004995961,2.4355717815799887,2.3604332945957176,1.9705251586723747,2.3105075822549552,2.5883211487749382,2.2727267943467484,1.993326267924451,2.2532722999265045,1.793482157514519,2.026091901872422,2.1037193026088037,2.2203962859559616,2.1536218214537186,2.0301765973315704,2.181726280366038,2.327755277472646,1.8629535231408585,1.7585144893398426,1.5186495809819887,1.4828064840973505,1.4116581386642175,1.4490504860301103,1.5954089406680072,1.6512713954672862,1.7613897470615751,2.119003814825682,1.6611055878809913,1.9589512298618115,2.8717358056774205,1.8354597040336282,1.9545029713037352,3.361820460357406,3.1008146075221927
165,2.4566469925164287,2.3272401051538556,2.3499280812434176,2.2668901429403663,2.3183989385193566,2.0772559339229626,2.0658829453730814,1.953951898386696,1.9077786953370788,1.6147777883522703,1.8962068044040217,2.09473577689878,1.9107870879436406,1.6575202949530758,1.8726508464282765,1.541515100169062,1.7659484433664543,1.8888052623724012,1.9418490100609747,1.9954468296483745,1.7646994762013668,1.9022596166525345,2.039650727358159,1.5053638059940213,1.5614836924642674,1.3220834839835724,1.2846404203941653,1.2413809705640815,1.2799019884378482,1.3750880060670274,1.436178919895949,1.5579994436194284,1.8792809484383048,1.4902196673346184,1.7197449787378052,2.6386887370206127,1.6879236093673462,1.7970243895591573,3.055055724637314,2.961045910522657
166,2.5015500101312385,2.4173259388195043,2.4365873039634183,2.353036058864635,2.3417574975397875,2.139899756966729,2.09644282979114,2.0091189543833794,1.9976225848139413,1.6731955325841679,1.9510436521373502,2.201169426009714,1.980539868439291,1.7169052751046792,1.9188877913335851,1.6035280294657392,1.7897771468496064,1.9549765956326588,2.0355826300008206,2.068112772886755,1.8249826618336107,1.9284015223855582,2.1192031738941512,1.5951257085893178,1.6157873722285632,1.3786033931339412,1.3349118065827337,1.2808258235147965,1.319845580072128,1.4338003677869127,1.5103564985283617,1.583348167133447,1.9090875518214752,1.5406670231739712,1.8092752463977677,2.7317666220312544,1.7306833819139915,1.840351151479537,3.266857919076183,3.0697300703071537
167,2.7227311137924572,2.538198846491172,2.507946807759393,2.442626334038464,2.515145073216436,2.1970580099715993,2.1901145356156726,2.0985436992217696,2.044024975673052,1.7415560562165688,2.0770838806951364,2.289364763677332,2.0524589291268547,1.7977189524376247,2.0098654257996054,1.6799903925577857,1.8732567567469718,2.0018815689313225,2.10942591283799,2.1375481270077716,1.894309941875742,2.028764942643324,2.2334050599294266,1.6145659940560437,1.6569569055232711,1.4207771353305723,1.3979679959881468,1.3382538436689086,1.3770273314362014,1.5157804972915307,1.5694189659326883,1.6776670507900724,2.025758119379886,1.6007497046428554,1.861820021420137,2.829689093500381,1.860560015863415,1.8927408902524105,3.297214859409622,3.140986279917133
168,2.7353211426919515,2.593981587338914,2.610350605965224,2.521016261692815,2.576374675563376,2.307027218753967,2.2946832275462876,2.1824637738602175,2.13938080972324,1.803840529857461,2.1097128478242393,2.3804322804352807,2.058531593403714,1.848635845209294,2.113445575036778,1.7203825515284439,1.9424750135758897,2.0614442682553147,2.160243429970998,2.1928341498207224,1.9734678241329768,2.088845475293706,2.2976935178615285,1.6863823712234316,1.7242737567581785,1.4695839640268185,1.434908031913563,1.3499315350013839,1.3977694712193314,1.548980400781646,1.6205097087296159,1.7331354586649712,2.091223767581573,1.6372866198849116,1.890496105559394,2.901637231063329,1.8442304428798049,1.981898191342524,3.3362510776078547,3.2140270637359345
169,2.5811497955606097,2.5247619173074614,2.506551768287672,2.3955645029318737,2.4444719410077234,2.2208387215181817,2.1486495823904215,2.052183017194151,2.0379687516912113,1.7208197169438249,2.060630209650459,2.2710853190513345,2.031739458857052,1.7631057783127235,1.992503743552693,1.6440707871352929,1.8577034688745244,1.9957718828139095,2.012382017402908,2.1025700061632113,1.8828664989852701,2.009086212297145,2.16393445940056,1.5888676945652596,1.6634446971223857,1.383752386015953,1.385225217173145,1.311627265301952,1.3497587557732313,1.4555282000956185,1.524161178967257,1.6198895806340292,1.9711491760531015,1.5734720286891481,1.83744043386577,2.7813048427921836,1.786212651421127,1.9157077827826177,3.251685804821578,3.078898394316467
170,2.556204256360084,2.467837759685911,2.4342210252235112,2.3267128973424387,2.399926964139821,2.171058461527487,2.1021748783415855,2.017768456502283,1.984915400687067,1.700498658868906,1.9693319220884702,2.172558936178988,1.9931843810154322,1.7386467283967388,1.936282399767431,1.5814023044842695,1.8470311047191077,1.9357739035183772,1.9710823487578735,2.0786418695914772,1.845511100925879,1.9513943426798117,2.163912974172621,1.5531876095210806,1.5850403854269473,1.389318623330864,1.3509853981736106,1.2990746551396184,1.3332583849870971,1.4465403494163527,1.5300938507601278,1.5995633600292438,1.941964559247301,1.5669651621922607,1.8311634231242824,2.7238275130536116,1.7561035458806091,1.8595392193863813,3.1439921364229373,3.1091279564350294
171,2.7079693581089512,2.6066607880598935,2.5987785485260373,2.493551853126131,2.593104432730892,2.288635003020909,2.249220689972926,2.1481543756493697,2.115401100612535,1.79341602477424,2.087991888115345,2.3525830696298815,2.0996408166977494,1.864613636975755,2.0852086860227663,1.7258610003470183,1.9067744423550326,2.067011062289392,2.1497282109838984,2.1866327783635593,1.9827556623865432,2.148355055466629,2.2871098509473677,1.6961894142590217,1.714436683384635,1.460564976226165,1.4486513150742877,1.363260585925928,1.4408174399241862,1.5612563714902084,1.6218189369632852,1.7130785061813205,2.0641929966523813,1.6350269704156724,1.9512376363904058,2.8947625095894756,1.881774634383565,1.9398014497511586,3.3060375067115513,3.2026582827324135
172,2.6436649163763724,2.4794644552355516,2.5361697930894653,2.4287767016877817,2.4656087860064404,2.1958366669243015,2.178172821700547,2.1014606601016363,2.078219791522215,1.7347159493350615,2.037964196032434,2.2738629207275354,2.051970344257043,1.7925312058132425,2.002846274480263,1.6517243557245804,1.8576189272509,2.042521570082222,2.0807453676961467,2.1262013835956894,1.8796848924004712,2.027598788193077,2.218104372381661,1.6266906995928125,1.6645350729247568,1.4242567513253073,1.4144078796515478,1.3279182784402854,1.3884036926917345,1.4972964163730977,1.5853622506556373,1.6968560447959704,2.021321996055629,1.6046738579118125,1.8494361123542058,2.880837422069146,1.8245654800539999,1.9063546159725262,3.2675886317948337,3.1146377836908914
173,2.701339911370254,2.530674945885903,2.581643168676419,2.3933467160527875,2.5288528684643796,2.2417683130308426,2.242340910896467,2.102531768596835,2.0858161736974914,1.7608177754334577,2.087830863203459,2.331813190796831,2.0724997607584132,1.848804793833927,2.0758744606201613,1.6932398645518907,1.899218077322811,2.0588824265125227,2.065052415349927,2.149852403972503,1.9531356094466177,2.047602020632595,2.2179595647964545,1.6603294219389888,1.673529299451674,1.4351691099849142,1.422129145892836,1.3759168045451233,1.409417433912083,1.5445161159325689,1.5485815738659663,1.6838574494254848,2.0481657481162925,1.594428336933069,1.8947084580846705,2.8451118158912068,1.845604826660978,1.9742705522287765,3.2967483486344245,3.155420184144722
174,2.5495014720058835,2.438637709950205,2.434104966057421,2.340149488000864,2.394467360713813,2.157206108240035,2.129205870035567,2.0162981395707464,2.0130711937836248,1.6585617975447295,1.9844599948301622,2.17318866432792,1.9744044442064168,1.7490352955511588,1.959308918446396,1.5979015575255966,1.7986511177292708,1.9486313597944511,2.0083293991619033,2.003510823871604,1.8299147527012407,1.9763725671891348,2.1551771898680347,1.5793080694856945,1.580079180844203,1.4027965395775739,1.3589689534449065,1.287110131273547,1.3444289659252093,1.458252340586955,1.551307326079354,1.6177022160911072,1.9558114823848742,1.561857942435527,1.8227944093509905,2.799005168054208,1.7734248418551932,1.8634990439466657,3.227379966281917,3.049300764107682
175,2.4813040241550506,2.392104492190966,2.3214435009187304,2.3154100806192375,2.339062334325988,2.0723465153936225,2.0408167550987173,1.9462474146491557,1.9223357260360678,1.632628584800553,1.9301756802283458,2.144616021100526,1.9295792974627066,1.6780807254983305,1.8949780067935311,1.5568263830253715,1.779293615101599,1.9256431966223524,1.9528769918603583,1.970451212696792,1.7851723495510088,1.9042270397010093,2.086843468721776,1.5364953473610399,1.5749203635023297,1.335277372202604,1.2986317823635032,1.2545805592277313,1.3244017993427943,1.4069539531938777,1.4671080006937327,1.5942417553400254,1.891888098601703,1.5153597553317424,1.7523000085045106,2.638285012088285,1.7113839393298418,1.8316244985278622,3.1464288997154486,2.9583861881072844
176,2.811617915603778,2.621343620170227,2.626386737015107,2.5613583094026025,2.5912844974559235,2.310544849171447,2.305198432857052,2.163506149271767,2.1412001440710786,1.7938036108449176,2.112972262614709,2.3208922316409186,2.0808268908160565,1.8853350460808054,2.090465941765254,1.7147527676410508,1.900203559066539,2.057926066589562,2.138093056422958,2.1225152561993186,1.9181596488650445,2.077948860593982,2.244264315164385,1.7095612532119888,1.7016133978509098,1.5085870979598284,1.4506074185480007,1.3967922956153709,1.4385156507528765,1.5814438134509103,1.6602198634412597,1.722155586418583,2.0923723657309288,1.6549973231719202,1.9615666162329952,2.8808715603421002,1.8584646981096378,1.9694527510051443,3.5600377609920724,3.19446763907097
177,2.804050108651844,2.731747535939322,2.719817609055044,2.5602623223808707,2.6903667839035914,2.3699537576922958,2.3435059085389973,2.229387622657369,2.1537724705888346,1.8310361326237383,2.165867906987299,2.39141877711507,2.151670521908734,1.9538968332584858,2.1343904374244693,1.7269044195747423,1.9735233194591488,2.057462676015022,2.223470108299261,2.1585480662562646,1.9694842015631004,2.0884152377594707,2.3596524776492567,1.7464536587634079,1.7480350016975925,1.5608882364619852,1.4738827550711817,1.4289132929124941,1.48009598682015,1.6309743035239155,1.6681707799775003,1.7901847225915046,2.1856346009949332,1.697622676781415,2.0203001799527507,2.9273472784771384,1.8860858269108174,2.025351084138603,3.59535001771723,3.2558842714335094
178,2.7075634583666846,2.6352083729296716,2.5615427567915607,2.4784149595514324,2.5151208481811036,2.2129553415468806,2.2311922913557227,2.1128136141557587,2.065339505698781,1.747033772245399,1.9948501837755783,2.307768956236508,2.04604529149601,1.8373764804377324,2.034957100841296,1.6813820052998703,1.8991481087223874,1.9903246270215214,2.097308839547818,2.0658014477137443,1.903815346764935,2.0322109220183187,2.2082894046665964,1.679449198450456,1.6807092594856574,1.4678938368976984,1.4257330365257697,1.4028491662899474,1.4112165313862188,1.5430797973036765,1.6269360732560314,1.7057822404803997,2.089138305849586,1.6423409349730271,1.9011218113288895,2.806607093620322,1.8643080992444785,1.9179346594724778,3.417867825427388,3.0926018031881144
179,2.823813144723459,2.660001931815436,2.6606191445982748,2.5632845472143666,2.599510965193342,2.3238190581895903,2.2758585724138216,2.1887116563057782,2.11904013838266,1.8090426799059063,2.1030231858715585,2.3656048316806184,2.1029197191861915,1.9057095511733921,2.057105846365318,1.7240311865207507,1.9612383496405428,2.023998480613944,2.1234391263508168,2.1251463679541556,1.946797641279092,2.0898548643029984,2.298381483876094,1.7184693821036963,1.7458750258018083,1.4965235504007208,1.4726346983717364,1.398547922248471,1.4480516604511258,1.5740028348781494,1.6422058289016759,1.7260374008955697,2.1433301530349724,1.6712057560286884,1.930248758804105,2.879459441624137,1.8545218084370707,1.9596445563588027,3.4990158646614096,3.2344190947593243
180,2.544098021036677,2.482359738203258,2.403388895300004,2.3243473543731397,2.330086049443511,2.1011513469556906,2.088881394416714,1.9861248550162471,1.953267586653705,1.6668845558679604,1.912841681811471,2.125500169192453,1.9215331109169373,1.7307102741480926,1.8967339487528054,1.5849340508545424,1.7356775556919937,1.879888727332653,1.9698850039480509,1.9679212593257984,1.7662849979852566,1.9112545313833107,2.1204958908284577,1.5767731717289275,1.575774175010251,1.3979624099470065,1.336157017477195,1.3068076495823002,1.3116768810170014,1.4537388970028544,1.4914818350828525,1.6309708000396463,1.983921623914395,1.5175853325749729,1.807968028800308,2.658054671684358,1.7445604887418533,1.8197065456283377,3.2865840019171806,2.989253366983561
181,2.663397562407168,2.508909550966161,2.4846813181188,2.4228295844731838,2.4417227078681476,2.1996658799642854,2.1401409432428258,2.0478316283471703,2.0373655525878545,1.6810505154335098,1.9516626400565062,2.244928961287204,2.0342900448815806,1.778207467850402,1.968404619941464,1.6004829753973682,1.859189479529997,1.9451193744352615,2.048038183634294,2.059725708512879,1.8560423380222464,1.9767721669699647,2.1608734563475513,1.6692126660354307,1.620238748773949,1.4369186362483266,1.4194348750463386,1.3316520479215472,1.3527081847708498,1.51414697974851,1.5618382186141009,1.657735629295027,2.008554725804084,1.6379783925606972,1.8386463964060997,2.7618154681209,1.8274696786303835,1.8894252736462933,3.3591594763931973,3.154176739394194
182,3.0278155969977525,2.8836019713528294,2.836760086006586,2.736461533781394,2.746898278685602,2.4749151807011986,2.4796002689750645,2.3474986352762937,2.317654972735136,1.9476978496857882,2.2334217622447112,2.574270741198605,2.292757365296951,2.0500248320440737,2.1898537685084833,1.8348411123121795,2.076788735384126,2.1470447885713337,2.313219051161598,2.29781543389085,2.0190695741479585,2.2224638839823285,2.430919095939095,1.853795241973468,1.8516117531963552,1.6036488755721312,1.5514756292868062,1.5029649794596562,1.571552771478423,1.7154622534431028,1.7573918470361793,1.886148724907985,2.2702665118325447,1.7895796907324606,2.076278190453989,3.1053044109511236,1.9660080409098288,2.073264795413191,3.682573855552338,3.427019421043571
183,2.921623580822942,2.7843694235217438,2.7493445677033526,2.675935096145733,2.6731323284356234,2.4159496348880416,2.3751067624355495,2.257014866331869,2.2660596824265853,1.8739142723899902,2.2054027516708583,2.433613474838549,2.196815299227736,1.9678744917042503,2.1584242389676063,1.7790244727040543,2.0047089411250676,2.1299839158112563,2.244325667794358,2.207122412245894,1.9836548566998895,2.1672234216505997,2.4019739054140796,1.7952926250278933,1.7922566833182692,1.5781300925064488,1.543281549917468,1.49080507353135,1.495372680802544,1.6160275029665156,1.7201873901883329,1.81493108407495,2.211613353864884,1.7439503425137766,2.0116638150442374,3.0231625585575106,1.9419374523264512,2.066071544049346,3.628760116870822,3.3503596308477848
184,2.8692904182891614,2.736894286910361,2.7378503696910927,2.5666977233279598,2.629856455634822,2.356420828287261,2.3980091122570486,2.2514477800352934,2.2378914867083357,1.8598067450874762,2.113622251614163,2.4581007362560516,2.1508827854144643,1.9239765233594621,2.1331653667823076,1.7650401003016438,1.9760993255899888,2.1100111529459133,2.2275710165507645,2.210556923152604,1.9744299157193912,2.1601955999751103,2.3494634235162013,1.7785062207025655,1.7557579029955213,1.553068566691392,1.5024874752538213,1.4460915719904925,1.4875207363763447,1.630297262547677,1.7318509262834316,1.8224865102772656,2.2302164904019826,1.7269833198678803,2.001840932380631,2.9193137379664806,1.9452677344220466,2.0114264583135752,3.6476330144651796,3.3780500015134525
185,2.9478192627887596,2.7599542548321634,2.6732142237838388,2.6227972393083303,2.6570622990338184,2.365967226623486,2.3771766142127895,2.221528855787466,2.213098349194185,1.8525262409406074,2.1939751004707495,2.4285986197430516,2.1724629905375195,1.9327823564343236,2.1311325169121256,1.7849339934422723,1.965268309964904,2.1360271303097234,2.2398170682901486,2.1907366660697605,1.9902649009365088,2.14749022713125,2.34428841712941,1.7813066990341404,1.774817165965307,1.5070624976483136,1.5186615935139778,1.4591809855200146,1.4949710709928845,1.629537213625818,1.7141084058640867,1.8151827387142951,2.1823358390636156,1.747899669439233,2.0243942614309405,2.99670312660935,1.9315783919007397,2.007773040297857,3.5216106289639066,3.396080619406771
186,3.1403024268737236,2.9965685760675256,2.955753610515982,2.813234249312366,2.9474297252992976,2.607685881267312,2.5055273364516792,2.4129512144989427,2.367694642741927,1.9980761039191095,2.313016228383535,2.5871283014372093,2.3666347649616433,2.0586746006974144,2.304446367920894,1.9122400757790528,2.120708997056545,2.2810888909905125,2.349822357829665,2.391256227306469,2.100523930208994,2.3348933755424865,2.492286300814624,1.908173375847576,1.9047898098331664,1.6767095369325709,1.6331690140469277,1.5675212417552706,1.62631293719754,1.7532710144631087,1.8121643300965977,1.9645895609931556,2.371182043894773,1.847833976625347,2.1805067351692857,3.187514296293904,2.0801034107901333,2.1557016923270673,3.896845885814268,3.612071094373716
187,3.155868157951348,3.0043567403842584,2.975144040284906,2.8243525518533623,2.8579496095360155,2.5497476111928177,2.4826864087909746,2.410718334081486,2.3570373764602564,1.9633533656136661,2.288002296479391,2.5765995406138162,2.2875354332748303,2.0320620063540744,2.2658832932677893,1.8396414765202476,2.096886365719222,2.2844884286458313,2.280563215550836,2.369347055096075,2.0880609308704132,2.2644177361096354,2.4773478144457104,1.8562157584971957,1.8366479582391722,1.605571483321666,1.573895328770607,1.5236632804416288,1.533457160731797,1.7028497813502361,1.7988279570862096,1.9075980350418178,2.300663040013405,1.8222020738723483,2.0857516167662613,3.0987497670586874,2.0057174452982136,2.0971175379605302,3.6142867001396555,3.4195198100169137
188,3.321518640617115,3.1376627947390032,3.0820007643220637,3.0203552048565623,3.026879387262422,2.7354747997697904,2.6771430182238327,2.538191616796641,2.483567111249743,2.0995744058499457,2.4925465060828507,2.727822319899033,2.486152748704008,2.169835876156846,2.3813019413428513,1.948373043705785,2.1972307562098363,2.3454570003524573,2.5003512089882203,2.4876341440574468,2.218849471025525,2.4035864171418004,2.588677013560936,1.9816781283231297,1.9588077165181403,1.7169096103083599,1.6830699008668448,1.6075967547583068,1.6496186617082622,1.7985633987806795,1.8906580154325456,2.033992527324153,2.4307433884048084,1.9049311012280274,2.2181032180302145,3.2007741078919247,2.090866471302004,2.2371264507483573,3.80550351405427,3.62240038614031
189,3.175830165865879,3.0455090847573274,3.015080024624293,2.933450778839909,2.926165224395816,2.6716667538461123,2.611127637513117,2.4606098375178016,2.4755888568313553,2.0812400292756066,2.40897932039216,2.7143184487809777,2.385141746313036,2.0973883719296262,2.3806647280749558,1.9296149418245427,2.1955840388914893,2.2927887712019572,2.490840352723348,2.4004077435452107,2.197476846346184,2.3444809447848103,2.559678337794615,1.9468840122795537,1.9284560300666571,1.6856329214507053,1.646835092254369,1.5612678221584633,1.6171857323086516,1.7785513455967734,1.824540548910023,1.9625988825951566,2.387298122106457,1.9007817465908825,2.19075996274984,3.1541729511585004,2.065239368321794,2.192017602578751,3.765381523441197,3.513876402041807
190,3.237868249585717,3.0970973446544288,3.007945982822174,2.9456697733183397,2.9352648852620344,2.6297211124221667,2.5683399934065845,2.4481819764455994,2.4395696952628234,2.0458026813813768,2.3696045553563803,2.6380099926687812,2.3926436479828785,2.1231625949147412,2.3450034754516915,1.9171479464383259,2.15793250219468,2.306941853657617,2.3828157117057116,2.4392267454387992,2.1393396092129175,2.322159432743193,2.5500927515918357,1.9342471781831934,1.941040432127367,1.6466147721144835,1.586567327438814,1.5526621609277826,1.6275616107535613,1.7508491152186567,1.8114642273386317,1.947657727270595,2.3299562933357842,1.8566483849102136,2.1422814769480993,3.1810183772641283,2.052696205506838,2.133385963229001,3.797707091675899,3.510824187649478
191,3.164095775548137,3.011302125844861,3.0241957339393006,2.9261237604623593,2.906308925765413,2.5850388335605,2.54856169083372,2.472654774210398,2.3948853548962448,2.0044152893144545,2.337501910506877,2.6452475607541723,2.3116113780200394,2.1375997095155035,2.3084182220919245,1.9062194701324433,2.126971288962709,2.2950151393667584,2.376050203134163,2.4139446504817617,2.1512968258946064,2.3235599246093974,2.5241243664748496,1.9025776584732983,1.8875266211809472,1.6459229585203061,1.6012516871269442,1.5462089871783655,1.541579111329872,1.7390962068767368,1.8256312208942858,1.9440452541125688,2.33867061205168,1.8650547762149536,2.1255781096707898,3.1507523316918573,2.0622085768378446,2.144622409239205,3.6212323254900216,3.514357566516419
192,3.283130517689003,3.1333657317014447,3.0462884396616654,2.981206601414123,3.0383909514693377,2.6938240808889664,2.652264390825348,2.4576297439834334,2.447712982888416,2.0925599369476444,2.4005245673194184,2.707298623684144,2.4526447164624523,2.1408749271750516,2.3803299797476583,1.927875317018438,2.1757510398415523,2.336199883911001,2.458614384409271,2.4297218447390985,2.1771913718625053,2.3485007869053836,2.5755159401049066,1.9277720967215082,1.9559688877046804,1.680913118460767,1.6406096381791753,1.6025130826501053,1.594512022634265,1.787756268133665,1.8541815067599177,1.9202687098853393,2.363367657317118,1.8739062928925752,2.1681170804075225,3.192137362887225,2.0929070723971344,2.161858475486769,3.7208466341153503,3.5423498815705785
193,3.3983906682735037,3.196755947700782,3.1073262235828456,3.045207857199704,3.0419457716374723,2.7089874973545034,2.6745007341004152,2.552189828174604,2.447342142096841,2.096450739450116,2.409622999443503,2.7186663248306417,2.390383299547345,2.1895697171841344,2.383242749491641,1.9983963374289502,2.2165113353809636,2.293287624138883,2.465183686724472,2.461484924023338,2.1911331359678754,2.4015037705509084,2.6114359130774063,1.9549564712365088,1.9624992903559524,1.7064025740730646,1.6566134709016425,1.6073811946114696,1.6187851576809853,1.7725125917689266,1.8753567403251903,1.9844317996204017,2.367272393622621,1.9105612039713242,2.2000621930961106,3.2507071221447306,2.1083125027626477,2.220163472433002,3.743414107043816,3.5498385335647926
194,3.3322807495335964,3.102315104344855,3.081312263875883,2.964409122265149,3.0075594787074738,2.710438568795756,2.63579168356568,2.5207910682361145,2.487181474672777,2.07882322377782,2.411432683588318,2.6738805292978776,2.3974591643162055,2.1756818810952736,2.363197011702706,1.9322828214774257,2.1659591046163085,2.3153820660940503,2.4190872967618686,2.463995601217553,2.1702019402446466,2.2950038878325425,2.5161893765090824,1.9229687307143,1.938740259999315,1.6937150968073926,1.5987921383316588,1.5816408097946262,1.647789724307921,1.7552098195453913,1.839868833989792,1.9382308385833353,2.331854883568449,1.8926240729436639,2.152450942540172,3.15179904902046,2.084060342892564,2.166796634398949,3.7614291587145177,3.5452643819794605
195,3.5225400407990692,3.4340725177492697,3.3904365068587166,3.1566899717376335,3.228613423488721,2.9324486490901007,2.8495422040669625,2.7068449256400138,2.6311672561965183,2.2335843041035894,2.5885608877908055,2.8651705221961237,2.607961775438218,2.3327913543815098,2.527507127290818,2.0743979459324073,2.3804197268026877,2.51354686723479,2.614984528822227,2.5902968846864374,2.3330702291155174,2.4979170397742267,2.7668230879159688,2.0817196597530487,2.0740965499937287,1.7859558073439796,1.7747855058802016,1.6756933132100718,1.7341100645277125,1.891771796915652,1.9853026680651016,2.115416761143486,2.5316125533591634,2.004739436167697,2.2997518844042606,3.44476957972117,2.260081394667932,2.3909991769393573,3.935490391020001,3.7593344272004505
196,3.9459732289254577,3.7256693548908997,3.6945520710686037,3.484641323304479,3.5776842811110052,3.1086524161816533,3.119500930955298,3.0018703181705324,2.9782001841185592,2.4742751491181143,2.8570035332143093,3.1428263525909736,2.891515546608376,2.5298637601250475,2.8012446671575955,2.2998987305712193,2.6279334164753956,2.709815908847135,2.863786339824283,2.881526963687395,2.5413062687091736,2.730887135135191,3.0079890388549817,2.2999264043155776,2.2878331842610855,1.9645461037775167,1.917891128533251,1.855168353497508,1.9003090140968653,2.068478310919687,2.170900463780321,2.291007825296586,2.8092192283122204,2.1964357408492043,2.574100380771629,3.801260922672812,2.4546803973688984,2.519553856361547,4.350831599149166,4.206929613097339
197,4.509320310809183,4.324471043143258,4.173686178803113,3.964996174688842,4.028411112442417,3.6695638418919114,3.5604187975054287,3.3476153257058905,3.3121768463479455,2.7447103556196786,3.2678792337763545,3.562182059244992,3.2544819395792532,2.8990544451347655,3.1803540320074144,2.5652138248098977,2.8397081105535085,3.0521115222231656,3.2289934044653976,3.2750013069510713,2.8203733871898358,3.108696640575629,3.4373532845998747,2.4895463155362787,2.536964913377078,2.2065136190379637,2.1799722097907637,2.0643049570517564,2.1126157576552274,2.2928985284121675,2.415528170322432,2.588459868177035,3.1640824578819173,2.457041723233975,2.8532908655867417,4.128597945111053,2.7185514954800407,2.883329090686786,4.754020495815369,4.4729747327545795
