,order_20,order_22,order_23,order_24,order_25,order_26,order_27,order_28,order_29,order_30,order_31,order_32,order_33,order_36,order_37,order_38,order_39,order_41,order_42,order_43,order_44,order_45,order_46,order_48,order_49,order_50,order_54,order_55,order_56,order_57,order_58,order_59,order_62,order_63,order_64,order_72,order_73,order_74,order_91,order_94
0,-25.161427571537264,-2.1395493363029754,-19.894188337742282,-30.357839255215048,-17.605882537720014,-45.593922638189916,-44.118584190873534,-29.886777750156703,-25.88569559640152,-23.618189387969935,-48.006991395691195,-29.390040057105736,-33.90966832552979,-35.3430838426342,-54.97364220724393,-21.81389034472502,-48.20451357708703,-28.584349925393113,-27.422685888166715,-44.69157525772563,-38.50082680754349,-32.33088176815658,-44.058750277664466,-40.04843229009121,-22.423196961207037,-53.044908466761996,-26.601441053741375,-26.330090008779106,-42.075197128490494,-27.87656842099869,-44.62953461948121,-39.75480164968423,-36.373723397211194,-27.75865854667097,-9.253644237723522,-12.635492010530646,-21.134561506829936,-31.02541859221832,-29.074347929368837,-34.2960324940711
1,25.030388156188472,20.693104548193084,53.12892489818307,44.46887851466883,58.93530173995333,24.10436254843096,21.249609932033202,-10.968509471455741,-12.131242261631055,19.487971115449792,19.840330609694877,52.85953162741109,42.10368153471316,30.855779170521174,-55.744398772452584,45.93363831104117,57.32905735657287,24.78233180635215,35.68533243271198,60.1944953219781,33.47160211358271,43.58517014487123,38.839324833579184,51.023216573432045,49.621337493565186,-24.065494862277113,7.422338821211027,8.967110392179436,20.693054559512717,7.913690710598857,2.022588637035258,40.76882923485677,25.872908743427114,37.329315970043005,-11.992071172644344,-29.806503977471372,-6.289689172650185,38.81190041020321,52.22391167195027,94.62403294031198
2,-10.025841277543512,-1.9463400170629759,-21.93232578725216,-10.551897413560301,-2.3000442853762975,-2.2010842650591256,5.629608641166505,6.581382692943566,-12.286123368819196,-5.918368071174367,-5.6482601090578495,-13.097189487617728,-3.790903376010096,4.788757454208367,-13.484864273991136,-13.89502636188633,-7.053873206650703,1.165350862982305,-13.358893197098165,2.485773153382686,-9.20948901720996,13.933383780719227,-2.811375203675474,14.99372176609921,6.2132191944518205,-5.362799734547471,5.831719924339652,-1.2000731034849932,-2.0439324231865683,-4.813918846094256,-6.972491804123248,-5.0426588312862215,-17.459425194643657,-0.45280214113257966,2.577128961788897,-6.546214086457205,2.0362379179411545,-4.292460402632436,8.297600415919938,3.242596663442226
3,7.4677505613774064,3.7510143369922964,14.74827971183378,-10.790933520059845,29.20349071526569,26.03606476156632,10.723832273894942,7.573814817008048,0.8582644729759998,7.109177951100707,13.489543254281019,13.918645131192054,12.53976161147601,10.967689294133347,11.402526309769664,4.892914925846331,28.14608274170082,-12.725954078732475,22.367076588988624,18.62077423771964,14.741956688180398,31.618009353441785,28.829823806320125,22.10060798997932,29.906017367449387,5.070649330532364,9.054303118148633,11.832425585451677,11.34147170353029,16.622852721596622,20.84419576606759,9.754423477969056,19.47685464344732,20.306428048100994,11.054394558960254,11.538060083033514,20.33067246434828,13.605709666132869,14.418892888161615,6.444202474499382
4,3.3597589863823276,12.383189270699988,20.58627241571719,9.516918213321029,4.533457396069956,8.914784782225114,3.919934693345071,12.752119036165839,14.514118164641495,5.706245848373919,12.3153132833609,8.60396819620961,4.913446505418225,16.194947674368613,11.370063865261718,8.605342576051909,8.883012346057292,4.770562644258854,25.160593555388708,6.075018483872253,16.36330608110738,25.520716271477315,17.17390267628791,26.527050620817093,12.674258490590713,11.469459090509527,13.159229193449889,11.12606337779434,7.617437690258389,18.23526137521976,10.898564113822673,19.311288564306345,21.019526698984237,18.261905407410158,9.958084494479056,13.583423095411144,11.880364412089175,15.860011833103083,10.631803423105074,22.219631481034675
5,-1.8248058449626225,-0.18053499543459076,7.122561357042787,1.280728495628102,-6.878775452608367,-4.637414387080596,6.395712248946686,-1.8392080759643163,-3.7672838243783144,5.075603802235944,-2.6975015068534125,3.3723429296812117,-0.0885585583043337,-2.449270578623979,3.069180172848199,2.3940511731944234,-3.1995399037471333,9.984068334187864,0.646761022961189,2.3045604313094694,0.2475946984797361,20.32071363715955,9.469293427427576,18.33486822396283,13.774226290854337,1.8685368495250376,6.157829670622485,8.458082626389787,2.922983653666826,8.069280110695402,4.858124476860553,9.769235536439849,5.165511495890948,-3.339230083813545,2.698506281424654,12.517311910008255,11.468690414506478,8.438711231513192,-3.192251473597395,4.599904589659032
6,-13.078319029083998,0.985009270794553,-28.464768780886224,-14.94940327720884,-7.8596507882310975,-20.66385468231146,-17.96436725423268,-17.219837529711917,-8.564356956442955,-3.2310699572993578,-10.18845507273874,-10.079124348567968,-4.19351568996837,-19.45402967615549,-25.54988651819995,-12.854835768915859,-10.969278237674812,-7.206986095540221,3.4385963450736137,2.8858465900323944,-8.511260796134069,-3.6581147797437095,-3.75769193631209,3.1278909113649105,-3.8971276807699406,-6.43502736152255,-1.4266851671943872,-5.417953028493225,-12.827115877016714,-1.1959388508191036,-23.17908417608818,-10.996000890335848,-19.251410994174215,-12.882019990718383,-2.2758196859831,-1.4903562943257347,-9.16604633061194,-19.288120203100185,-19.051461166075548,-8.82892993448127
7,16.998898652752032,15.832737804558729,22.09932253545902,14.453755281221875,13.897430087516437,19.639131912878792,7.899643519300772,15.290768985539776,18.127201624849988,18.441423915974113,19.764095208369564,16.73996780675269,21.91521168187559,17.829562659020148,21.516676075113985,14.656948092229156,14.174620473530235,15.625522652481651,30.291633521124627,24.28730012076566,21.20339338079935,32.906388379890515,23.69898825470639,33.92023057515014,21.907414933515422,16.86804400510961,24.07482071622431,22.704457785132462,23.125103109768105,27.667595923110003,25.862282251965432,22.823759127007698,17.055903212673286,18.086146819062176,20.97744943341578,18.40705824856904,20.53158628961515,19.435158313779066,18.11294654698066,20.745657061388947
8,-10.790450255898863,-6.075719119862054,1.1163960865095766,1.8398651935556887,-4.088740500632073,-0.9494560839133894,0.2385396235911787,-1.6074004906130546,7.302510614954479,-4.625554187707998,-1.2874873192738485,1.6496646079857107,-0.8504455225796854,-2.241808148484843,-1.968547949197849,0.9385259072091025,5.932947257132541,7.02486085359092,4.941718051251614,3.2619290868388986,-0.4710865427322716,6.358949532400879,2.4262100462760086,13.54065008790793,10.33437815399939,0.2766008797323875,3.0893732035811627,-0.5558324674973838,1.5534337611683977,2.2144702915115544,2.2358084128048428,-0.42026319426552006,2.504848278982123,3.488344960339694,2.452041319874389,-2.2803046640976907,5.476066339384861,6.785422487797072,5.1325132653950485,5.316859211453818
9,-7.223738423204177,1.3982836561719254,-7.015345946007211,-9.344951748526295,-12.168457104859629,-4.410063550748108,-0.25980872210774786,0.22153033888450896,-2.829814769985189,-2.811246706248106,-5.195970229963921,-2.9849194581138794,-2.732468993348966,0.966366734984397,0.4285339650531277,-3.218908744387002,-3.7123116643524106,-3.885275197155272,4.0144754802611615,1.903582828199462,-0.5717115851445208,8.724170029861845,1.9352915753071867,8.460070890192453,8.278079039155674,-5.922052060877351,-0.4847104556101454,0.43213558731733503,3.0972350161810516,3.435400253044448,3.081712707662006,0.7511608783471091,0.7525955445511109,1.271277823182569,4.556933366529848,-5.890616641631162,-0.8457304232102261,-0.6882489453622185,2.674794794434824,-3.708451746758431
10,2.776213179732644,-1.5058596520820537,4.550277131843153,1.2854983488431966,-3.470992880405815,3.8830809213155075,6.236954069885725,2.0465463978007272,0.1790295506520919,2.544277871770931,-1.0104496629633444,3.8358366256201823,0.01184675098994292,3.749581547892806,4.309359374411052,1.3889557252904927,3.5326848420499206,3.3131535546068616,8.794280121395397,8.22669895629794,11.341055836970888,13.952295385046321,12.451467018373977,17.046600827409065,9.718126123923858,1.9703060704874074,7.438443362607889,4.2906000884689615,3.2612966002570833,9.754171539223327,5.504521300569918,3.4535746951737636,5.564373701111669,3.050093061970545,2.382957582726453,7.167885328214121,2.3575947852440047,7.754181073460334,-1.8147212567052826,-3.2595089060451046
11,-4.987834474679783,-2.5352483800369465,5.650520704509868,-3.2945563696877396,-2.8428751392834144,-2.53364604798392,-0.34077848553964346,1.1113128238000125,2.727646101330571,-0.25077743686745224,7.642568732827614,-7.570227989706856,2.3855056797839778,-1.9135033590106756,4.4701535096501255,-2.911114806261961,1.7377422007343484,-3.3576944638066344,6.224385858839366,0.49478644393630633,4.613437064906324,9.688640634207612,6.6017309189160915,7.910822025643307,5.493707952126148,-2.438539150154212,2.1634800647442893,1.0005333971509363,2.8472399448872783,3.7182912960779255,4.390549578065547,-3.288548788420981,-0.24401057777703647,4.1969971135258,4.041652934582183,4.577966556619375,1.1238042834817548,-1.1080086362558266,0.5313500624896691,-0.13216355063237295
12,-16.206446167141472,-12.340375365717199,-9.911648512338685,-11.477095927837285,-9.49530271865935,-6.690802085952115,-6.9504845291136395,-11.171110766161847,-11.871064246372846,-9.432604955199926,-8.750458710400006,-12.927347904285991,-15.190298092295142,-12.85752841450011,-8.955162770646767,-9.673395099740342,-9.169593342623475,-10.125948221649402,-13.412535752032216,-10.317951861482724,-10.896133211674798,-12.20247451484535,-7.5125104864125305,-7.952394994090098,-0.9341198549912548,-11.31417718357221,-10.58954913681422,-8.547326871951553,-4.552165296193034,-13.01343202685881,-12.885878156806625,-13.551539395071785,-12.530838830299697,-13.739617308137023,-7.392504268805312,-3.0885583245229267,-4.61783428223022,-13.4725121414167,1.9510310448244665,-13.366924167850414
13,-16.78211268423363,-16.433279806719227,-11.745917125295088,-27.06400782152649,-20.64248924517655,-20.57041858188076,-15.392800912586134,-22.220206887661448,-17.408975648244024,-16.896732046042324,-11.056358997374389,-17.425067525653464,-16.868390673113645,-9.353641946888425,-7.243130729373059,-17.32064046142219,-13.711917357288465,-9.73407955822106,-29.71708289758154,-9.948742026088032,-7.047833290083485,-17.315703173937145,-9.792051555075812,-6.31498777378121,-7.010677438109712,-16.526582393740828,-18.193520059948067,-13.713533603939968,-18.473791330461207,-12.528933487626436,-16.123539401507223,-14.795263170998698,-17.968039406056725,-17.922676550738018,-22.401121353092357,-20.78461525855312,-12.010386199513803,-16.78564986418361,-11.983908994321693,-19.324454801215747
14,-16.239712551231896,-18.31223433785568,-15.959675137008837,-16.00113958276181,-17.29508449697407,-12.609130220260973,-20.843170874214138,-15.803815158358926,-17.575058701869594,-15.442445219853527,-15.120040896055254,-14.351730840083517,-20.21394794450477,-14.27170211021661,-18.155794357005487,-16.139919683184534,-13.197335048967645,-11.02499793861706,-22.385917755156875,-16.727102313618087,-15.95763224464931,-23.968218484831752,-11.951128177623701,-7.679142234069237,-4.650788872379965,-12.75144551841442,-18.804116498548524,-15.431309848418989,-15.719334189816106,-15.923039524824025,-13.469115810583876,-14.176824786394299,-10.018324235533832,-15.454574706248557,-17.086850812902508,-14.326493389780527,-15.819710758359536,-16.27950207790649,-9.953935794480248,-10.634090615563665
15,-11.956991444510777,-11.013457028193457,-11.053792643578756,-9.580770881258482,-11.665942397012758,-7.878852344391472,-8.14780753116852,-12.264528516080249,-12.359927799072997,0.5528362287542904,-13.691251847802805,-8.586607516324566,-7.703758535699817,-6.490105574397385,-9.334393615458184,-7.0685832189652835,-9.824390567003668,-4.215777953123507,-9.73295733443578,-8.161775951553144,-7.570660346226787,-13.913701461135734,-4.345416291009331,-0.025704036669687784,-1.266701565319174,-3.3396777436658507,-8.581947978334346,-8.752762292333333,-8.245289869573694,-9.229835237384293,-8.729166078318858,-7.659827722354716,-13.220442265167929,-9.546312956471688,-10.65020251114618,-11.362403332674042,-7.698192578164735,-4.0865784905802816,-3.1837952233377123,-4.968025523439581
16,-10.58247328872821,-11.380831160767237,-12.981981353166713,-14.77451470152059,-11.094487894360137,-8.748044259139943,-13.67799099058228,-15.672104562708594,-17.36431556793969,-5.3177542147468,-10.335706004142608,-15.600249986739371,-13.154483626131764,-7.355563507185803,-4.989000394972901,-11.127006438893671,-11.781597247959693,-6.925630942922563,-20.04539636286424,-4.40180319975051,-10.3610955966278,-15.888052847517,-13.514543358860523,0.3735430073517647,-4.822840738985778,-10.448422014337886,-14.86462580133602,-14.024331355172505,-9.87945013442765,-11.651793359106136,-7.778912872038655,-14.633376586985642,-14.471718124030327,-10.287000250291909,-12.34328703148472,-11.357681720977544,-13.030111080654283,-9.862976532349185,-3.531391695533256,-2.004459541688524
17,-17.766204191145736,-9.455408382546523,-14.5508737465763,-8.96279781900203,-14.639385214387556,-15.715916180287817,-5.719385320856189,-8.591677875064365,-5.5934636422555375,-14.343623959401278,-10.66944895801597,-10.548788001589982,-10.34049680923267,-8.726177381895704,-5.688241519678295,-5.475565715749878,-13.875757538621063,-3.002544961022139,-13.391628693271093,-6.652109155948292,-4.993715746266739,-11.329145759970942,-9.204664348423785,-2.09605682037291,-1.304166769004085,-4.081604735320324,-11.454731240133174,-9.981575429742414,-4.951555083825116,-12.654816774364422,-10.838064587899385,-11.78810488559931,-11.096579605016245,-11.328532330088429,-5.90398263855901,-7.252625287995186,-10.793357902297327,-7.64073030085423,-6.111231305565395,-0.010878100917735636
18,-3.642547176756037,-2.8569325447376217,-7.6878222827102105,-6.991546800506802,-9.288875806131843,-3.851773100233175,-7.551608386912158,-6.338014382225791,-5.255196514506245,-4.075329787791618,-1.524253021097215,-3.58093118802634,-6.751161322943077,-0.007404041780994417,0.1234484481824253,-2.2677230235055337,-5.263380618615955,0.9633377555384707,-8.669456616297325,-2.67591053095674,-3.6831536112992187,-13.33534323385387,3.52550209201922,4.983995761482808,4.580601170198296,-0.6104170189470212,-5.348937225330229,-4.861283305674451,-6.901785295592562,-2.980761798219179,-10.462033877555585,-5.311111129726506,-4.041593467507125,-6.367418319762973,-4.527352003459062,5.2805573120763105,-3.3752699828024464,-6.316857522031829,-0.39530667505851125,-3.213982511051289
19,-23.834314905111036,-20.93869598317678,-18.002612379766507,-18.924618014242423,-17.909037782921875,-23.309236827290846,-25.175696609931247,-23.260829802011013,-24.52739275764192,-19.40259636735262,-23.711011745224692,-19.827194693877896,-19.84609190780379,-21.049681542884272,-18.48153216710979,-17.39246681558445,-17.757407950250187,-17.825639168478283,-31.551184911717836,-14.026516643599514,-16.29825207500609,-22.704088708979626,-13.784040010863121,-10.654098754365542,-16.348821315471874,-15.459767072512859,-19.622219083419413,-17.68992797350626,-19.324732418765695,-20.725105435034926,-25.291044139863452,-20.881888372969282,-16.080262794899788,-19.787834723696754,-19.949344667454948,-22.527612351379762,-16.58069438438355,-19.683309005031212,-21.327535514867048,-16.637439728858006
20,-14.988215370850224,-15.374854299099406,-13.990202707670917,-12.130093305035501,-12.271762747003912,-13.538028569308059,-17.467595201749567,-14.459071716717533,-21.246894275163,-8.631409909263805,-8.217938161105833,-10.948723666704865,-3.147802568339788,-6.251291159213375,-11.505819178907606,-15.934720604260821,-13.641606686348046,-2.4202488173442194,-16.99395111893226,-11.205242595741309,-6.218682042304925,-20.47824107614909,0.29755993731764735,-0.96551013977824,-3.437205518589977,-9.182257915720252,-17.74731517331142,-12.788906656038494,-10.52917222659052,-12.311414562443028,-9.493234090102384,-7.2287667332280785,-8.470787892542024,-11.007367642126123,-9.920180921628369,-11.91939711679694,-7.939268958368528,-11.720299724407454,-15.894668079882067,-16.806521236650305
21,-17.864838285827812,-17.01427340360958,-10.786600534889597,-6.619150088622405,-11.025462007691619,-9.63906636537129,-8.458860804925408,-6.348053597799677,-10.202007033956425,-6.742796753149861,-11.008983825420325,-13.997302898783593,-11.515286247451007,-8.310015626477153,-3.526698547021738,-6.874955592517125,-12.126929476212906,-4.104584749101815,-13.925047386421921,-7.567200799121117,-8.880040080947916,-18.790336005871012,-8.116959626781995,1.410771737533494,0.24423137530297873,-6.876655368185259,-13.818669509546563,-11.253267897280947,-11.770240544625699,-9.134781003085811,-13.965009796195643,-14.39703574459358,-8.809158849327236,-16.699375662733072,-10.190722463770168,-2.9633545654098374,-5.941231731482733,-13.597002780016933,-7.746847623846054,-9.43068481124204
22,-16.28943422372701,-12.12653406125305,-7.675784369395498,-12.7703940054747,-9.341829669182083,-12.710637284683193,-14.148547306749133,-4.209013586462097,-16.36480182502097,-6.653741878296629,-14.394210924088073,-12.777828682167645,-13.088468749231556,-14.728257161615424,-4.825354370412956,-19.33694741709033,-15.022818453871853,-10.009838143795772,-16.303094002803345,-11.654126879330185,-6.039148297753683,-13.784563827396427,-12.91101825522485,-10.609751488418752,-0.5609390982926946,-6.686680856326561,-14.72904402224807,-9.346299399259008,-13.16764020260652,-15.121150765728085,-13.281673441975002,-16.70207500329098,-5.095526294721756,-10.730564368879138,-9.522860712939144,-19.759900753842903,-10.88580963812087,-14.561671639734147,-19.03415725716272,-6.346286846890261
23,-30.603853263544238,-35.26557987155232,-29.6889121170674,-32.46136137139865,-31.032726520580685,-29.613674066230995,-30.535233247711115,-24.540748993108842,-24.906519290867582,-29.59832034880203,-20.41389030615971,-29.403390251939314,-25.400791609859613,-28.025998720433513,-25.707054366217093,-23.838878382853615,-29.48800199254595,-13.390574749658324,-33.96936909204206,-22.713377771513112,-21.809056611897006,-19.852529178399426,-25.988476545473038,-26.950285247001506,-26.331345245159895,-30.79851187983912,-26.38457441362154,-30.269142364111005,-25.86321745037929,-25.685872136780034,-27.741738481969126,-28.383876817869094,-27.97856327198411,-28.79366860496385,-28.276132951751784,-32.11406724943095,-28.792616201120257,-31.117980570611603,-39.302802268712085,-29.659493351730912
24,-31.443989870755328,-31.00608595456912,-27.685967253568542,-22.10142828747109,-29.519038719116512,-29.53723704254861,-27.55185233201413,-14.32212436269722,-21.602973640675128,-23.534063981473164,-25.130761049766768,-29.127575205052125,-28.745592737083363,-25.020037584518366,-24.089513930167513,-23.41408747326822,-25.369022983492705,-19.79310898238207,-27.901726836567374,-15.744246596358948,-17.199016180408584,-25.54012612218618,-23.37418666673933,-18.488497901967563,-24.569478147027706,-28.359148698019446,-27.23342471364984,-29.50356429308622,-27.348949499000234,-23.68165490200732,-26.32270514102207,-25.378683921037883,-27.285412336363613,-24.18137607540931,-27.917452572171744,-22.192804374760986,-25.15211669107184,-29.058015680770257,-32.36831520498026,-23.61308662150293
25,-7.4185687014489154,-10.636480865175361,-17.019887885353523,-7.100599304231837,-10.233901498395035,-4.190086405623277,-10.431001459201363,-8.108971338604178,-6.599317588366754,-12.12512240604259,-4.947688295779238,-13.317585538349048,-12.011886105722256,-10.425120386388604,-10.14674560395187,-10.367781251265193,-14.826304833350562,-4.812019693609026,-19.96517681731406,-10.632544059660685,-6.5937899353065745,-6.521263277715559,-11.823433910915051,-8.380705110172888,-8.084221601326705,-14.757475547648339,-12.678253799543798,-7.581830872537141,-11.666800310256502,-9.56056685036765,-10.905487661009554,-7.151193057778681,-12.344304394867805,-9.704544906946067,-14.705206972800015,-12.443890205821909,-7.978088690201189,-10.10226131310286,-12.666783262740019,-8.906669604055583
26,-24.102926500391796,-29.965001343790032,-29.536613350112326,-26.185687113145296,-27.49993044106127,-22.129489299283925,-26.47997883202644,-21.721588853731568,-29.535888993696815,-14.958928330610702,-15.091129961416101,-29.591989456735437,-20.896305943544636,-23.634885184569665,-20.479033447226925,-26.844878494500986,-26.681383507761048,-20.81586701824109,-28.655932767778843,-23.253143069836472,-18.57219541900207,-18.962594294112247,-24.413143362891763,-20.897661183762516,-19.89865098952424,-22.44751633637822,-17.50231878577153,-23.10486853257828,-23.766223136695732,-21.658131477887423,-22.99973060167209,-25.331500524475462,-20.99384682077778,-24.01845596189481,-23.4378098370053,-30.07494816641845,-21.024198971536265,-21.84646848681238,-27.46680416130816,-28.12930217619863
27,-22.518742054288087,-23.42226584493345,-28.945824755725308,-22.526052156778213,-18.592220579411496,-23.068267413069968,-24.773694768156954,-25.904614993363715,-22.69035608457401,-18.435596400087707,-23.736405147661063,-26.431500438956082,-27.31947860302352,-21.003603753924082,-24.55176757900942,-17.30235866094106,-21.667255116306915,-22.39301401890345,-28.904031155067756,-16.414085078905824,-16.732990087051295,-24.90959061306111,-22.74667634228519,-24.220301592503073,-20.676299051576187,-26.704501159317864,-18.41614604812284,-19.55034680129791,-20.696262175195823,-23.338400802157274,-24.192419133787073,-26.05717520385732,-29.530726823551156,-23.57620455850544,-21.143949135001318,-28.089105488650226,-24.487788669123365,-29.39608486087701,-26.15868677630173,-23.020050779559487
28,-15.479319977862167,-18.890626544788056,-18.812791084209824,-24.82691987254736,-19.803636195734242,-21.72539087085192,-19.888580496046238,-16.587974300792382,-22.44060236332111,-18.851044378146113,-13.249094827381406,-28.4171098597507,-19.778269647388978,-19.31694528426268,-11.218653512285046,-13.634939822030613,-17.841638332276165,-14.896240387129353,-26.000561065020342,-18.296714819355902,-13.280187157180878,-21.506652304917512,-14.205008556196784,-13.13876783480868,-15.039446681754137,-25.759323445209326,-21.764912041634684,-17.75129412096812,-19.23216459625325,-19.24116914258626,-14.53655159728583,-15.862851841597768,-19.714003102087304,-13.610602052031696,-22.230869054684096,-22.602817720339612,-16.889966041722523,-19.74920709112192,-21.212015511962612,-18.342722717029044
29,-20.49065378071878,-19.999454048752785,-22.621157586284653,-13.308133586879,-14.654117780773394,-17.862347811288355,-25.330312780397048,-21.00796367953211,-19.658077276568594,-16.41766566353469,-7.912669718675975,-15.668916272855379,-20.597948613522018,-12.470014561385085,-25.41412449646443,-22.52557343288147,-22.53324738870679,-14.552609699093125,-18.478680785704384,-21.840372174893922,-4.846013254589285,-17.07566731727527,-26.718659935601348,-14.592124879963123,-15.969036358579787,-27.048044957846862,-20.101120901341744,-14.524837284484207,-22.23537978592591,-16.971320835266713,-26.359680247309523,-16.231209139853664,-16.921576274769745,-20.815536331498116,-17.2448210877317,-8.196524926351193,-15.873839941312765,-25.451870451375626,-13.934469176280604,-28.815311267069358
30,-36.038317770341315,-23.068099776343235,-26.97089174073345,-28.790458831289715,-29.034148735601715,-26.87865284025414,-20.987332923264965,-27.73117846000411,-20.023496418128286,-25.217371144935626,-14.153789199466344,-24.153573220501105,-18.611770699786657,-23.848578404908412,-24.696850841959225,-20.898787482171752,-22.62348504654435,-14.866322945527687,-25.656649279209784,-18.39256166754239,-16.402288243552842,-21.665438400158198,-24.22081728160923,-22.832182920517553,-19.64858716694668,-26.350912284271928,-27.22996289272571,-26.6997953703695,-21.930649215715004,-18.3030088821436,-28.497914096665937,-21.838376056472036,-19.39677866369363,-23.332449902387637,-26.127371042636504,-33.66651959118677,-26.532836095993453,-19.441755903292133,-21.297957345928523,-23.875581044704155
31,-24.171251853394708,-43.40245884388045,-15.950441954987141,-19.716734821061884,-21.63413243990319,-19.29906201760158,-18.575448656346325,-16.899469707813054,-19.67975475310258,-20.06567830761459,-17.518770058929434,-28.761547244779965,-13.115674052820207,-10.491599767126043,-19.487458629047715,-18.44766753255858,-14.928711065720025,-14.463422246893884,-17.029668655582768,-12.585603711614832,-11.799569727197765,-16.680343631951082,-30.86034972490033,-14.825882514523364,-18.64040367941523,-24.846341695349203,-16.369412148189607,-22.34985325589247,-20.278913014619302,-20.170783729941533,-17.673487658000656,-16.15753000124381,-13.407462227895847,-18.386402951059253,-20.88846800167986,-21.4021085408161,-17.878830445132373,-25.954277183453655,-35.31799637737844,-15.082885036990268
32,-29.68440237631115,-24.878743472193968,-15.870506777630185,-23.24635752568383,-32.366636238599874,-19.724175402538183,-19.3390658139401,-21.96985382940832,-22.481730879501406,-21.500107500489374,-19.340376329563227,-15.300824579141718,-23.411331990046126,-22.831828281338908,-22.333938737288452,-23.863830348456847,-23.875012503459622,-15.066669278391613,-28.352459424163627,-17.156731581825255,-13.869730198585227,-18.577195420402965,-24.856757916081474,-18.343529206978342,-21.59229549770307,-29.766985721623737,-21.21874574542973,-19.295114364717612,-23.85481391229871,-24.62074455129672,-23.4128687658876,-21.37284002268903,-27.64255150543674,-27.162084634369013,-21.54440465634176,-23.749811391902377,-25.54342499455946,-23.0488743345405,-21.51793493566408,-16.963691834993135
33,-30.711244771632714,-35.818873655954,-24.626709260380004,-26.198880081644994,-26.597126428696065,-23.801780253687504,-26.182631513823885,-21.57555917577967,-25.02034406663401,-28.69553805489885,-17.25143010329137,-28.239335624175055,-25.762128889733617,-28.6261885166994,-16.709553048468486,-24.07845484125493,-26.733410310516312,-26.391208185193328,-30.1835047600111,-18.262485894100315,-21.349573672064416,-19.18823533763289,-34.2439889877978,-19.2921412538171,-23.91779266987821,-29.909248202152217,-25.12652610940023,-26.758473455033318,-28.935445671935042,-22.870136851227628,-31.655254752286254,-23.493852215684974,-21.805878556363812,-23.67001386132869,-24.07428558860439,-26.551694093937638,-18.16457105278852,-25.009240926784567,-30.05295784059336,-30.913010744080964
34,-21.927190053881912,-30.304082164012023,-22.54615240246953,-23.454853120579767,-23.943510003536392,-20.337642519780232,-23.34814794993306,-18.79256337743606,-22.882343554019517,-14.053979269595226,-14.741074892229484,-21.572280016206662,-26.299185400852583,-17.714856245914625,-23.17210697838588,-20.913946086570824,-20.971033370088456,-12.161272437562346,-24.311288306977595,-15.238381918180211,-19.475730088914997,-11.457361511647518,-29.837599460228738,-14.694294254794897,-22.960421754001732,-27.176005291714187,-18.35230204591541,-22.77190188369346,-16.92275269069902,-22.422022953860573,-20.361302836505683,-20.832837369763965,-20.743770835706258,-24.055881761714684,-19.469686972887917,-20.12265519921539,-16.441632542488907,-15.225060738142204,-24.232731424318533,-20.596597355091895
35,-27.512074897863073,-30.49871474014881,-19.651147573684174,-25.702872232931682,-25.057854878061413,-17.127564899109622,-27.84756384810349,-20.351599432111353,-18.742674700803786,-18.991428264886242,-24.39935380810616,-26.0034719807257,-25.571799729374362,-23.363100403945765,-25.451017542278283,-20.743803131043066,-24.5167725095084,-19.141544140485866,-22.35507896087389,-18.732669520158765,-14.434847442603367,-18.88644339245805,-22.155677152144765,-17.455297602899513,-20.66119836734287,-28.214602332311692,-22.353019177320206,-22.04254129039594,-18.584852192551647,-20.971982735729526,-23.610129741706658,-21.83969663281167,-19.11063222426656,-20.89825595973168,-19.806752183639425,-21.586690685627534,-20.97314753267811,-18.27723516672446,-20.141512054344307,-14.986420503462066
36,-20.905741497049124,-21.92179938914876,-19.961791195056414,-21.10417485576614,-27.47045089862644,-21.883948521641653,-23.571770465715066,-24.733652089754358,-24.00308114949113,-17.152288427497112,-14.556741023052773,-19.10758696679576,-16.482903746688542,-18.503448366817295,-21.839161519536017,-19.123512833589434,-24.189780240519024,-20.938242407019864,-21.65721295656211,-16.586636278472497,-17.038188649119995,-13.137514458037233,-27.86134702206181,-16.947913996528726,-18.857129056829507,-23.628869410742418,-17.239863000005784,-20.869334185118337,-24.719811233358435,-22.406118751684883,-23.32632584621419,-19.034136096135832,-24.4878865672393,-20.131378556485668,-14.513294659139351,-20.71712854002313,-19.21105650896586,-21.43409675572373,-21.054944436679186,-14.206471175908677
37,-25.55382738217377,-22.093421229324328,-23.562369387035027,-14.172146314328675,-21.016556103665632,-22.60016784195751,-24.687192654285116,-16.573219905681253,-25.77755859250552,-25.04767960370235,-16.90927287971847,-20.78513307439359,-19.37673339111346,-19.662293696470037,-18.36804384356366,-15.301231111926011,-24.418048336032072,-18.305137895086226,-29.838246985904316,-17.881411209573585,-18.530111109092825,-14.182167734293518,-24.714054039288758,-17.872969858343094,-21.0810288916798,-27.025291453942824,-17.600654104851806,-23.506513626377654,-19.70880808721477,-23.674368327544435,-22.047086894021664,-21.421797112925923,-16.70115319931341,-19.79664977031379,-22.041899467880757,-18.191360440476167,-18.93494148049969,-25.76285839987878,-24.721027882988025,-19.00026413359495
38,-20.676935886962834,-18.0278310248095,-19.042181025343734,-20.484713449303232,-22.302779179587183,-19.93029754787651,-17.94250401799396,-18.604325277737683,-19.290061843095078,-22.15911847479947,-17.09915249518131,-21.91136307879687,-22.74628647146953,-18.348910404786682,-16.151490475360724,-16.797903678205678,-18.58410452539912,-11.703452911743769,-26.751893815328298,-19.77437980713722,-12.36467860906035,-15.10839902622476,-23.594070611960966,-12.113697820420683,-19.027991047035222,-23.847386953347932,-21.300616028766342,-24.476936388634197,-20.44135462336795,-20.759381407168018,-17.782504399214098,-18.166429383043397,-8.251342335585136,-15.217460091120664,-19.447870896030302,-16.2835120545653,-21.241793915934405,-20.026495583982765,-21.57249675571444,-21.957877728058538
39,14.863023510701654,5.651843156415354,2.0973530632428434,3.5981409365838375,21.61305996773694,5.503419524626417,14.945580768112508,6.804308868509813,11.471686980593006,8.432237801842147,12.998306548931854,5.28008586932028,2.260312013987244,4.484631759791046,5.719024778073808,9.319424589174877,11.013030427376975,-2.142547664496386,14.365695119444597,15.084874986756768,15.506896847206697,5.193919160298278,15.259259053595393,17.282401122233413,15.700372756799297,12.240823035942379,8.630506746973476,8.4807068613177,11.630014637117362,6.9916978623981825,3.788104094251852,6.836633117836855,8.901888460420533,5.487125673189417,11.708268663810038,12.680489696959597,3.8502573373471054,4.314945328021996,6.256467032729125,17.88213152929804
40,16.47419847105837,15.166363161803716,11.534020063332916,0.4289396434749287,-13.934054955635895,1.2972023028949882,6.538525265035683,-1.7738177597746163,0.10396721732443535,5.60166689774428,0.24772111522076962,-5.808413069788228,0.11822171362468938,-4.479099520991386,4.102848180952423,-2.582138972546378,0.31506766682037524,-3.284297381238327,11.756220258223149,2.2987678225802477,12.102896536032166,-1.6235859243168798,10.089902163678001,7.229066733137391,8.641534276337598,1.6945355325920923,-1.185773406503855,6.715755876341138,1.7156945360558442,-4.44427250208761,4.021845247395873,12.66156814746425,-3.9579930917950326,10.28549177680173,7.711636175635801,4.279630467888747,-0.8418696969138441,2.761683946880685,1.8303766420459426,6.880122831582677
41,10.980901033420308,-4.436179242378452,0.7037021339014238,-15.075552697323452,2.979318023450588,19.785159377123893,16.065382565356742,14.612775058520777,3.703294295171823,7.636547518479014,16.412599660883032,5.184114846016742,14.888453985699169,8.384397897320124,6.433885023133883,11.209138937796254,15.33562487966953,-11.90473319976003,5.887894734259803,0.21534994567135635,18.469652826473244,11.188052613896671,18.14367588450136,4.963912472250977,19.194365349668296,-1.5078685938743106,1.9611567147840083,-0.9347087576534486,-2.9480871640692876,10.869044842694453,2.718240373145143,12.489915017026268,7.440280151402137,13.92976820264613,10.210859842896182,7.737068368202902,10.652492049730853,-0.5963542548670671,16.908117353818415,-1.0824756263360136
42,15.686318172401931,6.527006685381413,13.90071751204944,-2.6729573149609203,3.5200893953541224,-3.0063643195304937,-9.544156385841648,9.699578901920413,-7.762412792629901,-2.5876608961072076,-3.681363098957348,20.317742416365896,-9.069927828798328,0.9484072288153447,-12.988667034694986,-4.089005047300127,8.506869284333058,-0.07430015484955023,-2.577958274187547,4.221595564394813,-10.43589855488272,-18.068350292123267,11.1550142687431,16.178056619420975,-4.163382903226183,-6.095641582066594,6.925507195766179,4.08212858606987,1.5919036051471955,5.632654004700927,1.689687047279145,-6.980625524753513,-4.274774358459222,2.8780065124296375,11.257208632378344,3.944988528081867,-1.0034192762112957,2.864386031178228,3.2937242453931215,7.608798793837768
43,18.51265376894122,20.558468671601993,29.400474793570574,13.614646271834266,0.345799681889118,4.465701153698277,13.730545770613261,10.36827387637374,19.290223746438674,21.749318743282892,19.967783209840388,15.124172142180644,7.930894172275414,5.6112868369879765,11.083397778765093,18.606917173557736,9.298514960615648,9.182226809676505,13.20150608889599,8.798108808356531,16.144871179150236,2.9414620682148978,19.538882516694287,20.836936010879313,18.080084229159105,18.29970287545883,13.004138235040134,9.700095408776852,15.615746049353074,5.342199514563239,14.07679547770247,20.20982708865824,11.539929804531857,13.521459376496718,16.829647973186137,3.335194439319136,10.111223686000908,16.716535725778172,19.418980152020225,-1.0141002820666056
44,4.052642915679024,12.475117220516744,-0.6253172820165445,11.859140582293078,16.47615499229338,1.7065165661047978,-2.6324638658911046,19.7609909496194,18.206710668046203,11.502679479030366,9.073117400493398,10.327258269482751,6.4230835191293085,9.744919769825827,7.464283199106515,7.5940335564637955,-5.094437760514055,-5.090770255094878,7.651595816473302,7.20797901973743,10.94033488923071,9.059819726964001,6.777323937941549,18.51058291263646,11.721788148834111,10.714594694378592,4.67068241777724,15.719133180128738,5.4954802237311835,6.381383385551109,8.01111914465916,4.782202966268603,10.871489518242498,10.014652004657625,-2.547143507456296,8.109819168855548,1.279815276038175,6.456028482844323,8.86245522965708,6.603027345357248
45,16.475762824797293,-4.091955741830946,13.300447258772342,0.5798508272012582,5.349564219143687,8.844936450086525,10.140248189627398,-9.455382768158634,5.436427240386664,2.285547762908824,0.21693387259290386,0.5807463260217895,-4.818250812556533,1.1337420110340846,2.589069641405965,-4.045327459200421,8.903600075286688,-7.306689614334394,4.1460582636952665,2.51986632540185,3.7546203504814857,0.8322558428339073,5.350466045432123,15.695967794292699,3.440799585729302,11.068603044484817,0.5362361818335969,3.1832694262183443,3.053775098266684,-0.9144571861545915,3.940473682039769,5.698785657016918,2.6237684434918136,7.837039798511889,2.271329129583931,6.352670451135313,5.364819916340656,4.15907515948693,1.2773136209922464,10.3581239612195
46,10.402518602438942,-17.212914233878518,-14.35961616621416,-13.843276426728513,-1.396774719183733,-13.809934247024069,-4.360923542648457,-11.501736896889613,2.7846768981160546,-9.812711644356002,1.7094515268545032,-8.005049661160653,-2.956039580278454,7.309158880026802,0.4093054834460869,-18.637982467006125,-5.27332327908732,-10.644707375751553,-1.9086720594654778,-14.926225505001005,-4.944050075337835,-5.678435664931494,6.57929934580974,-2.106934554178837,-1.5191955787845126,-4.43284156905967,-12.820663928944297,-1.349151293919144,-3.427497436523074,-2.5537353366296527,-10.126457444843753,-5.035481973853797,-8.146312793165983,-3.1798635964616775,-7.262170775969419,-13.891196614634332,0.3653787941981933,-5.945524261810266,-10.522676737227894,-5.735293431787753
47,28.372129162101903,-11.75645043315769,16.384505833118027,10.875198682972593,16.715818898661166,22.99331435189982,8.62922830275535,21.799681178716185,12.657885211639895,16.938096320416143,6.576062668628602,20.769657543544792,6.588727660407775,10.744894060212236,14.681085482779404,20.989921526244533,11.822768109323468,-0.012923143635722797,22.435654824617302,8.984659840051592,19.46052251108186,5.087014766782238,2.646539122190981,11.870393919182762,15.793869227445807,13.54808947673122,5.326332139059528,9.299005588041215,12.100080343086352,1.331897705036254,15.99003696828763,21.168275636814503,10.66363305352675,13.150364635427175,2.1087611464433773,16.20246486881178,1.6402998048854633,7.0205630183266,6.121023808174815,-12.099120693083206
48,-6.240207635789264,3.4529422407449912,13.534614801051573,6.129270445267061,12.748075777445457,12.39249487839659,6.238336791709961,4.791649253334698,14.368440851237851,6.276633722556857,17.72442166472937,7.4264269296442915,8.27187446084459,6.622139517481389,8.772622948827864,2.8388687485544666,2.1434737678340903,-11.10551141191239,8.123182797220753,19.257563600911222,14.35600630079914,6.760411033512094,5.973282152468968,6.069091813360255,6.016965661199946,13.008978804949953,-0.2714188749119413,-1.162963470201036,9.755993402878602,3.640567238328897,13.431953060949452,12.14276580437883,4.171836484228803,2.817594030387573,12.041984824884537,15.165151760267841,10.482363737345713,8.27641192355125,2.8188943609843307,7.395489257312741
49,10.837398645827962,3.1115506283313166,0.8197753232914149,29.628227901556908,4.690838821434768,20.226975805067504,14.01467242063863,11.932418866089128,10.841980257919671,7.810353255293301,20.347992785251066,15.95984851521733,13.855027687831852,3.9416570118455128,11.836941118245011,16.417140066468512,7.144628775376232,3.352984503569552,9.017412841689687,12.514333867417406,22.621868117194097,11.198403577667658,6.88516434964606,21.511659863951287,11.07354226077277,10.626128531217788,16.060379321593878,12.194854650283714,12.98892537028055,16.046794685083512,23.56581712958273,12.591884834619462,25.861740058747202,25.909583649077472,11.458259271682566,16.148958993954725,12.794468715447788,14.455093945330727,0.23481173778698194,9.091080878953493
50,22.71233833582423,3.6887750655814178,-3.915950264205878,16.86376984495115,12.894459980023653,13.457486389631006,10.385842350020186,1.2211262170376773,20.803564006489317,7.493152189689712,15.627548992326265,18.6820738753771,7.2071588971778136,9.901342177370605,18.897327484465244,14.156479850705487,6.47202500096911,4.338022902383392,3.6309840457106595,11.146543644675724,14.702989783715644,-5.5053832969264045,12.62067695956961,13.745269868635098,12.48797605925625,7.898234159437968,2.7719121772301922,15.017609394927923,14.478431996119378,9.29938856002764,10.186959972312915,5.046765312839036,-3.462737199528099,14.614779106535297,4.35176247314446,12.572839599330658,14.999890354584059,17.57721163808477,-4.982220356824302,8.97932757057534
51,9.352502139751968,8.296981279214066,19.23517597853427,1.6427708929959914,19.122160818287462,17.281618054180424,1.0081922691245688,20.46384626393614,16.33789188980268,16.974954430572822,18.510133103499918,17.282657364831195,10.197166958267232,4.08309125914941,11.508246209107151,12.494305181295433,11.79524615775991,6.3233864268265485,15.698089795443096,0.8584261200707292,15.194823967189228,2.9163801394007725,19.841010028519392,15.904238658693542,21.40886403775881,9.981958027077154,13.507757904842725,11.615986081791242,6.140674659080113,7.223638557693392,6.023261306591515,11.1927864059409,5.501835547379176,8.425223014226729,6.588586614474175,-5.36849676735405,17.98674418832339,5.623755664420463,3.1600430658123306,10.822459918190837
52,-1.188295879259035,-1.3720791268021517,8.964922168144351,16.5091532542508,6.0035444385904935,2.6603681168828537,17.327972786888527,4.6489663547313205,-3.3730484212422107,-3.8507841486548755,5.7423946145679,5.553645183336111,4.255710229057741,2.954758372015977,8.97246319066053,-1.1474905766975068,9.340605946656792,-6.8130882464376805,6.348599297960481,3.314245355694617,11.392717174290983,1.3801456673540065,-4.99416434228621,8.406118728649632,4.351232022594872,2.8485623786793743,-1.548138684360109,0.17413911775977792,2.652943959291416,5.688761905519055,4.446287588150883,0.8915794463644647,2.835273948626059,4.830546287729218,7.128640445622811,4.207091929208876,-0.47906540432552613,-1.236909871448068,7.491784805707831,5.300277950187169
53,7.584768962006753,14.357280618353933,13.556093459120596,4.27533846958462,-3.368211512543415,12.10755473689495,2.5060603991302033,28.306807110665485,23.323839824307992,16.49730910876392,18.62316894094436,17.539131189784992,12.396892595197599,1.4287736782053473,16.415832039366737,13.591092365826574,13.99904690698636,-3.1432931265757897,9.136243358392832,1.4532046140072756,18.314536732463974,12.905596442078316,10.099545089970807,16.32307274758124,9.834838954781462,8.28586219850622,12.953036358070662,13.805482561126711,14.914471052618786,8.966534949517955,19.4789997482959,8.95166852816835,16.720132231533523,12.230300262072689,15.31016830557384,11.106739981828559,7.9668148262884,8.070254194802173,15.693072626019513,15.051365395738069
54,0.412612292370322,4.18817161179506,-14.684077839370046,0.025791097057639288,11.85803923309445,20.594162547851504,2.7508085690532824,9.128660934850627,16.863216103534857,12.611858193764679,9.192384009632976,10.439358920282897,7.412504688339367,3.272416396222495,4.114305416877941,1.8606914704171609,10.3752728566914,-8.568685956775184,12.30201778469917,6.643076290717303,9.394871091400113,5.795840647499951,11.562166217632003,11.422993844188486,11.936685104507152,0.7309008320083374,7.94684999748335,9.985813355192166,6.662892300426948,6.059197112975942,6.929227480401092,5.294220130361549,10.609916389938952,6.005135373460797,-0.6331418734306492,8.787089623878416,3.86091555801456,6.174453397372248,-5.9437794586042445,10.204970105697956
55,8.83809786729697,11.320482867977926,-11.466720299652204,-6.352396660768884,7.032952670925288,-9.577272080052296,12.367140551579134,0.9878317978370688,7.593145390422919,-2.996584866511699,2.9996909624634416,6.927852883794382,-1.4882553533902179,4.820552792624709,5.327308953347392,4.281670890914187,10.624085832185939,14.830270590512473,5.441277938666614,7.315290865747809,8.253628366178368,-6.887685707188678,5.596616410654203,12.293931397842147,12.513874371575175,4.185932413807251,1.7698263407069652,4.830709467450992,-1.7506676363588782,4.631799901996027,2.500599305934885,0.12342073399361025,1.8196227988292808,6.474363258442139,-3.1281593895680504,5.062636722427123,9.050262035879218,3.991270313830758,3.9994992796461832,0.7102788028632285
56,0.3724775501477522,8.800463415875445,20.129215155206317,25.300689457351172,18.318016905353154,22.458873636376975,11.913239252095604,19.879260016391395,7.708415236852478,13.020265576369779,22.5882342854785,0.12597682477043556,17.468544850835748,8.599058879233601,17.210169672037548,-2.9114579792030044,9.375625401614792,8.875410596327942,8.081174690256463,9.295058598441129,10.557904615235827,15.862091971981021,18.891977962463137,11.564627940080598,11.551399135678128,16.06400759680752,6.441001460754966,15.78375045547285,12.477386193846144,7.88339431543887,11.692481154770718,18.84145110020323,5.9375625184453344,15.261931919397894,-4.125309918889695,4.457178687882123,14.138054030455645,5.9113462699505455,18.31266574572204,32.41510296306243
57,3.878460623968595,18.20579036313755,17.445173821984902,6.624453832426309,6.187962981011695,3.1613252660271454,18.928284123960445,11.556904552551654,9.96936978363596,16.2597333025237,10.86588066688208,24.44043734316876,14.485109294046717,6.449375300588694,21.85683185062631,9.534688436360224,10.090916024027374,0.676355862667146,17.78746369418836,7.227272109603324,20.223044692096146,16.67985438262993,22.40112703019082,12.458054812503883,11.684743544284707,12.40464713617927,14.684188015484462,14.610648428339191,10.3079406154332,15.19386546298013,17.249780631436234,9.258325205746226,5.138797353920339,13.87621787729991,7.443705425016042,12.308174289571044,9.132391524714539,12.597300530636222,4.925540799674528,10.093086917800669
58,18.32227752126372,7.620531379582806,10.224515545254224,14.85716909003734,6.878013304207446,3.9167277283897115,10.509620907004287,6.57892172585244,8.083575398710948,16.155266687024202,16.148342288982626,8.084749915328196,6.54365025728051,10.121511768963826,6.86076750176892,7.362740088694244,7.500367442806101,2.856454506880127,11.9355098085438,5.000830946988015,12.473746745517403,4.172299202713258,10.609673349504709,12.470625599882196,14.47866380426226,7.870010069579358,15.030086795871638,10.01488967967412,12.700240189711778,9.537515865227085,14.470906913821747,12.74640099188424,2.9194459193680764,5.388014150166906,9.811527098959571,9.381545538992496,17.45540438704357,7.719172026669484,-16.262543082837674,4.673096155764511
59,-3.0679751071470838,8.993389942163232,-2.9567116260744806,2.51067320132848,-6.272513606983033,-2.1002198605725373,16.94531465872401,5.603189147232667,12.643337004350071,11.834434429957472,-0.4170157106247895,4.680400567355075,7.276023424039151,-2.6977999974785165,5.611889231809424,-0.21853636930930062,7.257226610284972,-4.544951266030447,6.710140456644299,-0.47206759091561984,13.265060007332647,-2.703316342435241,8.80203363213022,7.0257621783914574,9.461457279147973,2.4490837523022453,6.284126008236309,-0.034412334433302404,-0.257803997080653,8.995039736852826,-4.174905022887599,4.939596900601614,-0.3925833231143782,-2.4505248288537738,-1.1941532982619814,0.4301795870905576,-0.03827800725250655,4.682572592646496,10.298020181760247,4.519441210026296
60,17.222375795551518,6.540411555966354,9.743141551925511,9.62877665450049,9.180185867487987,8.248617857730645,16.892361588685095,4.075537235553543,14.539288415698866,16.363764507390744,15.349070971783823,13.500691589385914,10.174297596921953,13.60188544131826,4.653523475664874,2.3086357977187055,9.217501145612644,2.377012950670568,14.728481014252278,5.245038071648034,18.06352834661218,9.343268196467724,2.2113912537548837,11.732528494520988,18.72839400026959,1.588531673512228,9.871299009257848,4.705968068995118,4.080569638722153,7.019376831652766,10.274735310404798,14.605119694624603,12.396853265285653,15.662612400336041,7.691738266378634,7.000572445978657,2.759496411594512,9.540521622164936,26.350566658585006,9.60502411906089
61,1.6574147095348015,-10.12535010014376,15.576295030463472,-0.6022157006534856,-3.051715206112184,-3.7360322193058124,12.433785299036645,5.319395708834417,3.0557272398198845,-3.1968121777269483,2.779243756848544,1.8562778598121545,4.571574033432356,-9.368277414157427,3.444850009541468,2.0507260981658555,0.5414504875141566,3.065091850988211,-0.6349578188884987,8.394027226035483,-2.9044736420989423,-4.726845014233832,-5.845513610528626,2.0143295502995966,-2.3895585602689136,-1.0728088021538769,-2.11713152460726,4.509964883524952,-5.711804848064531,0.46870700113395797,7.408277521668531,0.8363590459179435,12.330367086875981,-1.9740906141394892,2.867468433640492,8.427013462425071,-3.390694128282755,-7.460599930592323,-3.889377803345759,-2.579953238320664
62,20.50357557856515,5.663919278692779,-1.476525781509625,5.804703123269063,8.035627116836169,3.6945595010456924,2.36746490960982,6.6101079770277895,21.436867558216235,16.745739607910444,16.387962791053276,4.450867095180562,5.221636497940016,6.041444773479376,12.799998792670168,1.9947635338049097,7.259512828340459,-1.3956409744624538,5.822893604439177,4.912827614780982,14.510473321380678,22.15112867944367,19.043690071078128,12.406673888066424,7.124989528202522,14.794092604179133,7.51545120807392,14.64978156128998,3.190533074771952,1.719066639217011,6.203889608067766,0.41480315157683917,2.882795747089527,22.28464476907257,-2.3953005187978396,6.986027530341436,8.623940842260305,2.5477179200918054,1.748799804715388,-8.560368030179108
63,10.025047689037471,3.506308424734649,24.30685722400016,18.272593173609724,13.283053655277183,12.036905782680691,17.288509917785856,13.393685617958393,14.390627551933997,14.783582469321452,20.899790083560763,5.052421711701854,1.657513284529365,11.50320375190871,20.792520939290824,14.636796504563845,10.431409518737954,10.15145034376612,14.957017043088886,30.246202600912717,14.579432415562216,9.359379038046232,4.932636870453118,20.417613483463967,23.575744605559994,15.257532072823881,19.574764931325895,16.9926502204987,9.532231703235938,12.56124206692115,7.368043297879297,19.240891618513697,15.140348693229797,19.724953137226546,14.92911791410509,23.539455795913458,20.661049972481294,15.414729139042828,20.54246902723179,10.324791865404597
64,15.489777926517407,9.81141795592974,19.89043178165814,18.736205572157342,20.657199228392034,34.97623344016225,19.17942310299788,14.305752677835827,22.658183909546256,12.896946959180672,24.26129309049932,15.45507720965346,14.668332972159233,25.75373910633053,15.098602135357362,21.97151213716905,26.962490075360495,2.4626014317837632,10.477398118860753,25.803862992845215,23.994266895098203,21.673713554393807,15.873796041717789,24.996664362537388,26.046999104016574,29.46343579356053,11.952854285848463,23.676666007014784,14.590994214381126,17.3702040398655,11.135519529189144,19.202468815902485,17.97022224605344,16.578263524988376,19.92830423387719,13.556474824590211,17.37372944767105,25.58384808828899,21.482302423384134,23.756107279736163
65,4.7216963676209645,23.35310217298773,15.971023082614058,13.29060306788529,4.193242305472313,13.490411483930556,20.312052479359657,8.054817018266911,19.299056176312135,22.268685947552335,16.077549030020684,14.299939436131613,20.987250339858576,8.916117295743831,18.442206252430218,12.119479220848683,14.004371643794881,10.603791439325716,11.649190773363534,16.169255283974227,18.796966456257657,7.249087433677209,23.314987449436078,17.68053670575361,16.371149358142077,13.375215408635441,8.000080675343185,15.347590072102113,15.150334026952507,12.986146632974648,12.976610940974304,14.585581109458797,5.264524197369017,14.738034645788538,8.713108559771586,13.3403090688985,19.176685995599374,18.087536170571795,16.042936427548934,21.34309029409143
66,7.849673010496302,14.89917911530677,12.29634441114119,8.54061100609892,12.811064663648548,9.543988552009818,19.758917348901182,13.871396011555484,18.321674240160092,21.341133923367938,7.896915010493022,4.091699810444831,18.10742631228729,14.62451618555235,22.152856266376023,19.028714200748986,9.482038810592393,11.767080561708676,18.7344088235003,13.864642211154479,23.89504930007237,15.122726965629099,13.603363189115694,24.983020197613055,26.00585017247822,7.2870069015470555,12.409496679281043,15.811563147884975,5.822078212398196,17.020958416824236,14.850765948613708,17.513841654652662,13.752298888707912,9.341212431405884,20.348031424580068,13.920553091041556,14.651992989563839,10.669207805419148,15.725171049847605,25.55397391295933
67,14.582711586887491,-14.906213709343795,1.1138883244979734,-2.2534587080125554,0.25347607141695744,-3.5636586052136905,-4.796027675654637,1.059506536006098,0.11405679666032802,-1.1923183571450757,8.359172460601506,-2.1594143406523068,0.2904999869972072,-3.082693758475715,5.066493212049119,0.6719887073703972,-5.041943762079386,-8.783521853843727,-3.457075771663026,1.5779512169834424,-4.9937452524275745,5.361254026356813,3.627978520080094,4.9786494104266215,6.972579846777943,-1.4896261591686406,1.9622602399706006,5.907738863450583,0.4240384502440379,-4.1257017493722685,3.7794567906030125,-1.030617861991672,2.8838545384585963,-0.6355153289454726,-4.735698790182322,-10.700563131657352,2.265586006198831,-8.251026407442946,-4.675949306876273,0.9811367996657354
68,17.386757365668643,2.9275769116286496,-3.31017706622616,7.149484452596527,-5.1221202807313215,7.152057544593027,10.124019591076312,-7.054543988372505,7.743545254349434,0.5693879836420775,6.125811524510246,2.5803160235105747,7.586549785246696,6.147761041430405,-0.06527165205218163,0.27208158158134294,-0.40102807997985673,-5.628550763227085,0.293805551776647,4.720982835377619,9.70688555241212,-1.447516022550504,4.125779874829877,5.1466003547812145,8.80235966037121,4.376958438673808,4.0339475220940555,4.130013713495381,0.49780036733188093,5.194097094276022,0.2927287885548459,5.486696055639082,3.675005564932798,4.187630813698535,-3.7616411993569545,0.5400292006868826,6.361730921445802,7.633031372078242,-0.6719553802115692,1.8099294910845452
69,2.761919065901601,-10.250662936177521,4.725060217508026,-0.2201914880208534,5.447868216158017,-6.631418931290236,6.3132680682519755,-2.232040184110582,0.05126322309903711,7.115111981583392,8.875916173980592,4.586089188421287,4.515423979758452,4.577138306567774,18.226351252897278,3.324269029614125,-4.5001927736375205,-10.882762556996434,11.346056269113898,1.8112815746639934,3.101564689817736,0.23910061541909888,1.933188613686779,3.6444359600422698,-0.8635619794877052,3.9945805013502698,5.172232324890861,0.2678744114887374,-0.4478944813271901,-0.6591838969626468,-0.11716495954367223,-1.5387693870886112,1.929572218796417,6.953917231850283,6.765396030257901,8.455359597289005,6.43437037881898,8.45432342485389,-8.279381454486066,2.09426484412357
70,11.88593166928184,16.588174031821136,12.510652806648574,28.892091933390578,3.6710657048160518,-0.5031590255178571,11.085312946030143,6.013832218323266,3.1489604685588497,-7.755617321992424,5.384493108188253,9.491211741338262,13.058132217949696,-4.452282142054544,8.682706356557045,4.47266461846834,-0.3143350277122939,-12.268579201337642,11.861531342867588,16.45523692668364,12.984279608462032,1.4490460713073492,10.795337387986386,17.765263245033697,8.211770722344163,3.3702394655979457,7.231799633259617,-1.630207612387367,2.1793177962070978,7.242435888815231,2.417414420398328,4.870991382502914,14.236046487759968,-0.04044246450329468,3.329418054569007,13.548932303267126,-10.53354742984472,3.6512767780841626,-2.5966616658336465,5.886184761150241
71,6.097482789547388,-23.10982666024652,10.484975925936428,13.002314137048353,-7.615824618959949,0.7641876313544465,8.5225253602174,-15.826228072065167,-3.9268863169451196,-12.85392118722353,12.700901684109263,11.585073821356994,11.916818199114362,6.83434581207435,1.6741965620261754,1.647666483548034,11.516034450593452,-0.3871820155546084,10.662398764351407,12.72340565507344,-1.7337311755054488,-8.399044045236417,5.468477163474826,10.797548930696877,17.064077596987214,7.018513739705227,6.230821061595031,4.891787335310849,3.790913262817264,7.710935380484911,5.380756569366912,-3.136428282706139,-9.100906677535008,0.4343912529089018,2.136559957917976,-0.11470979482996699,-5.662074924667357,2.551859361142041,-7.5626700335240225,3.4574664534603787
72,20.541807718465463,-26.55127324877909,14.513657286593359,-18.271996855411732,2.2857787711509445,-8.88004285119688,-10.799698201444404,-0.7924170318271132,0.20561571262320902,9.75059967788496,9.013426062223552,7.97413423989415,0.2333637485869728,20.9814969046558,4.632010630628278,19.209878813577824,-2.486067818815517,-14.005537936124792,12.571975362896795,17.66401947224211,16.702349807952345,9.570262257242799,-8.570198735439329,5.9135712208665,11.527636014756219,12.815557267345167,2.719340981545621,2.1974422610041247,-1.4104029292953801,7.360531232090904,0.45630832497620766,4.555241295075528,-7.7879035408433825,18.08670389592003,-5.51348388019799,-0.8902037046668465,11.259803794610237,14.663571303024778,19.56082029225065,0.6255996912142975
73,-5.115993789815983,-35.36324794066612,-28.402795227804603,17.65720766197992,-18.36122814026979,-13.44300379256963,1.6024469496615439,6.496898296081494,10.68080722000092,3.1595289561107003,-7.9040080881217465,16.88867946391555,6.228367408070939,-4.349600904448488,-2.8954983568660664,-1.0035020803541836,-2.739892485951845,-9.49913388148365,-7.990888829872379,-8.582138501289418,-4.294267423541216,16.85739038203924,-28.273393766708008,1.0730076722036717,-11.09229552880366,-11.07748475646478,10.840321145566483,3.806923395147464,-4.883328329068403,-4.600065459924082,9.181711573127789,5.159483685960937,12.11587857773817,-5.070095485273512,-11.486613683078406,21.721848156023277,6.249765667536449,22.540597921071917,-17.80450199392307,-27.0762959999991
74,23.544481177301943,2.3758202272983193,-3.732281624646299,-0.1641048033399059,-21.31279155394261,40.258305194258526,13.526447283862403,17.44610855703939,11.688411209522044,40.054881024051646,21.34054593959258,30.43127960998561,2.806674049305819,-4.598594237759604,33.28518930351753,33.0251674059984,9.845275104288245,14.463238765347695,12.648651469011439,-8.976144978301413,14.695479794640084,24.28844701737637,30.17394521316515,10.395837014977824,9.671256535270595,17.618931976799004,17.910880730618093,35.07598479996776,19.299370382424392,7.655109130787432,22.17707349043927,-3.5869052905321386,8.440509012029818,15.660645135607638,16.126483670489534,53.195849514387234,16.040859899451522,15.953693778922018,-7.9403700584968115,25.434779042734174
75,0.27513493287906415,3.4895296598111307,-12.07566852281761,4.55765478729163,37.24417259421352,25.811578564825755,17.419654453235573,7.961858183611762,31.27505058054154,-0.9760300911688778,-1.3868462923869314,-4.727758802383985,3.008212732328095,14.993921828477118,25.77228850350894,7.259956286417309,6.265739780509584,2.9240915046100673,5.64611817382351,14.725058337595025,8.233970562224183,12.314117628371786,23.312374461932357,8.947607219781618,17.546116239208317,10.19008374338389,6.749711418694978,16.563432119203654,14.352806587203366,11.424408544883901,10.159398420034467,4.392021256489578,10.234469483837765,0.7272455908220614,2.2588707173878597,-27.677804974781797,12.810028532661853,6.675876580739009,14.115522796969461,5.735717370723246
76,-3.8817975332757326,24.503769659775188,7.562767724527912,46.656413276266925,21.179700968820335,11.63396804647077,10.02215278190277,7.696008783400833,10.31233410314892,-5.788293916207606,19.06925921976847,6.071960435104844,-19.97504321202497,23.699154875319454,15.541903200265972,10.135852456554373,6.466975307949219,-9.30974671942254,3.1208064154605824,10.843226419000263,13.642658571300977,-9.340454256600513,1.227470952562397,12.502171247165066,18.513779946164643,9.258125249150904,18.73778812472955,10.143569076694208,10.401245674299297,7.865344254930672,6.78898828354546,16.096576481098005,4.248084471477625,14.934035911757576,-13.343317236326923,18.017968799120222,3.478737967932047,16.837149432143807,-4.750413914961458,-18.8579543837092
77,-18.31614972856636,36.743806362979306,-4.962917099705275,7.130307904821646,9.113799841075155,24.40228404973653,33.67426482989903,34.53267604707338,1.6433593420834438,4.996833728387002,23.26622617818744,29.941729812715757,16.642633631645307,33.593161901825184,10.237052404305524,17.233632502918983,5.975137978975574,-13.27615468817561,41.82643793596524,21.76634561207075,23.2124359129,14.276273416587905,10.001933911249514,10.968784708359788,22.562447853942302,21.644159050116446,31.32594870668428,30.457742428508602,18.674968685128732,26.544773191943335,31.516475860619654,0.531619820065501,12.076435521827166,14.17683886612567,7.312680994211637,49.48277594683863,28.613195265918723,8.40852093454661,6.9234854113451485,17.853480425519415
78,8.669318328082776,4.569053863252894,0.5180543969077062,2.60187123925177,-2.7471477202479826,2.028396094055748,2.629447798748467,-2.553974463539227,-1.120504874525832,-0.5748743813179383,-3.184812109074658,1.4658135393723708,0.577578464657489,-4.409629302954239,-4.525087472798347,2.327843748775221,-1.6260477178866684,-8.16137875192522,3.108729469146382,3.2835535547978223,-7.022032528381892,1.0172554136168621,7.190627337027056,4.156979433546006,-3.216442949993926,-2.7029678742175416,2.2598243049858047,2.6259911502032827,1.4994209553371443,1.6497084488972789,-0.38748583900505207,3.0797368601478836,-0.51912642421039,1.1650809797108228,-0.628828471369418,0.25885109190936645,1.9237044592566286,1.3848081215680519,-6.719534600928022,7.070227368871735
79,2.531427682336419,-0.37740669575428354,-0.5855509952808696,-1.280968936002038,3.5439206324170205,0.3076797823400343,0.7141108760553798,0.44497846697893867,0.43645880191741565,-1.7713327914776467,-0.34147005752219683,-1.1292379251693785,-3.85877612688601,-2.379537520230862,-4.684400517561156,0.36017472439565673,2.1756090603777754,-7.139900556014948,2.008724032809847,2.189176115689794,-1.786518036758312,-0.5792735049260188,6.8193084990194714,1.811972157747143,-1.7820605169954595,-4.984133078504188,0.9831830225173852,2.3958821953438485,-0.148559742702056,-0.3266496305028477,-0.8786137333507338,-1.9689851634445175,-3.3690139816540734,-0.27087687277501166,0.3092676140620005,-4.412469221144904,-2.8877731780845965,-1.5516072473122993,-2.010981823951712,2.841680031871839
80,4.652941737432188,5.96335256974906,3.9789828183327565,-0.8116928166835848,6.175383798321376,-0.8738358690864537,-3.2548315562673333,-0.9775650213867998,-0.5098163291967588,1.824937576375566,3.919799659964653,5.191124554045475,3.2973375837520864,-2.0992368359789215,-2.307375465268733,2.3732988591479587,2.7352541290509564,-10.361287027234772,1.5012684927025117,3.0942180997457522,-3.2110289203716436,-1.1976667239970027,7.741618421396393,6.057593006203171,1.1815980660348566,0.7627802258363452,1.6258364213579368,-0.2974524258024921,0.43490841230561855,2.8202027711893414,7.339112098097705,3.0405945821127687,4.967196807432042,0.7875192978191194,4.915724878025431,3.665941007971536,3.7203292439782913,-0.6077013810130172,3.245742188500034,8.404868102244171
81,8.183374611376253,-7.3799233153816495,3.328353732375123,1.2472232669748289,-1.3981107997664108,-6.589623560531829,-2.359610889223295,-2.3703650567565684,-4.918976161526552,-2.5424376828207236,-5.564652072726882,-5.142611226536563,-0.8372463702692491,-1.9516233538211656,-4.1488394555883055,-1.2776624902909504,-4.088523125280385,-11.269840100469596,-1.9789455134725529,-3.8767292137989386,-3.733848252913319,-2.3719301288881893,5.281427635515079,1.119076700591624,-5.114139304434161,-5.295853330640704,-0.8683825403048926,0.46553282518352257,-1.8268646344749286,-4.636189495710978,2.778654085400218,-4.4034530376213326,-0.9172498964328394,1.885661266459479,-0.44094971125505456,-0.9950617439064098,-0.44628936734727337,-5.56378283801568,1.8965621899508371,6.788477797046646
82,-5.256169664648472,0.9999983442314433,-1.8834440742885974,-0.6700155326627067,-3.7462486382950084,-2.0227641251802475,-2.988066013952041,-3.0392809632847055,0.6434136011868159,-1.8932783318452213,-5.2799429681262415,0.04555650024543469,-2.7665301767312003,-2.2180089677731845,-3.1957586144662065,-1.0251478705937036,-3.5145668835915544,-9.205941762245342,-1.5425356591816242,-2.8001401023960586,-1.464716226583907,-0.9653380128781636,-3.3462856945737034,2.0577784054946617,-1.5335620711103513,-1.2356853190169248,0.28826756812181414,0.3567275631671162,-4.384630636826893,-3.26402181238354,-3.1895831894869517,-4.094821924425848,-3.190945676747643,-1.3617431954759995,-4.833882806818531,-3.1093269850857754,-4.36395752070998,-2.3643172061827364,5.5848727366983475,9.021773295275791
83,-2.442462839064405,-3.098575720823463,-2.339962875330131,-0.6236399982881657,-2.1173890020531747,-2.5168436886592556,-5.826578311021976,-5.84848243660951,-4.865418816545559,-5.7561992307014735,-5.403201503217523,-4.125271728389254,-4.751284665751443,-1.6444112958503603,-1.8593095284514245,-2.7956154036903316,-2.463273646938546,-4.790639773304198,3.2823571063025128,-5.296430136707666,-3.438063391816389,-3.1825302174311485,-1.8587621748760168,1.3634938677674073,-2.633734795168588,-6.221189232963504,-1.8651643854034732,-5.047322610334239,-4.449626071245287,-5.49236357443458,1.3003513973788559,-1.8072080700629354,-8.562882952919933,-2.0209740663161537,-1.6146139535435715,1.9613505785022154,-2.9919664358189704,-2.8480122451536705,-3.691538611714894,1.918785493151513
84,-3.3037527166617977,0.7312125510735953,-3.084046548197727,-2.4550593268757672,-1.9600576996121346,-4.366026164818531,-1.5138521757542605,-5.533053751646409,-4.115332608980869,-3.2784452583253922,-7.133829378189342,-6.7054219160611,1.6634265593825872,-1.64049371136989,-2.248605951940188,-3.1915295729189674,-3.102005048719848,-10.407932877212374,-0.26646782156517185,-1.6425621727891533,-4.085993424537627,-3.57551070128038,1.4748305792659742,0.5453453845164197,-4.116617561911519,-3.635888494067371,-2.1872007540596607,-0.8933146407879125,-4.52032719070189,-2.1989943173566453,-1.2928333854718088,-2.2184458339964737,-5.373415902380913,-3.96350881848775,-5.855605968336019,-3.9180817060515447,-2.0749447872743474,-1.5613407255280536,0.5049504345266351,0.05934118836327538
85,-3.2651392942677164,-7.485781540516674,-1.8031159863968065,-4.403894741141364,-2.977223953737436,-4.4246121107258745,-3.504523202124429,-4.766631907099697,-2.385493004426813,-5.456245195865227,0.07785984785005465,-1.8086873275149677,-2.8363334612022464,-1.5629451898372455,-1.886046674805394,-3.5950910654137833,-1.2992828672300303,-8.93225559799932,2.490683517128694,-0.4621008597092416,-8.612133037417546,-1.3032270847156437,2.521581471164628,3.0798519863395524,-3.2538464467840384,-3.6467884890910276,-1.6447381211391388,-1.435014999335431,-3.6040774956760964,-2.1927729922101946,2.333646717005958,-2.6525472435533684,-5.033165891315792,-5.29168327085837,-2.4649002330794394,-0.8328348708889927,-5.902812427159841,0.6207186538705365,-1.1120495049858905,-1.2245768820602172
86,-2.9576372184357083,2.0953274298337963,-2.93512594031818,-7.393670361256036,1.107829114688956,-3.155915156051867,-6.373606042665971,-3.4703360124672513,-3.524567928371947,-4.2434081202811935,-6.282312968843573,-4.701297873755983,-3.703351901358373,-5.592294058406129,-6.534123264523506,-4.402701407178007,-2.3350075933043506,-11.322033090556193,-4.472271250983525,-3.327009630909161,-3.9328680866889383,-0.7578503634436535,1.5147350482257973,2.4886988680923463,-3.4569063685885038,-6.102638379124889,-1.5651759337015394,-2.8960204965227803,-2.600607061370739,-0.9866739682267104,3.6324443638249124,-5.7021656714725335,-4.987534501425555,-4.95889541029672,-2.107978497208623,-1.247360973720938,-1.0031928260804308,-1.5732791971598712,-4.657405475663733,2.264877231374261
87,-1.1670869052699568,-3.441455638543183,2.183201788863896,2.4943831389488005,-0.9323726389191734,-3.3465367231516896,-3.557620867958917,0.4432010829930452,0.5013137705221752,1.4829462203284787,-3.240724251973663,-1.099395000343426,-3.093958489648748,-2.937676285540964,-1.0640868910158563,-3.1515535832631523,-3.105995933130827,-9.318639945938523,-0.040933978329394265,-2.075503551193838,-6.3162187661546865,-0.7981631636255546,0.3823662483118528,1.7593987800541544,-1.5767670762337342,-1.685120112488314,-2.163964358393107,-0.7690932215840444,-2.6460582283321874,-0.5203926287949009,1.205514169979342,0.5944611587833523,-5.337123724998532,-1.4643502058680902,-0.28714948510530935,-6.76877817828019,-4.103821996933322,-3.524012033428615,-2.3701589528608644,0.9410945625871282
88,0.41330743412652293,-1.7748230491567256,-3.181038254250206,-2.9793231730504988,-3.502818954900637,-2.336775471961825,-2.157213359576714,-3.728267415052505,1.8853517004099682,-4.49667528091203,-4.188386764480909,-1.6347830840130508,0.7797110181254703,-0.36477382791772045,-0.5701684957800474,-2.87354793608365,-2.376181855713696,-9.1398619143651,-8.254507665855817,0.6355020317328202,-1.4514025741662817,-3.2154026283853203,2.285273639152365,4.431827046550289,-3.7141824882174523,-2.2548197349893195,0.6572671022729581,-1.4934895649562137,-2.9418500012265514,-1.9569827282658088,1.4426808727642855,-0.21829502696327285,-0.7275503265014306,0.5243622905071558,-0.35934606485443077,-2.6996973667519146,0.23011987834969141,-0.9233027481378068,3.2897406651075314,-0.9121345731533359
89,-6.956707878750574,1.2327394480558542,1.260031081595668,-0.12368317565387825,-1.387723589547118,-0.34895611108949626,1.150281276839966,0.35880926932686924,-2.9914769826724474,1.1231618749471193,-4.724685479807426,4.466640112271666,-0.3866739610659309,-0.48700234802182807,-1.0689393673926302,-1.3583280483260902,-2.0847527798001453,-10.569651976656774,1.1364420564970015,0.06934462315660507,-2.919231827904571,-1.472951825966388,4.11215489983938,2.1518306439336783,-1.817541122363162,-2.2347006926550095,3.284327206940666,-0.8055587000702078,-2.366671235328772,-5.445466566165605,1.893802599528755,-1.0710961843244238,0.038881653376281945,1.2952684839035435,-1.0633902232462753,-3.202125371106702,3.1968861400839015,-6.236622079765578,-3.9119415427475737,4.005569749641928
90,-4.9155858416385545,-1.2043550535926228,-4.558323730258137,1.078384691531285,-5.104157766544075,-1.2441970956841366,-5.9256548964636755,-3.3268771587144013,-3.5765295737286658,-3.466004835149759,-4.26089539954032,0.27512237344200174,-1.130588587977833,-2.5911145957410033,-4.626855194887709,-3.981290366731471,-3.6801024733808823,-13.51109616770248,-4.3122832893701055,-3.6869018744959483,-4.448080606584125,-4.963641990091588,-2.7548648789241597,2.2796582075516305,-7.247654529137521,-3.343547913166233,-4.442012983180069,-0.2852646000703974,-4.246143839661271,-3.7015477539201993,-2.405338311269919,-3.579583283079513,-3.4954562927809634,-3.390700145643646,-3.2147306830692695,-3.659309326003635,-3.4967633066407537,-5.514258379387971,0.70952295832047,1.5325896386450235
91,0.9441051351660448,0.21206468989111435,-3.7434102645922973,-1.8232001652501393,0.43880097998268947,0.2434773912850059,5.567724189964618,0.34103466733201704,-2.186309764152704,-2.5790332626963623,-3.926723507367041,-6.114936506551189,0.9558339152594586,-2.3558674913923467,-6.070606882951072,-4.451446844364947,-0.6877998183947146,-8.769646147292466,4.967076873021683,3.491202678826759,-2.4199753597527205,0.7580614857005263,3.7592718884534038,4.622526650945707,1.4716900852282793,-5.021838731615847,-0.9078939240311604,-1.4359242592543418,0.6318612407572584,0.2223894864663234,-1.407532403930919,4.06033366479666,-2.476562207391809,0.1658519653598799,1.1907530396834185,-1.415133947651262,-1.1330146057578865,-0.3904087652598122,-6.1279880070543875,-5.254766913672831
92,4.6109330496591365,4.409306633969163,-1.740131885666147,-4.278110157325345,1.9901788900991666,-2.011856985850312,0.13991218783040366,0.9402524472510537,5.3545749742359305,1.7266091344155055,2.1361767720161247,0.71324324982697,1.1494110905518191,-1.5516237937566244,-1.3273169422714655,-1.1711474706864748,-1.130072948272102,-6.0367868009217815,1.5782045730847416,3.256666007068416,-0.8941498569850901,1.2176624248782904,8.876663777615091,6.526315690197832,-1.100403385257498,0.5156541054341937,1.514004058843089,5.104457532253618,2.0226698602419195,1.0092507046839678,3.1504963176179377,2.2094596725260627,5.158539939567457,-3.068233833300896,1.7500907615752757,-0.9280381614083408,0.018991530252554782,-2.8282171616470744,8.095805275876007,-0.183592238981635
93,2.9145560708804767,2.118010537259432,1.3409095060722114,-4.552188491603899,-2.710536613191387,-2.7105842934168476,-3.3626502719733224,4.142300690569293,2.7865578890892326,-1.4070373900616355,-2.291803314035435,1.558846949215502,-3.1140630929619886,-0.04048088798266153,-2.162305960224743,-3.887054013470634,-0.844873665937319,-11.058409163255318,-0.11272905328995145,0.07760786847586039,-2.1900264167431165,-3.218213443651294,3.7766722971929836,4.700417499785842,-3.063090819989806,-1.2381402581552854,0.11414282731010197,-3.82185641998083,-3.822738647926277,0.7448052283970511,-1.7061303647375259,0.026312736835024338,0.0007762477766207876,-2.0603678922467736,-5.324068872755232,-4.575033853727369,0.41152929818232775,-1.2498331169997525,3.6120919618124145,-0.029740343467095164
94,2.227953710440619,4.988048203773859,3.2762674736461874,3.0621848891916836,3.001946036644307,-1.4980620839586145,-0.1198668643185943,1.1087131297770016,-0.09254981673342019,0.8268701332572623,1.157773817334027,1.5709836114892501,3.038645150430696,1.4919466673041097,0.5549404103412443,2.960895062561415,2.823975424524901,-4.210311936096089,4.558162149277015,3.7517556510666066,0.6471785143596628,-0.26076380892580003,9.038930252434463,6.135261379759571,-2.8942865409589063,1.8061206686706215,4.147471889386125,1.0129147059521568,2.5801100558499535,6.467541256089831,6.131370817923709,1.6465406306731813,2.201873860419791,3.180025243634176,0.6824836904596567,4.621845184786473,2.785929386213914,-1.369046547952316,8.270160677505904,1.0272616377577704
95,-2.6811299053051365,-0.021798157516620825,-4.02477911781916,-2.13291150118725,-0.8417053225734266,-0.2312849624456505,-1.6201918985321204,-2.597137848329881,-4.167221491741806,0.9132208543250872,0.11508254870182048,-1.309361537051908,-4.859423117676936,-5.467520991924182,-4.085023380499804,-4.585239726149985,-5.888931294032275,-13.49150146977637,-3.601888282343958,-2.890005550712889,-3.175756422357691,-3.3376761807104898,1.068352388741763,-1.1420437555629661,-3.662745908797259,-5.654431499856608,-3.196981809727303,-4.126894840849978,-2.283867429528577,-2.820084564602108,-3.094537858526027,-1.3233202584419057,-1.5635262833691848,-2.084648719095859,-0.1731840379889604,-7.359571726622025,-3.356014018796758,-4.689803392933701,-3.8684320166265924,-4.061032693089836
96,2.123882540451379,2.689091515159403,4.7090666172551545,-0.2316588795977788,5.713116810721716,1.415220855392493,0.9486934084975149,7.067690234949005,4.860286016801039,1.7555888397462123,-0.3438219973070304,2.3601150142869933,0.4575773807962683,3.18681178606935,0.7934208477810667,1.1185559191144816,0.7587840864699154,-9.17874999678011,4.521056454831586,0.5823006742530906,2.4128366159936134,-0.025261960571443507,2.603604178047935,6.194406491399237,1.8497454033394884,0.2580627328297394,0.42791230978281897,0.39234378180391144,2.294337356209929,0.9486190973420956,2.1500273223166517,-3.6267560180475664,-0.09568118918643745,2.814851608578429,-1.4177461348786369,-1.9475223341293963,-3.533011154096446,3.8064702861427615,5.19136822417593,1.1263087577675368
97,-1.5853235138498485,-4.59709661127697,2.0719466568581297,6.641857200043852,3.640449222899033,2.390196827023843,0.3889475889068657,2.8369749951922905,4.112270756990169,0.662686894498033,2.9860111129722564,0.5010019355953936,1.020084102397566,1.7815684171864454,1.7978111001067112,1.8302233893145028,0.1545694633596855,-5.835112581769503,6.095741035003779,4.930174105364758,1.7969792717062314,1.8382663092038491,2.160097201148903,4.622203137208607,1.3710357936937259,-3.6067141835824486,5.031762403213475,2.9510006348146973,2.2548547966934755,1.3813652744237688,1.8896459116122706,1.905049131859128,1.7505764489920124,-2.835410285999105,3.6965617890928324,1.4024565255608699,-4.4730740800930215,0.4396181977703592,4.629262244568443,-4.006255813476961
98,4.436618842027137,1.7016293701441985,5.179568395365654,6.074505897743811,6.817575917131627,4.280319582820907,3.237108813060952,6.255178916583023,3.312577585740554,5.1898663981814686,3.2296454721713275,7.738291691061151,5.139934120309906,3.562140772884674,2.616456276613808,-0.4702113088104251,6.075090122399709,-8.566012763143233,0.10885139938103709,8.283924867395715,4.470837974466124,3.4279433426048356,5.054919836536264,10.262947397949555,4.986202372736345,2.707977548449684,4.729529960351566,4.994709266149257,6.236654837139568,0.16188220824296806,7.031618333893729,3.3214062577535874,-0.5624102006000429,3.735833963815139,4.655868030219731,1.1290501271044826,0.36101916108752546,2.5597901108927243,0.7935864510567879,2.3792359965875716
99,-4.6383065052083206,1.0254467601631054,-4.899730835528736,-2.9511153384364484,-0.048872837569404706,-6.510003483906484,-3.7628108127597435,0.013121948421781028,-1.5314818267617731,-4.046234196629379,-5.326163566732918,-3.125855236208075,-3.858984772126635,-3.170323964073338,-4.179890956955855,-1.4379975282262831,-2.262465466144468,-13.987449332868692,-7.187816311099813,0.9226853447740362,-4.956584594055231,0.03383192565553186,3.2226874134334262,-2.3580697461167204,-6.127469574755197,-5.5599462240138315,-4.824693343953538,-5.310567268441751,-5.366988303126267,-4.497390291987403,-5.1838079183902535,-2.3389749561446385,-2.332192133309707,-3.3498560097456314,-2.1282162461645724,-7.293533711115197,-5.601860243044277,-3.5148926668642817,-9.032289715853508,-3.410101039765446
100,3.6660377035200664,4.168203926395041,2.2759739251336235,12.246393146575572,2.6538587906582425,0.5549259088012362,-1.2846441835893274,1.3615162553152338,0.815827835443967,1.1488163140328433,0.7002396845368394,6.69146859310722,4.613033670338832,-4.389525504076408,-1.3473924503024428,-2.702719060819863,0.4189039249211481,-7.686808313314709,-0.7324249108573523,4.820702944592123,0.8321412632468032,-2.346406079076414,6.428591832352117,4.138044981312202,-2.024545338894621,-3.432138049243205,2.4339859320362827,-1.3630480362369637,2.528349712779715,-1.9371543849152715,-2.4079407780418265,2.4958204594695603,1.6355155691725982,0.027690798203359526,-0.3382523048699314,-3.788631896799159,1.3119612519462167,-1.223777550850664,3.1872065062102672,-5.74907010791554
101,6.928644401094827,4.2236482976911445,4.792142643130049,3.625197010122056,2.116783597545762,2.513393324434453,1.3236976300692065,2.2500876600076567,3.4518967546142854,4.403212025947232,2.4624889843211153,7.578027866235766,4.443424500662879,3.2358553329470534,-0.4559434145982542,0.6981840859365261,1.4685920094553304,-5.464989840381416,2.9249073342207965,-1.0464744603979057,1.6845741534969854,2.794814425399702,4.948103139277417,5.739017680067397,1.427021773029705,-1.241025793692703,3.236891035397695,1.8754200374042382,4.436900139750587,1.363758216405057,4.351297755045062,3.4322580344588696,4.358166656031466,5.0637052803424965,4.5311312250831275,-3.360657928383181,3.9197658731098524,1.905302577953271,0.85459826802738,-1.4207722705086852
102,3.261650252488791,8.318173521599967,0.6674975469257873,3.3659586364878864,2.666610128498589,4.071015697607469,1.883003967616353,4.441349879610336,1.9431480537972956,2.6814841046522586,6.563378181974674,4.940121335061932,3.4683683966654777,1.2253249056632471,3.391221403365769,0.7037106255458062,3.008374548826123,-5.105911956067786,-0.44144442396543504,0.9404374010825376,2.4705479863420114,4.184793772190841,7.149876392995893,5.191429527658926,2.6398953539509695,1.1027159576295673,5.523774814467522,3.925870890893368,2.764668058055097,2.5964602562694488,4.85266576421763,6.4996265637505175,2.4949473494921492,3.776989358341016,0.3892993766241567,2.2048290829638844,2.2325127546476145,5.471633268408845,-2.279380474367782,-2.325752814876917
103,3.1371730097909816,8.006836031695416,0.007741978264702046,-2.667945816470638,-2.227843751924386,1.636199836258023,-1.3624949922948768,-1.7421574423652666,0.15399441259244068,-2.413726548429007,0.9937551080209384,-0.13053757472977734,-0.7451652741714193,-1.9378638498540484,-3.199591946947895,-1.5377719247703683,-2.4311526328101363,-12.262952559756085,-4.745598465588296,0.029515595887220906,0.42517512145153136,-1.453340517275571,4.245734739780803,0.5607052537282569,1.8667907151291747,-2.4440859287560355,-0.18904996390873674,-0.5690482591682157,0.9911193431287026,-2.9112730569819596,2.571284837630329,-2.242327945933711,-2.2915874026662504,-1.1272835391065166,-1.09511926030248,-0.6876823564358018,0.2117077825221897,-2.2522247927358654,4.127021681701166,-6.376656480090697
104,3.676356978358266,6.137735630624137,3.3348900768566043,5.602447912723309,5.5993949098361515,4.811083186737324,4.812934252147582,7.414758772864689,0.4849422682269327,1.5276081870562597,-1.8388465801112472,5.99836343474196,2.290604588949099,0.10528144180286605,-0.8769198590696967,-0.9666800662594376,2.371555127621117,-9.757203776342454,4.302767916528937,7.144074291692417,6.132336693528145,6.792550432009885,9.716783361325026,10.403985075034822,1.2720924661360968,0.30477292306616344,4.250927470349914,0.5966645214407788,4.052904908426767,1.2054289337507385,2.6701438465808325,6.897573804647502,3.8927158226842273,4.537900553423701,-0.2387790600190533,-0.620702140713743,0.14242769567327326,-3.651886371582781,9.786696536968828,0.42932230096535756
105,1.8512761146173267,7.640434811061969,-0.3959926437096826,2.8194024119172547,2.9247087977419906,0.512365235325838,2.085648528999539,1.5091567033057405,0.7232112366432556,0.538641639758386,0.35179852437274833,3.739786694075518,-0.28908715908791155,-0.1816788210576293,-0.9832128775675189,-0.35633325612555805,0.2526146788223426,-8.866792350172583,0.07611368480761868,-2.493262883528356,1.5548239847754388,-1.4785482689141776,7.327821682613925,6.565444410077176,0.6203464991288005,-1.0699532603715218,2.769949496371495,-0.50218737331608,2.6033375798101646,-0.9139869649670349,1.399478925633815,-1.2710629833257818,1.2481015796459591,-1.6160986275433193,3.216995125870993,-5.975231876367957,2.7013001112157946,-0.8681729343473739,0.26008166511304204,-2.588086096001639
106,2.91023414442762,5.305202589522537,1.1113913261760986,0.9923738138912235,1.0685251380018481,4.203753566618518,6.498861561044823,6.029146865999955,-0.430875553985964,0.03171373472256791,0.7916766646490618,2.2023303788521527,2.1865753566211286,1.8017678025573218,-5.386582066883415,3.1622137550692093,-0.39240648765155745,-7.4223336035548755,0.9420969803510371,5.889626957290266,2.5958382607013397,0.5871698504600782,7.094509571725207,8.787897403207564,2.066385055881574,-0.7394224963048026,1.0403523518794333,2.006628639100335,2.436485298239635,1.0082646676145863,-0.3626515655837035,0.24082174875132142,-2.127472230984149,3.7642951529150204,5.5981331936759675,1.3211341844695539,-1.9086176690339973,0.7113115233361567,3.744120247818409,-1.2196050151331712
107,-9.415768894600989,-9.053182245682994,-6.3855712001314595,-6.0344114751974365,-7.181463922145826,-9.029868509501583,-8.743107370400871,-10.119745428425222,-9.833635232941274,-10.604931254806939,-10.068943502015022,-6.338982209356874,-4.229410247113993,-8.148965914129562,-11.967287806972442,-13.033558803010926,-8.118107992531579,-17.020927616898426,-8.296190359855215,-10.82662355386138,-6.664347152584222,-8.818783784370462,-9.392095693927798,-4.804564818264581,-12.856158621459763,-8.774374446493331,-4.347613884498919,-8.02805538164432,-8.993909764055035,-11.356131372335017,-6.068706493800455,-10.986844667277458,-6.88680818731955,-6.570012487395863,-6.347125707116821,-14.522131096238049,-6.343739571025918,-6.87002800319434,-5.152263761652844,-5.017305119955582
108,12.748449636733437,11.887568817238007,11.146964507007104,8.858644905962688,10.166410946533698,11.87580592557688,7.845779289771461,9.18197933118251,11.43347050318672,5.449718085872986,8.276740029660859,5.600628669933741,7.806221682041149,4.967652008888066,6.351175610752878,7.301122111157322,8.412282268143331,3.2973631329365536,13.114822194573335,8.612484694618336,7.930004799603207,7.034153671517898,9.323702764148196,14.881597247201357,6.778299288378871,5.5578918704157685,8.932457354325532,7.05766140382829,9.13599930237412,4.048727881291388,8.195207292005207,9.830439158393053,11.910502625636477,7.058331281466316,7.792455688057688,8.187939022851804,5.612930393393259,5.8801736800525015,6.204964402125696,5.760799918724382
109,6.04700713546756,8.898261573302696,6.7152448226481125,7.221901931415235,3.5818240389226776,7.675892189861036,6.454099400373421,10.272180006472295,3.9740041701604314,5.698886380054694,4.183807825928214,7.517840923283028,2.5266777568852463,5.031971166912882,3.9650466707543903,5.896937740499791,4.003249271403364,-1.5183101254879912,3.8058485936151096,5.29588323399424,2.767662378246713,1.2421365813887628,10.348484096274477,11.51536055015265,1.5196067972580856,1.5251425799197194,4.631041735096785,5.680204667360815,5.051310299794037,4.277596553729588,8.836202911889778,4.872554481466836,6.708119261920451,8.021045196402602,8.223999061877777,11.527266473148025,7.267023589107814,7.971054096749357,8.065635938774879,1.072201112532356
110,2.0820433477779092,-0.7728092572479025,9.379329633094626,4.54902721441228,2.104840410843379,1.9219119320427616,2.0086019997915034,0.14199432534797105,7.5735231452369725,3.2732627782400434,3.319616716981649,6.862484807057348,4.319218286256402,3.567280445048986,1.550036235632645,1.756091360360449,1.1261963675007731,-3.7750554670810295,3.4376251998319294,5.32579858705453,3.976528875991195,6.435305973573957,5.819090937914984,10.107343424280414,4.158187754633164,2.84411293105497,5.556124124515264,4.346340273308113,5.775811766942923,0.9281022067626028,5.186281417425011,5.937895460117547,6.430580328793889,4.320080653136956,4.803343116048465,6.858086336208013,3.5444666181422035,3.4073322152053436,4.152725693730971,2.8936972189013015
111,-4.284833222582694,-1.3723404634647298,-8.144286539535823,-6.147061776642142,-1.174903162640564,-5.794210185656429,-0.8304940944084627,-6.797303030901631,-8.207668303700984,-5.894983289444998,-5.8378495443392575,-0.15613972098437265,-6.060014350662709,-1.7632567596986253,-3.6066427319893153,-3.4813433934615756,-4.175424918889431,-11.329994494035383,-4.6488595516305535,-2.306061513100986,-5.930564688076755,-1.761068878620045,3.5843250761187475,5.101021760593923,-5.334765782272598,-4.818453782942421,-2.6806106295941903,-5.515062982495513,-2.606400007246616,-4.352721725639182,-2.3494960979360995,-1.5533239749784906,-2.585191153389298,-1.8520845027076422,-5.544900805219649,0.7117568169700331,-5.5766530093935,-0.5518027609577105,-6.652416400690866,-1.8051520969787924
112,9.210290816715467,7.46935407243704,3.473642133862663,1.469313594469686,8.25424113141671,9.167132811529255,8.991475306634662,8.884555112284483,4.044525015202363,2.5612338681351257,7.849255714264583,2.8294329554597115,6.529030547044462,3.7734132862379,5.39776126738707,4.945575861278862,6.582380244569689,-3.7952161552150314,7.34164631338222,7.335993010769788,4.309465979782919,4.221085888003409,10.831452021313975,10.798301075140628,6.2672643366083305,4.823203684550627,9.188182626595987,4.949092455949983,6.818058965374167,4.159842881974192,6.886496062003594,5.865933337699485,5.127217056193753,8.025672645073263,9.436407518368128,5.4641700722568425,4.164585168731921,7.442032577684203,4.006918636786863,3.87386926291413
113,28.613536067826548,-10.707510937079421,2.712083651282673,17.125919297364234,-36.92867294201004,-5.545906186481828,25.004103466491404,12.137502238921803,5.47456836478189,7.584080713339205,17.471770159178273,19.96337442484326,14.690188710878989,5.21164024276284,18.420859983678906,18.01391563879724,3.598129157258447,-20.3281585263416,13.8797787971081,-1.5129019480197246,4.827278269065598,6.942014235457097,26.837708136559275,12.674033047549896,10.847934130855476,-9.253467688455281,20.011463907916532,4.6476235735027664,5.574757791455369,4.790537523939472,10.216833733390917,-1.7566831577044038,-14.038050312770967,1.661012127773871,-10.767923647422544,8.096469664528236,14.733533370726704,1.0460405320673258,2.847283637921288,20.16134895403999
114,-0.19985631775813795,1.0495348207961641,3.720710793669529,2.0706207810890835,1.1126780877012385,0.11067905479270539,2.186647670577927,2.5204476708053556,2.4568307049726226,-0.17969782976490672,-1.1739008075120614,2.6037274557334835,4.556625082016012,3.8549152593373273,1.0676517338124072,1.530516868775197,0.6587300548534556,-10.552931947529604,0.07332964725221514,3.8957816779882415,1.9416584558704075,-0.28790836301995043,9.382703785616727,5.354723787064044,2.6997918288778084,1.2072767827581277,5.182619022251121,0.17145115802852093,3.702172113604997,1.0891711876685721,1.0220018702252582,0.6884427951054944,5.084225205260793,2.0290632814808296,0.06921531312268758,2.628961421145259,3.0549351987023763,1.846968945192961,5.754341366072309,-1.0772281998388062
115,1.6121763441401247,-1.3103164178027051,0.7789878332079754,-0.440474692369659,1.0770068613903665,-1.3433444765294908,-4.737132119396587,3.0686351238684364,-1.358379535985079,0.14999302870583414,1.6104626456652118,2.7966585635465946,4.453276002880505,0.7626286354979478,-2.787473662783354,-2.006126906797869,0.7345966440092085,-5.401233539967907,5.706901650332312,-0.41882730596445683,4.5145936908540865,2.6770183710129642,4.5484840164169205,6.85410712505627,1.679116118226795,-0.9360478283284257,2.7606206454979523,4.625227311473789,-0.15344346775556203,0.2421747251245596,2.1383552138143758,2.8586288690599644,5.835638971301253,0.3986712560331053,0.5248144474924253,-1.333461677953774,1.8527855929393127,2.7656719381420642,5.27726489623903,1.1452591896716964
116,2.466853605928731,4.423990756524856,3.575905012025718,1.719947779671756,2.914795667346684,2.1765221041030327,1.1614468764046455,-0.48935404957182854,-4.19288322441486,-0.7316803268602852,0.7936936119372437,3.15929072819072,1.9805702794526248,2.7726814473648993,1.9408494602550845,2.451698614170041,1.0149901902210587,-8.446266135154382,-0.7170264852724793,-2.1955640821466913,-1.5215669616439562,4.670965565265076,4.554409627361156,7.964800786146829,-0.2944666406874558,-1.5011916897131161,4.092949861570296,1.465999798019028,2.7164992593779465,0.9101124159451944,3.0524320604383353,1.1887147262934112,2.7266762845311545,2.9790171209982748,3.1952586509039325,0.34878294846454,1.2672174535110299,3.416080093675759,4.475640917819629,3.231160088571934
117,-0.046434436110959564,-3.037246401614067,0.6134232589722857,1.1720906949923824,3.4919162208479406,-3.4381610318689972,-1.2946136367187953,-3.075973625142101,-1.6190930368451868,-2.9152631324027163,-3.3405676408541733,-6.423577007493358,-5.96155800464223,-1.040193708619967,-1.9540344436969,-3.0191771622017707,-0.322741494873924,-13.611030002244698,-2.112345570058641,-4.534263299976554,2.3091705635858037,1.7316664284832104,4.240680288018082,7.12026121423023,-0.37618280957014916,2.0547651935291174,-1.8179865567410647,-2.4692536267550884,-0.41684085248716396,1.7798013831681576,3.0231380112656407,-1.1029359873431854,-4.3074657584503635,-0.2135086698946804,0.8732815138187523,1.3105330361562086,-0.4016234424313478,1.4888999705526864,-4.989255136306671,0.4103268723042233
118,-0.39014782925168945,7.056302721885004,-1.9216917600586667,2.652899850411565,10.222559235007619,4.384008848471015,2.1118936441504474,5.015935826284851,4.051338919585214,5.9842897608724686,2.837181436443916,4.8239447961040245,4.866946598994424,-2.88293529400539,2.8295491108684456,2.2308014201022286,5.357128304587682,-3.5201549890988373,5.08323034900543,0.11007044525712177,2.668819675831539,2.7462276834049697,9.71627889639863,7.9700700457055875,5.562132345463224,4.909383856117831,3.201250556023889,4.641688767174912,3.7540828372113295,0.15666281307798455,2.7301832556829098,2.9276095458017717,1.6404416461645501,7.4017458347076515,3.8523041341244766,-0.7923365162499969,3.7216000591514518,4.055462769382929,-3.580807043915353,-2.456366964569192
119,2.636919658629151,4.812199812396297,-1.1976093922160924,-0.5278505979309441,3.9499547697240147,5.248143634549898,5.680939657234943,8.186686142097628,4.731121472519839,4.207707889494743,5.193073178775991,4.8925607763768255,7.6299496539387865,10.950392227719709,5.041288085805036,6.298150565150912,6.9738891811928125,-5.269178438312946,8.586110164376773,0.10039016528587083,-0.27737361694664464,6.969230318051631,9.904259487391174,10.513007437086783,0.8292464211937872,2.7325112673288583,4.912509457656906,8.14253910514318,7.069180337869446,4.9818617032275245,5.904674000098837,6.081817629706211,1.7233052481834898,4.8450053322572995,3.5055074152177363,3.9880622065673808,5.259487797346367,2.110987281398926,-1.4418173476081435,0.3746451391590904
120,-0.138618350528625,3.5981940374004964,0.30665106472357434,-0.208824257496073,-1.0358863112895074,1.4076161038110295,-8.011755928793535,-0.4968068605998182,-0.6410434769673934,-2.9150736135492332,-0.2105350618756874,-3.962926939872298,1.4636855950291725,-6.7520906317804865,-6.140771331987438,1.6437089060505479,0.2837340902718267,-10.958411849372908,0.7024043227779534,4.3776135209234095,2.658249180210283,-4.9430439518843485,8.48461374911005,7.023845702783724,0.29071599367842516,-3.3845927685289987,0.046683679712604724,0.6321971512757156,3.6139887507375192,1.0550805800859984,1.543947266548406,0.041861267121340265,-1.1543381536523758,0.7534509141619219,-1.4156474310827083,-6.08751134268588,-2.9732453168074437,-5.20946545184991,-1.1577379183720613,-8.261617926950601
121,-4.260467776615256,3.502045446008245,0.21980544688084652,-2.231953232579856,3.2565233052047855,4.887481253447908,5.302777887360614,-1.6542873912154676,-0.4505280256688909,2.2973110489629898,3.1453515364283327,0.7128942804373033,5.562793143154977,1.8810057928274024,3.8056402450142413,3.899885052716368,0.8233952355541063,4.236316861771853,4.10315694096868,-4.267221137758475,-1.7394924711811461,4.836757116702911,3.682627294401354,5.753283918314034,2.8654111203318253,-1.9132646189282336,-0.8182250682532993,3.686059854906347,0.36440391596559774,1.5526712873083452,2.9462079354718784,-0.5359937192103267,4.67332827078878,1.161214507743281,0.4602476013946457,0.37939040384986555,1.269064000202438,0.2650888261848999,-0.19287093757193846,0.9222106360260611
122,-2.0661188032706264,5.083524830800223,0.10069070187843113,0.5709053082115018,2.0694658116883518,2.885967640342239,3.896382807216873,3.034376446859993,2.5265783086852003,2.0727469984982068,0.7431550256787748,4.3913001064687895,2.5198074274257363,3.8137472160125334,0.08989905500778168,4.533410047223577,6.8131967184768225,3.9875181756580167,1.2822487135613807,2.7668854694709006,-1.0293616951617053,4.324078811223782,1.8449658286814576,5.323111678056548,3.6726984582452,-2.888819473010977,0.057672998234391426,3.8181431037931297,2.2349649844344106,2.8707545261679486,1.2892798346817675,-0.9096199399128343,3.153361132041726,5.167079494487302,3.744925204627457,6.175440281552018,1.8923249641971334,2.5120781195587343,1.494216105361582,1.3829015523951862
123,3.1113179204678953,8.717426802956433,8.752084347833346,1.7039747925243784,2.7871225653350398,4.20512656350071,6.2768976638352445,4.817484417540643,6.932870542831316,3.610820861611405,0.0068173863309364605,3.525081506986713,6.314777616120565,-3.1160555391741505,1.70442576800981,4.254640307226571,7.234603525162159,2.135714431016134,4.1862134037452225,5.570118519689776,3.7211943262838285,7.919896425174931,6.646026238047784,9.71321052833994,5.043951955399812,1.8519942478080245,3.8850784325098933,5.054300925526913,1.7019974734694563,5.406066612014413,1.1969265821498183,0.67904072051726,2.0903296708958625,0.06281659505242387,0.8933729418859933,1.768938429942927,7.779283803253154,6.495016259782643,3.196364673756177,2.774757302926891
124,-5.573863342209128,-6.2513800476552515,-3.327131329216169,-1.4828054923873037,-1.3870440231891115,-4.580102801003424,-6.631008962825998,-2.332798849362423,-1.7657026601876487,1.5607546377623458,-2.9565961945874975,-3.9014317920532515,-3.7424303060994366,-2.851391711033043,-2.026192595470849,2.784785278780795,-0.14899548019817288,3.142926677379329,-7.269432359348956,0.5724302159785417,-1.092357124796905,-1.0872435757520649,-1.0280418832443896,1.2342783679985905,0.3222212929353997,-3.896461259003467,-2.790388800200021,1.4072901232709214,0.00739547895094934,-1.6754350672668448,-2.693384316215545,-0.38044446191440795,-8.276756688558056,-1.9878694379754147,0.006516358451387464,-0.5125189569486471,-0.39470695446696646,1.0076065504082246,3.8368720249874952,0.8240262095101393
125,1.7354255317504168,-3.3808217778725633,1.3074743943281524,-0.34080368094279706,-11.075556770029978,6.453857418667601,-0.9214878984675358,-5.986205422645185,-2.0833066472885657,-1.333249881893035,-4.059275024055577,1.72243258109425,-3.316163130996916,-3.2537775054827462,-0.9539120273943207,-2.0352308671864487,-0.30916148064564714,-0.09826980690246195,-0.38708069871636636,-2.452922085261414,-5.0224477446906475,1.6790727898840159,4.565794935104395,-0.8474039806299017,4.7259577398914505,-3.225852800447476,-1.1649899184120769,-2.407245081083824,0.24430443754285452,-3.115664295799087,-2.5401749644126976,-3.922661174646335,2.630482109524786,-1.4037680570589823,0.2404502543743272,-2.4386774438342096,-0.04287536982902798,-0.6347876556992664,-3.3860925897348753,-8.040648164301583
126,-3.9235924871899917,0.045075602909135724,-0.9874668130670212,-4.69988230672674,-1.4161751598381418,1.7783506596473582,-4.016440333669948,-3.694746708735772,-0.5995011071637529,-3.83226961459789,1.5964962859576264,-4.4250668339982555,-5.575407930093362,2.6319108202619588,0.2779054948375791,3.825624762563131,1.8697030944224786,2.0752549108433924,-3.4868043958358634,-1.0544118829150366,-1.7107900270836514,4.250638647171136,3.707356603335114,4.66126176663973,3.6456214044628914,-4.565132190256302,-0.953587766612316,-1.0595729303229924,-0.16452890690364944,-1.1006187743617735,-4.144510198294313,-1.0801420547254794,-1.3615761327313207,-1.5562439549585225,2.7616622939534143,-4.806085149825674,-2.104941706368923,-0.6217414230113595,0.5796623231162709,-3.7479555281760164
127,-2.2442040229912545,-3.6898108570232298,-2.0805311542275735,0.56785437733439,-2.2528896212636735,-3.698128284903991,0.6359891363849562,-0.3189184404368206,2.998962697937551,-0.11372761269151688,0.43319716372833056,-1.658230238936575,1.860160010803824,-0.6156143284016229,1.1704550398507325,-1.7651496892525778,0.12506717709422555,-3.8007500059074797,-5.821260718094449,-6.870193265228432,1.096517688763187,7.748477945168949,2.4300194261598063,1.9566531767152375,5.0914363234302655,-2.956030646727709,-1.0342538503392653,1.0878850964225397,1.308503055384366,1.6428031161381917,-1.495307073159184,-1.2698527886726962,0.6515972329781637,-1.5155995286615322,-0.18558714618162456,-5.395591432149626,4.611196067733842,0.6438414855043733,1.2723225465341388,1.3703824243455252
128,-4.496154512970062,1.8932261943934368,1.2771767128827434,-5.942883707203532,1.188461996243237,-3.9144097049742976,-2.5730006217516483,0.6371089969253703,-4.505158468147244,-0.7664288969589409,-3.420969774014835,0.7484085696639021,0.38050580950324886,0.15098138079145632,2.424757290268566,2.6925606953648007,3.0453376021227037,-5.483007737590901,-8.687922373404174,-7.610533165551988,-1.0223895947684634,7.780936170291774,-0.5725659268075867,1.221934304515838,0.4800716267816507,-0.13780827733177284,-0.5486031830330771,0.9388147682946821,1.4012821701519287,-1.5357766392580878,-1.343575635816326,1.512867057515797,-1.8220349685007928,0.5133487646322145,0.6804626425161049,-5.890510468654762,3.3331414480328876,1.6744568213654614,4.050734793586555,-8.151142788690512
129,-1.1899093868372326,2.492169928289894,-2.250422501550732,2.3088206773802624,-0.49832659963467146,-6.7560114393507344,-2.346285145699818,-2.5541774863128577,2.744307674764328,0.09621388539873668,-2.379795215820196,-2.149922545187847,-0.9560930134527793,2.8733308916593807,-1.0202562319978037,1.9371389201772775,1.0337640261179453,-2.6357943707317872,-4.185761843159874,-3.3127056112974573,-4.973860163816296,-1.6527640115009914,5.486311521853033,4.425859500318416,3.4704095623991416,-2.3766745907774034,-1.8071215897508417,1.4459121326758004,0.4071689426489123,-0.24112949158902464,0.0766148211091506,-3.1872909627916326,-2.5428911766771223,-0.24954913651366442,-0.32248090112459543,3.0339277783371887,-1.7852266667752945,2.5806425992444493,-2.803853130230299,0.8671332570402084
130,-4.156124777859562,-5.111983882370109,-5.785656279148285,-0.9226539511550299,0.39579720014891506,-4.743758968100414,3.685473452143092,-2.060908920636453,-0.5151632244296087,-1.5067906339395158,-4.909863463397445,-5.60678957910983,-6.322996636818374,-4.348192055603497,-2.2084721798871736,1.2586717416605582,0.46688226916442216,0.46711862272783256,-1.982685174296618,-0.15091643225894263,-4.150054158564146,1.5226235935676538,1.0651142498878257,2.4364444140710826,0.37435076103680454,-2.2888161949278936,1.137627117561238,-0.40106139526260365,-0.7550999453835788,-0.858887097250618,-0.3529022348642337,-2.8313823481076845,-0.22213242869671151,-3.8208870649948135,-1.088493301852935,-8.554181506117898,-1.067322656039779,-1.1187801383768399,0.6319416135752532,-0.34317218491449236
131,-1.6758294548664847,-7.40965906405174,-1.555653106844947,-5.890730414054122,-4.077669386945056,-4.640477908042929,0.14687789181166447,-8.291401624908552,-1.6399454778147402,-3.784133592847271,-0.26072264052178784,0.036425503004972846,-2.814589455290293,-3.7964469106432386,8.180867193081498,2.345296937070323,1.0424516957766468,0.2578262628008394,-1.8696047580842923,-5.212709513011487,-2.1746939820164917,0.729399298431181,3.2365411361478778,4.662439613288808,1.2510366935680624,-4.321762018003049,-0.24490199082819175,-0.4453355055273766,-3.3170553444841326,-3.545535570491457,0.2565148438623796,-1.4709007363423314,-1.1612223767649505,0.6252889703831475,3.7778059878151997,3.7313373669690395,0.371370438282002,-1.5042365853937452,2.6928162189003224,-9.348981471007239
132,-10.902754972759574,-14.07353904880718,-12.693907093054982,-9.99754352753035,-8.204946624177309,-9.868089197999454,-6.911791565857661,-11.88887955642792,-8.13943208307203,-12.415532296585425,-7.74339344300093,-8.634669858939077,-8.39903515060305,-9.684610024116953,-8.243215849066184,-4.461665685104927,-13.709202864943432,-7.137618262441559,-10.046682296183624,-0.359758980568079,-11.833917852983493,-14.88255328856795,-19.971737051611708,-11.906907384434463,-8.965871720584177,-13.915115165861279,-9.51916274392745,-8.366438555889292,-6.260296193492642,-6.343095157505792,-6.9108799414906485,-6.808270733171645,-6.9643578530358,-10.599681748763516,-9.13306428946298,-4.664185557935619,-7.010604727763623,-4.383616815565071,-9.217724095306886,-6.4667932459522115
133,-8.35585099375709,-12.250797012706668,-6.8834973302335865,-6.219328897823358,-7.547331047138887,-9.28905246995877,-7.839797112084053,-8.652394306786682,-6.513423515177118,-8.321903130243415,-6.639780122347916,-9.209740408055264,-7.176778150712383,-3.3410221144868015,-6.395524354156148,-5.905015602425005,-11.35578751940251,-4.59013608208757,-11.067563359902366,-6.548367819362802,-7.487552020596478,-9.711727221121242,-14.446688799099718,-10.640752315349953,-4.841960524650905,-8.777773571532991,-6.8443424531816754,-6.906095535396721,-4.637965158141971,-4.247844047085465,-7.927052710684104,-9.03859392024709,-2.061936632692451,-7.3472672099145395,-8.697871408062628,-9.633927065715339,-3.026800627744855,-4.695377915165706,-7.76151240517306,-1.8406761016051265
134,-3.3644326973803573,-6.043212221878401,-3.5610748253329314,-0.7838424827091797,-5.031921710380923,-7.407416846646952,-5.942260302038274,-3.4880728215678776,-2.710659998099052,-2.2913741402862566,-3.656235312793094,-2.408571117145304,1.1832418192417584,-2.5353079598397152,-1.9069493639290465,-2.3148857857342846,-3.048453427608186,0.5545999054189659,-4.283930375853113,3.762384902969931,-5.0676401054218125,-7.036082651287767,-2.138117356649056,-5.494566743588184,-3.5653638194406425,-6.0609143992740755,-0.947548522437315,-4.533907346114962,0.6640983580825606,-6.903538977372589,-2.6223807484970716,-3.9883122683174905,-1.550836388101152,-2.6735372553298262,-5.3954616436056355,1.7547986399327982,3.5908554707880733,0.8405445905215843,-6.618758187231995,5.388784855733831
135,-7.849391625919053,-14.438831661388233,-12.831737782975102,-5.780931657164085,-11.262408866275454,-0.8968703189048395,-13.361198008263385,-6.069549110266568,-1.822665382299972,-5.224526074480804,-5.145469007727722,-7.0130912557433795,0.6774946617684464,-6.456107614587788,-9.350803718667835,-4.730889988889729,-7.794214466565492,-1.7712512653545889,-12.5206130807999,-2.7362450250810126,-5.748428027895863,-10.313039592834516,-10.922651944033099,-8.308903995073008,-8.677257812294515,-9.02939770984017,-9.098363060710392,-5.9341269134448416,-4.297881422089892,-3.1335278659316437,-5.888531482003537,-9.284942405053721,-4.408472253830821,-0.4837732881906809,-7.075038649800284,-7.516730943591752,-4.800850405497741,-3.7660924388349293,-2.091585601594673,0.9464781176103193
136,1.455369185176023,-2.4186859263268388,2.2465644375639418,7.500854898522883,3.86955842460643,4.813355793819471,-1.1943278730129399,7.689571505424073,3.5012400926325773,4.274375545653036,3.2689807126990527,8.41241208403718,4.3469578227383785,9.065489251890526,2.914772424223267,5.020009893270102,-1.4533231957017956,5.8671640804779335,2.533253231286537,5.646187686183598,0.021118485490921532,-4.987693028101733,-0.35018772912643326,0.6677532230110973,0.1960087208637707,-4.258483056130084,4.197957617604498,4.888230894612313,0.16412989737458736,5.435177455705123,4.106179062468321,3.74646737881469,4.714986915008823,-2.2937693427794565,4.295940040688948,7.3453443735889685,5.596098209545837,6.383113177035957,-0.25482109592057495,-3.057041589382741
137,-17.89610876741877,-10.47534963370422,-16.355259568347627,-8.364908058645458,-13.665660481328622,-7.161982712977242,-8.909912983400345,-8.007113776472556,-9.198556996249028,-9.884156421368113,-8.045833596259884,-10.876752221263352,-10.934075112818114,-5.700996672954467,-10.25218572965874,-15.255248588090456,-8.80054946005775,-7.4533661064539976,-16.853473150586797,-11.666073471979026,-10.800541750585106,-17.317621432371702,-14.111390710043267,-12.542532511392116,-13.160701027978927,-15.139799198384537,-10.76476813423863,-11.168536356173309,-11.747584190131356,-6.973054267854076,-11.73070481663595,-7.784638172430688,-9.348162986057128,-12.814742814168289,-12.276423992442847,-2.9718945934659198,-9.98698371092162,-8.915203011462587,-11.796507841333186,-4.138284217748799
138,-3.6275645473427933,-9.412980059850398,-13.268930824477962,-10.032785353124265,-12.450852275839036,-8.385066742376553,-14.54033624805588,-8.3648905843044,-10.69104509625069,-9.3212427505672,-9.188633034738544,-9.885737467423004,-7.19594120553256,-3.6255844637641963,-4.9724061471500915,-12.29777235329189,-10.01527659594342,-7.5992197097311545,-13.077450135281271,-3.2020563103347275,-10.517469226559529,-8.948097452059118,-13.482794835841204,-12.424278886070475,-8.776008112189864,-13.298581853267494,-6.980905860622998,-5.506318757034716,-6.979627163886617,-4.895335109418459,-5.337517676009407,-10.084166330734503,-6.24246192690785,-10.622039727530831,-10.133378068566888,-2.808095755023587,-12.041403836163889,-11.050361411847696,-14.669936433081329,-10.84040134437721
139,0.07850260042285537,1.4532703598357262,-2.526073006378801,6.208212525705513,1.0120483741688504,2.577829461848642,0.5526450708073105,-5.216745054206932,4.481464222093492,1.5068073517703942,-1.3715558088753366,3.321367696551472,4.181860196129483,2.417183155561635,1.5239268113153586,0.26522228766961214,1.8696253408007895,2.3519333342895226,-2.286929202104589,4.466262586464336,0.22416728712222447,-2.3020810826479075,1.8023090797200405,-2.694206556308803,-1.9365304856645935,-3.762908515288318,2.867983629570503,-2.143148533092373,-0.4858894065920145,2.5817577273162935,5.1201899162238105,9.23330972584453,6.27855607916474,-1.1369584004298572,-0.4227211267468246,1.144977543297094,1.370009620350656,5.619602252665695,-4.699691566842984,-0.4229428113679676
140,-5.382993276874061,-8.900488688258934,-10.89942054545862,-8.401451333320168,-7.397790728624541,-2.8141083757128547,-2.0370521473512024,-7.133243042375384,-11.46844070787436,-5.008512149551376,-5.8936332448566064,-2.298342388704095,-9.704666728768549,-4.0402216316794,-9.851874994672544,-3.140172104253268,-4.644086432546049,-5.8488216804572,-13.23376373126729,3.260736054322599,-9.701864164887665,-9.221899651957928,-13.253721290094445,-8.367774172769236,-2.3707310698576824,-7.481978641822001,-5.99268702136956,-4.6589604529292075,-4.0682782335992504,-3.7533069838225357,-2.4584544334331273,-6.188207466340948,-1.1182400511681294,-5.860573400846102,-9.564669180621094,-10.9774739197108,-7.562692846196898,-6.48254860485342,-15.301100885812442,-7.484284397141485
141,-4.877760021687346,-1.2005915644092089,-3.592620095595107,-1.6698200176198061,-2.2426758571631926,-6.393618840564144,-1.0166174333717597,-5.167168303256391,-1.130163769939871,4.758589855356017,-2.2294617729702595,-1.7795305817238047,3.6159992434410584,-0.4858315166767228,3.372506174743098,-0.31874874483361,-4.883692602320763,1.8415356388036692,-3.9967003707025266,6.761133371012861,-0.44260927886558665,-2.917750000636502,-3.981400159263247,0.8618826252312111,-0.8281699109490153,-6.290090885523909,-0.4240108723769981,-0.6868825737252077,1.323347680417424,1.2193759519242056,-0.287797701675677,4.453234484626951,0.7801368817775289,1.7428091853723513,-2.176934850994746,2.103019455497789,2.062027634906004,0.14054958671702988,-4.852237848746348,2.6985884457657123
142,-2.4720874182160455,-2.7478568837289075,-3.447951209547573,-3.5565054072458993,-2.022535477996221,1.0947013158865475,-4.2309527570983585,0.10778117501503484,-0.6724590298795344,-1.344002993148028,-2.299225139763233,-0.42375560130024276,1.0756541286107395,1.0061232490005134,-2.7021633729588466,2.366711185496669,-0.95731684617784,1.9184219902604676,-10.80985677958468,1.3308526214540077,-4.040764194010878,-5.892070789471906,-7.6351239581896655,-5.908482886963917,1.2833563544385689,-4.240141477514212,-2.6310589473451134,-1.3727189920741794,-4.084154179440976,-0.2007681943619692,-2.3019534955085392,1.1356611142075406,-5.631946815435613,-5.2046421074837435,-0.12246299633825847,5.555743336499226,-1.750214624519531,-5.932058075668169,3.2833773027886424,-10.529261931606094
143,8.979769285963275,9.470651689515831,7.650360100438149,0.4467819807959854,14.985124232610925,7.02032645512157,8.385552322646774,6.53151890029979,8.66441491807934,10.858338785482383,8.773022159540973,8.517317447588729,8.088076719635959,6.725006391356422,8.211233612119303,7.532087894551269,11.217802762895891,16.77933810112601,9.340942274834692,7.60015926827471,14.169421911649701,-5.718238447679298,5.508179932943486,-1.237582745419872,-0.48458715711263783,3.1170234851962504,5.792853502198369,10.2130629427664,9.08894221945672,7.803264626730049,7.973087748383822,10.161514692611652,9.14192932877915,8.109007443078557,6.974559800942954,10.399568661311744,8.908331829365128,9.92658096927132,13.217137578577272,8.189993213107133
144,7.835540990581079,7.021907256073041,8.20436833917346,13.68593764194379,7.624702693766498,8.818866294825202,8.29834648410117,8.12354886824421,8.449291220901017,5.941177619447825,9.699963817559256,10.84683279628008,7.557089731626312,7.172415777837129,9.516342813438008,9.902757560163435,5.682831403210953,16.228024630635318,8.450142738545397,7.435706327953307,13.192711154041433,-2.3231217025608855,12.25598273680919,0.6396421474087942,-1.8582517241521368,5.579778082996086,8.68822678003443,7.329397373845482,10.964417736414918,7.468347214229332,8.432474861822412,7.7775459617036535,8.344600043070704,8.299426505862371,5.722390280026075,11.578665114439275,3.5325017320931638,6.900740505203213,6.439289935451615,8.004280660951762
145,8.084389605664434,11.699745736415776,10.22650301384961,10.67332457357474,7.4373192246833195,12.232708841422681,9.639573015885626,7.884903778531828,12.882379286846344,10.974029074670494,12.29563750771317,11.302760463509992,10.436470724121156,11.434622816245696,8.327875542923957,8.133775666504855,11.930597850699119,19.44947203901711,15.632911482338294,6.759970853095906,14.161216305581085,-2.8584154126970867,9.172625938579841,-0.3800388170248499,1.6373869352306685,4.429311760322488,13.07995821427768,8.785184192671998,13.076702487017686,11.313294032152017,9.491317495475569,10.68644769806991,8.527525438471166,10.617423519465287,11.994966272818736,7.89060204874965,5.68157348038492,9.8766430262979,16.78397691157078,8.701010824731162
146,14.24795942822635,11.730225685607195,15.840944992954507,15.891107386880803,14.73934342128831,14.68716964311834,13.98056353215954,13.609612874021318,14.186443034425272,15.16199715380907,14.614319291388277,9.70992990701486,14.21563985309099,13.701169180352077,14.933128314956278,11.43067721498414,13.242897408063337,24.28643677331419,12.909638112355715,13.653579479162595,15.88148575444025,2.974315285256496,9.99321275549388,2.544269163319499,7.84993553718392,11.673434612388364,14.429573489251306,13.261739107530445,11.430722165082857,13.32788532624815,10.771686009263396,11.303287414126359,11.125621770841182,9.151971512056724,14.887215455006247,8.42231497468095,14.325241275425238,9.6735310808024,12.34930853598188,10.102431178606468
147,18.06814300986311,20.55775131201785,14.796915904907252,13.513095459344353,15.169765841216389,13.382795786088842,16.281052215502182,8.8994173922152,9.998364974126869,10.187046621555876,12.980786247476116,10.721119270344182,9.968859204778942,9.754854465511261,15.02465173855761,12.43726583571032,11.34799568992622,19.190744479934413,4.939734504478335,9.374968299295722,17.91939799207443,2.7146491375401673,12.091341965100442,3.0832547505480514,6.147094604175149,5.599462697536027,11.760992240848601,12.391728532935954,12.65732526053866,13.07115306642833,12.48316949431432,12.568045601289914,7.654449850723658,7.665094916572482,9.703398620721657,10.809992802795403,12.32225138279349,8.894002012442682,9.2203533454426,9.573497179269953
148,7.196613082816966,7.772739510874607,8.886419736441232,7.529969788682122,10.647658459422367,10.32518465085826,3.4295890148080472,5.390446673887029,10.349657940456845,6.367409161569399,5.0837535135302145,4.626171093191066,8.721561730010938,7.530127178749663,3.679611603066936,8.8625689102738,4.572500526883331,13.351840123675702,9.04828601568123,5.27943783138048,10.105660218768637,-3.7807973569439812,5.658988352858033,-4.656373207049864,-1.0746788804371195,3.0440155955095585,7.016692404265191,4.994629696260263,5.30093690925327,4.664884342448414,7.566842813167175,5.790141885697687,5.301104426489637,7.4360746603221415,4.407244144924,8.077571760583288,2.442690618492654,3.255892252348821,-1.6092130143731131,5.4102000593348825
149,19.390137529326815,13.494583905893201,14.01170444779647,11.508244197512925,13.500971601577511,16.614900105456403,11.269552895845443,12.824730473688687,13.708757100738358,12.828815795756087,8.820138141170082,11.714530190797852,14.523342807308932,13.407988986198786,14.368040261724188,10.830363545797939,12.048974321332851,16.587528399692083,14.995756212125688,10.761305618116912,16.07000256639171,2.1234549900133115,16.598847051564533,2.2252798290850273,1.940501007088831,10.798715227188875,11.52933828490731,12.523557643953804,13.695817324388933,12.741769531243476,15.281740760494044,9.787107288259417,9.016074169687975,14.451348104002859,11.116690488242364,11.869166390581812,12.933807833488096,11.981883785263593,11.045261841667338,5.716231814973413
150,14.067475373153007,13.186808165088078,14.440928250577294,12.199328817307588,9.321148350243723,11.206986988911884,9.625614871099812,8.47695312653774,8.298037208855417,8.952845246803678,7.836385281667977,7.6757227740771885,7.452797349209583,9.048458916796648,10.088441668134672,8.249166204285068,9.17670299872915,16.140139625046558,12.11357283198218,10.625570967040062,11.619213621945192,0.39564700244934775,8.567094552124106,-3.863854770120481,4.00647627781324,6.39958973567855,8.989392084512533,8.26886358359674,10.302856960818822,11.712090429695714,9.963302524480882,10.170956752687877,7.373540366785347,7.095077241855714,8.732362055134175,8.135526818038699,6.632039147602157,8.749063347966782,1.7823685155742168,7.154132904216015
151,18.53880987912926,17.84514171167482,16.40157314711114,14.0492836601749,16.411704691814524,13.48126667055271,18.818365062558538,13.88718888949809,8.167384186100888,15.294504984930613,14.087786535537685,15.917468093920261,15.471744396827964,14.208401060390635,15.194822918399314,12.760902469997562,16.190138500879208,19.458388351899135,17.648106105074717,12.177237081440266,15.223204003369974,6.047438255752799,13.754097008941683,7.211298763867623,7.919084121517448,8.883813733737284,14.16207654613591,15.010280023078742,16.191605318602196,15.81753187934283,13.632134101889541,13.018333697160413,14.561305134978006,16.719419488613475,14.223130537026519,14.4929401708688,16.360386430042364,13.058633327317686,10.123057609368413,4.405255426673194
152,6.7423316035234375,10.098085477046252,7.289999672562529,9.190120589678763,6.300528965951253,3.3969128129259762,2.7633323165202155,5.811518933506605,5.048850374370304,5.597821385987817,4.450594452638171,2.4958624480685967,4.146148346279762,2.8990619903977763,1.122873536815667,5.907338914127356,6.689038406492176,8.566550604081721,5.109196141165062,2.1881732288895375,4.604607168506842,-3.4224760555617597,4.9334493898953715,-4.404751822634395,-0.3675286901751701,1.8555497253542779,2.222922739610372,5.486122907032955,0.5830274894715856,3.734614730438741,-0.6015783620747227,0.37022146818018653,2.4318469258210333,3.118932086355466,5.05966725952409,1.6459269862991872,0.27939532005847767,5.502302582597819,0.507221676039127,-2.757351134497981
153,19.3183905018647,19.567409802919183,18.364982334991385,16.158783333645733,17.321368378907238,15.016352080308815,15.102592698538222,15.532463094977967,14.041356233730099,14.308810538771251,11.668388508020023,10.811623569341396,14.194919454302335,14.1197172017371,14.61817098203685,14.111428357058388,16.690595889523703,19.67421565802581,17.23114602430411,14.457358537944575,20.688656363464883,4.93928895863783,12.770669717738318,3.8803489114910743,7.036457351445737,9.262171259419722,17.334966706210395,14.794100867886424,14.651378546409164,13.177695796870324,14.16120183799275,12.160066931307815,14.715766013999339,13.845226162954324,12.939901941076775,13.621775650147988,10.816733696814403,16.59322981431725,9.878062968720977,12.708808718094943
154,6.310845824465777,1.9701738763450485,3.869785373316849,6.943304163539584,2.230030967204009,5.307863836317725,1.303683900685167,1.872174337398354,5.44792485340182,3.040017503815974,3.0876367131732474,3.3609298133946495,0.7511822642684467,3.5060152261641337,6.998992898359791,9.747811701648402,6.738944592870171,10.17346511804203,6.178184097910532,1.7904359839054744,10.92504687255971,18.37093015752956,7.61998034801788,1.7752700620858684,-3.4950139440441266,0.25470117288440547,3.078404123165447,4.580585528153653,7.719956500513911,5.044492956034237,1.2547351301322314,5.488886148903468,5.725617846518787,2.609432328302579,6.359483123246604,-0.6748881399051886,8.85312768492615,4.815137769520306,8.246180349496585,7.083901098628268
155,-1.7919589432347203,3.571476147586576,-8.237686775014456,-8.67680989525104,-8.094689399901878,-6.900101626172329,-3.917237786564814,0.9911855856160269,-3.2741109332352587,-5.2928214968844145,-5.23987084331807,-5.959064685304519,-5.06916211171307,-8.428408468228591,-2.234806339803413,-2.6367615336767543,-5.742136739728913,-2.3896210777803324,0.3527493455950189,-10.076572342981523,0.1258778437220638,7.176487088121425,0.7915022111011015,-8.070535745508604,-16.38172679328651,-9.544475092149927,-3.9081961696040644,-4.4057998925192825,-5.1069512153016206,0.5454146572693774,-2.394065247663511,-6.982659182014297,-2.6902312470340797,-6.748780331616024,-3.6193899737517135,-4.913031489225725,-4.397544393448023,-3.5639369762802304,-7.403480169950927,-2.1174778195153037
156,-8.445247925143025,-6.7324446762310775,-0.8196477767753384,-8.412941643129212,-1.2234834015839091,-1.033442053768347,-5.614387056322385,-2.792105647701666,-5.792478583120909,-4.039487425010065,-4.909807644352592,-4.343659774173861,-1.7659581815195389,-6.574349967533632,-4.141228762168841,-1.1360189679351655,-1.9222605798116654,1.9105414675433299,-1.4388798384238821,-9.993756511725122,6.296276028440645,6.10234083264151,2.1120564760186116,-4.041510709736141,-11.48068038813134,-6.10246244556254,-4.713475886201103,-3.3107036802144187,-2.57256729765029,-3.941138373849743,-4.705970057456239,-1.5158995197346734,0.43578973638889146,-1.6791316648821644,-4.093445463612914,-0.39940575567328274,0.17535893142175601,-3.521414870280518,1.889437397095336,1.665850586715182
157,1.842272921394313,0.6383633919422615,3.6813068514121814,9.353293522526277,8.126130062511015,8.720311260408309,6.282188830056268,5.470618729402283,5.070837868502176,6.527946079571902,6.017701007118301,8.61147715061142,5.385387695496704,12.80253627489004,9.7864391647356,6.342386709738681,9.511684575418412,12.54370203826507,12.2640974187945,-1.4805901864047242,19.95086100887393,18.3006435400371,10.880810206716637,8.679595000209792,-1.5499336650142281,5.6451928053910825,4.087810783141798,9.975839568673234,9.126025036797781,6.97703292923529,7.118032632199483,9.641299939623977,10.11396386859506,8.40217914811353,10.061386640173263,11.754903140243973,11.261627643068222,6.024148799178926,11.205452916303951,10.448526268285132
158,-3.822603904579524,-11.969117431606396,-1.2486263374678608,-11.397331356471003,-5.316018434350122,-9.225108412419555,-10.874550034033827,-9.815748061443387,-12.679064329538617,-12.46792271390696,-9.494228055051687,-10.96323367048733,-11.685148291589865,-9.998251020976628,-8.104989269339054,-8.50680140457038,-6.606681359377327,-7.778731103143192,-5.517236417087928,-13.200941048230682,0.4537380184229822,4.02312125777756,-7.372441761683043,-12.645290388455049,-19.00748082832668,-11.12440240111722,-10.349303224589805,-8.551520075004413,-8.979848275381109,-9.081629888804427,-12.700322636984222,-7.338233421084364,-5.874181882803379,-2.0158599088058518,-4.517661009135143,-4.91628904318692,-5.053802844978916,-9.118523369112326,0.9190878001006815,-3.303571898469202
159,-10.781602424273828,-0.5352857858974877,-3.6923943119424325,-6.602647904222237,3.7758927392457586,-2.9019993980167524,-7.337792054756243,-9.328677848217962,-2.542507902404352,-6.92757492064271,-2.292925834079669,-9.535040703518865,-6.514588903154057,-1.45226511683064,0.9361955932872277,-7.0633003259904505,1.586614664388996,-3.351206433028093,2.815288859310222,-9.634633501816678,4.8167828695005594,8.035734688840574,-0.48303651895246524,-5.8367433954843895,-12.790884432471938,-5.113803973559791,-4.498641077298045,-2.140581086881259,-1.3909823659923968,-5.686897719128198,-5.372866719775897,2.9683341963952103,-1.2178418463548013,-3.924774141701325,-2.7880912734667143,-2.125098870043016,-3.024763982599953,0.5508537132847152,0.5320123035988655,1.977018047421565
160,-5.687439325888647,-5.308745971549594,-3.7003833824315624,-1.0305951438937766,0.3836047366010069,-4.647685634652733,-3.803400140873366,-4.0444822536412435,-2.0518975956710137,-1.7238117867376226,-2.52205752900146,0.14846957506465125,-1.951285755862755,0.34370198843157534,-4.800210187365283,4.138185528929833,0.7116401224820471,3.403268061940117,0.7245406478276235,-1.824879916190683,8.947768036092251,6.604226929330916,3.6418909166961075,-3.1175808057805865,-11.086619454826053,-2.7323838517088,-2.4074261532319268,2.960912012409934,-2.961318063441178,-1.123849217083764,-2.225492620546708,0.5810357082360227,5.038577335455296,0.7852219599419805,-0.4498417837133713,4.959368099652069,2.6852097329455646,0.9553137392272544,-0.8836358386808127,2.799337151273902
161,-8.140104062984765,-8.181641225427855,-6.052084685700952,-5.766223917849504,-4.947273714412885,-8.266843278922275,-10.900808477892326,-7.649262772010089,-7.510465017513643,-6.520240812053406,-3.4488244235487424,-4.896718634454314,-4.597876625718592,-4.638817469156594,-4.925869535378648,-7.769839209248498,-3.4727093774460767,-2.333531818273959,-4.470784681171729,-10.251772069395336,2.4173238727720814,5.983817272562167,-6.835537597562947,-6.927315821144905,-14.394797225292336,-6.050111931902769,-7.258294206063281,-4.64268563058493,-3.9877695272353497,-6.129427645504954,-4.856486105196885,-0.7625708012529804,-3.2279691234631684,-4.246261677674968,-2.267483471458468,-7.537639464628469,-5.270818044190607,-1.3064629697369634,-1.4336308008573306,-1.9076189148860596
162,-2.5965376986592794,-8.523555586042203,-8.238506217899225,-6.846133783048222,-6.854424371567681,-5.18888861621359,-8.461326092796154,-10.434140842946427,-6.351313886392401,-3.0545805946512887,-2.058307195554119,-1.2975365255596303,-4.530701494485206,-5.919928584882961,-5.058953422731457,-2.738943085634793,-3.345294821922381,-2.693755266223406,-1.2029476627619582,-10.687015465035005,6.3909483373134215,7.598731062832243,-4.098978048496168,-9.334035298817135,-9.003950039943062,-7.362063762827846,-2.3085548286200757,-1.8714221672386178,-0.5347536637308343,-4.918274128496669,-3.9530671326809794,-4.827897993180808,2.229729424410857,0.8260213152979449,-4.537713469946009,-0.5924456399130505,-1.2052532650606471,2.9545187351842355,6.7281711627246334,-3.3274951694840214
163,-12.721230568293887,-5.799764195931742,-1.8884987530864534,-5.75769337666982,-6.232137649059627,-5.3306297633752395,-13.251051314478532,-9.417131151281396,-7.541896161458492,-5.5794790587838925,-5.1246772002905825,-4.790307342216314,-10.576928499502666,-2.9695321320020294,-4.137332761593852,-3.5356595134195894,-3.5895705226166053,-4.213018104738525,-3.8574646981130782,-13.242454219633663,7.0559907682485985,7.498069876098349,-3.355617579660919,-6.019559640141268,-13.50657980794669,-9.339380676654427,-2.131968442017416,-3.08382542931302,-0.6824678170040851,-5.322664934385429,-3.4301543779759283,0.18421614910500894,-5.023953452139304,-1.7562844887098035,-1.6003582890452333,-4.190421088923766,-6.604894610814325,-0.5660627591660019,1.8172613336917116,-0.01456715037747042
164,2.9571538203280325,-5.111197293456759,-10.966408241023352,-1.9025672590524383,-6.3752792648193095,-5.635268460561262,-9.654968440048382,-3.186492920926054,-7.451699839166579,-2.151666478035629,-3.635836350869103,-9.9193230784987,-4.572401405502574,-3.786755260924531,-2.2716308299666834,-3.2069770678294964,-3.84694999200955,-3.060690342669219,-4.8627296459362475,-12.32935157529301,5.699008789168252,7.17936055012936,0.043005895984135345,-6.476510606001221,-12.513640380624969,-4.928254066665431,-1.1816066205440534,-0.49670128558239074,-2.292132292117965,-4.868324516134108,-2.5455634943051146,3.857335751038514,0.3867766397373402,-4.6855184582783345,-2.040699066943733,-0.05937530277365589,1.3764091839683261,-2.3878175646451276,-1.992588521692503,2.7933409049619162
165,-3.9868905625349083,-1.7124205836817934,-5.0921650210874665,-1.6641037251446356,-2.1784574221126856,-6.394209810402821,1.0956211329374517,-4.442625588576274,-1.5392021454303217,-3.2678770509452373,0.710656802977283,-3.413735604263789,-2.1937679571140425,-1.6259697872255587,-0.2435977429725306,-2.83542523056993,-4.912994975180605,4.162180896799168,-3.692920036641052,-11.301129960577349,-2.1691174785640546,0.08153373621934126,-7.410699871474898,0.5983964341027691,3.7707148339861294,-0.9614491692804554,-7.628026166851567,-1.0583647549384254,-2.5643389594489565,0.4097146147667544,-2.9526611180764846,0.7480721989279651,-3.171939597545988,-5.255732265085397,-0.2656714934292741,-3.206224001566416,-2.3334541673461935,-0.6156271622674417,-2.9001711033491646,3.450550057897867
166,-3.165154122340255,-4.4979014446658105,-4.889165023190552,-3.088898625651638,-1.9105918808355136,-5.074705416506365,2.1965427996713545,-1.7998174358749603,-2.641649277369844,-3.648407418220321,-1.3285427492325192,-2.617243462774294,-0.8180981860712048,-2.4623780326018947,-4.635712733632341,-1.078585477782963,0.861971089610109,12.389100088779285,0.1876136461633858,-8.44088338354826,-4.600569884351103,1.541612397094306,-6.667153666655955,-1.571671831914486,-1.7426007116082,2.0358765677127377,-6.504413397984272,-3.7485014223159983,-5.9457841006740475,-0.7138794528945012,-3.3064526633905253,-1.9023059373462656,-4.289323182186918,-3.0599117286117363,-4.0580836240938725,3.385896059078374,-2.5174761419478835,-3.3150829523685568,-2.7119099367898314,4.970068752673924
167,-3.8580665757268564,-4.204744372159853,-4.2949508641510725,-0.6280065178060097,-4.373591522970902,0.7723655419530179,2.6305492355084135,1.6940481532367726,0.3883802911846992,0.795277332403246,4.8250293395642805,-2.7517840070745114,-1.9267743542654154,2.047047569234875,2.5226006421952767,1.893187432189728,1.3706031907239535,9.134694402862408,1.8082578692374707,-12.26699497306718,-3.3617677743802035,5.298390488514738,-4.201903287198715,0.7035392383498927,3.0838846411672143,1.302024970760932,-3.9472162211764155,-1.5099085517113153,-3.959398469057656,0.9138045357192331,-0.6866995351163013,-2.426924148096596,-3.4658868756736396,1.138799854572975,-1.108283247854205,1.9459957977658593,0.5279210952567999,0.09752056099026704,-3.5441391255448544,3.8257750286941006
168,-4.45551727057928,-3.0865076924149264,-2.6072579773016606,-1.1302645639636144,-11.012855472760355,-2.049714982105378,-0.6357122891544172,-7.45579436530731,1.814580950499345,-4.007970790738516,3.629961933534261,-10.177812901299442,-3.9447041555267184,-2.0856695757693586,-0.05498059568372392,-1.2105942230418567,-2.662061629147693,3.3586395271731497,-1.9714405088104097,-4.11590021117047,-4.620491528782659,0.39404531502498585,-5.121620534277504,-1.8412649891042885,1.2149858894423058,1.0014015818573307,-5.913475436905185,-5.400037672078789,-4.936082806838222,-0.8621510817952117,-2.3180719063420074,-1.3021417071327508,-2.873592089970006,-4.547468714346253,-1.6598300932720242,2.9922256199975386,-4.308380723229518,1.4558739376075565,3.730532055036825,2.1534838975421
169,-4.628776871983112,-6.855602305515067,-4.991139639874398,-8.151838029435016,-6.142918464920293,-3.1348569894314804,-1.038092149314674,-1.4934986097326695,0.8604785622782155,-1.0132960759293124,-6.816271800345147,-10.33286370523131,-2.897880734575873,-4.17521787035163,-2.7501528990570083,-4.951509122973719,-4.439282987682076,8.123145038123468,0.048955191644588426,-9.484763484160192,-5.501722286349286,-1.650874589681036,-6.515457260268377,-2.932113520069758,0.7505747921074983,1.2385185944174608,-8.524585064112141,-6.097644704132938,-7.118095282258989,-2.7117553212165952,-4.494652869394675,-1.753716295996872,-5.603978731236007,-3.0847429393506154,-3.9533776705177908,-0.8173178663479196,-2.671109498651734,-2.0276596518338583,-1.7863074685280613,-1.2840788464773292
170,-7.965154117824854,-7.183202687736965,0.11918758375211043,-5.6060098588169955,-6.699820904599855,-0.3528885004933786,-3.096898719481813,-5.518506303912621,-5.111329714353853,-1.2360326341654961,-1.2897398445170454,-10.10301793199621,-2.7670830639331734,-0.6423154795021593,-2.5827176990361753,-6.326958349116655,-8.362592523699986,1.4627972462453296,-4.113079205827196,-15.199053255172755,-4.492696363886457,-3.2874839264012112,-8.395263030926962,-3.673064773001656,-1.0772791873784646,0.6823793311575295,-10.783205137047018,-8.194873370429878,-7.364294843714472,-2.3065965771830474,-5.0487971966927905,-7.704551856447568,-6.779155484285324,-4.627491482144243,-2.6346130300518644,1.3280844316924827,-2.7463718007667652,-2.347418077060366,-6.806880224394787,0.0746019913752867
171,-6.622577167970723,-6.1216896477594505,1.0509933886060934,-3.2825061548809855,-8.839974440474114,-5.465086169616205,1.2910538659813005,-10.63029330421127,-4.816936569909689,-1.7538438579472904,-0.8211263190424832,-3.6893499104425955,-7.212026358413508,-5.558011607343811,-4.862909595908491,-3.3075762853222592,-3.4349281699319856,3.645773467672192,-3.229047523395027,-8.829010531004831,-3.3728057452512483,-1.4927449412035396,-10.726491657534815,-1.119093556467136,-2.652762356859376,-0.6808225507436814,-6.575080979372587,-6.064353090760618,-8.199025887997971,-5.3260941720368935,-3.86919932476053,-7.315491325836199,-7.019910745497285,-5.504695038552976,-2.9779600790710465,-0.3553576709108271,-1.0686399085223173,-5.019049122926573,-7.5443673318519435,-3.7202768768934127
172,-5.4169040770959835,-4.567721633858358,-4.678963596743144,-4.7218880890624595,-1.7767694879061788,-0.8948964110411468,0.24288234132479405,1.7479541688618268,-1.547547853267604,-0.7030620820711929,-3.794305474855447,-2.1883368911733987,-4.455470467212437,-4.417705006393455,-0.9432256241354696,-2.549879287055819,-0.316616520107259,5.945667501647274,-1.6982961875907943,-8.47762590260209,0.792746450312623,-1.0038045121916492,-3.4048872782527626,-3.0941949644169475,0.33929310472192586,0.2309743261049384,-6.516466290704354,-3.5444489010165228,-5.301833365290448,-0.4146184465009613,-3.788448743113006,-0.4409160254980605,-3.0311676552026374,-3.403032446659713,-1.5997388416454699,0.8107767438156431,-0.8904244973438183,-0.2954056886012658,0.28221734171612495,5.4852862080644025
173,-5.904384259295909,-4.460679425763182,-8.51477381275629,-4.334976326582539,-4.844390630906139,-4.86759562724601,-3.9050526222578426,-2.7716359693113346,0.03642340011383781,-3.2355526894361195,-5.921891658999892,-5.004805753236428,-1.816548472797501,-2.353062605513675,-2.742222006869892,-6.042137294954787,-4.368707623739486,4.984662924269984,0.002881071804109645,-11.59918526582885,-5.410246333657103,0.3423247314769568,-8.6574386603462,-0.7083744158902858,-2.362022059844591,-1.5850937649672436,-6.753201481815734,-5.120943231709496,-4.708263480953286,-5.584809534229755,-2.584632809391864,-4.2676620998709645,-5.940270825287612,-6.012709399385917,-1.1812384855944378,-4.130591819972218,-5.39365657185547,-2.106145669257248,2.9679011328768103,-0.19917537778658537
174,-5.38807626278652,-9.148200217342511,-6.470285212401769,-1.8929622155803565,-8.077547326353109,-4.07810609380606,-1.7962115786276136,-4.868640879399487,-3.9668109786669725,-0.14428306650970585,-1.8339381209359675,-7.057381205178527,-4.563233304905759,-3.43307457462468,-4.444137218383946,-2.2817700004161843,-4.080176315436289,5.965870587255768,-3.907563338404371,-10.846499440648918,-4.765375498588452,-0.5578029011805364,-2.3773915470597085,-3.823874474044706,-0.3005056494205068,-1.2579582844056343,-9.226765062530038,-5.448347736024336,-5.8616936682763585,-3.596254806538024,-2.05321780420153,-6.120402141110783,-1.0407918690353677,-4.3856791803912065,-4.496655187131122,0.16511002740988778,-7.709040506479023,-1.6903999492537587,-5.450456608930505,-0.1908231905129473
175,1.6263544407634793,-2.819297533250709,-4.834820141650481,-2.3006057667679767,-8.738046835200903,-9.676788517835673,-2.6980575554204944,-4.746834350898459,-2.5828786756031032,-1.6371375569900404,-2.526612715431875,0.35017650674792017,-5.980709613834649,-2.9252722015514623,-3.4877057945812298,-4.2489330953756,-3.9778649668991,4.618360267275636,-8.794244964542397,-6.911840000410283,-6.142801088058551,-2.5683452312447774,-6.311049297181101,-2.406419222948296,-0.8271585851272576,-2.893787210061305,-9.769687085054716,-6.095906717624658,-6.495203484921846,-2.0717996156796574,-4.079214108253212,-2.378317896667732,-3.738627303928147,-7.763337070032369,-5.063498078939288,-2.468765029811689,-3.0673026089870246,-3.6676118326374243,-0.2598760141560257,4.196633842393657
176,3.0254675629165533,3.914700539173815,5.8037464633105005,6.806673405466032,9.01334424121451,1.4362250698094492,10.189237202975916,6.358641024165436,9.17313667908093,5.300940544861489,9.341811055620946,10.640293260486922,5.8247506151548984,2.3276254595759367,5.685686328153767,8.70388186796388,4.091493626966846,8.595227991365444,8.401453393443164,9.78667035090629,-2.698136885004626,2.9719597202934622,-0.535512375306336,-3.0753706359966664,6.911007875718191,14.26875420427425,4.589266003049668,4.931123332945632,4.365878366885449,3.5740692835399526,5.422464460485541,3.5970708058897136,7.417859591835549,7.199251276198509,5.0238966458235295,4.30045080870654,1.429529342128338,6.927040822073675,3.411672435053599,9.126828450463991
177,8.79378611628709,6.124338017511794,3.9120993542197686,5.193651227250605,10.158398231866478,5.075102502710226,7.0106906770652735,9.119967104683637,8.59454569997847,5.823429139789226,2.208486256689882,7.071602216386799,7.036774583547079,6.150942044136881,0.45788847676540645,5.349792556008745,6.83535933901808,5.5755096610608135,8.9884440259547,8.338197726880487,0.8692256509593057,4.795977443071864,-6.201517457914031,-3.258292258784362,5.085463344923809,15.593249162099747,3.6381773687019763,3.5630351150682276,7.488804415258672,5.328591041058668,5.725843527056709,7.430622001636046,7.822618285474248,5.218791784176613,8.508432725686136,5.283761737735461,1.2816572159305515,2.116084328355481,7.565015462735329,3.593781812225119
178,7.842430665909988,6.463799830383514,2.81211970936171,4.12671055013712,3.38700123653257,5.306286765709435,4.308491611713026,3.6539691280034807,3.3745129554398385,4.697556779454018,-0.1693351542740984,3.4189702549628946,3.643636274850865,2.289848062611102,5.570906103110647,5.954013316469804,7.2255943855959766,6.0869347150062865,7.241728155462639,10.608791616585686,-3.272982547428113,2.494793333016955,-7.274592355466137,-4.116296778051917,9.2908880861243,13.966396835548524,7.263191566566772,2.2912284259421165,3.8440208544043486,4.754047281193381,5.558504661064413,3.5405546109488775,0.690566655078482,7.747652760841836,6.424475968566269,6.101394998022476,2.62847466288951,3.325805619417626,7.3978914951273795,7.261848557075015
179,9.539165494834993,6.284263906963477,9.954527715394825,5.703876139633945,9.897274500620249,11.076851682924866,5.9741204965000545,4.907452709170245,6.2679742669228,2.693600856412593,1.9425458349312783,5.9312213789187895,7.162798551261026,5.571258942937754,3.6366043752295036,6.611078022196669,6.016704842113645,9.066630045253012,7.497837952653738,10.114653313598533,-0.9768331761648176,4.692925762848596,-4.1094125387423786,0.32292995611589353,7.27526737567901,15.517040548281498,5.998966312028756,3.074335745602218,4.087381156489658,4.730965281690221,4.207751540136059,5.637479167599497,5.716384816134975,4.195074786892694,2.985653079291338,7.225629042878854,3.6543797654542876,3.882078542226989,12.660607636871756,9.444456277134666
180,7.593605460599003,12.174333925699527,6.689342328045739,5.0632372995836805,12.264944223405362,6.092842310329461,5.309397392558701,10.381667450460766,6.581548268772488,8.794221850304336,3.701827384045653,7.433409932942167,5.298464609019493,6.889778216200157,3.1441817236330385,6.82841365703264,7.630153307236093,11.613140430151558,9.530175027681512,6.6526766168283356,-0.9907951015457706,5.312392305413153,-4.976455887017814,-1.0967255770748094,7.174300450574785,12.715121759395537,6.127532600204325,8.775506223995354,5.375697412639115,7.480913588898155,5.050351122191034,6.160504628552904,7.82166528908596,8.051297453162729,6.625186279245706,6.517449429666669,5.219524578691489,1.4948329329494314,13.39737348126944,7.110964815093994
181,5.620119631881869,2.549634434507904,2.9370303910314197,6.441340621436664,2.2432153446054803,3.6781337717369045,3.75121195353148,6.094570216963017,5.084181052738844,3.613703398525499,2.9335618062277913,3.9217142770001847,5.796836804303445,6.0571672900008,3.385849899747307,2.157610360385181,4.976704575300121,10.647310606661838,1.5648460185334199,6.118510860436765,-2.2603939424588715,3.004019796362707,-2.618327279343491,-5.195869205968002,5.793996457245523,15.994361478982373,6.723582248924516,4.318442974149565,3.1217376522729823,4.552101066657402,2.9205738334193962,4.335510941104838,3.2307391287538367,4.679991965737188,3.9974230344793464,7.876658732131359,2.1986391131739094,4.718527951038128,2.558604243911175,1.662640280743047
182,-3.733161312785034,10.19579961147126,3.441040473622403,5.858348288340161,7.881721848331693,7.001614294345908,2.4882864239092823,3.3300341462020118,-0.9316947208948028,2.192385549909074,0.9674355277515563,3.313523549052961,-1.454353764746814,3.897653613250189,5.595872289739786,3.197489012721208,2.971565106772364,4.834283096860891,3.2088878946731803,6.689267781415315,-4.555138346918923,2.28025319587228,-5.457383978914987,-3.269292311507376,5.466431996233557,11.636478037663526,2.179511872945903,4.903747379553901,3.6304978162704815,3.3723450486074023,-0.9025830032756529,1.4961926840407673,4.7126145194799625,4.550278632833468,4.137117009640472,1.6417569573127018,4.74353520766495,6.333357626114192,2.409633998408804,8.28679876019939
183,12.636654867610153,9.191338570718203,5.059051109715411,8.921597772244526,12.735268466465042,9.170382550643179,6.453834410813346,9.078848469613519,12.38219893927025,7.083066545811689,5.531970123435547,12.600394281651715,6.36469528894699,9.214482498137999,10.524556241170707,9.994747905811195,17.10161403199155,12.200850173144364,10.06021111741726,17.637022345557277,0.26532013972947494,6.665391162082686,3.469730776087299,4.244181456176743,12.761128693259515,18.78729364664177,12.215172018427921,10.953067581490838,10.557114750703398,11.876293745890877,6.461824392941676,11.756481057724072,9.450998054823698,10.302362755050423,9.580426997215472,12.178677163949265,10.53693719450105,10.534654289713632,5.212868286094039,14.175460402790147
184,8.924594057716757,6.91838983164443,6.470443146731982,4.428979701695516,1.9954128148967862,1.4092241496556588,6.394421657423642,2.378193333911258,0.8422396773439152,1.2195936909582341,0.28648795209735994,5.651968876832412,1.019047917850579,1.4204913382905329,2.6060685616489723,1.6989415769762841,0.2912776134923528,7.843240796082981,7.3268996316807575,3.6375703509206945,-7.075775904942882,1.7356376659710262,-3.349947423863664,-4.408064357386162,7.058120308889292,14.250925904672764,0.9144034677309153,2.916155171250559,5.801981238113181,1.5174102810939194,-0.4163462707217711,0.6901201164304449,3.137016389611541,2.535609158275436,-0.18491141220193952,3.4022718748034975,2.132193370601869,5.418640985640039,2.149405620912344,5.713276810477766
185,2.9633707177783783,8.062611822815798,-0.6701413192944294,4.0263035077185325,6.035700122129543,3.6730967200938665,9.74343270622296,4.9005779277744494,1.3098402355296688,4.685123282288586,9.570288403614894,4.072928510051777,3.814092828949054,2.5842796835070323,3.760361092894473,5.750037560955902,4.595826108338168,7.647494328458863,5.266023020794979,12.41319317217513,-6.902822934710612,2.8186478038994065,-9.929592071520595,-1.3170861657511708,6.429250562098094,11.797164324407806,7.238698426208489,5.581189339503065,3.420136581541609,3.3017074651067064,3.8470755035461743,-0.6525115777497884,3.720021063502797,5.098312439859025,6.55634857014938,-0.9320850292805307,4.244797337031862,4.015683979769595,2.5507759421801692,2.011588926826257
186,14.358597427878646,11.70687881248154,12.550248316842,8.637579873276247,14.887278519330836,12.062747276207961,12.895243272770802,12.165340409718196,8.529690047441553,7.63877580587093,9.750504376790047,15.444971651948347,7.355027213569029,7.857353211316996,11.033991270410025,6.831182979939378,10.352913239592286,7.510210509534505,13.612345219470685,12.84774365681549,2.7142068816264073,4.2217977562649365,3.6041365157536207,3.2004014407759493,13.541151981364536,21.138483248175696,10.175973448001482,8.886294486253982,10.579990607954638,6.9089030144437675,7.748148921514259,7.944849529986196,13.246166660150434,12.496460664807339,7.746555583249886,14.889388096777761,12.092328221762692,11.324394468545437,11.418679137616888,17.622063933840963
187,9.716904040182285,15.299315497267523,12.762473415815702,11.958566083462276,10.129039112335565,13.700676202930184,11.163916526146863,12.492285112063435,10.352359180979654,10.271838998599542,7.734301446111526,12.984302791119921,14.351944554917232,11.779862887600657,14.546506615268955,10.31142829345052,11.398827711244554,13.438236645022963,6.301908554809048,14.756950419583612,6.791453286180697,8.560594504985946,-1.7329538830006512,0.9836088775776199,11.281075281125059,19.42878496368711,10.764075235576792,9.889061729169377,7.297571779551444,12.2033047483964,7.198775116678454,2.9058716628085,10.26782527207539,8.179517335382581,11.8138720060617,6.424284721423552,5.199048062764835,12.265208169155542,6.114610330708731,7.690331031193588
188,8.854013798849499,5.644192895828923,0.482787730795941,5.103275633072566,12.842784873320975,4.260781704344196,5.558991880229718,6.220936778197785,4.790571514702159,4.075303730439073,4.735925458514976,6.802738325050823,2.036489202032016,10.475052562913108,0.5314966439449134,2.6872475455303095,2.661626108058281,5.489812106485443,7.60573631194316,10.061804909485266,-4.329540408027764,9.49507830435455,-5.304755891232458,-3.435355444519894,3.287915071529222,12.624026397367802,5.81732422202054,4.466950175691695,6.680693105595866,2.483366091808204,2.706821639576512,2.5364588223455113,6.2334037162585645,2.2262695997451836,4.968052937725642,0.28307075720328395,3.181976543859554,4.78067523164169,-2.7433732997167533,2.9526026606116877
189,11.395611389723092,7.118747572430927,18.7768671715657,6.484041563557847,8.12790072184979,3.31802486228545,8.651654353705148,8.363355940687628,11.692196367550155,7.71450121929346,8.09490941359374,11.595249065850531,2.6184289705700743,9.093534011384314,7.5276272589356905,7.544243714200005,10.21693795687405,10.21292805142181,6.575548826710123,10.402530334448462,1.1343113960939504,0.539478022185591,0.1670793042743646,-1.0635459405330119,11.54426207464273,17.893150255570383,6.305721225290127,7.75672370832062,6.126130505599437,3.931843965188868,5.931387356219939,6.485638043562216,8.203594375311674,9.875729208387195,5.452924524683258,7.322349713640713,6.536809422261766,7.109267696858213,0.7369010647847017,-2.4824531631528814
190,4.691795210259646,5.416067168252256,0.266569870222755,5.101816568886387,6.036755968353213,1.1978289314869708,2.6924888580132005,-0.9498955525454716,-2.8426815081111085,-0.20908578660610092,1.3799528743158505,-0.9463795023606401,2.5980351366690595,-0.10530360300213958,-0.8286168049385325,-0.6012874099323713,-0.8957670522793767,2.9512975702206616,1.062761355274268,-0.7205165436854988,-6.944738130928187,-2.4422063500105256,-4.136785293672463,-8.053944711425798,4.8624533942118155,9.088142658134581,-0.0175911098085671,0.09797163481031586,-3.001202247103572,-0.6355526773943944,0.8048937316040827,-1.7544612296111528,-0.8023837014599148,0.344244173877632,-0.9006105862398236,-12.110642685244818,-1.3629530402524392,0.052675178209666954,-3.0705031676211227,-2.2535517381729355
191,0.8305206700091635,-1.4336595425961,6.7732633692467745,3.7342326199954474,-0.5299339520201816,8.720099659922736,8.090929542531507,0.3877826741048532,8.589690113717584,3.1941925097259753,3.6009345547205007,7.881101518539733,7.049810214862495,3.005958073969896,3.2799101457316335,7.352080880597834,2.980927106067054,6.436422811775463,4.741087115774223,3.9598494686283963,-1.7669836880918388,1.0771244099618456,-5.319802490239726,-4.394141597996653,5.08395002198999,13.823573960406696,4.725023930511259,2.5132981339999563,1.6523726328259387,0.7324238824565585,1.9461581379318649,0.8774736831630182,3.704637384634976,0.500533073904086,-0.7228335392877941,5.069574069547257,-0.6093786420418709,-1.5486858680713091,-2.977707729686692,-3.0987372592118048
192,11.953969727558782,6.073059727285643,-0.7936128312148826,10.56114232846493,8.83500312715026,3.0888126092436257,7.358687352024074,6.812400329578246,6.383373014864288,3.8952687634430023,5.674555896656984,9.282033018674149,5.576171750855038,7.430418635917683,7.2029459956006425,6.699239061131201,1.4778432119221363,10.414999505079416,4.725327249003982,9.997930895729342,2.0150616428737247,3.039857653963873,-1.973097715798059,0.45649353642714313,7.056998685253671,16.92284068770677,7.119791146784577,2.8906864575868294,4.22404027052161,4.308219061329607,8.572989247156217,0.5728673370720752,9.272840547890544,2.6939417495201505,4.42228208865917,-1.3986308387243973,2.9368665516049393,2.361892629355699,11.413770325441073,3.624321277037622
193,7.55775210298256,8.318046756275049,3.7991821079865375,6.198011817972044,4.560612478339976,6.090186286059693,2.6120238038814985,4.782062262180273,2.9902095564065543,-1.062154465923991,7.488948463388222,3.995649524128067,4.58692250139712,3.4140289460588003,3.1624388438211612,5.080170271542216,3.8142390123438985,5.879549449426682,-0.14211190284593614,9.857215774411738,-0.7279844973514582,2.759434328476663,-8.448485054837823,-3.3534050967906373,3.979549966182626,8.654655059830855,6.484471114547389,1.9467971274908435,0.5326639763902931,1.2653416116070655,-0.8984345485450096,4.066427745502509,-0.6233718699290864,1.4298551256214291,5.205749098158256,-0.2644784841248747,4.122978356527545,3.154169930415154,2.0365525310079575,-4.836423961231961
194,9.98955828121738,10.075319616555124,8.714822087763295,12.593324151706293,7.481286245215221,8.512725050758007,12.472589716635824,7.687148433625003,8.768699584982485,7.2244766305547055,5.64640925339767,5.346999065297504,10.836251110726906,6.620433679341331,8.174825365141901,4.745577240699375,2.120669151420865,10.620525466424937,2.4388839471334713,11.134763640865389,0.3352915408477301,3.184670618321867,1.3008641792651998,-3.131135762115102,5.47029984263956,16.183454816016177,5.648167611801648,6.156948508457281,6.304355806107691,1.7675248720121537,6.689467490782195,3.7719386783509368,6.946106575006115,2.678840090903688,4.973977464524741,3.7891461750653463,5.65991780652763,2.487532532015851,0.7578877878401067,-4.733180004374882
195,6.3911099985654145,3.4679738300983907,8.19901443826962,3.5835736458163874,7.75667382633056,5.447381026748804,5.66311428010174,6.667086848987629,3.7842416176228095,5.2541816418498675,6.157349431994483,5.001475845368246,7.280993827824797,2.680116775128182,-0.4053944304560448,5.975629462250686,2.1831729306234773,5.341779959547067,1.942028271407297,10.175264159552752,-2.2641918387962523,-0.6375255386437169,-13.466480903985211,-5.052632656503977,3.4292386452052614,12.089243826702786,4.260977456830423,1.6191668654562095,-2.310898825723775,6.197134941233279,3.0417946969917335,2.965273039242437,4.6827146011255465,0.95323688560765,3.5507344590828476,-3.318317150365358,3.4332681277369543,-0.6891276219266156,-0.9995274079571952,-6.824309990293902
196,9.089558658297593,5.091772754421799,-0.7763909822751077,2.2065780632059946,5.028904715816856,5.257444830477906,1.0725563768725817,6.9283812116832015,1.5854882360998228,3.228775006928432,2.4998884373619976,5.434990612616228,1.4738652407871735,1.0365851159871065,-1.4304901045294172,1.1591450445763238,4.4028767472678885,6.445791031107867,1.8862023522675433,7.525515190198941,-2.4317907102903407,-2.6088146133992884,-5.841948227844985,-9.161627573681121,1.3674878917917486,12.530760958916828,0.51003855838466,1.521525801468342,-1.6014933720755622,0.2625174619140981,-0.8264589494368246,2.2623647163951137,-0.4019207336608804,0.8990161057629268,0.17077798745385545,-5.6920358893963146,2.760583056445963,-1.034115911243118,-4.440051927750372,-3.489546262936769
197,6.0648989210109665,6.594355066231422,5.04888654865673,2.8796737727962753,6.337105573619039,5.5185450601907196,3.610192828692078,5.8881719477865415,4.559574740716023,7.570007184128681,6.170266278884359,9.811961491687535,4.541575899056719,4.897031730116451,7.321315662915558,4.134653924573773,13.440404530226964,4.572382784623038,-0.17345372655830266,8.428907702648372,-5.080663962692776,4.4500322499859255,-11.417126379362195,-2.690319125694315,3.949863059394529,11.518024743155506,1.7725171032841185,-0.42820983918800354,1.6393126260339048,1.9152582033039705,1.2683065974014878,2.575193827761506,0.1229718408095162,1.1577279631040387,-0.6230352936561768,-7.594310433895922,-2.5909519707892095,4.898075098673799,-1.4029984861805986,3.015755495800194
